variant,concurrency,run_id,seed,deployment_id,warmups_discarded,users,orders,matched_pairs,local_matching_ms,preprocessing_ms,membership_ms,committee_ms,proposal_build_ms,endorsement_ms,ordering_submit_ms,event_wait_ms,finalization_ms,state_query_ms,total_ms,batch_duration_s,committed_workflows_per_s,transaction_id,block_number,transactions_in_block,block_max_messages,block_utilization,input_hash,semantic_hash,success,error
PP_RETF,10,1,2026001,e6-20260713T122808.004988600,5,10,10,8,0.000000000,0.000000000,1061.008200000,6.721500000,0.000000000,708.769700000,5.431500000,185.951600000,900.152800000,12.537800000,1980.972200000,7.836703900,5.104186723,e8149bd7a6359b52f745fae09a88fbd70fb6d591d8366a50c02712574785d7ae,1938,10,10,1.000000000,a68e12a5a2c3220019daad759a73cddda82e111073d702e90185a7461a10b9ba,915424028cd73bbb3945e8d6d3f2373da7874b91db6e3a63051fe0720ffc5394,true,
PP_RETF,10,2,2026002,e6-20260713T122808.004988600,5,10,10,8,0.000000000,0.000000000,1101.476700000,8.594600000,0.000000000,731.925800000,6.292800000,119.600600000,857.819200000,12.868000000,1981.810400000,7.836703900,5.104186723,f2fa78a54744e96bef105a80d8bb7f3537ab83e53ab2c752f9e7466c6cc4e0b4,1938,10,10,1.000000000,1cc68a23718444db9b3bcbe5d11f894084be4243ca8aec68123bf7180fc1219b,a1918b43614d94781913ca5d0c82477c6e44bc929ca1d13bd6355d9bbc4074c4,true,
PP_RETF,10,3,2026003,e6-20260713T122808.004988600,5,10,10,8,0.000000000,0.000000000,1056.687200000,8.283300000,0.000000000,720.454300000,6.508700000,175.946400000,902.909400000,15.074700000,1983.509100000,7.836703900,5.104186723,d6a1b7ed28ea2cda1d96f1ed30e42b31e25a4203753dd4d55d51c3a5abdc4d45,1938,10,10,1.000000000,0d5100080af61a9dff90e107f0f4ff34f819a4db6018ae3035fe35a5cb9b2935,48dde755c003ffc35042c7a3f3d0e7698b60605c9123e39323ff396346e638e7,true,
PP_RETF,10,4,2026004,e6-20260713T122808.004988600,5,10,10,8,0.000000000,0.000000000,1104.779500000,6.888400000,0.000000000,724.194900000,9.652400000,122.375900000,856.223200000,17.789800000,1986.224200000,7.836703900,5.104186723,0e2b40c8b0047961aa471db17a9b1f255dfefec0c257b090d993c5d8216202d8,1938,10,10,1.000000000,7dc8d69683f40c96c147bf745427edca49e897a81143dbad0544ae2425f6d7a3,59513103e364765dbba33d470ebcb65eaa1f336f79258808c34794f922f4596f,true,
PP_RETF,10,5,2026005,e6-20260713T122808.004988600,5,10,10,8,0.000000000,0.000000000,1081.710500000,6.370300000,0.000000000,727.917800000,5.115700000,147.320100000,880.353600000,12.537800000,1980.972200000,7.836703900,5.104186723,6f614ebed1b4cd9c5b370d61515e04018362930d04279262bf81f2eb985e99f5,1938,10,10,1.000000000,2f2f3106be9d65843d155e9aa33e554ea100ee1dbc74b82f903cdd44388d24c6,f4ffa8692156c07fe4a945b1a8d181357cf8d9de21d8f1fffd8f6dd1f35448c6,true,
PP_RETF,10,6,2026006,e6-20260713T122808.004988600,5,10,10,8,0.000000000,0.523700000,1094.700200000,7.319700000,0.000000000,737.221200000,9.069000000,119.600600000,865.890800000,17.789800000,1986.224200000,7.836703900,5.104186723,5ba9d33c6bc74bb6295e5cdf089a274dc4c245355eb39cc4e6ec6ad6e632f8ad,1938,10,10,1.000000000,ff39cb867e1e2b9a35f94401e67845e09bc3de10c4cae21ae8193185bbfb8740,d4323103de0cae257ab7409eddfa6d784c20808a6fad9db9064bc4117b4faca5,true,
PP_RETF,10,7,2026007,e6-20260713T122808.004988600,5,10,10,8,0.000000000,0.000000000,1054.770800000,8.012000000,0.000000000,723.686300000,7.604900000,174.311600000,905.602800000,14.567100000,1983.509100000,7.836703900,5.104186723,8bcc3e98dfcd1222e3f0b253d11f8204fba533e4d3f10eda35138047f2e658bd,1938,10,10,1.000000000,75e0b36c40a47a0feef1e65aae7118a61470d6b39553d34250d9e96c46046b42,dfc704ec7a6df3158fe2f0029319ab8afd2bd6e1052b7e36d706f516752f66f4,true,
PP_RETF,10,8,2026008,e6-20260713T122808.004988600,5,10,10,8,0.000000000,0.302300000,1055.321600000,7.715300000,0.000000000,727.332100000,6.693900000,171.069200000,905.095200000,15.074700000,1983.509100000,7.836703900,5.104186723,7fde9c4b8ecb990585822444ad431eb12502e840ed9063df54f7105cf584814f,1938,10,10,1.000000000,c7421138ad62a3bf721bd045c46ae2a9d4781500120e40084992ee0784e5a025,645fce1d4f7cc315e8dd8fa65477b18ee93da741f5d247bde4ce5ac72e54221b,true,
PP_RETF,10,9,2026009,e6-20260713T122808.004988600,5,10,10,8,0.000000000,0.000000000,1078.996600000,6.287600000,0.000000000,713.129100000,4.728800000,165.799900000,883.657800000,12.360400000,1981.810400000,7.836703900,5.104186723,80907107d4d758b6ebbee27a8e4fd04657305e4a68da25bbed100e305e78c2ec,1938,10,10,1.000000000,624dee71e7d83e8174240f3abd39fae6af1aff50e847e71f674c161ad19b4385,904c242c7feaf1bdb23018d703ccee4577dc58dd575a0cef4c72517c07c1ff5d,true,
PP_RETF,10,10,2026010,e6-20260713T122808.004988600,5,10,10,8,0.000000000,0.000000000,1194.831000000,7.025900000,0.000000000,657.861600000,7.095800000,126.737600000,791.695000000,14.224500000,2008.451800000,7.836703900,5.104186723,2e34ef0e69ff7c173647708a2350c6b468c5f7693d8bd9fb24379952316333cf,1939,10,10,1.000000000,0467d306dc28fc5c77a8d122cea50ddad20261103d41f90ffe42c72df3f8b393,c2d00d789aaa52ee3d0632459fbb6b3be86f2e607f3c497e74d1471adeff8411,true,
PP_RETF,10,11,2026011,e6-20260713T122808.004988600,5,10,10,8,0.000000000,0.000000000,1033.526400000,9.380900000,2.948900000,682.091100000,4.308600000,114.737800000,804.086400000,12.444700000,1861.566200000,7.836703900,5.104186723,310b2a4b77e0564028fd4988d2782d68782c4a95697f1960c3f371431cbc229c,1940,10,10,1.000000000,af99285a46f2de40259eda72e30a255ccd487e5dcc5de2ca0d3c23d55f6ecf18,9373828dad33524a558951d536203b9ec6a0a76ac66682657e3191efeabdcff1,true,
PP_RETF,10,12,2026012,e6-20260713T122808.004988600,5,10,10,8,0.000000000,0.000000000,1032.448000000,7.141600000,0.000000000,689.925000000,8.436000000,111.170900000,809.531900000,9.286400000,1858.407900000,7.836703900,5.104186723,ac56383f110a0778676c31563175f3cddd56fdea1889715a190c0af0fd95e574,1940,10,10,1.000000000,ae90fdde97d8e1d9f7468ccf8dfbedd30ab0198052f5a998355d8a26f06f3660,48cd659b73b5f22ad5dc658c6b151ef715dd4026df266502ae131cecec3c4a3b,true,
PP_RETF,10,13,2026013,e6-20260713T122808.004988600,5,10,10,8,0.000000000,0.571700000,1043.158500000,11.540400000,0.000000000,678.398700000,7.048100000,103.034300000,788.481100000,14.087700000,1858.383700000,7.836703900,5.104186723,abeb1fe0a3c3032647239b0c51789f069337aca8155f12ea60fc4467fc5965dd,1940,10,10,1.000000000,a20371d302fb831d287dd5a6b318cf3e584295fbc9de4172cdcc9f2e8a8f8879,24f3dcf79848dd55f068ebc48e31b4ad3ce4c511c27e960caf087e7ad3db9eed,true,
PP_RETF,10,14,2026014,e6-20260713T122808.004988600,5,10,10,8,0.000000000,0.000000000,1035.384100000,9.749900000,0.000000000,703.049600000,3.800400000,89.677100000,796.527100000,14.633800000,1857.308000000,7.836703900,5.104186723,72e1abcb19bd36ac055ffebd97aec4005684355a09b3fcd0128ab706093860ea,1940,10,10,1.000000000,17cca03d1762a9be1eaa9c2b6912288c99f6bdfa85a0876d49109650d2129e61,353c140a88057c066f98826f47662084cf960c0a24b9a0b4d4bcd1f95fd8fa3a,true,
PP_RETF,10,15,2026015,e6-20260713T122808.004988600,5,10,10,8,0.000000000,0.000000000,1157.438000000,10.156900000,0.000000000,687.066100000,3.857100000,113.060000000,803.983200000,14.880900000,1986.459000000,7.836703900,5.104186723,043a195e858afd489e4ab8221bbddc6db280ff28a288255887280dbe6ef85e85,1941,10,10,1.000000000,ce83af01f011471f5496c04ea3eb429c6c0e0d03170061a1d64874c8aa444751,37361911c1eb3a2f96205725fa27f850219835de5798ecf3c08852ee262ff110,true,
PP_RETF,10,16,2026016,e6-20260713T122808.004988600,5,10,10,8,0.000000000,0.000000000,1223.656100000,9.636200000,0.565300000,669.307200000,3.740600000,89.504000000,763.117100000,9.399000000,2006.341400000,7.836703900,5.104186723,625c82ce35a447f547f4c6c2ac7535f6f0cc65df1345ff63190cedbc7a0389f5,1939,10,10,1.000000000,13416acc50f8feecfc06c2291fa3e12c310afb2360c4a601e4e9357c6d95d389,cb5ee8fc66d019b3b7c1f6b42b1c434c523514e8eef3507a718a672f1d137424,true,
PP_RETF,10,17,2026017,e6-20260713T122808.004988600,5,10,10,8,0.000000000,0.000000000,1130.255500000,9.189600000,0.508300000,688.286200000,5.657400000,129.720800000,824.172700000,16.106600000,1985.287200000,7.836703900,5.104186723,12548738536150fc9263a86b9a0beaf6e54a6be84cc593882e4be25693584960,1941,10,10,1.000000000,e6d78ce468a82bbfaad8e862d935c901fec2891f68c913e7df9e7a18343a5660,c416b7d68173f4925ba6712903b379415894a682acc5a69fcd5f8dcc011cce20,true,
PP_RETF,10,18,2026018,e6-20260713T122808.004988600,5,10,10,8,0.000000000,0.000000000,1163.877500000,12.336400000,0.529100000,675.286300000,3.330500000,113.060000000,792.205900000,14.880900000,1983.300700000,7.836703900,5.104186723,f421bd77a615ed6872ef3934b75e9741ccd810da66d171f028777dabfc43ecee,1941,10,10,1.000000000,294bd829623974e0206edc717d0de205dc360f898406c99ce6c23f742b15288f,7f8191e0ca30672181ff752091fc654240874ee9d759ad9993740c99bb4067b4,true,
PP_RETF,10,19,2026019,e6-20260713T122808.004988600,5,10,10,8,0.000000000,0.000000000,1150.359800000,8.073900000,0.000000000,700.118400000,3.738300000,103.939800000,807.796500000,16.106600000,1983.644200000,7.836703900,5.104186723,8c1434e92a99f4b8266da8dffd2105c96cfc86f08b4b3d32c1bc8bbd2e270664,1941,10,10,1.000000000,5b3d5672030c5d48e554ea36fc2460d1b0c31d6fa468089b17292e7fd48a921a,1b47e04f4ea8575b39416b5f264a3c985509d93982f98557664eadb0b8021521,true,
PP_RETF,10,20,2026020,e6-20260713T122808.004988600,5,10,10,8,0.000000000,0.000000000,1132.877200000,9.189600000,4.373300000,677.440300000,5.469900000,141.691200000,828.974700000,16.106600000,1987.148100000,7.836703900,5.104186723,37ccba8bbca27af46108d74d18955458954a1dcbc6bbffcd829e77ae8e54785f,1941,10,10,1.000000000,e8ee71a55d1985dd0959d1f1c9fd7e85951d78c5db0e2afc188cff727ba902df,e74508da0384f2a31f934a9b733f3a7863416b34e7db6fcd462bce9027ba1570,true,
PP_RETF,10,21,2026021,e6-20260713T122808.004988600,5,10,10,8,0.000000000,0.000000000,1146.915900000,10.445100000,0.000000000,680.294100000,5.085100000,124.058600000,809.437800000,14.358800000,1981.712400000,7.836703900,5.104186723,bc09d75fd4b5712e0ea9e74b7c7433439a02a92f52eeff7360d2998fa0b3b58a,1941,10,10,1.000000000,a5c3345f17e36dad6c6da93c2c3cab8187c5d53c26aae251fd5eda4d90593c8b,7ca4b71d6891c5405e7c3312471cfe2324ff5b4c48b91b9cf329b769b025e849,true,
PP_RETF,10,22,2026022,e6-20260713T122808.004988600,5,10,10,8,0.000000000,0.000000000,1152.090600000,10.156900000,0.000000000,680.467600000,5.515700000,117.999900000,803.983200000,14.880900000,1981.111600000,7.836703900,5.104186723,d9e9c7cde319ceed162a5d140d9cec86e1211f174a24310930069d29decfd35b,1941,10,10,1.000000000,984f834c82f5a149f0d846bf4e48ff93634f779c0e4f7fbf54b9a5671db37add,41a6c5a8bba0b74ad7ccd2cc011081ababa2e503c8218112cdfbdb0d71898144,true,
PP_RETF,10,23,2026023,e6-20260713T122808.004988600,5,10,10,8,0.000000000,0.506100000,1143.418100000,11.119700000,0.000000000,675.167700000,5.657400000,129.720800000,810.545900000,14.358800000,1980.589500000,7.836703900,5.104186723,ede174de5eb9536a3b1b396299201dd7ad3d80dde1be696d48d5963c4078cc8a,1941,10,10,1.000000000,47a4edf522f6cba0cc560c1552b9c8b6f237a14c7cdf0b26bb332d2de596fa71,244fde132fc219519fb4cc6b800c095f2f9ef22d3d7e5aacdc1ca66574cea3d2,true,
PP_RETF,10,24,2026024,e6-20260713T122808.004988600,5,10,10,8,0.000000000,0.509000000,1027.113500000,7.696100000,0.535500000,688.835000000,4.869100000,114.737800000,808.977400000,12.444700000,1856.740700000,7.836703900,5.104186723,0c67271c7b1b443f77004de7d82951e01418cc71ffad0faf7fac9715e68db7a1,1940,10,10,1.000000000,90e321e93d1a3f23a33f2393a4502e86d4ab590c9acc1545de910bd78f20ca0c,ae7325fb5285579e9f5e42ab2656c1f893d115de6c14874ba877e9bcfb80aedb,true,
PP_RETF,10,25,2026025,e6-20260713T122808.004988600,5,10,10,8,0.000000000,0.527500000,1230.427000000,7.680800000,0.565900000,658.974000000,5.609900000,95.694200000,760.844000000,14.224500000,2013.703800000,7.836703900,5.104186723,2e0de6ede21bfcac043c27886335b0aa6945ddea756ace3c2e33124f49d00cc0,1939,10,10,1.000000000,64e9ba59457264f6d049ace10cea6ffc8390ee73a49d44ed31e0abd4b1f0e00d,c7848645628be8689f4a37af5ea39dd547c5131a1d6457fc1a7b84396e0d3a3e,true,
PP_RETF,10,26,2026026,e6-20260713T122808.004988600,5,10,10,8,0.000000000,0.547800000,1238.087500000,8.500400000,0.000000000,652.298100000,3.842200000,95.694200000,751.834500000,15.846300000,2015.325600000,7.836703900,5.104186723,1e223120946133b65ee5a99a54b5c936ed8a9a9c537bdfe802e2dfd79dbc6196,1939,10,10,1.000000000,9797ab1aa25ed6cea0e9e008e74ed9954384150112062ea4cd93de9534ff7304,08e57c508c38c6319a0cf57d8dcfba621a93fe1e3e4bca55c51123e07d7f6583,true,
PP_RETF,10,27,2026027,e6-20260713T122808.004988600,5,10,10,8,0.000000000,0.000000000,1243.070100000,8.912000000,0.000000000,644.436900000,6.681500000,95.694200000,746.812600000,9.399000000,2008.878300000,7.836703900,5.104186723,b426335eb8a363424867f9b75a019f70f547e51d8c91a7c842c45da28ef7625c,1939,10,10,1.000000000,b67f36345a66d2fbd2d77aa249d64eb3984c7b08277131d6562abc269f9971a1,31ed37f69f5b4876500225f08db13ab80f580b287f4db45a919f1cbe00a2c08e,true,
PP_RETF,10,28,2026028,e6-20260713T122808.004988600,5,10,10,8,0.000000000,0.000000000,1265.583700000,6.209800000,0.536800000,636.799400000,4.447800000,84.524400000,726.308400000,9.399000000,2008.040100000,7.836703900,5.104186723,67d511321f0e5cf3f181d8dbc720f2605ef072a4b4f6b3a2b68cab888aff118b,1939,10,10,1.000000000,8fca761cf28bf3de53a7505b3c1ea5b0122b2f85c94e23d7af2958e31fa880ac,dd2d122ff5a3ec7feb77d5dfa64374c482eadb3907868b7316ee7731fae1c46f,true,
PP_RETF,10,29,2026029,e6-20260713T122808.004988600,5,10,10,8,0.000000000,0.000000000,1194.946800000,6.487100000,0.558600000,662.815200000,7.095800000,126.737600000,797.207200000,9.399000000,2008.040100000,7.836703900,5.104186723,11150ae2a46a0edcd4c4a5934fd3e01f4dd7dd815a7425bd734221a6c15f0c72,1939,10,10,1.000000000,5e938999d62c5d01be91d08ea25581f0d0d00c8ae5ce401541f9597afa5d9032,817daecce1df4e6e3d6f86340a858a0c7403d55aa5bf7f91e69278947828237a,true,
PP_RETF,10,30,2026030,e6-20260713T122808.004988600,5,10,10,8,0.000000000,0.526900000,1212.140900000,8.842500000,0.544200000,658.094200000,4.387600000,112.406100000,775.432100000,14.224500000,2011.166900000,7.836703900,5.104186723,71110586616f81ea18be4ca93102d7fde0d2efc78d5e25a57455deaa24ca4c3c,1939,10,10,1.000000000,0b699d2f1501dad6ff0d0359a12bf81d5360ae2e96b4ead6e2b4cae9a4a83570,4fa367ea2114e41e9c85e4fd042d5aca0ab8df46d1169af51890f4fe75533544,true,
PP_RETF,10,31,2026031,e6-20260713T122808.004988600,5,10,10,8,0.000000000,0.000000000,1234.917500000,7.151900000,0.000000000,660.621300000,3.740600000,89.504000000,753.865900000,9.399000000,2006.341400000,7.836703900,5.104186723,f651e5decfe1a69afab832d9c25786507f7271d147564367e3d95f9484aa232d,1939,10,10,1.000000000,8fa256f362c101caba129f106dcbf1d36153f8f9f23bc6f4ee97206109ac1cbf,3fd79e9de41d5716026360bd8f9317e6da81d545772a7d752d5abc4ff1d13d66,true,
PP_RETF,10,32,2026032,e6-20260713T122808.004988600,5,10,10,8,0.000000000,0.000000000,1202.532300000,7.420400000,0.000000000,655.899700000,4.455200000,123.376400000,783.731300000,14.224500000,2008.451800000,7.836703900,5.104186723,a3ebaf79b2106213260e9f084ba7f2bd02b1fdf7bee546474486508acabeda5f,1939,10,10,1.000000000,6978b77ec34dffab417a893aed83f76b49c91bdffc5d3e03914e6d76a7da0201,275344e45aaf3af8dc1aa2f9fb46466fab4df52625ac42e8b4a6fb9d0dddcfc6,true,
PP_RETF,10,33,2026033,e6-20260713T122808.004988600,5,10,10,8,0.000000000,0.549700000,1041.831400000,14.802800000,0.788000000,688.115300000,3.435900000,99.598400000,791.937600000,14.633800000,1863.755300000,7.836703900,5.104186723,e2a7a4ec13f2c552f237bc0f8b26094a724935bd1f74eed95ffca6d35c1e6ca7,1940,10,10,1.000000000,15073183f05a13d8070a61996db1665a4ca23debd7c0da5bfd077d1002cf714b,4e8c6baebe7a019c36606deb6c3ceb4aaa94cc24caba45e802854e1da3837f8c,true,
PP_RETF,10,34,2026034,e6-20260713T122808.004988600,5,10,10,8,0.000000000,0.000000000,1042.381100000,14.258300000,0.000000000,681.313100000,7.590200000,103.034300000,791.937600000,13.510900000,1862.632400000,7.836703900,5.104186723,db9fbe6cdf6b4e7f73454bf43755aa21ab792d20ea8fe3f1662708fd9e2c4b5d,1940,10,10,1.000000000,a8a513453a1198e29ef040ab34576f762009dcd70eaf048fbc7b7804e57e3bf6,70e25716fa789191dc5e6704bc683fe1f37e1b5d2637467618a352ac9a2cfd17,true,
PP_RETF,10,35,2026035,e6-20260713T122808.004988600,5,10,10,8,0.000000000,0.000000000,1072.722200000,8.691000000,0.000000000,662.469400000,4.026900000,100.667600000,767.163900000,9.823000000,1858.944500000,7.836703900,5.104186723,76abf4136a4851efa22937a12a3bf7a940778ef3a5166bb06b07c6b9145e2ea9,1940,10,10,1.000000000,24e87a487315cf6739f1aabf237381baa8edd7cb1061a109088ee9ca560d16fe,97019b21704c8e9cd87d5203f2da9562363c3e2ca8ebd47bb732939a3b105b31,true,
PP_RETF,10,36,2026036,e6-20260713T122808.004988600,5,10,10,8,0.000000000,0.000000000,1043.730200000,10.018800000,0.000000000,690.999000000,4.536200000,93.998300000,789.533500000,12.444700000,1856.740700000,7.836703900,5.104186723,90a81706119353575e3db65720a4b0d130e2ca29f61ecb1fc9b41beaf89cc229,1940,10,10,1.000000000,7fbfee52b2d95c4f487aa1c91e50834fee3c3dcc5979e9d2c7bedf0992c100d2,f36714c239f74f28797ea3d07b35e1d7c5b6d10d37dfe5c624dcb5bf9a627fb2,true,
PP_RETF,10,37,2026037,e6-20260713T122808.004988600,5,10,10,8,0.000000000,0.000000000,1028.700900000,8.854700000,3.226900000,687.727200000,8.395700000,106.864400000,806.214200000,9.286400000,1853.582400000,7.836703900,5.104186723,24616f6aaa93bbbb234bf89dae52ea74b03368b8d4da662ca3e86fd95c96c018,1940,10,10,1.000000000,d6cebd1a2c5a7a971f56e2b709d28bbeaeb2a37370abea7f98c2cfe3126f2dc6,e45db30c963defd8ff2ed149296af0677df8e478dab09936fd700cca40ddd353,true,
PP_RETF,10,38,2026038,e6-20260713T122808.004988600,5,10,10,8,0.000000000,0.506100000,1148.765500000,11.760600000,0.000000000,675.167700000,6.234500000,129.143700000,810.545900000,14.358800000,1985.936900000,7.836703900,5.104186723,973a259181e5e9fc744858b481ba1893f1849952a35377778244850cab632d5c,1941,10,10,1.000000000,e43be5d676696d2e34d4c779814af6144a74b2ef693b0b87056a14ab3ebf432e,d264250c64dc5ccf17d151ab12da5b0dd48744013090b057723ab70d482ac94e,true,
PP_RETF,10,39,2026039,e6-20260713T122808.004988600,5,10,10,8,0.000000000,0.506100000,1145.607200000,11.119700000,0.000000000,667.776000000,6.838800000,135.931100000,810.545900000,16.106600000,1985.287200000,7.836703900,5.104186723,60ba55ce2bfb753b168678c515dbd419ea8ed6a6ccffb8dcdd83de9fdcddeddf,1941,10,10,1.000000000,9eecdd7bd31670dda09d87d093b6141b825c814ce192e395bae3a7ed39732c05,730def45c8c9a2e227cc114e8c65e520bc6698b6030364ab44a150c769d754ec,true,
PP_RETF,10,40,2026040,e6-20260713T122808.004988600,5,10,10,8,0.000000000,0.536000000,1069.970300000,7.424000000,0.520500000,735.823700000,5.172000000,148.987900000,890.504100000,12.537800000,1980.972200000,7.836703900,5.104186723,b6744a97bbe4b6e31f533ac28fa815f72e4055db7a7a03a4b670fc4a801b9983,1938,10,10,1.000000000,752ad3b60c8dfd4c8d2b5506836b01536db4d949e432a461e9202a63fed33a24,ef7ec49b823cdeed7eb6dbe6176b4ce5ced1bfefc5391700f970b7edc613a953,true,
PP_RETF,1,1,2026001,e6-20260713T122808.004988600,5,10,10,8,0.000000000,0.000000000,477.821500000,3.703400000,0.000000000,305.811600000,3.763800000,2049.698600000,2359.274000000,7.789900000,2848.588800000,115.083305200,0.347574307,e4cf8d57cf4c32d5495f2ad3d0279108c59961dbad648ba2c748c0cf323aeec7,1978,1,10,0.100000000,a68e12a5a2c3220019daad759a73cddda82e111073d702e90185a7461a10b9ba,915424028cd73bbb3945e8d6d3f2373da7874b91db6e3a63051fe0720ffc5394,true,
PP_RETF,1,2,2026002,e6-20260713T122808.004988600,5,10,10,8,0.000000000,0.000000000,455.977600000,3.699000000,0.000000000,293.403600000,2.619900000,2042.965300000,2338.988800000,8.327800000,2806.993200000,115.083305200,0.347574307,84f0e7d9ca23d5a38defc4350ad434b2c7816d2fa3b18ed92a6878087eb87251,1986,1,10,0.100000000,1cc68a23718444db9b3bcbe5d11f894084be4243ca8aec68123bf7180fc1219b,a1918b43614d94781913ca5d0c82477c6e44bc929ca1d13bd6355d9bbc4074c4,true,
PP_RETF,1,3,2026003,e6-20260713T122808.004988600,5,10,10,8,0.000000000,0.000000000,456.346300000,3.690200000,0.524300000,301.404900000,3.175000000,2042.040000000,2347.144200000,6.348600000,2813.529300000,115.083305200,0.347574307,3fa0e2876815d5f03aac7c2737f6f9fd51b4c17bda9da2d4e510bcc939704bbc,1947,1,10,0.100000000,0d5100080af61a9dff90e107f0f4ff34f819a4db6018ae3035fe35a5cb9b2935,48dde755c003ffc35042c7a3f3d0e7698b60605c9123e39323ff396346e638e7,true,
PP_RETF,1,4,2026004,e6-20260713T122808.004988600,5,10,10,8,0.000000000,0.000000000,459.363900000,4.525200000,0.541100000,312.897500000,3.197900000,2049.685800000,2366.322300000,6.463400000,2836.674800000,115.083305200,0.347574307,921c003db4f83cf8a6b14fddc9638c9d621f462c7c1068d7aed66699190c82e1,1949,1,10,0.100000000,7dc8d69683f40c96c147bf745427edca49e897a81143dbad0544ae2425f6d7a3,59513103e364765dbba33d470ebcb65eaa1f336f79258808c34794f922f4596f,true,
PP_RETF,1,5,2026005,e6-20260713T122808.004988600,5,10,10,8,0.000000000,0.000000000,1173.784000000,94.869400000,0.000000000,1112.657600000,3.188700000,2050.075000000,3165.921300000,5.765700000,4527.106200000,115.083305200,0.347574307,215977dce8214ae2b9c4adfbc91aa9482239e6cecb386602cc8f0887eadce3ac,1950,1,10,0.100000000,2f2f3106be9d65843d155e9aa33e554ea100ee1dbc74b82f903cdd44388d24c6,f4ffa8692156c07fe4a945b1a8d181357cf8d9de21d8f1fffd8f6dd1f35448c6,true,
PP_RETF,1,6,2026006,e6-20260713T122808.004988600,5,10,10,8,0.000000000,0.000000000,487.942900000,3.756600000,0.000000000,316.055200000,3.209100000,2045.033200000,2364.297500000,6.055100000,2862.052100000,115.083305200,0.347574307,38b6046172a119d6c33e7714c2c7eca60f2fa6040853d6bb99407d0d83fa0fe4,1951,1,10,0.100000000,ff39cb867e1e2b9a35f94401e67845e09bc3de10c4cae21ae8193185bbfb8740,d4323103de0cae257ab7409eddfa6d784c20808a6fad9db9064bc4117b4faca5,true,
PP_RETF,1,7,2026007,e6-20260713T122808.004988600,5,10,10,8,0.000000000,0.000000000,463.775800000,3.133700000,0.000000000,325.140100000,4.802800000,2047.077500000,2377.020400000,7.645600000,2851.575500000,115.083305200,0.347574307,0b38090847de08f930b5e153a4b88ede26971d60d7da16a9dc856dbe83098dcd,1952,1,10,0.100000000,75e0b36c40a47a0feef1e65aae7118a61470d6b39553d34250d9e96c46046b42,dfc704ec7a6df3158fe2f0029319ab8afd2bd6e1052b7e36d706f516752f66f4,true,
PP_RETF,1,8,2026008,e6-20260713T122808.004988600,5,10,10,8,0.000000000,0.000000000,506.324800000,3.694900000,0.000000000,321.033800000,3.176900000,2045.705600000,2369.916300000,6.351700000,2886.809300000,115.083305200,0.347574307,426c19972299cd4b0e3cb4cee54452e33ab3ae8a75ac57c4544dc2b24e369813,1953,1,10,0.100000000,c7421138ad62a3bf721bd045c46ae2a9d4781500120e40084992ee0784e5a025,645fce1d4f7cc315e8dd8fa65477b18ee93da741f5d247bde4ce5ac72e54221b,true,
PP_RETF,1,9,2026009,e6-20260713T122808.004988600,5,10,10,8,0.000000000,0.000000000,462.198200000,4.221400000,0.000000000,305.329700000,3.741200000,2054.672900000,2363.743800000,7.694400000,2838.408800000,115.083305200,0.347574307,1045b3345556f33d53ea96a58d8f4333c69d502ba252a82c1191a6c937351d4c,1954,1,10,0.100000000,624dee71e7d83e8174240f3abd39fae6af1aff50e847e71f674c161ad19b4385,904c242c7feaf1bdb23018d703ccee4577dc58dd575a0cef4c72517c07c1ff5d,true,
PP_RETF,1,10,2026010,e6-20260713T122808.004988600,5,10,10,8,0.000000000,0.000000000,514.028500000,3.682700000,0.000000000,321.458000000,2.649000000,2054.522800000,2378.629800000,6.658800000,2902.999800000,115.083305200,0.347574307,319c20dd1e94a99b8d14f2e496f7b03a8fd41e0cfd910d10d5147d94ba10aa4d,1955,1,10,0.100000000,0467d306dc28fc5c77a8d122cea50ddad20261103d41f90ffe42c72df3f8b393,c2d00d789aaa52ee3d0632459fbb6b3be86f2e607f3c497e74d1471adeff8411,true,
PP_RETF,1,11,2026011,e6-20260713T122808.004988600,5,10,10,8,0.000000000,0.000000000,452.592800000,3.166000000,0.000000000,307.650300000,3.698200000,2047.477100000,2358.825600000,6.201800000,2820.786200000,115.083305200,0.347574307,39772a272932d9eb7de652358dd13d89538cd0c3ddaa48b28b85bcbf2bdb4662,1956,1,10,0.100000000,af99285a46f2de40259eda72e30a255ccd487e5dcc5de2ca0d3c23d55f6ecf18,9373828dad33524a558951d536203b9ec6a0a76ac66682657e3191efeabdcff1,true,
PP_RETF,1,12,2026012,e6-20260713T122808.004988600,5,10,10,8,0.000000000,0.000000000,445.899900000,3.681100000,0.000000000,308.978800000,4.589800000,2044.892100000,2358.460700000,6.357200000,2814.398900000,115.083305200,0.347574307,42ab7028da76c7e79e18aa0062b18802da98e1f8395f937bf813dfff6ce11406,1948,1,10,0.100000000,ae90fdde97d8e1d9f7468ccf8dfbedd30ab0198052f5a998355d8a26f06f3660,48cd659b73b5f22ad5dc658c6b151ef715dd4026df266502ae131cecec3c4a3b,true,
PP_RETF,1,13,2026013,e6-20260713T122808.004988600,5,10,10,8,0.000000000,0.000000000,474.682700000,3.712600000,0.000000000,305.237100000,2.627100000,2045.629900000,2353.494100000,4.831000000,2837.783200000,115.083305200,0.347574307,bd15454a93bfb274ca8c8f500c991d9f372dea9e86f06060bf2b7c29ca93db04,1958,1,10,0.100000000,a20371d302fb831d287dd5a6b318cf3e584295fbc9de4172cdcc9f2e8a8f8879,24f3dcf79848dd55f068ebc48e31b4ad3ce4c511c27e960caf087e7ad3db9eed,true,
PP_RETF,1,14,2026014,e6-20260713T122808.004988600,5,10,10,8,0.000000000,0.000000000,459.090300000,3.672000000,0.536000000,300.353300000,2.694300000,2048.110000000,2351.693600000,6.365500000,2820.821400000,115.083305200,0.347574307,9dff9031cc7dd6c90adc2fe7fe81f8f99633c0da64a06d9697a0101a08a2c133,1959,1,10,0.100000000,17cca03d1762a9be1eaa9c2b6912288c99f6bdfa85a0876d49109650d2129e61,353c140a88057c066f98826f47662084cf960c0a24b9a0b4d4bcd1f95fd8fa3a,true,
PP_RETF,1,15,2026015,e6-20260713T122808.004988600,5,10,10,8,0.000000000,0.000000000,461.256500000,3.762600000,0.512200000,307.043900000,3.218000000,2044.861300000,2355.635400000,5.879100000,2826.533600000,115.083305200,0.347574307,f57b7ee41a12279629c7896220c875ccb283decd53a51a5a8f31f69061e48f67,1960,1,10,0.100000000,ce83af01f011471f5496c04ea3eb429c6c0e0d03170061a1d64874c8aa444751,37361911c1eb3a2f96205725fa27f850219835de5798ecf3c08852ee262ff110,true,
PP_RETF,1,16,2026016,e6-20260713T122808.004988600,5,10,10,8,0.000000000,0.531300000,495.098900000,4.307100000,0.000000000,313.744400000,3.146700000,2048.570000000,2365.461100000,5.281600000,2870.680000000,115.083305200,0.347574307,51ef37aae766262840cd93d0d264fef565869fcbec8267460257a6cb705179c5,1962,1,10,0.100000000,13416acc50f8feecfc06c2291fa3e12c310afb2360c4a601e4e9357c6d95d389,cb5ee8fc66d019b3b7c1f6b42b1c434c523514e8eef3507a718a672f1d137424,true,
PP_RETF,1,17,2026017,e6-20260713T122808.004988600,5,10,10,8,0.000000000,0.000000000,446.685000000,4.268100000,0.000000000,308.230200000,3.193200000,2043.474000000,2354.897400000,7.816100000,2813.666600000,115.083305200,0.347574307,f2e43a33dc32a466452c271e302203806c281ca24088662e903feb602bc64e08,1963,1,10,0.100000000,e6d78ce468a82bbfaad8e862d935c901fec2891f68c913e7df9e7a18343a5660,c416b7d68173f4925ba6712903b379415894a682acc5a69fcd5f8dcc011cce20,true,
PP_RETF,1,18,2026018,e6-20260713T122808.004988600,5,10,10,8,0.000000000,0.000000000,462.303900000,3.130200000,0.000000000,313.775100000,3.143800000,2045.217200000,2362.136100000,5.965500000,2834.076300000,115.083305200,0.347574307,37ce4fab06e4125dbe10174ec8faf13a1e1428f1a8921801867342cd6ba93da4,1966,1,10,0.100000000,294bd829623974e0206edc717d0de205dc360f898406c99ce6c23f742b15288f,7f8191e0ca30672181ff752091fc654240874ee9d759ad9993740c99bb4067b4,true,
PP_RETF,1,19,2026019,e6-20260713T122808.004988600,5,10,10,8,0.000000000,0.000000000,454.278200000,3.672500000,0.000000000,330.691300000,2.648300000,2050.032100000,2383.371700000,6.413000000,2848.261800000,115.083305200,0.347574307,6d588b0b488cc7eb20a4c804b52e3dc170b922f0aa25c16a874bf9f59c261ef3,1967,1,10,0.100000000,5b3d5672030c5d48e554ea36fc2460d1b0c31d6fa468089b17292e7fd48a921a,1b47e04f4ea8575b39416b5f264a3c985509d93982f98557664eadb0b8021521,true,
PP_RETF,1,20,2026020,e6-20260713T122808.004988600,5,10,10,8,0.000000000,0.000000000,474.024900000,4.244700000,0.000000000,300.477200000,3.171100000,2039.516400000,2343.164700000,6.959500000,2828.393800000,115.083305200,0.347574307,f1e0c776dee99b1a42bd845856b8af47cacd9455fead8f0ca3cfecf1c8534015,1971,1,10,0.100000000,e8ee71a55d1985dd0959d1f1c9fd7e85951d78c5db0e2afc188cff727ba902df,e74508da0384f2a31f934a9b733f3a7863416b34e7db6fcd462bce9027ba1570,true,
PP_RETF,1,21,2026021,e6-20260713T122808.004988600,5,10,10,8,0.000000000,0.504500000,463.633000000,3.239300000,0.000000000,300.233000000,5.291000000,2042.841700000,2348.365700000,7.377500000,2823.648700000,115.083305200,0.347574307,9f6021a89d9d703e4c2303f86742a8ac1019e3008706b5e62456a2753fa737c3,1972,1,10,0.100000000,a5c3345f17e36dad6c6da93c2c3cab8187c5d53c26aae251fd5eda4d90593c8b,7ca4b71d6891c5405e7c3312471cfe2324ff5b4c48b91b9cf329b769b025e849,true,
PP_RETF,1,22,2026022,e6-20260713T122808.004988600,5,10,10,8,0.000000000,0.000000000,452.452900000,3.692500000,0.525100000,299.224600000,2.711300000,2047.102400000,2349.563400000,5.826900000,2811.535700000,115.083305200,0.347574307,b04c47db86f8fe5e75d51ae917eff9c91e1d0d00b619738ff3040a50ade86cf0,1974,1,10,0.100000000,984f834c82f5a149f0d846bf4e48ff93634f779c0e4f7fbf54b9a5671db37add,41a6c5a8bba0b74ad7ccd2cc011081ababa2e503c8218112cdfbdb0d71898144,true,
PP_RETF,1,23,2026023,e6-20260713T122808.004988600,5,10,10,8,0.000000000,0.000000000,458.752900000,5.088300000,0.000000000,310.186000000,9.014700000,2045.276400000,2364.477100000,6.423100000,2835.265900000,115.083305200,0.347574307,4d71e181e3296020624de036009143a02ff7563b6cf78d7865d8c73d7da1ad29,1976,1,10,0.100000000,47a4edf522f6cba0cc560c1552b9c8b6f237a14c7cdf0b26bb332d2de596fa71,244fde132fc219519fb4cc6b800c095f2f9ef22d3d7e5aacdc1ca66574cea3d2,true,
PP_RETF,1,24,2026024,e6-20260713T122808.004988600,5,10,10,8,0.000000000,0.503800000,466.198700000,3.175400000,0.000000000,301.245000000,2.774900000,2050.000600000,2354.020500000,5.281800000,2829.705000000,115.083305200,0.347574307,ea9c277d4532d8051001eb5223b4ed2b5b11a2984093b98d947c7dda02758c76,1977,1,10,0.100000000,90e321e93d1a3f23a33f2393a4502e86d4ab590c9acc1545de910bd78f20ca0c,ae7325fb5285579e9f5e42ab2656c1f893d115de6c14874ba877e9bcfb80aedb,true,
PP_RETF,1,25,2026025,e6-20260713T122808.004988600,5,10,10,8,0.000000000,0.000000000,446.984700000,3.681400000,0.000000000,318.644600000,9.481000000,2049.732700000,2377.858300000,6.371900000,2835.435200000,115.083305200,0.347574307,a45e8a710cb05013fb0e867935c93164ce50cd3993477b9a1c35c680d12a9d5e,1981,1,10,0.100000000,64e9ba59457264f6d049ace10cea6ffc8390ee73a49d44ed31e0abd4b1f0e00d,c7848645628be8689f4a37af5ea39dd547c5131a1d6457fc1a7b84396e0d3a3e,true,
PP_RETF,1,26,2026026,e6-20260713T122808.004988600,5,10,10,8,0.000000000,0.000000000,463.074700000,4.226900000,0.000000000,301.124200000,3.210400000,2053.159500000,2357.494100000,6.337400000,2831.133100000,115.083305200,0.347574307,500f7f7447b2cfeaa3f866c33937cfab628e28689ee95f2c01e1ba87be61c69b,1957,1,10,0.100000000,9797ab1aa25ed6cea0e9e008e74ed9954384150112062ea4cd93de9534ff7304,08e57c508c38c6319a0cf57d8dcfba621a93fe1e3e4bca55c51123e07d7f6583,true,
PP_RETF,1,27,2026027,e6-20260713T122808.004988600,5,10,10,8,0.000000000,0.000000000,464.375300000,4.231800000,0.000000000,320.349500000,2.239500000,2049.875700000,2372.464700000,7.672000000,2848.743800000,115.083305200,0.347574307,b9dbbaf70071c93c1b11cb33d796d56eb751743616363b6f2bbc4bad49896673,1964,1,10,0.100000000,b67f36345a66d2fbd2d77aa249d64eb3984c7b08277131d6562abc269f9971a1,31ed37f69f5b4876500225f08db13ab80f580b287f4db45a919f1cbe00a2c08e,true,
PP_RETF,1,28,2026028,e6-20260713T122808.004988600,5,10,10,8,0.000000000,0.000000000,445.046600000,4.249900000,0.000000000,316.857100000,3.332300000,2049.538100000,2369.727500000,5.542900000,2824.566900000,115.083305200,0.347574307,f09bd9918817d999eae16a4ea7a0d9084c397e0a0adfa5a87376ae0a065e8bc5,1965,1,10,0.100000000,8fca761cf28bf3de53a7505b3c1ea5b0122b2f85c94e23d7af2958e31fa880ac,dd2d122ff5a3ec7feb77d5dfa64374c482eadb3907868b7316ee7731fae1c46f,true,
PP_RETF,1,29,2026029,e6-20260713T122808.004988600,5,10,10,8,0.000000000,0.505200000,478.743500000,4.483900000,0.000000000,297.836900000,2.654100000,2050.413100000,2350.904100000,7.040400000,2841.677100000,115.083305200,0.347574307,eb4d439b62067521612c22aa1995472a8ee306a3a943e29440dae51054270970,1968,1,10,0.100000000,5e938999d62c5d01be91d08ea25581f0d0d00c8ae5ce401541f9597afa5d9032,817daecce1df4e6e3d6f86340a858a0c7403d55aa5bf7f91e69278947828237a,true,
PP_RETF,1,30,2026030,e6-20260713T122808.004988600,5,10,10,8,0.000000000,0.000000000,471.704200000,3.655200000,0.543000000,309.088000000,3.213700000,2045.110800000,2357.955500000,5.315800000,2838.630700000,115.083305200,0.347574307,bc827bf2250f2359894c29639b4fb809de67e0e474b93689c606210d1452f0d9,1969,1,10,0.100000000,0b699d2f1501dad6ff0d0359a12bf81d5360ae2e96b4ead6e2b4cae9a4a83570,4fa367ea2114e41e9c85e4fd042d5aca0ab8df46d1169af51890f4fe75533544,true,
PP_RETF,1,31,2026031,e6-20260713T122808.004988600,5,10,10,8,0.000000000,0.000000000,451.809100000,4.240000000,0.554100000,307.171400000,3.231400000,2043.778900000,2354.735800000,6.500700000,2817.285600000,115.083305200,0.347574307,fa02ac7db618377ed7b1700c0b08e96c8d2bbf59f332409c4d1489862e76e272,1970,1,10,0.100000000,8fa256f362c101caba129f106dcbf1d36153f8f9f23bc6f4ee97206109ac1cbf,3fd79e9de41d5716026360bd8f9317e6da81d545772a7d752d5abc4ff1d13d66,true,
PP_RETF,1,32,2026032,e6-20260713T122808.004988600,5,10,10,8,0.000000000,0.000000000,455.913000000,3.680100000,0.000000000,322.388500000,3.163000000,2042.291900000,2367.843400000,6.547400000,2833.983900000,115.083305200,0.347574307,328ae030e5947a8919994d4fd7ddd4409e0e411733648affbde66d99cae1725e,1973,1,10,0.100000000,6978b77ec34dffab417a893aed83f76b49c91bdffc5d3e03914e6d76a7da0201,275344e45aaf3af8dc1aa2f9fb46466fab4df52625ac42e8b4a6fb9d0dddcfc6,true,
PP_RETF,1,33,2026033,e6-20260713T122808.004988600,5,10,10,8,0.000000000,0.504900000,475.905500000,3.169300000,0.000000000,307.010000000,2.634800000,2050.823100000,2360.467900000,7.032600000,2847.080200000,115.083305200,0.347574307,c23760d3153079a05175caab8b1973a235d043de043499ca9cb3ddecd9ae5094,1975,1,10,0.100000000,15073183f05a13d8070a61996db1665a4ca23debd7c0da5bfd077d1002cf714b,4e8c6baebe7a019c36606deb6c3ceb4aaa94cc24caba45e802854e1da3837f8c,true,
PP_RETF,1,34,2026034,e6-20260713T122808.004988600,5,10,10,8,0.000000000,0.000000000,450.240200000,3.707300000,0.000000000,304.488500000,3.412800000,2050.707500000,2358.608800000,6.716900000,2819.809000000,115.083305200,0.347574307,49b1653b344b5783972745f9ce42bed14616f0672493f4e76bd52693ea9012d7,1979,1,10,0.100000000,a8a513453a1198e29ef040ab34576f762009dcd70eaf048fbc7b7804e57e3bf6,70e25716fa789191dc5e6704bc683fe1f37e1b5d2637467618a352ac9a2cfd17,true,
PP_RETF,1,35,2026035,e6-20260713T122808.004988600,5,10,10,8,0.000000000,0.000000000,451.117000000,4.258400000,0.524300000,311.030600000,2.132800000,2045.107800000,2358.795500000,4.721100000,2818.892000000,115.083305200,0.347574307,6a878b12795163703aed21c958b9f8c233dc1620a2971d81f6cf595621f862c9,1980,1,10,0.100000000,24e87a487315cf6739f1aabf237381baa8edd7cb1061a109088ee9ca560d16fe,97019b21704c8e9cd87d5203f2da9562363c3e2ca8ebd47bb732939a3b105b31,true,
PP_RETF,1,36,2026036,e6-20260713T122808.004988600,5,10,10,8,0.000000000,0.000000000,450.777100000,3.889700000,0.000000000,302.725000000,3.219300000,2041.732700000,2347.677000000,7.363900000,2809.707700000,115.083305200,0.347574307,49f9f85195cf513a0cd4e21eda3e82f7f090e0751752ef8db7af7be3f853e6d4,1984,1,10,0.100000000,7fbfee52b2d95c4f487aa1c91e50834fee3c3dcc5979e9d2c7bedf0992c100d2,f36714c239f74f28797ea3d07b35e1d7c5b6d10d37dfe5c624dcb5bf9a627fb2,true,
PP_RETF,1,37,2026037,e6-20260713T122808.004988600,5,10,10,8,0.000000000,0.510200000,471.699500000,5.348000000,0.000000000,303.279300000,3.480000000,2049.361100000,2356.120400000,5.426500000,2839.104600000,115.083305200,0.347574307,82c604533271d3c37f5550e2fc3b8a134b3b29e3ad9c333e54a0f03c9cd21f49,1982,1,10,0.100000000,d6cebd1a2c5a7a971f56e2b709d28bbeaeb2a37370abea7f98c2cfe3126f2dc6,e45db30c963defd8ff2ed149296af0677df8e478dab09936fd700cca40ddd353,true,
PP_RETF,1,38,2026038,e6-20260713T122808.004988600,5,10,10,8,0.000000000,0.000000000,470.180100000,3.707100000,0.000000000,307.958500000,3.164200000,2045.151500000,2356.274200000,5.916700000,2836.605100000,115.083305200,0.347574307,ce67e883b7a695bb4aa878270717952a23008be2518339ff263906657d6e993f,1983,1,10,0.100000000,e43be5d676696d2e34d4c779814af6144a74b2ef693b0b87056a14ab3ebf432e,d264250c64dc5ccf17d151ab12da5b0dd48744013090b057723ab70d482ac94e,true,
PP_RETF,1,39,2026039,e6-20260713T122808.004988600,5,10,10,8,0.000000000,0.000000000,467.563900000,3.139100000,0.000000000,307.108900000,3.723100000,2042.889500000,2353.721500000,4.791300000,2830.264200000,115.083305200,0.347574307,44867dba44f0f66470b223e10f912bf479a76352b88125b65c06c580bc51722d,1985,1,10,0.100000000,9eecdd7bd31670dda09d87d093b6141b825c814ce192e395bae3a7ed39732c05,730def45c8c9a2e227cc114e8c65e520bc6698b6030364ab44a150c769d754ec,true,
PP_RETF,1,40,2026040,e6-20260713T122808.004988600,5,10,10,8,0.000000000,0.000000000,456.521500000,3.164100000,0.000000000,304.154500000,2.639700000,2046.066800000,2352.861000000,5.443300000,2817.989900000,115.083305200,0.347574307,f93ab29de5d0c45084052b47df568c325badc7b182bca066c020ca2712de3b4c,1961,1,10,0.100000000,752ad3b60c8dfd4c8d2b5506836b01536db4d949e432a461e9202a63fed33a24,ef7ec49b823cdeed7eb6dbe6176b4ce5ced1bfefc5391700f970b7edc613a953,true,
Plain_RETF,5,1,2026001,e6-20260713T122808.004988600,5,10,10,8,0.558900000,0.000000000,0.000000000,0.000000000,0.000000000,8.488500000,4.947900000,2057.679500000,2071.115900000,6.428400000,2078.103200000,16.640486900,2.403775817,3c2cfc0ea8ef6f2685555724430cd76a3a81e8a40d9bdd0842e17e5dc09cf395,1994,5,10,0.500000000,a68e12a5a2c3220019daad759a73cddda82e111073d702e90185a7461a10b9ba,915424028cd73bbb3945e8d6d3f2373da7874b91db6e3a63051fe0720ffc5394,true,
Plain_RETF,5,2,2026002,e6-20260713T122808.004988600,5,10,10,8,1.608300000,0.000000000,0.000000000,0.000000000,0.000000000,10.847700000,4.375400000,2053.955200000,2069.178300000,6.543400000,2077.330000000,16.640486900,2.403775817,f902f7aa4355fae91d7be6370fce151172fc06607a69f0d0bab626e72c3513a7,1988,5,10,0.500000000,1cc68a23718444db9b3bcbe5d11f894084be4243ca8aec68123bf7180fc1219b,a1918b43614d94781913ca5d0c82477c6e44bc929ca1d13bd6355d9bbc4074c4,true,
Plain_RETF,5,3,2026003,e6-20260713T122808.004988600,5,10,10,8,0.535500000,0.000000000,0.000000000,0.000000000,0.000000000,11.232300000,3.953200000,2054.194900000,2069.380400000,7.361100000,2077.808000000,16.640486900,2.403775817,a00a6a55aa01ef8e583c10d03a3726f245953772958d5f2c1877ebf44326d887,1993,5,10,0.500000000,0d5100080af61a9dff90e107f0f4ff34f819a4db6018ae3035fe35a5cb9b2935,48dde755c003ffc35042c7a3f3d0e7698b60605c9123e39323ff396346e638e7,true,
Plain_RETF,5,4,2026004,e6-20260713T122808.004988600,5,10,10,8,2.232900000,0.000000000,0.000000000,0.000000000,0.000000000,10.847700000,4.375400000,2053.955200000,2069.178300000,6.543400000,2077.954600000,16.640486900,2.403775817,8228aaece7ab66c7fe384088e8062b59638e3e265d6f40d8373df6d086376fcc,1988,5,10,0.500000000,7dc8d69683f40c96c147bf745427edca49e897a81143dbad0544ae2425f6d7a3,59513103e364765dbba33d470ebcb65eaa1f336f79258808c34794f922f4596f,true,
Plain_RETF,5,5,2026005,e6-20260713T122808.004988600,5,10,10,8,0.535500000,0.000000000,0.000000000,0.000000000,0.000000000,11.763300000,4.515100000,2053.633000000,2069.911400000,6.267300000,2076.714200000,16.640486900,2.403775817,838536ce1c8ef924d81f6522e463cfe97e76d7b861627b72d1c53e60e0233800,1993,5,10,0.500000000,2f2f3106be9d65843d155e9aa33e554ea100ee1dbc74b82f903cdd44388d24c6,f4ffa8692156c07fe4a945b1a8d181357cf8d9de21d8f1fffd8f6dd1f35448c6,true,
Plain_RETF,5,6,2026006,e6-20260713T122808.004988600,5,10,10,8,0.558900000,0.000000000,0.000000000,0.000000000,0.000000000,8.488500000,3.867400000,2058.760000000,2071.115900000,6.428400000,2078.103200000,16.640486900,2.403775817,87cfa4ca3e7038661c063302f2c5ad79270005ea9062a8b966d8bcfe7c0c6c2c,1994,5,10,0.500000000,ff39cb867e1e2b9a35f94401e67845e09bc3de10c4cae21ae8193185bbfb8740,d4323103de0cae257ab7409eddfa6d784c20808a6fad9db9064bc4117b4faca5,true,
Plain_RETF,5,7,2026007,e6-20260713T122808.004988600,5,10,10,8,0.558900000,0.000000000,0.000000000,0.000000000,0.000000000,8.488500000,3.867400000,2058.760000000,2071.115900000,6.428400000,2078.103200000,16.640486900,2.403775817,2511e7fc364f3d3ec474bc49c88f5e61cce42e28d22bfd48ef19571bebb9b21b,1994,5,10,0.500000000,75e0b36c40a47a0feef1e65aae7118a61470d6b39553d34250d9e96c46046b42,dfc704ec7a6df3158fe2f0029319ab8afd2bd6e1052b7e36d706f516752f66f4,true,
Plain_RETF,5,8,2026008,e6-20260713T122808.004988600,5,10,10,8,0.535500000,0.000000000,0.000000000,0.000000000,0.000000000,11.232300000,3.953200000,2054.194900000,2069.380400000,6.802200000,2077.249100000,16.640486900,2.403775817,d151d23d5728fe7d064c81f1984c45a880e4fe808c36aec975dd68506eda1fae,1993,5,10,0.500000000,c7421138ad62a3bf721bd045c46ae2a9d4781500120e40084992ee0784e5a025,645fce1d4f7cc315e8dd8fa65477b18ee93da741f5d247bde4ce5ac72e54221b,true,
Plain_RETF,5,9,2026009,e6-20260713T122808.004988600,5,10,10,8,1.595000000,0.000000000,0.000000000,0.000000000,0.000000000,10.777900000,2.122500000,2053.704700000,2066.605100000,7.346400000,2075.546500000,16.640486900,2.403775817,6287c53eaec698b4f97c097621cd337f9ce99282d503f4930a3afc5cce43cda7,1995,5,10,0.500000000,624dee71e7d83e8174240f3abd39fae6af1aff50e847e71f674c161ad19b4385,904c242c7feaf1bdb23018d703ccee4577dc58dd575a0cef4c72517c07c1ff5d,true,
Plain_RETF,5,10,2026010,e6-20260713T122808.004988600,5,10,10,8,1.059500000,0.000000000,0.000000000,0.000000000,1.050300000,10.246100000,2.646500000,2056.113500000,2070.056400000,6.428400000,2077.544300000,16.640486900,2.403775817,d5b88e0a23a0600f266270185e38729ecb1fef80b5845b6608e641dbef580005,1994,5,10,0.500000000,0467d306dc28fc5c77a8d122cea50ddad20261103d41f90ffe42c72df3f8b393,c2d00d789aaa52ee3d0632459fbb6b3be86f2e607f3c497e74d1471adeff8411,true,
Plain_RETF,5,11,2026011,e6-20260713T122808.004988600,5,10,10,8,1.050500000,0.000000000,0.000000000,0.000000000,0.000000000,10.246100000,2.646500000,2056.113500000,2069.006100000,6.428400000,2077.011300000,16.640486900,2.403775817,00e9e9d790e72c505859a42c50a3b1ee10bbac771966d387c6fce20e22a99973,1994,5,10,0.500000000,af99285a46f2de40259eda72e30a255ccd487e5dcc5de2ca0d3c23d55f6ecf18,9373828dad33524a558951d536203b9ec6a0a76ac66682657e3191efeabdcff1,true,
Plain_RETF,5,12,2026012,e6-20260713T122808.004988600,5,10,10,8,1.595000000,0.000000000,0.000000000,0.000000000,0.000000000,9.107100000,3.268800000,2053.704700000,2066.080600000,7.346400000,2075.546500000,16.640486900,2.403775817,751a867bc234183bdd2e3cad991f751fd2da4a786d6270817c33b4e758442d62,1995,5,10,0.500000000,ae90fdde97d8e1d9f7468ccf8dfbedd30ab0198052f5a998355d8a26f06f3660,48cd659b73b5f22ad5dc658c6b151ef715dd4026df266502ae131cecec3c4a3b,true,
Plain_RETF,5,13,2026013,e6-20260713T122808.004988600,5,10,10,8,2.232900000,0.000000000,0.000000000,0.000000000,0.000000000,10.847700000,4.375400000,2053.955200000,2069.178300000,6.543400000,2077.954600000,16.640486900,2.403775817,9977620a028c78aa14835502327c65c29e3e68a73bd1d42b36a1c89348d7fe06,1988,5,10,0.500000000,a20371d302fb831d287dd5a6b318cf3e584295fbc9de4172cdcc9f2e8a8f8879,24f3dcf79848dd55f068ebc48e31b4ad3ce4c511c27e960caf087e7ad3db9eed,true,
Plain_RETF,5,14,2026014,e6-20260713T122808.004988600,5,10,10,8,0.537900000,0.000000000,0.000000000,0.000000000,0.000000000,11.045800000,3.776300000,2066.048500000,2080.870600000,8.654900000,2090.599900000,16.640486900,2.403775817,33fd91f0f7ddf2d1f303e445b525e4d6776cd6612b47de86997742daf477020f,1992,5,10,0.500000000,17cca03d1762a9be1eaa9c2b6912288c99f6bdfa85a0876d49109650d2129e61,353c140a88057c066f98826f47662084cf960c0a24b9a0b4d4bcd1f95fd8fa3a,true,
Plain_RETF,5,15,2026015,e6-20260713T122808.004988600,5,10,10,8,0.537900000,0.000000000,0.000000000,0.000000000,0.536500000,10.407900000,5.530000000,2064.932700000,2081.407100000,8.113700000,2090.599900000,16.640486900,2.403775817,2653b7ee85a2541dbf6d39cb0a4feaac1531a8b1ee0cd81021cfb30f95ed2c3f,1992,5,10,0.500000000,ce83af01f011471f5496c04ea3eb429c6c0e0d03170061a1d64874c8aa444751,37361911c1eb3a2f96205725fa27f850219835de5798ecf3c08852ee262ff110,true,
Plain_RETF,5,16,2026016,e6-20260713T122808.004988600,5,10,10,8,1.074400000,0.000000000,0.000000000,0.000000000,0.000000000,11.045800000,3.776300000,2066.048500000,2080.870600000,8.654900000,2090.599900000,16.640486900,2.403775817,8bd3dde214183af71a7c345b1962e4e365914342535a50e0457c330c87375e62,1992,5,10,0.500000000,13416acc50f8feecfc06c2291fa3e12c310afb2360c4a601e4e9357c6d95d389,cb5ee8fc66d019b3b7c1f6b42b1c434c523514e8eef3507a718a672f1d137424,true,
Plain_RETF,5,17,2026017,e6-20260713T122808.004988600,5,10,10,8,0.588800000,0.000000000,0.000000000,0.000000000,0.000000000,11.438000000,5.137900000,2055.397500000,2071.973400000,8.798300000,2081.896600000,16.640486900,2.403775817,a32abd5b63f065543af0ca48cf9eee842d078a5e0c0e2eae0a1088c2a9c7b7a8,1991,5,10,0.500000000,e6d78ce468a82bbfaad8e862d935c901fec2891f68c913e7df9e7a18343a5660,c416b7d68173f4925ba6712903b379415894a682acc5a69fcd5f8dcc011cce20,true,
Plain_RETF,5,18,2026018,e6-20260713T122808.004988600,5,10,10,8,1.061500000,0.000000000,0.000000000,0.000000000,0.000000000,9.359700000,4.414200000,2066.048500000,2079.822400000,8.654900000,2090.062000000,16.640486900,2.403775817,8d6e2cd2afcae8678449414cac82a6ba93a762b490d6221354fae21820b6e720,1992,5,10,0.500000000,294bd829623974e0206edc717d0de205dc360f898406c99ce6c23f742b15288f,7f8191e0ca30672181ff752091fc654240874ee9d759ad9993740c99bb4067b4,true,
Plain_RETF,5,19,2026019,e6-20260713T122808.004988600,5,10,10,8,1.074400000,0.000000000,0.000000000,0.000000000,0.000000000,10.407900000,4.414200000,2066.048500000,2080.870600000,8.654900000,2090.599900000,16.640486900,2.403775817,17faf5262294e04df07f7fb825f2c2711b5b473f71d6bc21aa377b97e6092827,1992,5,10,0.500000000,5b3d5672030c5d48e554ea36fc2460d1b0c31d6fa468089b17292e7fd48a921a,1b47e04f4ea8575b39416b5f264a3c985509d93982f98557664eadb0b8021521,true,
Plain_RETF,5,20,2026020,e6-20260713T122808.004988600,5,10,10,8,0.535500000,0.000000000,0.000000000,0.000000000,0.000000000,11.232300000,3.953200000,2054.194900000,2069.380400000,6.267300000,2076.714200000,16.640486900,2.403775817,2133940ea2edbbcb1c7373d9cd1eef07dba604280a72124ad3deaf6870bcfdf4,1993,5,10,0.500000000,e8ee71a55d1985dd0959d1f1c9fd7e85951d78c5db0e2afc188cff727ba902df,e74508da0384f2a31f934a9b733f3a7863416b34e7db6fcd462bce9027ba1570,true,
Plain_RETF,5,21,2026021,e6-20260713T122808.004988600,5,10,10,8,0.535500000,0.000000000,0.000000000,0.000000000,0.542400000,10.689900000,4.515100000,2053.633000000,2069.380400000,7.361100000,2077.808000000,16.640486900,2.403775817,801f8d00e8609eae2e69d2cdbb3bf0a108244f8e7980ddca87c2b3cf7dc5e0db,1993,5,10,0.500000000,a5c3345f17e36dad6c6da93c2c3cab8187c5d53c26aae251fd5eda4d90593c8b,7ca4b71d6891c5405e7c3312471cfe2324ff5b4c48b91b9cf329b769b025e849,true,
Plain_RETF,5,22,2026022,e6-20260713T122808.004988600,5,10,10,8,1.177500000,0.000000000,0.000000000,0.000000000,0.529100000,10.847700000,4.375400000,2053.955200000,2069.707400000,7.071500000,2078.482700000,16.640486900,2.403775817,860d4af334b38902a92915d836687f67a8e913f18a056f5758449edae95135ae,1988,5,10,0.500000000,984f834c82f5a149f0d846bf4e48ff93634f779c0e4f7fbf54b9a5671db37add,41a6c5a8bba0b74ad7ccd2cc011081ababa2e503c8218112cdfbdb0d71898144,true,
Plain_RETF,5,23,2026023,e6-20260713T122808.004988600,5,10,10,8,0.528100000,0.000000000,0.000000000,0.000000000,0.000000000,7.947400000,3.706200000,2050.558900000,2062.212500000,6.323200000,2069.599600000,16.640486900,2.403775817,9d728cf55e2c7dceb29741848480d3fa6b735af6c7b260df3057f19a5f197597,1989,5,10,0.500000000,47a4edf522f6cba0cc560c1552b9c8b6f237a14c7cdf0b26bb332d2de596fa71,244fde132fc219519fb4cc6b800c095f2f9ef22d3d7e5aacdc1ca66574cea3d2,true,
Plain_RETF,5,24,2026024,e6-20260713T122808.004988600,5,10,10,8,0.528100000,0.000000000,0.000000000,0.000000000,0.000000000,9.023800000,3.795300000,2049.929200000,2062.748300000,6.323200000,2069.599600000,16.640486900,2.403775817,af3ee83c7cb9fd8b733af58dde85c94c8ccf391d5a76ea46e5e2caebc21d65e0,1989,5,10,0.500000000,90e321e93d1a3f23a33f2393a4502e86d4ab590c9acc1545de910bd78f20ca0c,ae7325fb5285579e9f5e42ab2656c1f893d115de6c14874ba877e9bcfb80aedb,true,
Plain_RETF,5,25,2026025,e6-20260713T122808.004988600,5,10,10,8,0.535800000,0.000000000,0.000000000,0.000000000,0.000000000,7.427600000,4.226000000,2050.558900000,2062.212500000,5.802900000,2068.551200000,16.640486900,2.403775817,96af964e029ff2d3d60136e8edc4aac6c3df35782cfd9470e2a8fe50856998ba,1989,5,10,0.500000000,64e9ba59457264f6d049ace10cea6ffc8390ee73a49d44ed31e0abd4b1f0e00d,c7848645628be8689f4a37af5ea39dd547c5131a1d6457fc1a7b84396e0d3a3e,true,
Plain_RETF,5,26,2026026,e6-20260713T122808.004988600,5,10,10,8,0.535800000,0.000000000,0.000000000,0.000000000,0.000000000,9.027600000,5.245700000,2047.404500000,2061.677800000,6.323200000,2069.071500000,16.640486900,2.403775817,5b900b2e2584b2c9023250f7584593d6b56852737edb2d4281ec31e0a83307a6,1989,5,10,0.500000000,9797ab1aa25ed6cea0e9e008e74ed9954384150112062ea4cd93de9534ff7304,08e57c508c38c6319a0cf57d8dcfba621a93fe1e3e4bca55c51123e07d7f6583,true,
Plain_RETF,5,27,2026027,e6-20260713T122808.004988600,5,10,10,8,0.520300000,0.000000000,0.000000000,0.000000000,0.000000000,10.386900000,2.725700000,2065.809000000,2078.921600000,8.962900000,2088.983500000,16.640486900,2.403775817,2ee4019719c6c204c0153a0ccee517f696f6cea334247a63ca1e004cfbe9a77b,1990,5,10,0.500000000,b67f36345a66d2fbd2d77aa249d64eb3984c7b08277131d6562abc269f9971a1,31ed37f69f5b4876500225f08db13ab80f580b287f4db45a919f1cbe00a2c08e,true,
Plain_RETF,5,28,2026028,e6-20260713T122808.004988600,5,10,10,8,0.578700000,0.000000000,0.000000000,0.000000000,0.000000000,9.840800000,2.725700000,2065.809000000,2078.375500000,8.962900000,2088.463200000,16.640486900,2.403775817,2f53d149b20f3e4abbd2666bea1e5cbc72dd0b1543bbd7bbbeae2eefb2886502,1990,5,10,0.500000000,8fca761cf28bf3de53a7505b3c1ea5b0122b2f85c94e23d7af2958e31fa880ac,dd2d122ff5a3ec7feb77d5dfa64374c482eadb3907868b7316ee7731fae1c46f,true,
Plain_RETF,5,29,2026029,e6-20260713T122808.004988600,5,10,10,8,1.124800000,0.000000000,0.000000000,0.000000000,0.000000000,9.840800000,2.725700000,2065.809000000,2078.375500000,9.502700000,2089.003000000,16.640486900,2.403775817,3821208b6065312213471780af79744791df8b316a48b635be50a0c2fc8996f6,1990,5,10,0.500000000,5e938999d62c5d01be91d08ea25581f0d0d00c8ae5ce401541f9597afa5d9032,817daecce1df4e6e3d6f86340a858a0c7403d55aa5bf7f91e69278947828237a,true,
Plain_RETF,5,30,2026030,e6-20260713T122808.004988600,5,10,10,8,1.124800000,0.000000000,0.000000000,0.000000000,0.000000000,9.285500000,2.725700000,2065.809000000,2077.820200000,8.962900000,2088.463200000,16.640486900,2.403775817,7843374c4825ccead17dae3bda58c85f943e1e6de6c84a1aad1fcb1cb4cead73,1990,5,10,0.500000000,0b699d2f1501dad6ff0d0359a12bf81d5360ae2e96b4ead6e2b4cae9a4a83570,4fa367ea2114e41e9c85e4fd042d5aca0ab8df46d1169af51890f4fe75533544,true,
Plain_RETF,5,31,2026031,e6-20260713T122808.004988600,5,10,10,8,0.528100000,0.000000000,0.000000000,0.000000000,0.000000000,9.562300000,2.721000000,2049.929200000,2062.212500000,6.323200000,2069.599600000,16.640486900,2.403775817,7a6b66bde3c1ea4a31665f5f46acecb70811b5f84424b4d99b66bc2ec8707f91,1989,5,10,0.500000000,8fa256f362c101caba129f106dcbf1d36153f8f9f23bc6f4ee97206109ac1cbf,3fd79e9de41d5716026360bd8f9317e6da81d545772a7d752d5abc4ff1d13d66,true,
Plain_RETF,5,32,2026032,e6-20260713T122808.004988600,5,10,10,8,1.663000000,0.000000000,0.000000000,0.000000000,0.000000000,11.438000000,5.137900000,2055.397500000,2071.973400000,9.336200000,2083.508700000,16.640486900,2.403775817,305c326045971ad1662347a6caae14e8e198b16f07d7b586edbc5ecbf89862aa,1991,5,10,0.500000000,6978b77ec34dffab417a893aed83f76b49c91bdffc5d3e03914e6d76a7da0201,275344e45aaf3af8dc1aa2f9fb46466fab4df52625ac42e8b4a6fb9d0dddcfc6,true,
Plain_RETF,5,33,2026033,e6-20260713T122808.004988600,5,10,10,8,1.663000000,0.000000000,0.000000000,0.000000000,0.000000000,12.584200000,3.991700000,2055.397500000,2071.973400000,8.798300000,2082.970800000,16.640486900,2.403775817,98d59bd2f1a928c26d8faf870e49caddbf78203227551d536f67283047c7b231,1991,5,10,0.500000000,15073183f05a13d8070a61996db1665a4ca23debd7c0da5bfd077d1002cf714b,4e8c6baebe7a019c36606deb6c3ceb4aaa94cc24caba45e802854e1da3837f8c,true,
Plain_RETF,5,34,2026034,e6-20260713T122808.004988600,5,10,10,8,1.663000000,0.000000000,0.000000000,0.000000000,0.000000000,11.438000000,5.137900000,2055.397500000,2071.973400000,8.798300000,2082.970800000,16.640486900,2.403775817,9fe771d0845518699ec1135394ed5b71f125a1ad4252ebca256ef05d6ca52159,1991,5,10,0.500000000,a8a513453a1198e29ef040ab34576f762009dcd70eaf048fbc7b7804e57e3bf6,70e25716fa789191dc5e6704bc683fe1f37e1b5d2637467618a352ac9a2cfd17,true,
Plain_RETF,5,35,2026035,e6-20260713T122808.004988600,5,10,10,8,1.123200000,0.000000000,0.000000000,0.000000000,0.000000000,12.584200000,3.991700000,2055.397500000,2071.973400000,8.798300000,2082.431000000,16.640486900,2.403775817,21edaf7058ebdc7f169eff8da05b77f80f105e89d7e113ed141af44f4f55c3f9,1991,5,10,0.500000000,24e87a487315cf6739f1aabf237381baa8edd7cb1061a109088ee9ca560d16fe,97019b21704c8e9cd87d5203f2da9562363c3e2ca8ebd47bb732939a3b105b31,true,
Plain_RETF,5,36,2026036,e6-20260713T122808.004988600,5,10,10,8,0.578700000,0.000000000,0.000000000,0.000000000,0.000000000,9.840800000,2.725700000,2065.809000000,2078.375500000,9.502700000,2089.537400000,16.640486900,2.403775817,68339eb08f247becee7d5d610a1beb8209d1dc0f943b3ce421f591665d733159,1990,5,10,0.500000000,7fbfee52b2d95c4f487aa1c91e50834fee3c3dcc5979e9d2c7bedf0992c100d2,f36714c239f74f28797ea3d07b35e1d7c5b6d10d37dfe5c624dcb5bf9a627fb2,true,
Plain_RETF,5,37,2026037,e6-20260713T122808.004988600,5,10,10,8,1.595000000,0.000000000,0.000000000,0.000000000,0.000000000,9.725400000,2.650500000,2053.704700000,2066.080600000,7.346400000,2075.546500000,16.640486900,2.403775817,e4726e0f595ba46c8294f1693933dfc27fb7cff078674b9bc1b0aaf806f020e9,1995,5,10,0.500000000,d6cebd1a2c5a7a971f56e2b709d28bbeaeb2a37370abea7f98c2cfe3126f2dc6,e45db30c963defd8ff2ed149296af0677df8e478dab09936fd700cca40ddd353,true,
Plain_RETF,5,38,2026038,e6-20260713T122808.004988600,5,10,10,8,1.595000000,0.000000000,0.000000000,0.000000000,0.000000000,10.249900000,2.650500000,2053.704700000,2066.605100000,6.159200000,2074.359300000,16.640486900,2.403775817,608a83442f2aca5ee9afd48aedd7494fb5c8cdf41519a05dfea401e52cb41b56,1995,5,10,0.500000000,e43be5d676696d2e34d4c779814af6144a74b2ef693b0b87056a14ab3ebf432e,d264250c64dc5ccf17d151ab12da5b0dd48744013090b057723ab70d482ac94e,true,
Plain_RETF,5,39,2026039,e6-20260713T122808.004988600,5,10,10,8,1.069800000,0.000000000,0.000000000,0.000000000,0.000000000,10.249900000,2.650500000,2053.704700000,2066.605100000,7.346400000,2075.546500000,16.640486900,2.403775817,38fd888796366db03a18e9dcb1d9d20a99f2f74b4c0f2b6852d2ca3bded238e4,1995,5,10,0.500000000,9eecdd7bd31670dda09d87d093b6141b825c814ce192e395bae3a7ed39732c05,730def45c8c9a2e227cc114e8c65e520bc6698b6030364ab44a150c769d754ec,true,
Plain_RETF,5,40,2026040,e6-20260713T122808.004988600,5,10,10,8,1.177500000,0.000000000,0.000000000,0.000000000,0.529100000,10.847700000,4.375400000,2053.955200000,2069.707400000,6.543400000,2078.482700000,16.640486900,2.403775817,3f67f22ac52d8dc1f2d0fbbeb4944dd17ac6090e7b09db6a1e997d65346ff7bf,1988,5,10,0.500000000,752ad3b60c8dfd4c8d2b5506836b01536db4d949e432a461e9202a63fed33a24,ef7ec49b823cdeed7eb6dbe6176b4ce5ced1bfefc5391700f970b7edc613a953,true,
Plain_RETF,1,1,2026001,e6-20260713T122808.004988600,5,10,10,8,0.000000000,0.000000000,0.000000000,0.000000000,0.000000000,5.792500000,3.890500000,2050.892600000,2060.575600000,6.389500000,2067.479200000,82.530941300,0.484666713,979c7d1e1cec8e6b09da7c5f2235bd9ad0413e90edeaefeb4bab63ec3388e4b8,2003,1,10,0.100000000,a68e12a5a2c3220019daad759a73cddda82e111073d702e90185a7461a10b9ba,915424028cd73bbb3945e8d6d3f2373da7874b91db6e3a63051fe0720ffc5394,true,
Plain_RETF,1,2,2026002,e6-20260713T122808.004988600,5,10,10,8,1.025900000,0.000000000,0.000000000,0.000000000,0.544300000,6.391700000,2.678200000,2042.600100000,2052.214300000,5.271900000,2059.039900000,82.530941300,0.484666713,0f1e04e29c38d4fd1d851f170c42328dfbd6c29c6cde3a386aa9e884cf0353d1,2002,1,10,0.100000000,1cc68a23718444db9b3bcbe5d11f894084be4243ca8aec68123bf7180fc1219b,a1918b43614d94781913ca5d0c82477c6e44bc929ca1d13bd6355d9bbc4074c4,true,
Plain_RETF,1,3,2026003,e6-20260713T122808.004988600,5,10,10,8,0.511300000,0.000000000,0.000000000,0.000000000,0.000000000,6.849900000,3.187100000,2048.232800000,2058.269800000,7.208100000,2065.989200000,82.530941300,0.484666713,66b338a1936918145515d207f387bafc2878807426e8425357b25eda17bf19b0,2018,1,10,0.100000000,0d5100080af61a9dff90e107f0f4ff34f819a4db6018ae3035fe35a5cb9b2935,48dde755c003ffc35042c7a3f3d0e7698b60605c9123e39323ff396346e638e7,true,
Plain_RETF,1,4,2026004,e6-20260713T122808.004988600,5,10,10,8,0.528600000,0.000000000,0.000000000,0.000000000,0.000000000,7.104200000,2.610600000,2048.874600000,2058.589400000,6.779200000,2066.435000000,82.530941300,0.484666713,8c4b776cc3d9fefebfdcf84c06e6c9c8a41f1a745f7c7985329646e74426cd27,2001,1,10,0.100000000,7dc8d69683f40c96c147bf745427edca49e897a81143dbad0544ae2425f6d7a3,59513103e364765dbba33d470ebcb65eaa1f336f79258808c34794f922f4596f,true,
Plain_RETF,1,5,2026005,e6-20260713T122808.004988600,5,10,10,8,0.000000000,0.000000000,0.000000000,0.000000000,0.000000000,6.965400000,3.726400000,2040.685500000,2051.377300000,5.966900000,2057.874000000,82.530941300,0.484666713,b2f7627488a1b2f698b828e80cd1befee0a1805161374582bb3ae7d4ea35a82e,2005,1,10,0.100000000,2f2f3106be9d65843d155e9aa33e554ea100ee1dbc74b82f903cdd44388d24c6,f4ffa8692156c07fe4a945b1a8d181357cf8d9de21d8f1fffd8f6dd1f35448c6,true,
Plain_RETF,1,6,2026006,e6-20260713T122808.004988600,5,10,10,8,0.000000000,0.000000000,0.000000000,0.000000000,0.000000000,8.098900000,2.670200000,2042.714500000,2053.483600000,5.945900000,2059.957400000,82.530941300,0.484666713,bebe62ff0f88da94c8ce135225dca15c4578beee267f0c9a1e807e1cf4d64756,2006,1,10,0.100000000,ff39cb867e1e2b9a35f94401e67845e09bc3de10c4cae21ae8193185bbfb8740,d4323103de0cae257ab7409eddfa6d784c20808a6fad9db9064bc4117b4faca5,true,
Plain_RETF,1,7,2026007,e6-20260713T122808.004988600,5,10,10,8,0.519000000,0.000000000,0.000000000,0.000000000,0.000000000,7.998800000,2.101000000,2042.660900000,2052.760700000,5.814200000,2059.093900000,82.530941300,0.484666713,a0e6f1eea3ab6bb0dbc9c0df4d90342dc6e8fecbfa51fb0953cff2b8a9690087,2007,1,10,0.100000000,75e0b36c40a47a0feef1e65aae7118a61470d6b39553d34250d9e96c46046b42,dfc704ec7a6df3158fe2f0029319ab8afd2bd6e1052b7e36d706f516752f66f4,true,
Plain_RETF,1,8,2026008,e6-20260713T122808.004988600,5,10,10,8,0.533800000,0.000000000,0.000000000,0.000000000,0.000000000,7.554500000,2.140900000,2041.792300000,2051.487700000,5.286400000,2057.818200000,82.530941300,0.484666713,663f7a151052c34d356131b07a366099772944b0c75ed3094eeec9b77e6b3431,2008,1,10,0.100000000,c7421138ad62a3bf721bd045c46ae2a9d4781500120e40084992ee0784e5a025,645fce1d4f7cc315e8dd8fa65477b18ee93da741f5d247bde4ce5ac72e54221b,true,
Plain_RETF,1,9,2026009,e6-20260713T122808.004988600,5,10,10,8,0.513900000,0.000000000,0.000000000,0.000000000,0.000000000,6.896800000,2.721100000,2047.817600000,2057.435500000,5.077800000,2063.027200000,82.530941300,0.484666713,c1e64ecdec105f48c757a3896e9cb24c4323d09c454776698e6c941973d89127,2009,1,10,0.100000000,624dee71e7d83e8174240f3abd39fae6af1aff50e847e71f674c161ad19b4385,904c242c7feaf1bdb23018d703ccee4577dc58dd575a0cef4c72517c07c1ff5d,true,
Plain_RETF,1,10,2026010,e6-20260713T122808.004988600,5,10,10,8,0.512900000,0.000000000,0.000000000,0.000000000,0.534500000,6.851200000,3.183900000,2048.455000000,2059.024600000,5.896500000,2065.434000000,82.530941300,0.484666713,2e89c84acbb852e437840d6315cce8fa784529d06bb7884640abe4d904f1df56,2010,1,10,0.100000000,0467d306dc28fc5c77a8d122cea50ddad20261103d41f90ffe42c72df3f8b393,c2d00d789aaa52ee3d0632459fbb6b3be86f2e607f3c497e74d1471adeff8411,true,
Plain_RETF,1,11,2026011,e6-20260713T122808.004988600,5,10,10,8,0.526000000,0.000000000,0.000000000,0.000000000,0.000000000,6.933000000,3.798500000,2048.944400000,2059.675900000,6.322100000,2067.054900000,82.530941300,0.484666713,df2d48d59c0a718a301ec37cb48bf271f27cc93b85128c9f755368a4073d89e3,2004,1,10,0.100000000,af99285a46f2de40259eda72e30a255ccd487e5dcc5de2ca0d3c23d55f6ecf18,9373828dad33524a558951d536203b9ec6a0a76ac66682657e3191efeabdcff1,true,
Plain_RETF,1,12,2026012,e6-20260713T122808.004988600,5,10,10,8,0.000000000,0.000000000,0.000000000,0.000000000,0.000000000,6.950000000,2.128800000,2071.435200000,2080.514000000,9.651500000,2090.687800000,82.530941300,0.484666713,e4a26417bc273f4fd9eb4e9f4248ac1532cc1d42ce9a367d7151a26ed12272f8,2012,1,10,0.100000000,ae90fdde97d8e1d9f7468ccf8dfbedd30ab0198052f5a998355d8a26f06f3660,48cd659b73b5f22ad5dc658c6b151ef715dd4026df266502ae131cecec3c4a3b,true,
Plain_RETF,1,13,2026013,e6-20260713T122808.004988600,5,10,10,8,0.525100000,0.000000000,0.000000000,0.000000000,0.000000000,8.568300000,3.769400000,2042.010600000,2054.348300000,5.798300000,2061.195500000,82.530941300,0.484666713,c8ee8cf40ccaac8597b5688d180fe194a3d1b0636612ace060633c06225f5c15,2013,1,10,0.100000000,a20371d302fb831d287dd5a6b318cf3e584295fbc9de4172cdcc9f2e8a8f8879,24f3dcf79848dd55f068ebc48e31b4ad3ce4c511c27e960caf087e7ad3db9eed,true,
Plain_RETF,1,14,2026014,e6-20260713T122808.004988600,5,10,10,8,0.523500000,0.000000000,0.000000000,0.000000000,0.000000000,6.453400000,2.702700000,2047.835800000,2056.991900000,5.883000000,2063.398400000,82.530941300,0.484666713,f18e69122132f89036f0fee1c8a9b3d208a94d82f45d5e225c4ff21419d9a426,2014,1,10,0.100000000,17cca03d1762a9be1eaa9c2b6912288c99f6bdfa85a0876d49109650d2129e61,353c140a88057c066f98826f47662084cf960c0a24b9a0b4d4bcd1f95fd8fa3a,true,
Plain_RETF,1,15,2026015,e6-20260713T122808.004988600,5,10,10,8,0.527000000,0.000000000,0.000000000,0.000000000,0.000000000,6.820900000,1.654200000,2050.028600000,2058.503700000,6.838100000,2065.868800000,82.530941300,0.484666713,def47cfe2cfd97e9e63e13e45c5664a93f4b326cd3f31865c2ce0b3048008130,2011,1,10,0.100000000,ce83af01f011471f5496c04ea3eb429c6c0e0d03170061a1d64874c8aa444751,37361911c1eb3a2f96205725fa27f850219835de5798ecf3c08852ee262ff110,true,
Plain_RETF,1,16,2026016,e6-20260713T122808.004988600,5,10,10,8,0.000000000,0.000000000,0.000000000,0.000000000,0.000000000,6.912000000,3.311800000,2048.459700000,2058.683500000,6.729200000,2065.946600000,82.530941300,0.484666713,0b27e5332d5696076f4ab519d4d0fea017a5dfcb3e5285cf3b807943a1170148,2016,1,10,0.100000000,13416acc50f8feecfc06c2291fa3e12c310afb2360c4a601e4e9357c6d95d389,cb5ee8fc66d019b3b7c1f6b42b1c434c523514e8eef3507a718a672f1d137424,true,
Plain_RETF,1,17,2026017,e6-20260713T122808.004988600,5,10,10,8,0.522000000,0.000000000,0.000000000,0.000000000,0.000000000,7.469400000,2.127400000,2045.406200000,2055.003000000,5.329200000,2060.854200000,82.530941300,0.484666713,f7a85049821adf1d240b638922abba202d6e0535f6fc2ced5defa9a6e457f637,2015,1,10,0.100000000,e6d78ce468a82bbfaad8e862d935c901fec2891f68c913e7df9e7a18343a5660,c416b7d68173f4925ba6712903b379415894a682acc5a69fcd5f8dcc011cce20,true,
Plain_RETF,1,18,2026018,e6-20260713T122808.004988600,5,10,10,8,0.527200000,0.000000000,0.000000000,0.000000000,0.000000000,7.478200000,2.699500000,2043.166000000,2053.343700000,6.006500000,2060.408700000,82.530941300,0.484666713,600e6d55e295dbefef478998076ac83113bb5d5579731b79ac78c106a287c1f6,2020,1,10,0.100000000,294bd829623974e0206edc717d0de205dc360f898406c99ce6c23f742b15288f,7f8191e0ca30672181ff752091fc654240874ee9d759ad9993740c99bb4067b4,true,
Plain_RETF,1,19,2026019,e6-20260713T122808.004988600,5,10,10,8,0.000000000,0.000000000,0.000000000,0.000000000,0.000000000,6.832400000,2.103800000,2045.251300000,2054.187500000,5.351100000,2060.063900000,82.530941300,0.484666713,b175661b3dffb0547e114d77fc8e8c8fb4f81f3304944defe01a5431696253a3,2017,1,10,0.100000000,5b3d5672030c5d48e554ea36fc2460d1b0c31d6fa468089b17292e7fd48a921a,1b47e04f4ea8575b39416b5f264a3c985509d93982f98557664eadb0b8021521,true,
Plain_RETF,1,20,2026020,e6-20260713T122808.004988600,5,10,10,8,0.000000000,0.000000000,0.000000000,0.000000000,0.000000000,6.889700000,4.333700000,2041.111300000,2052.334700000,5.713000000,2058.579500000,82.530941300,0.484666713,c01e09f62d4f123f136b1f57d875e26a461d32b6c9b5b1d8d17799c518a9b7ec,2019,1,10,0.100000000,e8ee71a55d1985dd0959d1f1c9fd7e85951d78c5db0e2afc188cff727ba902df,e74508da0384f2a31f934a9b733f3a7863416b34e7db6fcd462bce9027ba1570,true,
Plain_RETF,1,21,2026021,e6-20260713T122808.004988600,5,10,10,8,0.534100000,0.000000000,0.000000000,0.000000000,0.000000000,5.823900000,2.709100000,2042.718200000,2051.251200000,4.808100000,2056.593400000,82.530941300,0.484666713,03a95851e25264e11b083610340e0e6312e3d5f0a0a8af816e2e0209f9778d87,2021,1,10,0.100000000,a5c3345f17e36dad6c6da93c2c3cab8187c5d53c26aae251fd5eda4d90593c8b,7ca4b71d6891c5405e7c3312471cfe2324ff5b4c48b91b9cf329b769b025e849,true,
Plain_RETF,1,22,2026022,e6-20260713T122808.004988600,5,10,10,8,0.521500000,0.000000000,0.000000000,0.000000000,0.000000000,7.358100000,2.643800000,2049.393300000,2059.395200000,5.302900000,2065.219600000,82.530941300,0.484666713,87a740a96231ad237f03a9b19d897a15f54e81618e87ac52b3b09d46d21dfbc7,2022,1,10,0.100000000,984f834c82f5a149f0d846bf4e48ff93634f779c0e4f7fbf54b9a5671db37add,41a6c5a8bba0b74ad7ccd2cc011081ababa2e503c8218112cdfbdb0d71898144,true,
Plain_RETF,1,23,2026023,e6-20260713T122808.004988600,5,10,10,8,0.528600000,0.000000000,0.000000000,0.000000000,0.000000000,6.967900000,2.617800000,2041.374800000,2050.960500000,6.048100000,2057.537200000,82.530941300,0.484666713,ef3619a7c6b962ef59be1b64874aeeb4c1257bf862319a07c0b0a591a98b737c,2023,1,10,0.100000000,47a4edf522f6cba0cc560c1552b9c8b6f237a14c7cdf0b26bb332d2de596fa71,244fde132fc219519fb4cc6b800c095f2f9ef22d3d7e5aacdc1ca66574cea3d2,true,
Plain_RETF,1,24,2026024,e6-20260713T122808.004988600,5,10,10,8,1.056700000,0.000000000,0.000000000,0.000000000,0.523800000,7.418300000,2.868800000,2042.726100000,2053.537000000,5.753500000,2060.347200000,82.530941300,0.484666713,3f163bca4041ca87d9ab4f78d7821b5c26e5bc9deda5a448cc4e57a0af49467e,2024,1,10,0.100000000,90e321e93d1a3f23a33f2393a4502e86d4ab590c9acc1545de910bd78f20ca0c,ae7325fb5285579e9f5e42ab2656c1f893d115de6c14874ba877e9bcfb80aedb,true,
Plain_RETF,1,25,2026025,e6-20260713T122808.004988600,5,10,10,8,0.529600000,0.000000000,0.000000000,0.000000000,0.000000000,6.359900000,3.463200000,2040.675900000,2050.499000000,5.267400000,2056.296000000,82.530941300,0.484666713,179ffc3f18b188ef2ff0283a15a536ac8c453299ad4203089400c872c2c31591,2025,1,10,0.100000000,64e9ba59457264f6d049ace10cea6ffc8390ee73a49d44ed31e0abd4b1f0e00d,c7848645628be8689f4a37af5ea39dd547c5131a1d6457fc1a7b84396e0d3a3e,true,
Plain_RETF,1,26,2026026,e6-20260713T122808.004988600,5,10,10,8,0.522500000,0.000000000,0.000000000,0.000000000,0.000000000,7.018300000,3.186900000,2051.164600000,2061.369800000,5.812700000,2067.705000000,82.530941300,0.484666713,dd6d72ad66521e18b5e7d62a12db3f100e081321198c2dd885e6ec080d61339a,2026,1,10,0.100000000,9797ab1aa25ed6cea0e9e008e74ed9954384150112062ea4cd93de9534ff7304,08e57c508c38c6319a0cf57d8dcfba621a93fe1e3e4bca55c51123e07d7f6583,true,
Plain_RETF,1,27,2026027,e6-20260713T122808.004988600,5,10,10,8,0.000000000,0.000000000,0.000000000,0.000000000,0.000000000,6.437300000,2.118000000,2043.977100000,2052.532400000,4.745000000,2057.798600000,82.530941300,0.484666713,e4ecd136e94996ad056af75258d8b0a8b5315c24eda1c8a0663284d341973a2b,2027,1,10,0.100000000,b67f36345a66d2fbd2d77aa249d64eb3984c7b08277131d6562abc269f9971a1,31ed37f69f5b4876500225f08db13ab80f580b287f4db45a919f1cbe00a2c08e,true,
Plain_RETF,1,28,2026028,e6-20260713T122808.004988600,5,10,10,8,0.527700000,0.000000000,0.000000000,0.000000000,0.000000000,8.062500000,2.684700000,2054.684300000,2065.431500000,5.812300000,2071.771500000,82.530941300,0.484666713,657edea8ed68455c82edb0a549f0c4f218c9e18d595e3ffc069e2a6d411636be,2028,1,10,0.100000000,8fca761cf28bf3de53a7505b3c1ea5b0122b2f85c94e23d7af2958e31fa880ac,dd2d122ff5a3ec7feb77d5dfa64374c482eadb3907868b7316ee7731fae1c46f,true,
Plain_RETF,1,29,2026029,e6-20260713T122808.004988600,5,10,10,8,0.523100000,0.000000000,0.000000000,0.000000000,0.000000000,11.247200000,3.197000000,2041.410400000,2055.854600000,5.404000000,2061.781700000,82.530941300,0.484666713,2ee384a6ad2bddddbe16f220687f98e16fe9a231d7e704532a2ecfa745dbddc5,2029,1,10,0.100000000,5e938999d62c5d01be91d08ea25581f0d0d00c8ae5ce401541f9597afa5d9032,817daecce1df4e6e3d6f86340a858a0c7403d55aa5bf7f91e69278947828237a,true,
Plain_RETF,1,30,2026030,e6-20260713T122808.004988600,5,10,10,8,0.524100000,0.000000000,0.000000000,0.000000000,0.000000000,6.370700000,3.154600000,2040.092200000,2049.617500000,6.505300000,2056.646900000,82.530941300,0.484666713,ce3b4e2c099ce6fc00e9854c185af820281fc40d289ae5b5b4702d8bcc19b5f9,2030,1,10,0.100000000,0b699d2f1501dad6ff0d0359a12bf81d5360ae2e96b4ead6e2b4cae9a4a83570,4fa367ea2114e41e9c85e4fd042d5aca0ab8df46d1169af51890f4fe75533544,true,
Plain_RETF,1,31,2026031,e6-20260713T122808.004988600,5,10,10,8,0.531600000,0.000000000,0.000000000,0.000000000,0.000000000,8.000600000,2.123200000,2044.002400000,2054.126200000,6.310000000,2060.967800000,82.530941300,0.484666713,329db4a746a495f7b08d65ac66f55378cac66c01e361dae019912b73845f0025,2031,1,10,0.100000000,8fa256f362c101caba129f106dcbf1d36153f8f9f23bc6f4ee97206109ac1cbf,3fd79e9de41d5716026360bd8f9317e6da81d545772a7d752d5abc4ff1d13d66,true,
Plain_RETF,1,32,2026032,e6-20260713T122808.004988600,5,10,10,8,0.529700000,0.000000000,0.000000000,0.000000000,0.000000000,7.379100000,3.292900000,2047.332600000,2058.004600000,6.040300000,2065.105700000,82.530941300,0.484666713,9c5e70ac04bab2cf7d7f6f4ae6d34c48a0614b7bb8d3a998e1cd3ec452ecd0f3,2032,1,10,0.100000000,6978b77ec34dffab417a893aed83f76b49c91bdffc5d3e03914e6d76a7da0201,275344e45aaf3af8dc1aa2f9fb46466fab4df52625ac42e8b4a6fb9d0dddcfc6,true,
Plain_RETF,1,33,2026033,e6-20260713T122808.004988600,5,10,10,8,0.512800000,0.000000000,0.000000000,0.000000000,0.000000000,6.431800000,2.170200000,2044.435300000,2053.037300000,5.236200000,2058.786300000,82.530941300,0.484666713,bcb733b4bec2348135fe917bdf800591df782e0b27570fa6710022ef7911ba6b,2033,1,10,0.100000000,15073183f05a13d8070a61996db1665a4ca23debd7c0da5bfd077d1002cf714b,4e8c6baebe7a019c36606deb6c3ceb4aaa94cc24caba45e802854e1da3837f8c,true,
Plain_RETF,1,34,2026034,e6-20260713T122808.004988600,5,10,10,8,0.524500000,0.000000000,0.000000000,0.000000000,0.000000000,7.521100000,4.302700000,2040.081800000,2051.905600000,5.464200000,2057.894300000,82.530941300,0.484666713,ce461afd938ae8208f55cd6f62ae56246a0dea7d95bc560c2f0197a522daf215,2034,1,10,0.100000000,a8a513453a1198e29ef040ab34576f762009dcd70eaf048fbc7b7804e57e3bf6,70e25716fa789191dc5e6704bc683fe1f37e1b5d2637467618a352ac9a2cfd17,true,
Plain_RETF,1,35,2026035,e6-20260713T122808.004988600,5,10,10,8,0.529400000,0.000000000,0.000000000,0.000000000,0.532600000,7.730600000,2.102900000,2043.227300000,2053.593400000,6.301000000,2060.423800000,82.530941300,0.484666713,4c25d44476b8eecf031bfee50b08c89006dec8431f3fb92f3d1fefea8defc50c,2035,1,10,0.100000000,24e87a487315cf6739f1aabf237381baa8edd7cb1061a109088ee9ca560d16fe,97019b21704c8e9cd87d5203f2da9562363c3e2ca8ebd47bb732939a3b105b31,true,
Plain_RETF,1,36,2026036,e6-20260713T122808.004988600,5,10,10,8,0.000000000,0.000000000,0.000000000,0.000000000,0.000000000,6.917300000,3.150900000,2044.692900000,2054.761100000,6.818400000,2062.181800000,82.530941300,0.484666713,c60dc330a6b93ed8646aedd3cadf40170da766957eaa2e9c9a5592feb1d9aa41,2036,1,10,0.100000000,7fbfee52b2d95c4f487aa1c91e50834fee3c3dcc5979e9d2c7bedf0992c100d2,f36714c239f74f28797ea3d07b35e1d7c5b6d10d37dfe5c624dcb5bf9a627fb2,true,
Plain_RETF,1,37,2026037,e6-20260713T122808.004988600,5,10,10,8,2.141300000,0.000000000,0.000000000,0.000000000,0.000000000,9.883600000,3.879200000,2047.762300000,2061.525100000,6.967500000,2070.633900000,82.530941300,0.484666713,7547cfc13a597cf09f8784c1914bf9fec7ffc88cbf2e1239d21d7d9dcbd9d3c0,2037,1,10,0.100000000,d6cebd1a2c5a7a971f56e2b709d28bbeaeb2a37370abea7f98c2cfe3126f2dc6,e45db30c963defd8ff2ed149296af0677df8e478dab09936fd700cca40ddd353,true,
Plain_RETF,1,38,2026038,e6-20260713T122808.004988600,5,10,10,8,0.533200000,0.000000000,0.000000000,0.000000000,0.000000000,8.490700000,2.686100000,2053.390600000,2064.567400000,6.518400000,2071.619000000,82.530941300,0.484666713,81418fb2cb6a7d2f7699bb75f2d1f3466914e5c220665185c1a7d9bbb2930170,2039,1,10,0.100000000,e43be5d676696d2e34d4c779814af6144a74b2ef693b0b87056a14ab3ebf432e,d264250c64dc5ccf17d151ab12da5b0dd48744013090b057723ab70d482ac94e,true,
Plain_RETF,1,39,2026039,e6-20260713T122808.004988600,5,10,10,8,1.211300000,0.000000000,0.000000000,0.000000000,0.000000000,9.719700000,2.597000000,2049.996000000,2062.312700000,6.969600000,2071.039900000,82.530941300,0.484666713,8c79313d6b24b752872b2e6c2506ae371659831f5fec3d5f1747a57a45aa7ac7,2040,1,10,0.100000000,9eecdd7bd31670dda09d87d093b6141b825c814ce192e395bae3a7ed39732c05,730def45c8c9a2e227cc114e8c65e520bc6698b6030364ab44a150c769d754ec,true,
Plain_RETF,1,40,2026040,e6-20260713T122808.004988600,5,10,10,8,1.078100000,0.000000000,0.000000000,0.000000000,0.000000000,9.142300000,2.491700000,2044.776700000,2056.410700000,5.300000000,2062.788800000,82.530941300,0.484666713,18b67873edcfb50c411ec17e05635e40aaa25e624b3146d11959cbb044cc6bd5,2038,1,10,0.100000000,752ad3b60c8dfd4c8d2b5506836b01536db4d949e432a461e9202a63fed33a24,ef7ec49b823cdeed7eb6dbe6176b4ce5ced1bfefc5391700f970b7edc613a953,true,
Plain_RETF,20,1,2026001,e6-20260713T122808.004988600,5,10,10,8,3.181400000,0.000000000,0.000000000,0.000000000,0.000000000,18.032600000,9.747200000,173.578500000,201.358300000,15.503500000,220.577600000,0.411936500,97.102344657,f6146d5516b9b36d7c9cb3269faa639f4fe19e82c7c4f9ccfe303d068dee6e71,2043,10,10,1.000000000,a68e12a5a2c3220019daad759a73cddda82e111073d702e90185a7461a10b9ba,915424028cd73bbb3945e8d6d3f2373da7874b91db6e3a63051fe0720ffc5394,true,
Plain_RETF,20,2,2026002,e6-20260713T122808.004988600,5,10,10,8,2.790500000,0.000000000,0.000000000,0.000000000,0.533100000,18.565300000,7.558400000,104.850800000,131.507600000,21.306000000,155.604100000,0.411936500,97.102344657,52b97a9ad97aa8c3cff48cf95b73a70072a9b4108083546591ca3fe96e54fc72,2042,10,10,1.000000000,1cc68a23718444db9b3bcbe5d11f894084be4243ca8aec68123bf7180fc1219b,a1918b43614d94781913ca5d0c82477c6e44bc929ca1d13bd6355d9bbc4074c4,true,
Plain_RETF,20,3,2026003,e6-20260713T122808.004988600,5,10,10,8,1.054000000,0.000000000,0.000000000,0.000000000,0.000000000,67.809300000,10.446800000,93.794600000,172.050700000,19.272200000,192.376900000,0.411936500,97.102344657,a6ccdf6a186e1c8f5e917eecbc24b15f59a6ca7ed273cf76ea23633f7b227325,2044,10,10,1.000000000,0d5100080af61a9dff90e107f0f4ff34f819a4db6018ae3035fe35a5cb9b2935,48dde755c003ffc35042c7a3f3d0e7698b60605c9123e39323ff396346e638e7,true,
Plain_RETF,20,4,2026004,e6-20260713T122808.004988600,5,10,10,8,1.748300000,0.000000000,0.000000000,0.000000000,1.044600000,20.249300000,8.060500000,103.197800000,132.552200000,17.471800000,152.302500000,0.411936500,97.102344657,c2bbfcf999db151a8dbeba1648f41d9ff8a4d4330a8e5c428c6348e2628dda6f,2042,10,10,1.000000000,7dc8d69683f40c96c147bf745427edca49e897a81143dbad0544ae2425f6d7a3,59513103e364765dbba33d470ebcb65eaa1f336f79258808c34794f922f4596f,true,
Plain_RETF,20,5,2026005,e6-20260713T122808.004988600,5,10,10,8,1.745900000,0.000000000,0.000000000,0.000000000,0.000000000,19.622000000,5.858400000,107.088600000,132.569000000,19.714200000,154.550100000,0.411936500,97.102344657,782bc20d6cd37cc376516886dca23954493079ce17e6debb667cf32d2dc15b13,2042,10,10,1.000000000,2f2f3106be9d65843d155e9aa33e554ea100ee1dbc74b82f903cdd44388d24c6,f4ffa8692156c07fe4a945b1a8d181357cf8d9de21d8f1fffd8f6dd1f35448c6,true,
Plain_RETF,20,6,2026006,e6-20260713T122808.004988600,5,10,10,8,1.748300000,0.000000000,0.000000000,0.000000000,0.000000000,20.159900000,7.020500000,105.388600000,132.569000000,15.396500000,150.765000000,0.411936500,97.102344657,c240547ccbe20dfad5a699925c483f597ca8510d438fa0724aa1dffb513c6ed4,2042,10,10,1.000000000,ff39cb867e1e2b9a35f94401e67845e09bc3de10c4cae21ae8193185bbfb8740,d4323103de0cae257ab7409eddfa6d784c20808a6fad9db9064bc4117b4faca5,true,
Plain_RETF,20,7,2026007,e6-20260713T122808.004988600,5,10,10,8,3.323600000,0.000000000,0.000000000,0.000000000,0.536200000,23.887500000,4.426700000,173.578500000,202.428900000,21.647400000,227.399900000,0.411936500,97.102344657,b9a14e943054161953770097ff89ef700fe1ad7224fe82d0ad9ff71ca5a1d76e,2043,10,10,1.000000000,75e0b36c40a47a0feef1e65aae7118a61470d6b39553d34250d9e96c46046b42,dfc704ec7a6df3158fe2f0029319ab8afd2bd6e1052b7e36d706f516752f66f4,true,
Plain_RETF,20,8,2026008,e6-20260713T122808.004988600,5,10,10,8,2.278500000,0.000000000,0.000000000,0.000000000,0.000000000,19.098400000,7.031600000,105.377600000,131.507600000,15.934300000,150.765000000,0.411936500,97.102344657,55369008ffac2a211f0906f1194f6bc0125a803f403c75e62cf8a1e57c9e7ebb,2042,10,10,1.000000000,c7421138ad62a3bf721bd045c46ae2a9d4781500120e40084992ee0784e5a025,645fce1d4f7cc315e8dd8fa65477b18ee93da741f5d247bde4ce5ac72e54221b,true,
Plain_RETF,20,9,2026009,e6-20260713T122808.004988600,5,10,10,8,1.588500000,0.000000000,0.000000000,0.000000000,0.533100000,19.103200000,5.320500000,106.550800000,131.507600000,20.252000000,153.871700000,0.411936500,97.102344657,33407d0e5cf4b2a0b22e9c163a1134c7f9caf1a24aebb76dcc1c4caaa306a744,2042,10,10,1.000000000,624dee71e7d83e8174240f3abd39fae6af1aff50e847e71f674c161ad19b4385,904c242c7feaf1bdb23018d703ccee4577dc58dd575a0cef4c72517c07c1ff5d,true,
Plain_RETF,20,10,2026010,e6-20260713T122808.004988600,5,10,10,8,1.054000000,0.000000000,0.000000000,0.000000000,0.601600000,58.231100000,8.449900000,104.241400000,171.524000000,16.022900000,189.127600000,0.411936500,97.102344657,af7c7766479c90a1d3ede42ed8c6541631158bc10b397e05594f5ad595f5aba5,2044,10,10,1.000000000,0467d306dc28fc5c77a8d122cea50ddad20261103d41f90ffe42c72df3f8b393,c2d00d789aaa52ee3d0632459fbb6b3be86f2e607f3c497e74d1471adeff8411,true,
Plain_RETF,20,11,2026011,e6-20260713T122808.004988600,5,10,10,8,2.184900000,0.000000000,0.000000000,0.000000000,0.000000000,56.647800000,8.449900000,104.241400000,169.339100000,16.022900000,187.546900000,0.411936500,97.102344657,73237cd89f7cb1621fb839e60188b6a86e1fc449ff4aeae5726b7181f985ca60,2044,10,10,1.000000000,af99285a46f2de40259eda72e30a255ccd487e5dcc5de2ca0d3c23d55f6ecf18,9373828dad33524a558951d536203b9ec6a0a76ac66682657e3191efeabdcff1,true,
Plain_RETF,20,12,2026012,e6-20260713T122808.004988600,5,10,10,8,2.112100000,0.000000000,0.000000000,0.000000000,0.000000000,22.819900000,5.811800000,172.193400000,200.825100000,11.725700000,216.799800000,0.411936500,97.102344657,15648ef9f6aab45360e31d7221812b080b8b1096ed251db73c5e25db3e22792b,2043,10,10,1.000000000,ae90fdde97d8e1d9f7468ccf8dfbedd30ab0198052f5a998355d8a26f06f3660,48cd659b73b5f22ad5dc658c6b151ef715dd4026df266502ae131cecec3c4a3b,true,
Plain_RETF,20,13,2026013,e6-20260713T122808.004988600,5,10,10,8,4.249000000,0.000000000,0.000000000,0.000000000,0.000000000,25.077100000,7.899600000,167.848400000,200.825100000,17.135600000,222.735000000,0.411936500,97.102344657,bfe8c1292bb0d7890812045a2f8937dad7dea1cc4f57546869880548a74e77b7,2043,10,10,1.000000000,a20371d302fb831d287dd5a6b318cf3e584295fbc9de4172cdcc9f2e8a8f8879,24f3dcf79848dd55f068ebc48e31b4ad3ce4c511c27e960caf087e7ad3db9eed,true,
Plain_RETF,20,14,2026014,e6-20260713T122808.004988600,5,10,10,8,1.054000000,0.000000000,0.000000000,0.000000000,0.000000000,71.269100000,6.460300000,93.794600000,171.524000000,16.022900000,189.127600000,0.411936500,97.102344657,7aad6cabd2fc8b262b1095aebec82dd3dd697e7982f431f5929123a94f98e543,2044,10,10,1.000000000,17cca03d1762a9be1eaa9c2b6912288c99f6bdfa85a0876d49109650d2129e61,353c140a88057c066f98826f47662084cf960c0a24b9a0b4d4bcd1f95fd8fa3a,true,
Plain_RETF,20,15,2026015,e6-20260713T122808.004988600,5,10,10,8,1.106400000,0.000000000,0.000000000,0.000000000,0.000000000,18.836900000,4.400200000,154.558200000,177.795300000,10.197400000,189.099100000,0.411936500,97.102344657,574ac9030dae2e9c4085c2f21a11bb73c42fe4a1d85ebd9a7023df25c1669977,2045,10,10,1.000000000,ce83af01f011471f5496c04ea3eb429c6c0e0d03170061a1d64874c8aa444751,37361911c1eb3a2f96205725fa27f850219835de5798ecf3c08852ee262ff110,true,
Plain_RETF,20,16,2026016,e6-20260713T122808.004988600,5,10,10,8,2.790500000,0.000000000,0.000000000,0.000000000,0.000000000,19.636300000,7.020500000,105.914700000,132.571500000,19.188100000,154.550100000,0.411936500,97.102344657,b935fcc3e532bcae21270cd42c66da2cf1c91410044a430e26a5214b4ecea8f4,2042,10,10,1.000000000,13416acc50f8feecfc06c2291fa3e12c310afb2360c4a601e4e9357c6d95d389,cb5ee8fc66d019b3b7c1f6b42b1c434c523514e8eef3507a718a672f1d137424,true,
Plain_RETF,20,17,2026017,e6-20260713T122808.004988600,5,10,10,8,2.645200000,0.000000000,0.000000000,0.000000000,0.000000000,16.961500000,5.858400000,107.969100000,130.789000000,18.833700000,153.871700000,0.411936500,97.102344657,eb729e2caf8d2728fb24cc2837d5647e71223b8c47f23faef1f030a782c40fb0,2042,10,10,1.000000000,e6d78ce468a82bbfaad8e862d935c901fec2891f68c913e7df9e7a18343a5660,c416b7d68173f4925ba6712903b379415894a682acc5a69fcd5f8dcc011cce20,true,
Plain_RETF,20,18,2026018,e6-20260713T122808.004988600,5,10,10,8,3.181400000,0.000000000,0.000000000,0.000000000,0.533200000,22.819900000,6.319700000,171.685500000,201.358300000,15.503500000,220.577600000,0.411936500,97.102344657,b5a8926e4840e89db4ca9fde6f244daf182ef55a52894432238b59dc4ae228b3,2043,10,10,1.000000000,294bd829623974e0206edc717d0de205dc360f898406c99ce6c23f742b15288f,7f8191e0ca30672181ff752091fc654240874ee9d759ad9993740c99bb4067b4,true,
Plain_RETF,20,19,2026019,e6-20260713T122808.004988600,5,10,10,8,0.000000000,0.000000000,0.000000000,0.000000000,0.000000000,73.703800000,9.379000000,94.339600000,177.422400000,19.272200000,196.694600000,0.411936500,97.102344657,eb85f20a159f327abb721bc76a5a770c371ed6c022b489a886ec2b80db69708b,2044,10,10,1.000000000,5b3d5672030c5d48e554ea36fc2460d1b0c31d6fa468089b17292e7fd48a921a,1b47e04f4ea8575b39416b5f264a3c985509d93982f98557664eadb0b8021521,true,
Plain_RETF,20,20,2026020,e6-20260713T122808.004988600,5,10,10,8,0.000000000,0.000000000,0.000000000,0.000000000,0.000000000,72.130000000,11.497800000,93.794600000,177.422400000,19.272200000,196.694600000,0.411936500,97.102344657,4e58bff239895f78b767d42f8f375f44e8f487aaf47efb444feb147cbc5f515f,2044,10,10,1.000000000,e8ee71a55d1985dd0959d1f1c9fd7e85951d78c5db0e2afc188cff727ba902df,e74508da0384f2a31f934a9b733f3a7863416b34e7db6fcd462bce9027ba1570,true,
Plain_RETF,20,21,2026021,e6-20260713T122808.004988600,5,10,10,8,3.059300000,0.000000000,0.000000000,0.000000000,0.524500000,60.950900000,8.962900000,103.190900000,173.629200000,11.570800000,188.993200000,0.411936500,97.102344657,ede4db83fade5d3635a224ac2574586b1b26e03421289b63c548dceebf6e6f6c,2044,10,10,1.000000000,a5c3345f17e36dad6c6da93c2c3cab8187c5d53c26aae251fd5eda4d90593c8b,7ca4b71d6891c5405e7c3312471cfe2324ff5b4c48b91b9cf329b769b025e849,true,
Plain_RETF,20,22,2026022,e6-20260713T122808.004988600,5,10,10,8,2.780200000,0.000000000,0.000000000,0.000000000,0.000000000,69.913800000,9.396300000,94.353800000,173.663900000,18.713000000,195.157100000,0.411936500,97.102344657,fe27f28314c39e0a9a20fde9fe544511995922899fd5dd34667fe3e394faf681,2044,10,10,1.000000000,984f834c82f5a149f0d846bf4e48ff93634f779c0e4f7fbf54b9a5671db37add,41a6c5a8bba0b74ad7ccd2cc011081ababa2e503c8218112cdfbdb0d71898144,true,
Plain_RETF,20,23,2026023,e6-20260713T122808.004988600,5,10,10,8,0.522500000,0.000000000,0.000000000,0.000000000,0.000000000,69.391300000,8.851300000,94.339600000,172.582200000,13.340700000,186.445400000,0.411936500,97.102344657,aeef2989b248c1825a701aff4b8f322f5c936a485215ff3df9a6f1e14d2fc990,2044,10,10,1.000000000,47a4edf522f6cba0cc560c1552b9c8b6f237a14c7cdf0b26bb332d2de596fa71,244fde132fc219519fb4cc6b800c095f2f9ef22d3d7e5aacdc1ca66574cea3d2,true,
Plain_RETF,20,24,2026024,e6-20260713T122808.004988600,5,10,10,8,3.323600000,0.000000000,0.000000000,0.000000000,0.534400000,23.974100000,5.190800000,172.193400000,201.892700000,21.647400000,227.399900000,0.411936500,97.102344657,868cf94a5fab7cb32c2376c4f1ff9ed7a74c7ff951e5bc58bc17f235ba67240e,2043,10,10,1.000000000,90e321e93d1a3f23a33f2393a4502e86d4ab590c9acc1545de910bd78f20ca0c,ae7325fb5285579e9f5e42ab2656c1f893d115de6c14874ba877e9bcfb80aedb,true,
Plain_RETF,20,25,2026025,e6-20260713T122808.004988600,5,10,10,8,1.050500000,0.000000000,0.000000000,0.000000000,0.684800000,16.585700000,3.865100000,153.555500000,174.691100000,11.722600000,187.464200000,0.411936500,97.102344657,9cdb54a7f1bec3bf70304da3dcfd331117f0e25cb5dbef2cc32a541add52a2d3,2045,10,10,1.000000000,64e9ba59457264f6d049ace10cea6ffc8390ee73a49d44ed31e0abd4b1f0e00d,c7848645628be8689f4a37af5ea39dd547c5131a1d6457fc1a7b84396e0d3a3e,true,
Plain_RETF,20,26,2026026,e6-20260713T122808.004988600,5,10,10,8,1.735300000,0.000000000,0.000000000,0.000000000,0.525700000,16.060000000,4.398400000,154.024900000,175.009000000,7.502500000,184.246800000,0.411936500,97.102344657,1a4b3ee2859359fb174f952e77724b2aa266f098a207bd94e54b1318cda9ea40,2045,10,10,1.000000000,9797ab1aa25ed6cea0e9e008e74ed9954384150112062ea4cd93de9534ff7304,08e57c508c38c6319a0cf57d8dcfba621a93fe1e3e4bca55c51123e07d7f6583,true,
Plain_RETF,20,27,2026027,e6-20260713T122808.004988600,5,10,10,8,1.070200000,0.000000000,0.000000000,0.000000000,0.000000000,21.993600000,5.436600000,144.257400000,171.687600000,10.197400000,182.955200000,0.411936500,97.102344657,4237c3908931d5e231c5272cc9b54e4d26fc491a2547c209612a11b2bf281fa9,2045,10,10,1.000000000,b67f36345a66d2fbd2d77aa249d64eb3984c7b08277131d6562abc269f9971a1,31ed37f69f5b4876500225f08db13ab80f580b287f4db45a919f1cbe00a2c08e,true,
Plain_RETF,20,28,2026028,e6-20260713T122808.004988600,5,10,10,8,1.106400000,0.000000000,0.000000000,0.000000000,0.000000000,16.661300000,6.575800000,154.558200000,177.795300000,7.502500000,186.404200000,0.411936500,97.102344657,e275a0765d3601f6d15c7973ad5016c181400f586bfb7b01c9ff6a1106bba5e0,2045,10,10,1.000000000,8fca761cf28bf3de53a7505b3c1ea5b0122b2f85c94e23d7af2958e31fa880ac,dd2d122ff5a3ec7feb77d5dfa64374c482eadb3907868b7316ee7731fae1c46f,true,
Plain_RETF,20,29,2026029,e6-20260713T122808.004988600,5,10,10,8,1.070200000,0.000000000,0.000000000,0.000000000,0.000000000,21.993600000,5.436600000,143.254700000,170.684900000,11.200100000,182.955200000,0.411936500,97.102344657,0a1279f935f1618f66ff0394786d2e6868c518bfa8d312a30b361f3fd098311e,2045,10,10,1.000000000,5e938999d62c5d01be91d08ea25581f0d0d00c8ae5ce401541f9597afa5d9032,817daecce1df4e6e3d6f86340a858a0c7403d55aa5bf7f91e69278947828237a,true,
Plain_RETF,20,30,2026030,e6-20260713T122808.004988600,5,10,10,8,0.542500000,0.000000000,0.000000000,0.000000000,0.000000000,21.993600000,5.971900000,142.719400000,170.684900000,11.722600000,183.477700000,0.411936500,97.102344657,2fc9ae44a2ded328697fb0908d45c3440606c84b6816985ce5c5a15003ecbe11,2045,10,10,1.000000000,0b699d2f1501dad6ff0d0359a12bf81d5360ae2e96b4ead6e2b4cae9a4a83570,4fa367ea2114e41e9c85e4fd042d5aca0ab8df46d1169af51890f4fe75533544,true,
Plain_RETF,20,31,2026031,e6-20260713T122808.004988600,5,10,10,8,1.516900000,0.000000000,0.000000000,0.000000000,0.000000000,16.699200000,7.064700000,146.406800000,170.170700000,7.502500000,179.190100000,0.411936500,97.102344657,702ca0a9139794dfd9dd73263ddda389fb4d32495d1b039a238ea4428076c4cb,2045,10,10,1.000000000,8fa256f362c101caba129f106dcbf1d36153f8f9f23bc6f4ee97206109ac1cbf,3fd79e9de41d5716026360bd8f9317e6da81d545772a7d752d5abc4ff1d13d66,true,
Plain_RETF,20,32,2026032,e6-20260713T122808.004988600,5,10,10,8,4.394200000,0.000000000,0.000000000,0.000000000,0.000000000,22.819900000,5.811800000,172.193400000,200.825100000,15.503500000,221.256000000,0.411936500,97.102344657,f723a8bfc563a944421bcc1143a637b166fdc1df5b4e759540722f6c4f97303e,2043,10,10,1.000000000,6978b77ec34dffab417a893aed83f76b49c91bdffc5d3e03914e6d76a7da0201,275344e45aaf3af8dc1aa2f9fb46466fab4df52625ac42e8b4a6fb9d0dddcfc6,true,
Plain_RETF,20,33,2026033,e6-20260713T122808.004988600,5,10,10,8,4.927400000,0.000000000,0.000000000,0.000000000,0.000000000,22.819900000,7.467900000,170.537300000,200.825100000,22.717600000,228.470100000,0.411936500,97.102344657,50fee7f95c5f02722ab7c3cbf5ab083e9b9c5464f458df9049e0f729c0b04bf6,2043,10,10,1.000000000,15073183f05a13d8070a61996db1665a4ca23debd7c0da5bfd077d1002cf714b,4e8c6baebe7a019c36606deb6c3ceb4aaa94cc24caba45e802854e1da3837f8c,true,
Plain_RETF,20,34,2026034,e6-20260713T122808.004988600,5,10,10,8,1.054000000,0.000000000,0.000000000,0.000000000,0.000000000,67.809300000,10.446800000,93.794600000,172.050700000,16.022900000,189.127600000,0.411936500,97.102344657,5621acdaefc38e07f5741c99d7f1926c794f030018a8afe543abf41326010b8b,2044,10,10,1.000000000,a8a513453a1198e29ef040ab34576f762009dcd70eaf048fbc7b7804e57e3bf6,70e25716fa789191dc5e6704bc683fe1f37e1b5d2637467618a352ac9a2cfd17,true,
Plain_RETF,20,35,2026035,e6-20260713T122808.004988600,5,10,10,8,2.617900000,0.000000000,0.000000000,0.000000000,0.000000000,18.310400000,4.909500000,156.224500000,179.444400000,10.719900000,193.399400000,0.411936500,97.102344657,48e4ee206ca940d334b2f7200b7b0c8cc49d59299736cfa8c8ee5405991858aa,2045,10,10,1.000000000,24e87a487315cf6739f1aabf237381baa8edd7cb1061a109088ee9ca560d16fe,97019b21704c8e9cd87d5203f2da9562363c3e2ca8ebd47bb732939a3b105b31,true,
Plain_RETF,20,36,2026036,e6-20260713T122808.004988600,5,10,10,8,3.859800000,0.000000000,0.000000000,0.000000000,0.000000000,22.293600000,4.953000000,173.578500000,200.825100000,21.647400000,227.399900000,0.411936500,97.102344657,306e64eee895c7fbf838ea886004ee0ae157a7060a276171dbc53a489aac9a80,2043,10,10,1.000000000,7fbfee52b2d95c4f487aa1c91e50834fee3c3dcc5979e9d2c7bedf0992c100d2,f36714c239f74f28797ea3d07b35e1d7c5b6d10d37dfe5c624dcb5bf9a627fb2,true,
Plain_RETF,20,37,2026037,e6-20260713T122808.004988600,5,10,10,8,3.181400000,0.000000000,0.000000000,0.000000000,0.000000000,17.499400000,7.020500000,105.388600000,129.908500000,15.396500000,149.554000000,0.411936500,97.102344657,444bbfa7cad244c81a146464623ba9e0767c4621f7d2315210885ee1092a28bc,2042,10,10,1.000000000,d6cebd1a2c5a7a971f56e2b709d28bbeaeb2a37370abea7f98c2cfe3126f2dc6,e45db30c963defd8ff2ed149296af0677df8e478dab09936fd700cca40ddd353,true,
Plain_RETF,20,38,2026038,e6-20260713T122808.004988600,5,10,10,8,2.112100000,0.000000000,0.000000000,0.000000000,0.533100000,27.230900000,7.349600000,167.848400000,202.962000000,17.660900000,222.735000000,0.411936500,97.102344657,d21c0462874c25c525fe36ecd036bd21b3a8d3b1ddc2bc14ee37702b6d820a7d,2043,10,10,1.000000000,e43be5d676696d2e34d4c779814af6144a74b2ef693b0b87056a14ab3ebf432e,d264250c64dc5ccf17d151ab12da5b0dd48744013090b057723ab70d482ac94e,true,
Plain_RETF,20,39,2026039,e6-20260713T122808.004988600,5,10,10,8,1.106400000,0.000000000,0.000000000,0.000000000,0.000000000,16.661300000,4.388800000,155.742500000,176.792600000,11.200100000,189.099100000,0.411936500,97.102344657,434ac4b7a4dfe336cda1627bd8f616fc6d80442cc2a1f61c532c0a40c0bbdfff,2045,10,10,1.000000000,9eecdd7bd31670dda09d87d093b6141b825c814ce192e395bae3a7ed39732c05,730def45c8c9a2e227cc114e8c65e520bc6698b6030364ab44a150c769d754ec,true,
Plain_RETF,20,40,2026040,e6-20260713T122808.004988600,5,10,10,8,1.748300000,0.000000000,0.000000000,0.000000000,0.000000000,20.249300000,7.514700000,104.807500000,132.571500000,19.188100000,155.082700000,0.411936500,97.102344657,782946d3924a36c1f5cdcfc120884984b67ee6b49d1347bb5518aa28df4c4c67,2042,10,10,1.000000000,752ad3b60c8dfd4c8d2b5506836b01536db4d949e432a461e9202a63fed33a24,ef7ec49b823cdeed7eb6dbe6176b4ce5ced1bfefc5391700f970b7edc613a953,true,
PP_RETF,5,1,2026001,e6-20260713T122808.004988600,5,10,10,8,0.000000000,0.773200000,642.122400000,5.664900000,0.000000000,430.872900000,5.120300000,2078.378000000,2514.371200000,7.468000000,3170.939900000,25.774253500,1.551936315,6d5ac81aaee735c0d5bb9129dd3e16d283b7d8e0bb3784da35e14565151f1eb3,2047,5,10,0.500000000,a68e12a5a2c3220019daad759a73cddda82e111073d702e90185a7461a10b9ba,915424028cd73bbb3945e8d6d3f2373da7874b91db6e3a63051fe0720ffc5394,true,
PP_RETF,5,2,2026002,e6-20260713T122808.004988600,5,10,10,8,0.000000000,0.564900000,645.068200000,4.551600000,0.554200000,434.355000000,4.426500000,2073.951500000,2513.287200000,7.468000000,3170.939900000,25.774253500,1.551936315,2600187d2f0b0df819d8aad8704c710b3d568d513bb98a8b0d8ea4518210172f,2047,5,10,0.500000000,1cc68a23718444db9b3bcbe5d11f894084be4243ca8aec68123bf7180fc1219b,a1918b43614d94781913ca5d0c82477c6e44bc929ca1d13bd6355d9bbc4074c4,true,
PP_RETF,5,3,2026003,e6-20260713T122808.004988600,5,10,10,8,0.000000000,0.000000000,657.876200000,5.964400000,0.000000000,416.501700000,3.812200000,2058.938100000,2479.252000000,7.160000000,3150.252600000,25.774253500,1.551936315,9a35f9f9e1a4515a7b93b9575779addf86af05a8a3ba96aba84ab41e8bfe349f,2049,5,10,0.500000000,0d5100080af61a9dff90e107f0f4ff34f819a4db6018ae3035fe35a5cb9b2935,48dde755c003ffc35042c7a3f3d0e7698b60605c9123e39323ff396346e638e7,true,
PP_RETF,5,4,2026004,e6-20260713T122808.004988600,5,10,10,8,0.000000000,0.000000000,647.414100000,4.934100000,0.539400000,426.549700000,7.981500000,2076.053100000,2511.123700000,7.468000000,3170.939900000,25.774253500,1.551936315,cd79c0936d230e35dfa4b8eff51f6d1b011d02c9289c9766549c23895d974de9,2047,5,10,0.500000000,7dc8d69683f40c96c147bf745427edca49e897a81143dbad0544ae2425f6d7a3,59513103e364765dbba33d470ebcb65eaa1f336f79258808c34794f922f4596f,true,
PP_RETF,5,5,2026005,e6-20260713T122808.004988600,5,10,10,8,0.000000000,0.000000000,648.115300000,4.277800000,0.000000000,429.848300000,4.893000000,2061.472800000,2496.214100000,7.512200000,3156.637300000,25.774253500,1.551936315,66c06b1137e229f7a3fe0c08c87f23d137d24122b860ed4805fdaf75ac140ff7,2048,5,10,0.500000000,2f2f3106be9d65843d155e9aa33e554ea100ee1dbc74b82f903cdd44388d24c6,f4ffa8692156c07fe4a945b1a8d181357cf8d9de21d8f1fffd8f6dd1f35448c6,true,
PP_RETF,5,6,2026006,e6-20260713T122808.004988600,5,10,10,8,0.000000000,1.004000000,640.965000000,6.146300000,0.000000000,447.608200000,4.422500000,2048.429000000,2500.459700000,7.512200000,3156.637300000,25.774253500,1.551936315,70cd0fb8c089c681de5ad7b261b7fe8926c36a65644344c62fd1bc4520cbfdf4,2048,5,10,0.500000000,ff39cb867e1e2b9a35f94401e67845e09bc3de10c4cae21ae8193185bbfb8740,d4323103de0cae257ab7409eddfa6d784c20808a6fad9db9064bc4117b4faca5,true,
PP_RETF,5,7,2026007,e6-20260713T122808.004988600,5,10,10,8,0.000000000,0.000000000,649.166900000,4.427700000,0.000000000,441.042200000,4.422500000,2048.429000000,2493.893700000,7.512200000,3155.545800000,25.774253500,1.551936315,574e4dcafa384d0883b760d3a8ba01dbf8a3a650a36bf47fe1336d6027d9c556,2048,5,10,0.500000000,75e0b36c40a47a0feef1e65aae7118a61470d6b39553d34250d9e96c46046b42,dfc704ec7a6df3158fe2f0029319ab8afd2bd6e1052b7e36d706f516752f66f4,true,
PP_RETF,5,8,2026008,e6-20260713T122808.004988600,5,10,10,8,0.000000000,0.000000000,640.877500000,5.076600000,0.000000000,452.063500000,3.197700000,2046.818300000,2502.079500000,7.512200000,3155.545800000,25.774253500,1.551936315,baccba124e627d4ecbe06e8eb5105a1f0ab2d3927ff60d05f87f7d57213823ac,2048,5,10,0.500000000,c7421138ad62a3bf721bd045c46ae2a9d4781500120e40084992ee0784e5a025,645fce1d4f7cc315e8dd8fa65477b18ee93da741f5d247bde4ce5ac72e54221b,true,
PP_RETF,5,9,2026009,e6-20260713T122808.004988600,5,10,10,8,0.000000000,0.000000000,647.867300000,4.322000000,0.000000000,417.432300000,11.826800000,2061.112000000,2490.371100000,7.160000000,3150.252600000,25.774253500,1.551936315,5457953e7412f91cd19a1814aa707db1c82e2a0bc5b7107e95305e4688a43c92,2049,5,10,0.500000000,624dee71e7d83e8174240f3abd39fae6af1aff50e847e71f674c161ad19b4385,904c242c7feaf1bdb23018d703ccee4577dc58dd575a0cef4c72517c07c1ff5d,true,
PP_RETF,5,10,2026010,e6-20260713T122808.004988600,5,10,10,8,0.000000000,0.000000000,645.142300000,4.353700000,0.000000000,419.582500000,5.620500000,2067.857700000,2493.060700000,7.160000000,3150.780700000,25.774253500,1.551936315,1204e7f1d2f2874e49969d786924e27572c02afd0ef86d7c5070e848622c664f,2049,5,10,0.500000000,0467d306dc28fc5c77a8d122cea50ddad20261103d41f90ffe42c72df3f8b393,c2d00d789aaa52ee3d0632459fbb6b3be86f2e607f3c497e74d1471adeff8411,true,
PP_RETF,5,11,2026011,e6-20260713T122808.004988600,5,10,10,8,0.000000000,0.509000000,643.579900000,5.407100000,0.000000000,419.065700000,6.137300000,2067.857700000,2493.060700000,7.160000000,3150.252600000,25.774253500,1.551936315,56f008414a6f98197515998122a07236b80761f4a8add316c5c5fc5f1337f2f9,2049,5,10,0.500000000,af99285a46f2de40259eda72e30a255ccd487e5dcc5de2ca0d3c23d55f6ecf18,9373828dad33524a558951d536203b9ec6a0a76ac66682657e3191efeabdcff1,true,
PP_RETF,5,12,2026012,e6-20260713T122808.004988600,5,10,10,8,0.000000000,0.000000000,648.412700000,4.308800000,0.000000000,431.404600000,3.983600000,2054.440000000,2489.828200000,7.160000000,3150.252600000,25.774253500,1.551936315,a01948fd3f3606fa26a6985f52f72ec187bc443fedfc9b64a740358265f0eb77,2049,5,10,0.500000000,ae90fdde97d8e1d9f7468ccf8dfbedd30ab0198052f5a998355d8a26f06f3660,48cd659b73b5f22ad5dc658c6b151ef715dd4026df266502ae131cecec3c4a3b,true,
PP_RETF,5,13,2026013,e6-20260713T122808.004988600,5,10,10,8,0.000000000,0.000000000,642.475700000,6.726200000,0.000000000,441.167200000,5.904500000,2052.851500000,2499.923200000,7.512200000,3156.637300000,25.774253500,1.551936315,18bd5327a74a7a715f4d0557c75358fe73407e54bea97e30bf1720a34238a0d3,2048,5,10,0.500000000,a20371d302fb831d287dd5a6b318cf3e584295fbc9de4172cdcc9f2e8a8f8879,24f3dcf79848dd55f068ebc48e31b4ad3ce4c511c27e960caf087e7ad3db9eed,true,
PP_RETF,5,14,2026014,e6-20260713T122808.004988600,5,10,10,8,0.000000000,0.522100000,777.058900000,6.100100000,0.000000000,441.722000000,3.778600000,2040.246300000,2485.746900000,10.748500000,3281.246600000,25.774253500,1.551936315,a79805c97ac63d3c1b8d6a45550806617469e2b6b7408c720ca16ace6f101656,2050,5,10,0.500000000,17cca03d1762a9be1eaa9c2b6912288c99f6bdfa85a0876d49109650d2129e61,353c140a88057c066f98826f47662084cf960c0a24b9a0b4d4bcd1f95fd8fa3a,true,
PP_RETF,5,15,2026015,e6-20260713T122808.004988600,5,10,10,8,0.000000000,0.749900000,768.643200000,5.481200000,0.000000000,449.351000000,4.919400000,2040.246300000,2494.516700000,11.927400000,3281.877100000,25.774253500,1.551936315,da24304432fb8a9329cbf2849a6d516c44aa46ae7241348be01b44d4ee96e21c,2050,5,10,0.500000000,ce83af01f011471f5496c04ea3eb429c6c0e0d03170061a1d64874c8aa444751,37361911c1eb3a2f96205725fa27f850219835de5798ecf3c08852ee262ff110,true,
PP_RETF,5,16,2026016,e6-20260713T122808.004988600,5,10,10,8,0.000000000,0.000000000,748.667100000,4.421300000,0.000000000,448.818000000,4.795600000,2062.718700000,2516.332300000,12.483200000,3282.432900000,25.774253500,1.551936315,e7fa118899d2232f603c963914d99bd597e9c535a1308daa064c5d347c02aefb,2050,5,10,0.500000000,13416acc50f8feecfc06c2291fa3e12c310afb2360c4a601e4e9357c6d95d389,cb5ee8fc66d019b3b7c1f6b42b1c434c523514e8eef3507a718a672f1d137424,true,
PP_RETF,5,17,2026017,e6-20260713T122808.004988600,5,10,10,8,0.000000000,0.000000000,752.558300000,5.534100000,0.508100000,446.837200000,4.217900000,2059.983700000,2511.546900000,12.483200000,3282.432900000,25.774253500,1.551936315,2a974dbfc5516dcdf19f13d35ab0f48fdae2a4583f8c511b5db0b7d6e97054de,2050,5,10,0.500000000,e6d78ce468a82bbfaad8e862d935c901fec2891f68c913e7df9e7a18343a5660,c416b7d68173f4925ba6712903b379415894a682acc5a69fcd5f8dcc011cce20,true,
PP_RETF,5,18,2026018,e6-20260713T122808.004988600,5,10,10,8,0.000000000,0.000000000,820.754600000,5.163800000,0.541000000,494.361800000,5.082900000,2062.216300000,2562.202000000,8.559300000,3396.679700000,25.774253500,1.551936315,4ffb553af0b853ae9b812ed9c6d9895be543acfdca599a2905c69b78975f0e12,2051,5,10,0.500000000,294bd829623974e0206edc717d0de205dc360f898406c99ce6c23f742b15288f,7f8191e0ca30672181ff752091fc654240874ee9d759ad9993740c99bb4067b4,true,
PP_RETF,5,19,2026019,e6-20260713T122808.004988600,5,10,10,8,0.000000000,0.000000000,748.667100000,4.421300000,0.000000000,462.280900000,3.814700000,2050.236700000,2516.332300000,11.927400000,3281.877100000,25.774253500,1.551936315,fa967523845ca011a1c4cdbb60f8055180726556ca0bbfd95e9611029be39232,2050,5,10,0.500000000,5b3d5672030c5d48e554ea36fc2460d1b0c31d6fa468089b17292e7fd48a921a,1b47e04f4ea8575b39416b5f264a3c985509d93982f98557664eadb0b8021521,true,
PP_RETF,5,20,2026020,e6-20260713T122808.004988600,5,10,10,8,0.000000000,0.000000000,819.058000000,5.681100000,0.000000000,496.527300000,5.125700000,2061.097800000,2562.750800000,8.000800000,3395.490700000,25.774253500,1.551936315,3ead4af1f30cd043b5af0a2af32aa6f45cb30d88de876ca2626e5fa33359690f,2051,5,10,0.500000000,e8ee71a55d1985dd0959d1f1c9fd7e85951d78c5db0e2afc188cff727ba902df,e74508da0384f2a31f934a9b733f3a7863416b34e7db6fcd462bce9027ba1570,true,
PP_RETF,5,21,2026021,e6-20260713T122808.004988600,5,10,10,8,0.000000000,0.000000000,820.124100000,5.163800000,0.000000000,494.902800000,5.082900000,2062.216300000,2562.202000000,8.559300000,3396.049200000,25.774253500,1.551936315,1b195b556b3297484cd347dc7fc9d6c974081252a549916ed87f0f5b52abd1d5,2051,5,10,0.500000000,a5c3345f17e36dad6c6da93c2c3cab8187c5d53c26aae251fd5eda4d90593c8b,7ca4b71d6891c5405e7c3312471cfe2324ff5b4c48b91b9cf329b769b025e849,true,
PP_RETF,5,22,2026022,e6-20260713T122808.004988600,5,10,10,8,0.000000000,0.000000000,646.191900000,5.621800000,0.000000000,425.955700000,6.629500000,2079.073000000,2511.658200000,8.559500000,3172.031400000,25.774253500,1.551936315,e6afa91effe54cf5bae8b112a933b0f099c02b0f9af6de579996503ff20d91e2,2047,5,10,0.500000000,984f834c82f5a149f0d846bf4e48ff93634f779c0e4f7fbf54b9a5671db37add,41a6c5a8bba0b74ad7ccd2cc011081ababa2e503c8218112cdfbdb0d71898144,true,
PP_RETF,5,23,2026023,e6-20260713T122808.004988600,5,10,10,8,0.000000000,0.000000000,803.798100000,5.617200000,0.000000000,501.297300000,5.534100000,2069.546000000,2576.377400000,9.627200000,3396.478600000,25.774253500,1.551936315,3f5106525cee8776f6017943e19b0e03bab72cbea60f27f295243ab259f816b1,2051,5,10,0.500000000,47a4edf522f6cba0cc560c1552b9c8b6f237a14c7cdf0b26bb332d2de596fa71,244fde132fc219519fb4cc6b800c095f2f9ef22d3d7e5aacdc1ca66574cea3d2,true,
PP_RETF,5,24,2026024,e6-20260713T122808.004988600,5,10,10,8,0.000000000,0.000000000,720.391100000,5.895700000,0.547100000,465.009800000,4.282900000,2053.798300000,2523.638100000,9.413700000,3259.338600000,25.774253500,1.551936315,bec441f13e83984ebd5161e170ebe2c76d517492e00080180a6f964a9b57eec0,2052,5,10,0.500000000,90e321e93d1a3f23a33f2393a4502e86d4ab590c9acc1545de910bd78f20ca0c,ae7325fb5285579e9f5e42ab2656c1f893d115de6c14874ba877e9bcfb80aedb,true,
PP_RETF,5,25,2026025,e6-20260713T122808.004988600,5,10,10,8,0.000000000,0.558500000,722.570400000,7.201200000,0.000000000,473.713100000,4.333700000,2040.436300000,2518.483100000,9.413700000,3258.780100000,25.774253500,1.551936315,5cf8ede8be6a7dca1d5db585053e558bd0473bb00ea3bce3d5175a94f6c24338,2052,5,10,0.500000000,64e9ba59457264f6d049ace10cea6ffc8390ee73a49d44ed31e0abd4b1f0e00d,c7848645628be8689f4a37af5ea39dd547c5131a1d6457fc1a7b84396e0d3a3e,true,
PP_RETF,5,26,2026026,e6-20260713T122808.004988600,5,10,10,8,0.000000000,0.000000000,715.868600000,6.701800000,0.000000000,479.901800000,4.310700000,2042.583500000,2526.796000000,9.413700000,3258.780100000,25.774253500,1.551936315,4f998be7a15fd88992bce3c54cf754b75423382d0e4618fca57739bbc3f8f57a,2052,5,10,0.500000000,9797ab1aa25ed6cea0e9e008e74ed9954384150112062ea4cd93de9534ff7304,08e57c508c38c6319a0cf57d8dcfba621a93fe1e3e4bca55c51123e07d7f6583,true,
PP_RETF,5,27,2026027,e6-20260713T122808.004988600,5,10,10,8,0.000000000,0.000000000,731.428600000,6.848000000,0.000000000,458.896500000,4.759200000,2046.894200000,2510.549900000,9.413700000,3258.240200000,25.774253500,1.551936315,cfb91bf5a73f814011c815ef8953f2df97aa78502e3780ec0e6665879be82faf,2052,5,10,0.500000000,b67f36345a66d2fbd2d77aa249d64eb3984c7b08277131d6562abc269f9971a1,31ed37f69f5b4876500225f08db13ab80f580b287f4db45a919f1cbe00a2c08e,true,
PP_RETF,5,28,2026028,e6-20260713T122808.004988600,5,10,10,8,0.000000000,0.650100000,710.886800000,4.892300000,0.000000000,467.083900000,5.654300000,2058.603100000,2531.341300000,9.413700000,3257.184200000,25.774253500,1.551936315,b789d873437b2640dd00fd2362ed92524bf2d9ac3fd547a7a59d818046bb9446,2052,5,10,0.500000000,8fca761cf28bf3de53a7505b3c1ea5b0122b2f85c94e23d7af2958e31fa880ac,dd2d122ff5a3ec7feb77d5dfa64374c482eadb3907868b7316ee7731fae1c46f,true,
PP_RETF,5,29,2026029,e6-20260713T122808.004988600,5,10,10,8,0.000000000,0.000000000,679.912000000,6.035200000,0.000000000,431.114300000,6.609000000,2062.752300000,2500.475600000,7.465900000,3193.888700000,25.774253500,1.551936315,40efbfa295f19c0d5028f1a7f073a0d5cb233bc92bcdda92fdc0a9bdf1f54b47,2053,5,10,0.500000000,5e938999d62c5d01be91d08ea25581f0d0d00c8ae5ce401541f9597afa5d9032,817daecce1df4e6e3d6f86340a858a0c7403d55aa5bf7f91e69278947828237a,true,
PP_RETF,5,30,2026030,e6-20260713T122808.004988600,5,10,10,8,0.000000000,0.000000000,679.912000000,6.035200000,0.000000000,431.114300000,6.609000000,2062.752300000,2500.475600000,6.921800000,3193.888700000,25.774253500,1.551936315,d05cbb3ce6f863ad08659c09cd5cf2a4901faba1675dddec210aa64c9960ace2,2053,5,10,0.500000000,0b699d2f1501dad6ff0d0359a12bf81d5360ae2e96b4ead6e2b4cae9a4a83570,4fa367ea2114e41e9c85e4fd042d5aca0ab8df46d1169af51890f4fe75533544,true,
PP_RETF,5,31,2026031,e6-20260713T122808.004988600,5,10,10,8,0.000000000,0.000000000,803.350300000,6.675700000,0.000000000,499.053300000,7.778100000,2069.546000000,2576.377400000,9.099200000,3396.033300000,25.774253500,1.551936315,c060560e671c03db20ed102baecf9c2f538f5db2ec8aa114f9f461fd285b27e8,2051,5,10,0.500000000,8fa256f362c101caba129f106dcbf1d36153f8f9f23bc6f4ee97206109ac1cbf,3fd79e9de41d5716026360bd8f9317e6da81d545772a7d752d5abc4ff1d13d66,true,
PP_RETF,5,32,2026032,e6-20260713T122808.004988600,5,10,10,8,0.000000000,0.000000000,677.224900000,4.388800000,1.063300000,433.848600000,7.810600000,2061.550700000,2504.273200000,6.921800000,3193.344600000,25.774253500,1.551936315,1e650482476b639cb7b44eeb93e6e6260f9d1314cdf6e068151f36699dc5e99f,2053,5,10,0.500000000,6978b77ec34dffab417a893aed83f76b49c91bdffc5d3e03914e6d76a7da0201,275344e45aaf3af8dc1aa2f9fb46466fab4df52625ac42e8b4a6fb9d0dddcfc6,true,
PP_RETF,5,33,2026033,e6-20260713T122808.004988600,5,10,10,8,0.000000000,0.000000000,676.689400000,4.924300000,0.000000000,435.453400000,6.067500000,2062.752300000,2504.273200000,6.401900000,3193.344600000,25.774253500,1.551936315,c6074bc5961b204d38a57528f5d119d7d664f3702b0293916ce87ff474bf6a23,2053,5,10,0.500000000,15073183f05a13d8070a61996db1665a4ca23debd7c0da5bfd077d1002cf714b,4e8c6baebe7a019c36606deb6c3ceb4aaa94cc24caba45e802854e1da3837f8c,true,
PP_RETF,5,34,2026034,e6-20260713T122808.004988600,5,10,10,8,0.000000000,0.000000000,670.087600000,6.775200000,0.000000000,416.825200000,4.426100000,2058.415100000,2479.666400000,8.733900000,3165.844600000,25.774253500,1.551936315,aef303b4b6f520f629652112b9bce4fd51ee173532105c3379232c61c01e4a4e,2054,5,10,0.500000000,a8a513453a1198e29ef040ab34576f762009dcd70eaf048fbc7b7804e57e3bf6,70e25716fa789191dc5e6704bc683fe1f37e1b5d2637467618a352ac9a2cfd17,true,
PP_RETF,5,35,2026035,e6-20260713T122808.004988600,5,10,10,8,0.000000000,0.000000000,679.912000000,7.094200000,0.000000000,437.872200000,4.271300000,2056.727100000,2498.870600000,6.921800000,3193.344600000,25.774253500,1.551936315,86abc1842e2e9a3436f45da671f55fb0d5d8beb6bad08ed50afb43e804324e06,2053,5,10,0.500000000,24e87a487315cf6739f1aabf237381baa8edd7cb1061a109088ee9ca560d16fe,97019b21704c8e9cd87d5203f2da9562363c3e2ca8ebd47bb732939a3b105b31,true,
PP_RETF,5,36,2026036,e6-20260713T122808.004988600,5,10,10,8,0.000000000,0.000000000,668.984400000,6.063700000,0.562600000,430.553500000,7.982900000,2042.360600000,2481.459600000,8.733900000,3165.844600000,25.774253500,1.551936315,4b2bd08f362a57cb04a170e9416d2e82f51d3da66b0a76a9c0b99bad8afa29d7,2054,5,10,0.500000000,7fbfee52b2d95c4f487aa1c91e50834fee3c3dcc5979e9d2c7bedf0992c100d2,f36714c239f74f28797ea3d07b35e1d7c5b6d10d37dfe5c624dcb5bf9a627fb2,true,
PP_RETF,5,37,2026037,e6-20260713T122808.004988600,5,10,10,8,0.000000000,0.549800000,668.440300000,7.328600000,0.000000000,422.865700000,3.224000000,2053.576700000,2479.666400000,8.733900000,3165.300500000,25.774253500,1.551936315,728ff88c2cae589d76b7535fe1db17dfa45c324bc958a764dffcaa15150e1684,2054,5,10,0.500000000,d6cebd1a2c5a7a971f56e2b709d28bbeaeb2a37370abea7f98c2cfe3126f2dc6,e45db30c963defd8ff2ed149296af0677df8e478dab09936fd700cca40ddd353,true,
PP_RETF,5,38,2026038,e6-20260713T122808.004988600,5,10,10,8,0.000000000,0.525100000,673.973500000,6.183100000,0.000000000,424.507400000,6.739100000,2044.640100000,2475.886600000,8.733900000,3165.844600000,25.774253500,1.551936315,e05276e0857e498130c00a3736dbbbcd32de966ef2019a26b3e606a2daacb2b0,2054,5,10,0.500000000,e43be5d676696d2e34d4c779814af6144a74b2ef693b0b87056a14ab3ebf432e,d264250c64dc5ccf17d151ab12da5b0dd48744013090b057723ab70d482ac94e,true,
PP_RETF,5,39,2026039,e6-20260713T122808.004988600,5,10,10,8,0.000000000,0.547000000,667.893300000,6.666700000,0.649100000,417.406700000,4.426100000,2058.415100000,2480.897000000,8.733900000,3165.300500000,25.774253500,1.551936315,22cbb550df6490a5ce55c58a54ffc31a6e92e15d90b0791cc069061097ce81cb,2054,5,10,0.500000000,9eecdd7bd31670dda09d87d093b6141b825c814ce192e395bae3a7ed39732c05,730def45c8c9a2e227cc114e8c65e520bc6698b6030364ab44a150c769d754ec,true,
PP_RETF,5,40,2026040,e6-20260713T122808.004988600,5,10,10,8,0.000000000,0.773200000,642.122400000,6.205100000,0.000000000,443.636600000,15.070500000,2055.121400000,2513.828500000,8.014900000,3171.486800000,25.774253500,1.551936315,fa5528f2ce4d9dc2fa66046f71092096c7431a00313adc63dd08fc8771775ce5,2047,5,10,0.500000000,752ad3b60c8dfd4c8d2b5506836b01536db4d949e432a461e9202a63fed33a24,ef7ec49b823cdeed7eb6dbe6176b4ce5ced1bfefc5391700f970b7edc613a953,true,
Plain_RETF,10,1,2026001,e6-20260713T122808.004988600,5,10,10,8,1.139600000,0.000000000,0.000000000,0.000000000,0.000000000,11.166000000,5.653000000,62.866200000,79.685200000,10.362100000,92.239900000,0.388641800,102.922536896,69e1279f2e75d0d59487010ed77d263e772bc39a2f6a7bfb0b7d5c154f57a2b3,2056,10,10,1.000000000,a68e12a5a2c3220019daad759a73cddda82e111073d702e90185a7461a10b9ba,915424028cd73bbb3945e8d6d3f2373da7874b91db6e3a63051fe0720ffc5394,true,
Plain_RETF,10,2,2026002,e6-20260713T122808.004988600,5,10,10,8,1.675700000,0.000000000,0.000000000,0.000000000,0.000000000,12.301600000,3.467100000,63.916500000,79.685200000,9.354100000,91.768000000,0.388641800,102.922536896,8db5131db4f1f498f0ff2980d7200cc1f8840468d5f61049baf771b5afbe2f78,2056,10,10,1.000000000,1cc68a23718444db9b3bcbe5d11f894084be4243ca8aec68123bf7180fc1219b,a1918b43614d94781913ca5d0c82477c6e44bc929ca1d13bd6355d9bbc4074c4,true,
Plain_RETF,10,3,2026003,e6-20260713T122808.004988600,5,10,10,8,1.675700000,0.000000000,0.000000000,0.000000000,0.000000000,12.826700000,4.517400000,62.866200000,80.210300000,13.475300000,95.889200000,0.388641800,102.922536896,69e5f4c2c2ab9202b2f5278ea8d1dcab10d75cffe147b63c5c6af2df34ccba33,2056,10,10,1.000000000,0d5100080af61a9dff90e107f0f4ff34f819a4db6018ae3035fe35a5cb9b2935,48dde755c003ffc35042c7a3f3d0e7698b60605c9123e39323ff396346e638e7,true,
Plain_RETF,10,4,2026004,e6-20260713T122808.004988600,5,10,10,8,1.675700000,0.000000000,0.000000000,0.000000000,0.000000000,12.301600000,7.856400000,59.527200000,79.685200000,10.362100000,92.776000000,0.388641800,102.922536896,2746dbf9423269921308a1088e6224df29894d120e7e024cfd42811ade349da0,2056,10,10,1.000000000,7dc8d69683f40c96c147bf745427edca49e897a81143dbad0544ae2425f6d7a3,59513103e364765dbba33d470ebcb65eaa1f336f79258808c34794f922f4596f,true,
Plain_RETF,10,5,2026005,e6-20260713T122808.004988600,5,10,10,8,2.203600000,0.000000000,0.000000000,0.000000000,0.000000000,11.166000000,4.602700000,63.916500000,79.685200000,8.786000000,91.199900000,0.388641800,102.922536896,e3bd08819482678cca422ad6f9bece34222a8481db8bf037f4a13333e6adc7c6,2056,10,10,1.000000000,2f2f3106be9d65843d155e9aa33e554ea100ee1dbc74b82f903cdd44388d24c6,f4ffa8692156c07fe4a945b1a8d181357cf8d9de21d8f1fffd8f6dd1f35448c6,true,
Plain_RETF,10,6,2026006,e6-20260713T122808.004988600,5,10,10,8,1.675700000,0.000000000,0.000000000,0.000000000,0.527900000,13.361100000,5.600200000,61.249000000,80.738200000,10.362100000,92.776000000,0.388641800,102.922536896,8eede81ba39f6b6ce8bed5ab0064a09a1193f9d735adbb49d707cd128edd4b25,2056,10,10,1.000000000,ff39cb867e1e2b9a35f94401e67845e09bc3de10c4cae21ae8193185bbfb8740,d4323103de0cae257ab7409eddfa6d784c20808a6fad9db9064bc4117b4faca5,true,
Plain_RETF,10,7,2026007,e6-20260713T122808.004988600,5,10,10,8,1.675700000,0.000000000,0.000000000,0.000000000,0.000000000,11.166000000,4.602700000,63.916500000,79.685200000,8.191300000,90.605200000,0.388641800,102.922536896,4682f2d7926a70f84cc03ab45b42f3e52e22a3e5499ccf5f698c2cf9d9aa8e4b,2056,10,10,1.000000000,75e0b36c40a47a0feef1e65aae7118a61470d6b39553d34250d9e96c46046b42,dfc704ec7a6df3158fe2f0029319ab8afd2bd6e1052b7e36d706f516752f66f4,true,
Plain_RETF,10,8,2026008,e6-20260713T122808.004988600,5,10,10,8,1.520200000,0.000000000,0.000000000,0.000000000,0.000000000,11.375500000,5.943400000,66.072600000,83.391500000,9.766800000,96.271500000,0.388641800,102.922536896,6bf1ecf8030ae55f756a555a2cd62c737391f953e9581089d39251ae150c3472,2057,10,10,1.000000000,c7421138ad62a3bf721bd045c46ae2a9d4781500120e40084992ee0784e5a025,645fce1d4f7cc315e8dd8fa65477b18ee93da741f5d247bde4ce5ac72e54221b,true,
Plain_RETF,10,9,2026009,e6-20260713T122808.004988600,5,10,10,8,1.675700000,0.000000000,0.000000000,0.000000000,0.000000000,11.770300000,3.998400000,63.916500000,79.685200000,7.654800000,90.068700000,0.388641800,102.922536896,e9d347e24910d3fc834354bc79bf8fdc067e05cb83a8c5162029ea8d97f3ccb1,2056,10,10,1.000000000,624dee71e7d83e8174240f3abd39fae6af1aff50e847e71f674c161ad19b4385,904c242c7feaf1bdb23018d703ccee4577dc58dd575a0cef4c72517c07c1ff5d,true,
Plain_RETF,10,10,2026010,e6-20260713T122808.004988600,5,10,10,8,1.131200000,0.000000000,0.000000000,0.000000000,0.000000000,13.949400000,4.278500000,69.852900000,88.080800000,9.766800000,98.978800000,0.388641800,102.922536896,d857b39d51d9b993b7a7f9284e4c13076792dabe81f1c9a006470bfd946e8312,2057,10,10,1.000000000,0467d306dc28fc5c77a8d122cea50ddad20261103d41f90ffe42c72df3f8b393,c2d00d789aaa52ee3d0632459fbb6b3be86f2e607f3c497e74d1471adeff8411,true,
Plain_RETF,10,11,2026011,e6-20260713T122808.004988600,5,10,10,8,1.162800000,0.000000000,0.000000000,0.000000000,0.000000000,12.894500000,3.757300000,69.852900000,86.504700000,9.766800000,98.442300000,0.388641800,102.922536896,c0f153d9f592de93cc8efe437606b71243b115fd488bc063a043a5104c23ea02,2057,10,10,1.000000000,af99285a46f2de40259eda72e30a255ccd487e5dcc5de2ca0d3c23d55f6ecf18,9373828dad33524a558951d536203b9ec6a0a76ac66682657e3191efeabdcff1,true,
Plain_RETF,10,12,2026012,e6-20260713T122808.004988600,5,10,10,8,2.528200000,0.000000000,0.000000000,0.000000000,0.000000000,13.537700000,3.792100000,67.654700000,84.984500000,9.766800000,97.279500000,0.388641800,102.922536896,bda504b106f431b5a6f3c9fad9bbe99c2506532ef67e62fd45f34f284e379ae5,2057,10,10,1.000000000,ae90fdde97d8e1d9f7468ccf8dfbedd30ab0198052f5a998355d8a26f06f3660,48cd659b73b5f22ad5dc658c6b151ef715dd4026df266502ae131cecec3c4a3b,true,
Plain_RETF,10,13,2026013,e6-20260713T122808.004988600,5,10,10,8,2.588900000,0.000000000,0.000000000,0.000000000,1.069300000,11.899200000,3.298000000,68.718000000,84.984500000,9.259200000,97.340000000,0.388641800,102.922536896,aab9b82cdfe550558c1112c9ea46203b6c032cc2be50b875e2c0eeb857a67fbd,2057,10,10,1.000000000,a20371d302fb831d287dd5a6b318cf3e584295fbc9de4172cdcc9f2e8a8f8879,24f3dcf79848dd55f068ebc48e31b4ad3ce4c511c27e960caf087e7ad3db9eed,true,
Plain_RETF,10,14,2026014,e6-20260713T122808.004988600,5,10,10,8,1.008000000,0.000000000,0.000000000,0.000000000,0.000000000,12.894500000,3.757300000,69.852900000,86.504700000,9.259200000,96.771900000,0.388641800,102.922536896,734d744185d7138585ce096433da4bcd3f3cd5a9b49d50cba17958cba1ff1ddf,2057,10,10,1.000000000,17cca03d1762a9be1eaa9c2b6912288c99f6bdfa85a0876d49109650d2129e61,353c140a88057c066f98826f47662084cf960c0a24b9a0b4d4bcd1f95fd8fa3a,true,
Plain_RETF,10,15,2026015,e6-20260713T122808.004988600,5,10,10,8,1.520200000,0.000000000,0.000000000,0.000000000,0.000000000,11.899200000,3.823700000,68.192300000,83.915200000,7.719000000,95.763900000,0.388641800,102.922536896,e9121d52ce4dd747f22d32af8d69f4f3378b9893ad831185cdaa7a0a301aca80,2057,10,10,1.000000000,ce83af01f011471f5496c04ea3eb429c6c0e0d03170061a1d64874c8aa444751,37361911c1eb3a2f96205725fa27f850219835de5798ecf3c08852ee262ff110,true,
Plain_RETF,10,16,2026016,e6-20260713T122808.004988600,5,10,10,8,1.139600000,0.000000000,0.000000000,0.000000000,0.525100000,11.166000000,4.602700000,63.916500000,80.210300000,10.362100000,92.239900000,0.388641800,102.922536896,828f75ed3e9d9f0ec45c5d5a4e10d5f10a147a5668a4d6f18f5af83613692f3f,2056,10,10,1.000000000,13416acc50f8feecfc06c2291fa3e12c310afb2360c4a601e4e9357c6d95d389,cb5ee8fc66d019b3b7c1f6b42b1c434c523514e8eef3507a718a672f1d137424,true,
Plain_RETF,10,17,2026017,e6-20260713T122808.004988600,5,10,10,8,1.584500000,0.000000000,0.000000000,0.000000000,0.000000000,14.739600000,3.749000000,68.542100000,87.030700000,9.205700000,97.820900000,0.388641800,102.922536896,8b385f240b9e4d084cc3a88e44b7d9d9c62d905a4e3ba2cf3daf7ca247e1a0f5,2059,10,10,1.000000000,e6d78ce468a82bbfaad8e862d935c901fec2891f68c913e7df9e7a18343a5660,c416b7d68173f4925ba6712903b379415894a682acc5a69fcd5f8dcc011cce20,true,
Plain_RETF,10,18,2026018,e6-20260713T122808.004988600,5,10,10,8,1.065700000,0.000000000,0.000000000,0.000000000,0.518800000,13.083300000,2.729100000,71.218300000,87.549500000,10.282700000,98.897900000,0.388641800,102.922536896,b4ca88c2f7ab06cd98fbdaee29c695cd381ea7fb548577e6924435cf0294f889,2059,10,10,1.000000000,294bd829623974e0206edc717d0de205dc360f898406c99ce6c23f742b15288f,7f8191e0ca30672181ff752091fc654240874ee9d759ad9993740c99bb4067b4,true,
Plain_RETF,10,19,2026019,e6-20260713T122808.004988600,5,10,10,8,1.065700000,0.000000000,0.000000000,0.000000000,0.000000000,13.616400000,3.806900000,69.607400000,87.030700000,10.282700000,98.897900000,0.388641800,102.922536896,da89ab24416c0ac7ce388b4f4dca9d9ec44f256eeaeaf11dd16ccaec4adcd386,2059,10,10,1.000000000,5b3d5672030c5d48e554ea36fc2460d1b0c31d6fa468089b17292e7fd48a921a,1b47e04f4ea8575b39416b5f264a3c985509d93982f98557664eadb0b8021521,true,
Plain_RETF,10,20,2026020,e6-20260713T122808.004988600,5,10,10,8,1.496800000,0.000000000,0.000000000,0.000000000,0.000000000,14.051400000,3.910800000,71.447900000,89.410100000,8.548300000,100.537800000,0.388641800,102.922536896,8bb756061d2473db1aa0f662497865eeeca5fda8a84193014afee82f51be587b,2058,10,10,1.000000000,e8ee71a55d1985dd0959d1f1c9fd7e85951d78c5db0e2afc188cff727ba902df,e74508da0384f2a31f934a9b733f3a7863416b34e7db6fcd462bce9027ba1570,true,
Plain_RETF,10,21,2026021,e6-20260713T122808.004988600,5,10,10,8,1.102800000,0.000000000,0.000000000,0.000000000,0.000000000,11.379700000,4.312900000,66.596100000,82.288700000,9.766800000,93.158300000,0.388641800,102.922536896,22aa77169c5a99aae277a568febd2fdb1f1137a340ac2d2f9f0a58ecd066af87,2057,10,10,1.000000000,a5c3345f17e36dad6c6da93c2c3cab8187c5d53c26aae251fd5eda4d90593c8b,7ca4b71d6891c5405e7c3312471cfe2324ff5b4c48b91b9cf329b769b025e849,true,
Plain_RETF,10,22,2026022,e6-20260713T122808.004988600,5,10,10,8,1.137900000,0.000000000,0.000000000,0.000000000,0.000000000,11.886700000,6.055200000,70.129000000,88.070900000,9.205700000,98.958800000,0.388641800,102.922536896,398a722d7750123381b672ec472bedcb87427245029af482c29184cac1782e19,2059,10,10,1.000000000,984f834c82f5a149f0d846bf4e48ff93634f779c0e4f7fbf54b9a5671db37add,41a6c5a8bba0b74ad7ccd2cc011081ababa2e503c8218112cdfbdb0d71898144,true,
Plain_RETF,10,23,2026023,e6-20260713T122808.004988600,5,10,10,8,1.139600000,0.000000000,0.000000000,0.000000000,1.053000000,12.301600000,4.517400000,62.866200000,80.738200000,8.786000000,90.663800000,0.388641800,102.922536896,dc0914ed22b6fa3de94b20e9d4cb21eb312b70eceebdfa4ae40b732ef42ec77b,2056,10,10,1.000000000,47a4edf522f6cba0cc560c1552b9c8b6f237a14c7cdf0b26bb332d2de596fa71,244fde132fc219519fb4cc6b800c095f2f9ef22d3d7e5aacdc1ca66574cea3d2,true,
Plain_RETF,10,24,2026024,e6-20260713T122808.004988600,5,10,10,8,1.025100000,0.000000000,0.000000000,0.000000000,0.000000000,14.594200000,3.890800000,70.925100000,89.410100000,8.548300000,100.066100000,0.388641800,102.922536896,34d1cdb814e7e88b21457c699e815147a5581be555a5e42cbf0078444e15dc8c,2058,10,10,1.000000000,90e321e93d1a3f23a33f2393a4502e86d4ab590c9acc1545de910bd78f20ca0c,ae7325fb5285579e9f5e42ab2656c1f893d115de6c14874ba877e9bcfb80aedb,true,
Plain_RETF,10,25,2026025,e6-20260713T122808.004988600,5,10,10,8,2.084000000,0.000000000,0.000000000,0.000000000,0.000000000,15.143600000,4.487400000,69.245700000,88.876700000,10.243300000,101.204000000,0.388641800,102.922536896,d2f3412b2087f5883958c1284d23cea6458f2fa65e8a78a1c9355ca1bcfcbd25,2058,10,10,1.000000000,64e9ba59457264f6d049ace10cea6ffc8390ee73a49d44ed31e0abd4b1f0e00d,c7848645628be8689f4a37af5ea39dd547c5131a1d6457fc1a7b84396e0d3a3e,true,
Plain_RETF,10,26,2026026,e6-20260713T122808.004988600,5,10,10,8,1.576400000,0.000000000,0.000000000,0.000000000,0.000000000,14.603300000,5.027700000,69.245700000,88.876700000,9.105400000,99.558500000,0.388641800,102.922536896,fc6639d542af8e902c65555a6b5467ecefed8a03b745fa591f7758c41fc3ab96,2058,10,10,1.000000000,9797ab1aa25ed6cea0e9e008e74ed9954384150112062ea4cd93de9534ff7304,08e57c508c38c6319a0cf57d8dcfba621a93fe1e3e4bca55c51123e07d7f6583,true,
Plain_RETF,10,27,2026027,e6-20260713T122808.004988600,5,10,10,8,1.576400000,0.000000000,0.000000000,0.000000000,0.000000000,14.060800000,3.890800000,70.925100000,88.876700000,10.243300000,100.696400000,0.388641800,102.922536896,9f05b5bda3413bf394eec5916e53103f1d2675663f0aa684e8a81e407a2424c0,2058,10,10,1.000000000,b67f36345a66d2fbd2d77aa249d64eb3984c7b08277131d6562abc269f9971a1,31ed37f69f5b4876500225f08db13ab80f580b287f4db45a919f1cbe00a2c08e,true,
Plain_RETF,10,28,2026028,e6-20260713T122808.004988600,5,10,10,8,1.576400000,0.000000000,0.000000000,0.000000000,0.000000000,15.143600000,4.487400000,69.752600000,89.383600000,9.179700000,100.139700000,0.388641800,102.922536896,04e526ca88eb72c85b2d3dbd9dc6924a1acf35e06162410c9979abb252dbf7b0,2058,10,10,1.000000000,8fca761cf28bf3de53a7505b3c1ea5b0122b2f85c94e23d7af2958e31fa880ac,dd2d122ff5a3ec7feb77d5dfa64374c482eadb3907868b7316ee7731fae1c46f,true,
Plain_RETF,10,29,2026029,e6-20260713T122808.004988600,5,10,10,8,1.576400000,0.000000000,0.000000000,0.000000000,0.000000000,14.603300000,3.348300000,70.925100000,88.876700000,9.686600000,100.696400000,0.388641800,102.922536896,79f91d69914f6ace91be783b5c05c4dbda0ec941ed4499df9d7a8d3d164ce575,2058,10,10,1.000000000,5e938999d62c5d01be91d08ea25581f0d0d00c8ae5ce401541f9597afa5d9032,817daecce1df4e6e3d6f86340a858a0c7403d55aa5bf7f91e69278947828237a,true,
Plain_RETF,10,30,2026030,e6-20260713T122808.004988600,5,10,10,8,1.025100000,0.000000000,0.000000000,0.000000000,0.525500000,12.440800000,4.872400000,72.096900000,89.935600000,9.686600000,100.647300000,0.388641800,102.922536896,3084bc637baa27eff78b146f5bd4276d4dbe4a9bbd77893fe9c2b93e9c44d4d8,2058,10,10,1.000000000,0b699d2f1501dad6ff0d0359a12bf81d5360ae2e96b4ead6e2b4cae9a4a83570,4fa367ea2114e41e9c85e4fd042d5aca0ab8df46d1169af51890f4fe75533544,true,
Plain_RETF,10,31,2026031,e6-20260713T122808.004988600,5,10,10,8,1.576400000,0.000000000,0.000000000,0.000000000,0.000000000,11.907400000,4.872400000,72.096900000,88.876700000,9.686600000,100.139700000,0.388641800,102.922536896,1ca9d079925e33800c07168f25f23f81097d30a2626976ac58f3e477d5ae7096,2058,10,10,1.000000000,8fa256f362c101caba129f106dcbf1d36153f8f9f23bc6f4ee97206109ac1cbf,3fd79e9de41d5716026360bd8f9317e6da81d545772a7d752d5abc4ff1d13d66,true,
Plain_RETF,10,32,2026032,e6-20260713T122808.004988600,5,10,10,8,1.137900000,0.000000000,0.000000000,0.000000000,0.544300000,13.058700000,3.258400000,71.753800000,88.615200000,10.282700000,100.035800000,0.388641800,102.922536896,cdd3235e8506e583f38610f4fb0fce701e5314ae8d24f031d89f4b1118aa41ea,2059,10,10,1.000000000,6978b77ec34dffab417a893aed83f76b49c91bdffc5d3e03914e6d76a7da0201,275344e45aaf3af8dc1aa2f9fb46466fab4df52625ac42e8b4a6fb9d0dddcfc6,true,
Plain_RETF,10,33,2026033,e6-20260713T122808.004988600,5,10,10,8,0.581200000,0.000000000,0.000000000,0.000000000,0.544300000,13.058700000,3.793900000,71.218300000,88.615200000,9.762000000,99.515100000,0.388641800,102.922536896,7c7489fb1742fb0110ac80ffdde843503ae15ee29e910360fe617fae976bcb3d,2059,10,10,1.000000000,15073183f05a13d8070a61996db1665a4ca23debd7c0da5bfd077d1002cf714b,4e8c6baebe7a019c36606deb6c3ceb4aaa94cc24caba45e802854e1da3837f8c,true,
Plain_RETF,10,34,2026034,e6-20260713T122808.004988600,5,10,10,8,1.576400000,0.000000000,0.000000000,0.000000000,0.000000000,14.060800000,3.890800000,70.925100000,88.876700000,9.686600000,100.139700000,0.388641800,102.922536896,389f7b094afdb6202d1a5d8860ae54448d3074f2670f68cd6088a615478096fa,2058,10,10,1.000000000,a8a513453a1198e29ef040ab34576f762009dcd70eaf048fbc7b7804e57e3bf6,70e25716fa789191dc5e6704bc683fe1f37e1b5d2637467618a352ac9a2cfd17,true,
Plain_RETF,10,35,2026035,e6-20260713T122808.004988600,5,10,10,8,1.622400000,0.000000000,0.000000000,0.000000000,0.000000000,12.537300000,3.793900000,71.218300000,87.549500000,9.762000000,98.933900000,0.388641800,102.922536896,d9d63a92df184ccac4e3e05336916902578f2b84b3a9adf6ea21e665df12b679,2059,10,10,1.000000000,24e87a487315cf6739f1aabf237381baa8edd7cb1061a109088ee9ca560d16fe,97019b21704c8e9cd87d5203f2da9562363c3e2ca8ebd47bb732939a3b105b31,true,
Plain_RETF,10,36,2026036,e6-20260713T122808.004988600,5,10,10,8,1.622400000,0.000000000,0.000000000,0.000000000,0.000000000,12.560700000,3.251700000,71.218300000,87.030700000,10.282700000,99.454600000,0.388641800,102.922536896,dcd77412fe50e60e7995c078dc1c4e99ceb37aa9739b66f00bc34e366f2c7974,2059,10,10,1.000000000,7fbfee52b2d95c4f487aa1c91e50834fee3c3dcc5979e9d2c7bedf0992c100d2,f36714c239f74f28797ea3d07b35e1d7c5b6d10d37dfe5c624dcb5bf9a627fb2,true,
Plain_RETF,10,37,2026037,e6-20260713T122808.004988600,5,10,10,8,1.622400000,0.000000000,0.000000000,0.000000000,0.000000000,14.739600000,3.749000000,69.049300000,87.537900000,8.166400000,98.377600000,0.388641800,102.922536896,9f09397640179dd5c99aa298b175102ad1f685fefe0e119b3055ad4c57ed1302,2059,10,10,1.000000000,d6cebd1a2c5a7a971f56e2b709d28bbeaeb2a37370abea7f98c2cfe3126f2dc6,e45db30c963defd8ff2ed149296af0677df8e478dab09936fd700cca40ddd353,true,
Plain_RETF,10,38,2026038,e6-20260713T122808.004988600,5,10,10,8,1.584500000,0.000000000,0.000000000,0.000000000,0.000000000,12.560700000,3.802500000,70.667500000,87.030700000,10.282700000,98.897900000,0.388641800,102.922536896,a6d9c710a67a499ac85333649d478c41bb26eef7116cff36d9d96a8827992d5f,2059,10,10,1.000000000,e43be5d676696d2e34d4c779814af6144a74b2ef693b0b87056a14ab3ebf432e,d264250c64dc5ccf17d151ab12da5b0dd48744013090b057723ab70d482ac94e,true,
Plain_RETF,10,39,2026039,e6-20260713T122808.004988600,5,10,10,8,1.012800000,0.000000000,0.000000000,0.000000000,0.000000000,12.438800000,3.827700000,68.718000000,84.984500000,9.766800000,96.271500000,0.388641800,102.922536896,03d52a65a65df8e37ee97a179d8d2e4ce9aefd482448205094b27e4a31283d4b,2057,10,10,1.000000000,9eecdd7bd31670dda09d87d093b6141b825c814ce192e395bae3a7ed39732c05,730def45c8c9a2e227cc114e8c65e520bc6698b6030364ab44a150c769d754ec,true,
Plain_RETF,10,40,2026040,e6-20260713T122808.004988600,5,10,10,8,1.012800000,0.000000000,0.000000000,0.000000000,0.000000000,12.438800000,4.891000000,67.654700000,84.984500000,7.719000000,95.292200000,0.388641800,102.922536896,a33cc96ab2e0381312253047c647167e112f0c633a9d0424f30ecb978d84b24a,2057,10,10,1.000000000,752ad3b60c8dfd4c8d2b5506836b01536db4d949e432a461e9202a63fed33a24,ef7ec49b823cdeed7eb6dbe6176b4ce5ced1bfefc5391700f970b7edc613a953,true,
PP_RETF,20,1,2026001,e6-20260713T122808.004988600,5,10,10,8,0.000000000,0.537200000,1612.461400000,9.936600000,0.000000000,1153.322900000,8.503700000,195.172500000,1356.999100000,20.172100000,3000.657500000,5.903328700,6.775838181,8a760d2ddbc37963099f04e3339bcc0bd0adbe411c604fc05b7c761884243b44,2063,10,10,1.000000000,a68e12a5a2c3220019daad759a73cddda82e111073d702e90185a7461a10b9ba,915424028cd73bbb3945e8d6d3f2373da7874b91db6e3a63051fe0720ffc5394,true,
PP_RETF,20,2,2026002,e6-20260713T122808.004988600,5,10,10,8,0.000000000,0.000000000,1686.211900000,10.279600000,0.000000000,1020.899100000,6.054300000,108.485200000,1135.438600000,27.106300000,2859.582400000,5.903328700,6.775838181,d8f9e266572d9ebd65d72fbb26dbe0594c7c77fe1e4ab0cf13b2224b645b6dbd,2061,10,10,1.000000000,1cc68a23718444db9b3bcbe5d11f894084be4243ca8aec68123bf7180fc1219b,a1918b43614d94781913ca5d0c82477c6e44bc929ca1d13bd6355d9bbc4074c4,true,
PP_RETF,20,3,2026003,e6-20260713T122808.004988600,5,10,10,8,0.000000000,0.530600000,1688.913900000,7.593000000,0.000000000,1051.770800000,12.038000000,198.503400000,1262.312200000,20.712000000,2981.129500000,5.903328700,6.775838181,3a5f24d172c2746dcdc8b7aaf0ca14ab0bcbaabcaf3d234fb003ba588df0ee6e,2062,10,10,1.000000000,0d5100080af61a9dff90e107f0f4ff34f819a4db6018ae3035fe35a5cb9b2935,48dde755c003ffc35042c7a3f3d0e7698b60605c9123e39323ff396346e638e7,true,
PP_RETF,20,4,2026004,e6-20260713T122808.004988600,5,10,10,8,0.000000000,0.619800000,1562.466600000,6.521900000,0.000000000,996.605400000,7.935100000,258.455200000,1262.995700000,15.480400000,2848.614400000,5.903328700,6.775838181,2a6bebcb788a632e38f152b8a882526477dfc8a9c78aa8bc2bf17bbb8b835d7e,2061,10,10,1.000000000,7dc8d69683f40c96c147bf745427edca49e897a81143dbad0544ae2425f6d7a3,59513103e364765dbba33d470ebcb65eaa1f336f79258808c34794f922f4596f,true,
PP_RETF,20,5,2026005,e6-20260713T122808.004988600,5,10,10,8,0.000000000,0.000000000,1770.712400000,6.326800000,0.532600000,1009.193000000,4.029800000,168.575300000,1182.330700000,21.759600000,2981.129500000,5.903328700,6.775838181,e05f1e02d5747daeb3c7988e2d173d9001e771ea5d7506812505ec8d92b31ede,2062,10,10,1.000000000,2f2f3106be9d65843d155e9aa33e554ea100ee1dbc74b82f903cdd44388d24c6,f4ffa8692156c07fe4a945b1a8d181357cf8d9de21d8f1fffd8f6dd1f35448c6,true,
PP_RETF,20,6,2026006,e6-20260713T122808.004988600,5,10,10,8,0.000000000,0.000000000,1731.063600000,7.350100000,0.000000000,990.406100000,4.306600000,226.752000000,1221.464700000,21.251100000,2981.129500000,5.903328700,6.775838181,df0d6278e6c12253d929fc2d033b38bc77949eb82b1833b24ba6722b6bc2dc8f,2062,10,10,1.000000000,ff39cb867e1e2b9a35f94401e67845e09bc3de10c4cae21ae8193185bbfb8740,d4323103de0cae257ab7409eddfa6d784c20808a6fad9db9064bc4117b4faca5,true,
PP_RETF,20,7,2026007,e6-20260713T122808.004988600,5,10,10,8,0.000000000,0.000000000,1690.047600000,7.518600000,0.000000000,963.972900000,4.831500000,165.021400000,1133.825800000,26.009300000,2858.485400000,5.903328700,6.775838181,b35b417a4538fa811beeabf306d83965135bfa774f3993f6db0a80381aa368de,2061,10,10,1.000000000,75e0b36c40a47a0feef1e65aae7118a61470d6b39553d34250d9e96c46046b42,dfc704ec7a6df3158fe2f0029319ab8afd2bd6e1052b7e36d706f516752f66f4,true,
PP_RETF,20,8,2026008,e6-20260713T122808.004988600,5,10,10,8,0.000000000,0.000000000,1640.196800000,11.076700000,0.000000000,1010.815400000,4.302300000,166.208500000,1181.326200000,15.480400000,2848.614400000,5.903328700,6.775838181,113303ebc336a5c7776f7427165285112c5b141f26cce76a026f3c75cd736fef,2061,10,10,1.000000000,c7421138ad62a3bf721bd045c46ae2a9d4781500120e40084992ee0784e5a025,645fce1d4f7cc315e8dd8fa65477b18ee93da741f5d247bde4ce5ac72e54221b,true,
PP_RETF,20,9,2026009,e6-20260713T122808.004988600,5,10,10,8,0.000000000,0.000000000,1623.147700000,7.952500000,0.000000000,1060.432300000,5.355800000,136.245700000,1202.033800000,20.327400000,2853.461400000,5.903328700,6.775838181,7ce493d995328201a955320cbfa1737fb5b9c5595b8c0ee09f6d3db0361dcb77,2061,10,10,1.000000000,624dee71e7d83e8174240f3abd39fae6af1aff50e847e71f674c161ad19b4385,904c242c7feaf1bdb23018d703ccee4577dc58dd575a0cef4c72517c07c1ff5d,true,
PP_RETF,20,10,2026010,e6-20260713T122808.004988600,5,10,10,8,0.000000000,0.000000000,1707.689500000,7.109200000,0.553100000,1054.713900000,6.905900000,182.398300000,1244.571200000,21.759600000,2981.129500000,5.903328700,6.775838181,f67efe4e1aa8beceb6216979fa5f95a8c2a749247cc3e452b362ee4a2fb94dc1,2062,10,10,1.000000000,0467d306dc28fc5c77a8d122cea50ddad20261103d41f90ffe42c72df3f8b393,c2d00d789aaa52ee3d0632459fbb6b3be86f2e607f3c497e74d1471adeff8411,true,
PP_RETF,20,11,2026011,e6-20260713T122808.004988600,5,10,10,8,0.000000000,0.000000000,1591.334200000,6.561900000,0.000000000,968.307600000,7.384800000,259.005500000,1234.697900000,26.448400000,2859.582400000,5.903328700,6.775838181,7edb894e7dcdd0444b839c634257860dfd26afb693e57ac4407ae32be44386bf,2061,10,10,1.000000000,af99285a46f2de40259eda72e30a255ccd487e5dcc5de2ca0d3c23d55f6ecf18,9373828dad33524a558951d536203b9ec6a0a76ac66682657e3191efeabdcff1,true,
PP_RETF,20,12,2026012,e6-20260713T122808.004988600,5,10,10,8,0.000000000,0.579400000,1674.815500000,6.980700000,0.539700000,1038.251500000,7.653000000,230.550100000,1276.994300000,21.759600000,2981.129500000,5.903328700,6.775838181,600348cfd6254c7b20b1c8e521aa33c90eb2fc45ab90adbd8fe6001b0827dd0c,2062,10,10,1.000000000,ae90fdde97d8e1d9f7468ccf8dfbedd30ab0198052f5a998355d8a26f06f3660,48cd659b73b5f22ad5dc658c6b151ef715dd4026df266502ae131cecec3c4a3b,true,
PP_RETF,20,13,2026013,e6-20260713T122808.004988600,5,10,10,8,0.000000000,0.617500000,1678.557100000,4.826300000,0.000000000,990.078600000,5.668100000,152.847100000,1148.593800000,20.327400000,2853.461400000,5.903328700,6.775838181,90a8a5e9de8cb143bea2b888444afd525d30a937437aa7886c8524ceda3bf376,2061,10,10,1.000000000,a20371d302fb831d287dd5a6b318cf3e584295fbc9de4172cdcc9f2e8a8f8879,24f3dcf79848dd55f068ebc48e31b4ad3ce4c511c27e960caf087e7ad3db9eed,true,
PP_RETF,20,14,2026014,e6-20260713T122808.004988600,5,10,10,8,0.000000000,0.000000000,1609.020700000,6.025100000,0.000000000,1001.114800000,14.398100000,202.575300000,1218.088200000,25.351400000,2858.485400000,5.903328700,6.775838181,87264f47525efd3acccfc889bc8c390b65c3f3a3293e12b0a8d9b4dc707ba4ae,2061,10,10,1.000000000,17cca03d1762a9be1eaa9c2b6912288c99f6bdfa85a0876d49109650d2129e61,353c140a88057c066f98826f47662084cf960c0a24b9a0b4d4bcd1f95fd8fa3a,true,
PP_RETF,20,15,2026015,e6-20260713T122808.004988600,5,10,10,8,0.000000000,0.000000000,1722.395400000,7.570600000,0.546600000,1010.539500000,4.497200000,214.329100000,1229.912400000,20.712000000,2980.590400000,5.903328700,6.775838181,e73c9ba8420b18cd21959c349617f5433edec09a4885aaf1e940fce039fe8d87,2062,10,10,1.000000000,ce83af01f011471f5496c04ea3eb429c6c0e0d03170061a1d64874c8aa444751,37361911c1eb3a2f96205725fa27f850219835de5798ecf3c08852ee262ff110,true,
PP_RETF,20,16,2026016,e6-20260713T122808.004988600,5,10,10,8,0.000000000,0.000000000,1831.091500000,7.216100000,0.000000000,994.303200000,8.822300000,190.358900000,1193.484400000,10.079800000,3041.871800000,5.903328700,6.775838181,eec1695dd1374fe61482fc093ee0d89c4a3a618964a6323a75f48164aa4fd88d,2064,10,10,1.000000000,13416acc50f8feecfc06c2291fa3e12c310afb2360c4a601e4e9357c6d95d389,cb5ee8fc66d019b3b7c1f6b42b1c434c523514e8eef3507a718a672f1d137424,true,
PP_RETF,20,17,2026017,e6-20260713T122808.004988600,5,10,10,8,0.000000000,0.312200000,1754.038500000,7.657800000,0.000000000,984.209400000,5.025900000,157.904100000,1147.139400000,11.337100000,2920.485000000,5.903328700,6.775838181,71ac2e579581a415d1bee60ccad13353db4cf98bacd47046ef8e6a82e31cb66d,2064,10,10,1.000000000,e6d78ce468a82bbfaad8e862d935c901fec2891f68c913e7df9e7a18343a5660,c416b7d68173f4925ba6712903b379415894a682acc5a69fcd5f8dcc011cce20,true,
PP_RETF,20,18,2026018,e6-20260713T122808.004988600,5,10,10,8,0.000000000,0.520700000,1761.565200000,8.099100000,0.000000000,1023.482200000,4.591100000,161.092700000,1189.166000000,9.906800000,2969.785200000,5.903328700,6.775838181,f401ac09afd36e732b7d3447ffd649a602a7daada55b6e56b732b752ba67eefe,2062,10,10,1.000000000,294bd829623974e0206edc717d0de205dc360f898406c99ce6c23f742b15288f,7f8191e0ca30672181ff752091fc654240874ee9d759ad9993740c99bb4067b4,true,
PP_RETF,20,19,2026019,e6-20260713T122808.004988600,5,10,10,8,0.000000000,1.010700000,1528.813600000,5.907100000,0.000000000,1047.666100000,4.924200000,391.570700000,1444.161000000,20.679600000,3001.165000000,5.903328700,6.775838181,2987a200c162bc78d61a75a702cd212a46850f4132c6f7fd999f8ecf43cc7360,2063,10,10,1.000000000,5b3d5672030c5d48e554ea36fc2460d1b0c31d6fa468089b17292e7fd48a921a,1b47e04f4ea8575b39416b5f264a3c985509d93982f98557664eadb0b8021521,true,
PP_RETF,20,20,2026020,e6-20260713T122808.004988600,5,10,10,8,0.000000000,2.028500000,1548.048100000,24.752200000,0.000000000,1041.497900000,4.815300000,226.320300000,1272.633500000,21.222800000,2869.732200000,5.903328700,6.775838181,9692d917a76d9eb0f722314b236807ea7e5edc7d42e5edbdcf4873589125c2e8,2063,10,10,1.000000000,e8ee71a55d1985dd0959d1f1c9fd7e85951d78c5db0e2afc188cff727ba902df,e74508da0384f2a31f934a9b733f3a7863416b34e7db6fcd462bce9027ba1570,true,
PP_RETF,20,21,2026021,e6-20260713T122808.004988600,5,10,10,8,0.000000000,0.000000000,1744.899300000,5.846300000,0.726200000,989.580300000,4.497200000,214.329100000,1209.132800000,21.251100000,2981.129500000,5.903328700,6.775838181,ff996645cf7afabfccb1b77433cd6e2ae69727f0fbe7429f52c151e03e3ec28d,2062,10,10,1.000000000,a5c3345f17e36dad6c6da93c2c3cab8187c5d53c26aae251fd5eda4d90593c8b,7ca4b71d6891c5405e7c3312471cfe2324ff5b4c48b91b9cf329b769b025e849,true,
PP_RETF,20,22,2026022,e6-20260713T122808.004988600,5,10,10,8,0.000000000,0.000000000,1510.387600000,5.425000000,0.544700000,1151.622000000,6.915500000,300.743600000,1459.825800000,21.222800000,2996.861200000,5.903328700,6.775838181,42fd4bab31e6edc20943f14016bdd4cb837485d6c6165f07f9579c5d384c0588,2063,10,10,1.000000000,984f834c82f5a149f0d846bf4e48ff93634f779c0e4f7fbf54b9a5671db37add,41a6c5a8bba0b74ad7ccd2cc011081ababa2e503c8218112cdfbdb0d71898144,true,
PP_RETF,20,23,2026023,e6-20260713T122808.004988600,5,10,10,8,0.000000000,0.000000000,1657.539800000,16.632100000,0.000000000,1063.907800000,4.822200000,232.203000000,1300.933000000,20.172100000,2995.810500000,5.903328700,6.775838181,95731a3913672aa60f6af32f2b64455b91e7aebdc5b7f382cd77568f87023bf4,2063,10,10,1.000000000,47a4edf522f6cba0cc560c1552b9c8b6f237a14c7cdf0b26bb332d2de596fa71,244fde132fc219519fb4cc6b800c095f2f9ef22d3d7e5aacdc1ca66574cea3d2,true,
PP_RETF,20,24,2026024,e6-20260713T122808.004988600,5,10,10,8,0.000000000,0.000000000,1617.514900000,6.502600000,0.000000000,1088.205700000,4.241100000,263.485700000,1355.932500000,22.275700000,3002.761100000,5.903328700,6.775838181,cede0a8d686460af1a11df3a25e874bac07dd3af4ccef84af8d73818a8ee11c4,2063,10,10,1.000000000,90e321e93d1a3f23a33f2393a4502e86d4ab590c9acc1545de910bd78f20ca0c,ae7325fb5285579e9f5e42ab2656c1f893d115de6c14874ba877e9bcfb80aedb,true,
PP_RETF,20,25,2026025,e6-20260713T122808.004988600,5,10,10,8,0.000000000,0.554400000,1694.280500000,7.015000000,0.000000000,961.220300000,4.716300000,190.999400000,1156.936000000,21.222800000,2881.061700000,5.903328700,6.775838181,a4b073423a090dda31d19dabe3583e0428c324ede6026115dcb00939b392396c,2063,10,10,1.000000000,64e9ba59457264f6d049ace10cea6ffc8390ee73a49d44ed31e0abd4b1f0e00d,c7848645628be8689f4a37af5ea39dd547c5131a1d6457fc1a7b84396e0d3a3e,true,
PP_RETF,20,26,2026026,e6-20260713T122808.004988600,5,10,10,8,0.000000000,0.000000000,1677.103100000,9.048800000,0.000000000,982.854000000,5.156400000,173.820300000,1161.830700000,20.172100000,2868.681500000,5.903328700,6.775838181,c99bac8f339047aea13b5d6c2b82afa35bf12f1d1a1d0c1136fae966480ee1ee,2063,10,10,1.000000000,9797ab1aa25ed6cea0e9e008e74ed9954384150112062ea4cd93de9534ff7304,08e57c508c38c6319a0cf57d8dcfba621a93fe1e3e4bca55c51123e07d7f6583,true,
PP_RETF,20,27,2026027,e6-20260713T122808.004988600,5,10,10,8,0.000000000,0.000000000,1783.033100000,11.265700000,0.547400000,967.624000000,5.007100000,192.401100000,1165.579600000,20.712000000,2980.590400000,5.903328700,6.775838181,1c87cd024ab4e5b84219da85e1a660c62ca52e9abdf302d5c156cb05e262d527,2062,10,10,1.000000000,b67f36345a66d2fbd2d77aa249d64eb3984c7b08277131d6562abc269f9971a1,31ed37f69f5b4876500225f08db13ab80f580b287f4db45a919f1cbe00a2c08e,true,
PP_RETF,20,28,2026028,e6-20260713T122808.004988600,5,10,10,8,0.000000000,0.000000000,1630.554100000,6.046200000,0.526500000,1068.826200000,4.265300000,122.915700000,1196.533700000,28.161100000,2861.831900000,5.903328700,6.775838181,323c5abf155b4c156e450ae23086e6e29698e036f25889ca7004c508a4bd4111,2061,10,10,1.000000000,8fca761cf28bf3de53a7505b3c1ea5b0122b2f85c94e23d7af2958e31fa880ac,dd2d122ff5a3ec7feb77d5dfa64374c482eadb3907868b7316ee7731fae1c46f,true,
PP_RETF,20,29,2026029,e6-20260713T122808.004988600,5,10,10,8,0.000000000,0.509900000,1662.876200000,5.458300000,0.000000000,1070.020300000,4.902100000,215.564400000,1290.486800000,9.906800000,2969.785200000,5.903328700,6.775838181,2a0d1a8de9e1fcd90243ac2fd778748f86f9d11f1282fc4707fd074c38eab87a,2062,10,10,1.000000000,5e938999d62c5d01be91d08ea25581f0d0d00c8ae5ce401541f9597afa5d9032,817daecce1df4e6e3d6f86340a858a0c7403d55aa5bf7f91e69278947828237a,true,
PP_RETF,20,30,2026030,e6-20260713T122808.004988600,5,10,10,8,0.000000000,0.000000000,1845.595800000,6.968200000,0.000000000,989.495800000,5.387100000,183.248100000,1178.131000000,12.512600000,3043.207600000,5.903328700,6.775838181,68043fc2f0d14924baa8d2c1525a4e9e8f410ade8ddda55e8c16fe4885b42215,2064,10,10,1.000000000,0b699d2f1501dad6ff0d0359a12bf81d5360ae2e96b4ead6e2b4cae9a4a83570,4fa367ea2114e41e9c85e4fd042d5aca0ab8df46d1169af51890f4fe75533544,true,
PP_RETF,20,31,2026031,e6-20260713T122808.004988600,5,10,10,8,0.000000000,0.648700000,1731.590300000,9.051300000,0.000000000,1042.056000000,3.262700000,182.394500000,1227.713200000,20.172100000,2989.689500000,5.903328700,6.775838181,01656cbafc640f263136760d206f7892fc539a81b9416700e7f2d2d78a9591ae,2063,10,10,1.000000000,8fa256f362c101caba129f106dcbf1d36153f8f9f23bc6f4ee97206109ac1cbf,3fd79e9de41d5716026360bd8f9317e6da81d545772a7d752d5abc4ff1d13d66,true,
PP_RETF,20,32,2026032,e6-20260713T122808.004988600,5,10,10,8,0.000000000,0.000000000,1787.817400000,8.044200000,0.804400000,1055.635300000,3.726100000,172.418100000,1232.583900000,9.468200000,3038.525300000,5.903328700,6.775838181,3c93d4a37b7ef8a54f5070bf93385324ae83cc9c53c9d45a4342c778a9be5141,2064,10,10,1.000000000,6978b77ec34dffab417a893aed83f76b49c91bdffc5d3e03914e6d76a7da0201,275344e45aaf3af8dc1aa2f9fb46466fab4df52625ac42e8b4a6fb9d0dddcfc6,true,
PP_RETF,20,33,2026033,e6-20260713T122808.004988600,5,10,10,8,0.000000000,0.539100000,1705.965100000,11.143200000,0.000000000,1044.913900000,4.359300000,153.023800000,1202.297000000,10.079800000,2930.572000000,5.903328700,6.775838181,61132b559d5d1a7e0e73fe7a18e3ea54f6e5acf50fe0082560010bb972e6c784,2064,10,10,1.000000000,15073183f05a13d8070a61996db1665a4ca23debd7c0da5bfd077d1002cf714b,4e8c6baebe7a019c36606deb6c3ceb4aaa94cc24caba45e802854e1da3837f8c,true,
PP_RETF,20,34,2026034,e6-20260713T122808.004988600,5,10,10,8,0.000000000,0.000000000,1831.091500000,7.216100000,0.000000000,1051.050500000,3.847800000,138.059100000,1192.957400000,11.337100000,3043.129100000,5.903328700,6.775838181,9950af66de5ca4e2d3ff4014d11b64f0875b252ec854d7743062eda09193298a,2064,10,10,1.000000000,a8a513453a1198e29ef040ab34576f762009dcd70eaf048fbc7b7804e57e3bf6,70e25716fa789191dc5e6704bc683fe1f37e1b5d2637467618a352ac9a2cfd17,true,
PP_RETF,20,35,2026035,e6-20260713T122808.004988600,5,10,10,8,0.000000000,0.523800000,1677.368400000,8.247400000,0.000000000,1016.999500000,6.273900000,199.181200000,1222.454600000,11.337100000,2920.485000000,5.903328700,6.775838181,ed9d04a97c36013a641adccff3bfd49b6b1a8d8481f16d54733515e1cc0675e0,2064,10,10,1.000000000,24e87a487315cf6739f1aabf237381baa8edd7cb1061a109088ee9ca560d16fe,97019b21704c8e9cd87d5203f2da9562363c3e2ca8ebd47bb732939a3b105b31,true,
PP_RETF,20,36,2026036,e6-20260713T122808.004988600,5,10,10,8,0.000000000,0.000000000,1695.159900000,10.614200000,0.000000000,963.772200000,4.074700000,173.820300000,1141.667200000,20.679600000,2868.649900000,5.903328700,6.775838181,e65103d68d67a251b27bcbe0aa2e2c09d6f198529ab1f3262169b8da0fcbd055,2063,10,10,1.000000000,7fbfee52b2d95c4f487aa1c91e50834fee3c3dcc5979e9d2c7bedf0992c100d2,f36714c239f74f28797ea3d07b35e1d7c5b6d10d37dfe5c624dcb5bf9a627fb2,true,
PP_RETF,20,37,2026037,e6-20260713T122808.004988600,5,10,10,8,0.000000000,0.000000000,1740.244300000,7.949900000,0.000000000,977.705600000,7.103900000,176.144200000,1160.953700000,12.512600000,2921.660500000,5.903328700,6.775838181,0e4f54b96594c3c49cb9a519355fee26bd3f336292b80bae0ea759e3bc15279f,2064,10,10,1.000000000,d6cebd1a2c5a7a971f56e2b709d28bbeaeb2a37370abea7f98c2cfe3126f2dc6,e45db30c963defd8ff2ed149296af0677df8e478dab09936fd700cca40ddd353,true,
PP_RETF,20,38,2026038,e6-20260713T122808.004988600,5,10,10,8,0.000000000,0.998900000,1832.147400000,7.816800000,0.000000000,959.712300000,3.274700000,104.671200000,1067.658200000,9.468200000,2919.227700000,5.903328700,6.775838181,5b59000150b70b55b453d8ed2d4242ab27633269ac1aeae561c52ac1154536de,2064,10,10,1.000000000,e43be5d676696d2e34d4c779814af6144a74b2ef693b0b87056a14ab3ebf432e,d264250c64dc5ccf17d151ab12da5b0dd48744013090b057723ab70d482ac94e,true,
PP_RETF,20,39,2026039,e6-20260713T122808.004988600,5,10,10,8,0.000000000,0.511300000,1799.282600000,6.891900000,0.000000000,977.237300000,3.704100000,120.969600000,1101.911000000,13.051300000,2922.199200000,5.903328700,6.775838181,b714ad4776671f3ffcc757329f3b8318cdc9f0d23fea0ec31cac42b4bcae12a8,2064,10,10,1.000000000,9eecdd7bd31670dda09d87d093b6141b825c814ce192e395bae3a7ed39732c05,730def45c8c9a2e227cc114e8c65e520bc6698b6030364ab44a150c769d754ec,true,
PP_RETF,20,40,2026040,e6-20260713T122808.004988600,5,10,10,8,0.000000000,0.509900000,1662.876200000,6.005500000,0.000000000,1004.682900000,5.668100000,152.847100000,1163.198100000,15.480400000,2848.614400000,5.903328700,6.775838181,515a506376497cb231838c65dd0675b8e0f9e25a6b68473913eab5cec0ee8060,2061,10,10,1.000000000,752ad3b60c8dfd4c8d2b5506836b01536db4d949e432a461e9202a63fed33a24,ef7ec49b823cdeed7eb6dbe6176b4ce5ced1bfefc5391700f970b7edc613a953,true,
