modulus_bits,hash_to_prime_bits,user_count,run_id,seed,deployment_id,warmups_discarded,operation,layer,value,unit,latency_ms,scope,setup_included,rsa_setup_included,success,error
2048,256,100,1,2026,local-e2-production-2048,1,hash_to_prime,regional,0.503800000,ms,0.503800000,one deterministic 256-bit prime representative; prime search included; RSA setup excluded,false,false,true,
2048,256,100,1,2026,local-e2-production-2048,1,hash_to_prime,global,2.004500000,ms,2.004500000,one deterministic 256-bit prime representative; prime search included; RSA setup excluded,false,false,true,
2048,256,100,1,2026,local-e2-production-2048,1,two_layer_hash_to_prime,two_layer,2.508300000,ms,2.508300000,sum for one regional and one global representative,false,false,true,
2048,256,100,1,2026,local-e2-production-2048,1,member_addition,regional,0.999000000,ms,0.999000000,add one member to an identical n-1 active-member state,false,false,true,
2048,256,100,1,2026,local-e2-production-2048,1,member_addition,global,2.014500000,ms,2.014500000,add one member to an identical n-1 active-member state,false,false,true,
2048,256,100,1,2026,local-e2-production-2048,1,two_layer_member_addition,two_layer,3.013500000,ms,3.013500000,sum of one regional and one global member addition,false,false,true,
2048,256,100,1,2026,local-e2-production-2048,1,witness_generation,regional,47.174700000,ms,47.174700000,fresh witness for one active member,false,false,true,
2048,256,100,1,2026,local-e2-production-2048,1,witness_generation,global,49.431900000,ms,49.431900000,fresh witness for one active member,false,false,true,
2048,256,100,1,2026,local-e2-production-2048,1,two_layer_claim_generation,two_layer,96.606600000,ms,96.606600000,sum of regional and global witness generation,false,false,true,
2048,256,100,1,2026,local-e2-production-2048,1,membership_verification,regional,1.002800000,ms,1.002800000,one current regional witness,false,false,true,
2048,256,100,1,2026,local-e2-production-2048,1,membership_verification,global,1.997100000,ms,1.997100000,one current global witness,false,false,true,
2048,256,100,1,2026,local-e2-production-2048,1,two_layer_membership_verification,two_layer,2.999900000,ms,2.999900000,sum of current regional and global verification,false,false,true,
2048,256,100,1,2026,local-e2-production-2048,1,revocation,regional,49.877600000,ms,49.877600000,remove one member and recompute the regional accumulator,false,false,true,
2048,256,100,1,2026,local-e2-production-2048,1,revocation,global,44.736500000,ms,44.736500000,remove one member and recompute the global accumulator,false,false,true,
2048,256,100,1,2026,local-e2-production-2048,1,two_layer_revocation,two_layer,94.614100000,ms,94.614100000,sum of regional and global removal/recomputation,false,false,true,
2048,256,100,1,2026,local-e2-production-2048,1,single_witness_refresh_after_revocation,regional,38.564200000,ms,38.564200000,refresh one remaining member witness; not all members,false,false,true,
2048,256,100,1,2026,local-e2-production-2048,1,single_witness_refresh_after_revocation,global,44.752200000,ms,44.752200000,refresh one remaining member witness; not all members,false,false,true,
2048,256,100,1,2026,local-e2-production-2048,1,two_layer_single_witness_refresh_after_revocation,two_layer,83.316400000,ms,83.316400000,sum for one remaining member's regional and global witnesses; not all members,false,false,true,
2048,256,100,1,2026,local-e2-production-2048,1,membership_claim_json_size,two_layer,1920.000000000,bytes,,one regional+global context-bound membership claim JSON,false,false,true,
2048,256,100,1,2026,local-e2-production-2048,1,public_accumulator_state_json_size,two_layer,11550.000000000,bytes,,two public accumulator states including active prime representatives; no RSA factors,false,false,true,
2048,256,100,2,2026,local-e2-production-2048,1,hash_to_prime,regional,2.507600000,ms,2.507600000,one deterministic 256-bit prime representative; prime search included; RSA setup excluded,false,false,true,
2048,256,100,2,2026,local-e2-production-2048,1,hash_to_prime,global,1.006300000,ms,1.006300000,one deterministic 256-bit prime representative; prime search included; RSA setup excluded,false,false,true,
2048,256,100,2,2026,local-e2-production-2048,1,two_layer_hash_to_prime,two_layer,3.513900000,ms,3.513900000,sum for one regional and one global representative,false,false,true,
2048,256,100,2,2026,local-e2-production-2048,1,member_addition,regional,2.009100000,ms,2.009100000,add one member to an identical n-1 active-member state,false,false,true,
2048,256,100,2,2026,local-e2-production-2048,1,member_addition,global,1.997900000,ms,1.997900000,add one member to an identical n-1 active-member state,false,false,true,
2048,256,100,2,2026,local-e2-production-2048,1,two_layer_member_addition,two_layer,4.007000000,ms,4.007000000,sum of one regional and one global member addition,false,false,true,
2048,256,100,2,2026,local-e2-production-2048,1,witness_generation,regional,60.910500000,ms,60.910500000,fresh witness for one active member,false,false,true,
2048,256,100,2,2026,local-e2-production-2048,1,witness_generation,global,53.351900000,ms,53.351900000,fresh witness for one active member,false,false,true,
2048,256,100,2,2026,local-e2-production-2048,1,two_layer_claim_generation,two_layer,114.262400000,ms,114.262400000,sum of regional and global witness generation,false,false,true,
2048,256,100,2,2026,local-e2-production-2048,1,membership_verification,regional,2.344500000,ms,2.344500000,one current regional witness,false,false,true,
2048,256,100,2,2026,local-e2-production-2048,1,membership_verification,global,2.106300000,ms,2.106300000,one current global witness,false,false,true,
2048,256,100,2,2026,local-e2-production-2048,1,two_layer_membership_verification,two_layer,4.450800000,ms,4.450800000,sum of current regional and global verification,false,false,true,
2048,256,100,2,2026,local-e2-production-2048,1,revocation,regional,60.074800000,ms,60.074800000,remove one member and recompute the regional accumulator,false,false,true,
2048,256,100,2,2026,local-e2-production-2048,1,revocation,global,54.091800000,ms,54.091800000,remove one member and recompute the global accumulator,false,false,true,
2048,256,100,2,2026,local-e2-production-2048,1,two_layer_revocation,two_layer,114.166600000,ms,114.166600000,sum of regional and global removal/recomputation,false,false,true,
2048,256,100,2,2026,local-e2-production-2048,1,single_witness_refresh_after_revocation,regional,57.405300000,ms,57.405300000,refresh one remaining member witness; not all members,false,false,true,
2048,256,100,2,2026,local-e2-production-2048,1,single_witness_refresh_after_revocation,global,50.964900000,ms,50.964900000,refresh one remaining member witness; not all members,false,false,true,
2048,256,100,2,2026,local-e2-production-2048,1,two_layer_single_witness_refresh_after_revocation,two_layer,108.370200000,ms,108.370200000,sum for one remaining member's regional and global witnesses; not all members,false,false,true,
2048,256,100,2,2026,local-e2-production-2048,1,membership_claim_json_size,two_layer,1920.000000000,bytes,,one regional+global context-bound membership claim JSON,false,false,true,
2048,256,100,2,2026,local-e2-production-2048,1,public_accumulator_state_json_size,two_layer,11550.000000000,bytes,,two public accumulator states including active prime representatives; no RSA factors,false,false,true,
2048,256,100,3,2026,local-e2-production-2048,1,hash_to_prime,regional,2.130900000,ms,2.130900000,one deterministic 256-bit prime representative; prime search included; RSA setup excluded,false,false,true,
2048,256,100,3,2026,local-e2-production-2048,1,hash_to_prime,global,1.998900000,ms,1.998900000,one deterministic 256-bit prime representative; prime search included; RSA setup excluded,false,false,true,
2048,256,100,3,2026,local-e2-production-2048,1,two_layer_hash_to_prime,two_layer,4.129800000,ms,4.129800000,sum for one regional and one global representative,false,false,true,
2048,256,100,3,2026,local-e2-production-2048,1,member_addition,regional,2.167100000,ms,2.167100000,add one member to an identical n-1 active-member state,false,false,true,
2048,256,100,3,2026,local-e2-production-2048,1,member_addition,global,2.271700000,ms,2.271700000,add one member to an identical n-1 active-member state,false,false,true,
2048,256,100,3,2026,local-e2-production-2048,1,two_layer_member_addition,two_layer,4.438800000,ms,4.438800000,sum of one regional and one global member addition,false,false,true,
2048,256,100,3,2026,local-e2-production-2048,1,witness_generation,regional,44.443800000,ms,44.443800000,fresh witness for one active member,false,false,true,
2048,256,100,3,2026,local-e2-production-2048,1,witness_generation,global,41.778200000,ms,41.778200000,fresh witness for one active member,false,false,true,
2048,256,100,3,2026,local-e2-production-2048,1,two_layer_claim_generation,two_layer,86.222000000,ms,86.222000000,sum of regional and global witness generation,false,false,true,
2048,256,100,3,2026,local-e2-production-2048,1,membership_verification,regional,1.004900000,ms,1.004900000,one current regional witness,false,false,true,
2048,256,100,3,2026,local-e2-production-2048,1,membership_verification,global,1.461000000,ms,1.461000000,one current global witness,false,false,true,
2048,256,100,3,2026,local-e2-production-2048,1,two_layer_membership_verification,two_layer,2.465900000,ms,2.465900000,sum of current regional and global verification,false,false,true,
2048,256,100,3,2026,local-e2-production-2048,1,revocation,regional,40.341000000,ms,40.341000000,remove one member and recompute the regional accumulator,false,false,true,
2048,256,100,3,2026,local-e2-production-2048,1,revocation,global,41.910100000,ms,41.910100000,remove one member and recompute the global accumulator,false,false,true,
2048,256,100,3,2026,local-e2-production-2048,1,two_layer_revocation,two_layer,82.251100000,ms,82.251100000,sum of regional and global removal/recomputation,false,false,true,
2048,256,100,3,2026,local-e2-production-2048,1,single_witness_refresh_after_revocation,regional,43.137800000,ms,43.137800000,refresh one remaining member witness; not all members,false,false,true,
2048,256,100,3,2026,local-e2-production-2048,1,single_witness_refresh_after_revocation,global,44.981600000,ms,44.981600000,refresh one remaining member witness; not all members,false,false,true,
2048,256,100,3,2026,local-e2-production-2048,1,two_layer_single_witness_refresh_after_revocation,two_layer,88.119400000,ms,88.119400000,sum for one remaining member's regional and global witnesses; not all members,false,false,true,
2048,256,100,3,2026,local-e2-production-2048,1,membership_claim_json_size,two_layer,1920.000000000,bytes,,one regional+global context-bound membership claim JSON,false,false,true,
2048,256,100,3,2026,local-e2-production-2048,1,public_accumulator_state_json_size,two_layer,11550.000000000,bytes,,two public accumulator states including active prime representatives; no RSA factors,false,false,true,
2048,256,100,4,2026,local-e2-production-2048,1,hash_to_prime,regional,2.002700000,ms,2.002700000,one deterministic 256-bit prime representative; prime search included; RSA setup excluded,false,false,true,
2048,256,100,4,2026,local-e2-production-2048,1,hash_to_prime,global,2.426000000,ms,2.426000000,one deterministic 256-bit prime representative; prime search included; RSA setup excluded,false,false,true,
2048,256,100,4,2026,local-e2-production-2048,1,two_layer_hash_to_prime,two_layer,4.428700000,ms,4.428700000,sum for one regional and one global representative,false,false,true,
2048,256,100,4,2026,local-e2-production-2048,1,member_addition,regional,1.964700000,ms,1.964700000,add one member to an identical n-1 active-member state,false,false,true,
2048,256,100,4,2026,local-e2-production-2048,1,member_addition,global,1.843100000,ms,1.843100000,add one member to an identical n-1 active-member state,false,false,true,
2048,256,100,4,2026,local-e2-production-2048,1,two_layer_member_addition,two_layer,3.807800000,ms,3.807800000,sum of one regional and one global member addition,false,false,true,
2048,256,100,4,2026,local-e2-production-2048,1,witness_generation,regional,44.884700000,ms,44.884700000,fresh witness for one active member,false,false,true,
2048,256,100,4,2026,local-e2-production-2048,1,witness_generation,global,46.837500000,ms,46.837500000,fresh witness for one active member,false,false,true,
2048,256,100,4,2026,local-e2-production-2048,1,two_layer_claim_generation,two_layer,91.722200000,ms,91.722200000,sum of regional and global witness generation,false,false,true,
2048,256,100,4,2026,local-e2-production-2048,1,membership_verification,regional,1.002300000,ms,1.002300000,one current regional witness,false,false,true,
2048,256,100,4,2026,local-e2-production-2048,1,membership_verification,global,0.999800000,ms,0.999800000,one current global witness,false,false,true,
2048,256,100,4,2026,local-e2-production-2048,1,two_layer_membership_verification,two_layer,2.002100000,ms,2.002100000,sum of current regional and global verification,false,false,true,
2048,256,100,4,2026,local-e2-production-2048,1,revocation,regional,46.184300000,ms,46.184300000,remove one member and recompute the regional accumulator,false,false,true,
2048,256,100,4,2026,local-e2-production-2048,1,revocation,global,42.340900000,ms,42.340900000,remove one member and recompute the global accumulator,false,false,true,
2048,256,100,4,2026,local-e2-production-2048,1,two_layer_revocation,two_layer,88.525200000,ms,88.525200000,sum of regional and global removal/recomputation,false,false,true,
2048,256,100,4,2026,local-e2-production-2048,1,single_witness_refresh_after_revocation,regional,46.014100000,ms,46.014100000,refresh one remaining member witness; not all members,false,false,true,
2048,256,100,4,2026,local-e2-production-2048,1,single_witness_refresh_after_revocation,global,49.199800000,ms,49.199800000,refresh one remaining member witness; not all members,false,false,true,
2048,256,100,4,2026,local-e2-production-2048,1,two_layer_single_witness_refresh_after_revocation,two_layer,95.213900000,ms,95.213900000,sum for one remaining member's regional and global witnesses; not all members,false,false,true,
2048,256,100,4,2026,local-e2-production-2048,1,membership_claim_json_size,two_layer,1920.000000000,bytes,,one regional+global context-bound membership claim JSON,false,false,true,
2048,256,100,4,2026,local-e2-production-2048,1,public_accumulator_state_json_size,two_layer,11550.000000000,bytes,,two public accumulator states including active prime representatives; no RSA factors,false,false,true,
2048,256,100,5,2026,local-e2-production-2048,1,hash_to_prime,regional,1.912000000,ms,1.912000000,one deterministic 256-bit prime representative; prime search included; RSA setup excluded,false,false,true,
2048,256,100,5,2026,local-e2-production-2048,1,hash_to_prime,global,0.999700000,ms,0.999700000,one deterministic 256-bit prime representative; prime search included; RSA setup excluded,false,false,true,
2048,256,100,5,2026,local-e2-production-2048,1,two_layer_hash_to_prime,two_layer,2.911700000,ms,2.911700000,sum for one regional and one global representative,false,false,true,
2048,256,100,5,2026,local-e2-production-2048,1,member_addition,regional,0.998800000,ms,0.998800000,add one member to an identical n-1 active-member state,false,false,true,
2048,256,100,5,2026,local-e2-production-2048,1,member_addition,global,1.485600000,ms,1.485600000,add one member to an identical n-1 active-member state,false,false,true,
2048,256,100,5,2026,local-e2-production-2048,1,two_layer_member_addition,two_layer,2.484400000,ms,2.484400000,sum of one regional and one global member addition,false,false,true,
2048,256,100,5,2026,local-e2-production-2048,1,witness_generation,regional,52.483400000,ms,52.483400000,fresh witness for one active member,false,false,true,
2048,256,100,5,2026,local-e2-production-2048,1,witness_generation,global,39.512000000,ms,39.512000000,fresh witness for one active member,false,false,true,
2048,256,100,5,2026,local-e2-production-2048,1,two_layer_claim_generation,two_layer,91.995400000,ms,91.995400000,sum of regional and global witness generation,false,false,true,
2048,256,100,5,2026,local-e2-production-2048,1,membership_verification,regional,2.866600000,ms,2.866600000,one current regional witness,false,false,true,
2048,256,100,5,2026,local-e2-production-2048,1,membership_verification,global,2.101900000,ms,2.101900000,one current global witness,false,false,true,
2048,256,100,5,2026,local-e2-production-2048,1,two_layer_membership_verification,two_layer,4.968500000,ms,4.968500000,sum of current regional and global verification,false,false,true,
2048,256,100,5,2026,local-e2-production-2048,1,revocation,regional,42.530600000,ms,42.530600000,remove one member and recompute the regional accumulator,false,false,true,
2048,256,100,5,2026,local-e2-production-2048,1,revocation,global,41.472800000,ms,41.472800000,remove one member and recompute the global accumulator,false,false,true,
2048,256,100,5,2026,local-e2-production-2048,1,two_layer_revocation,two_layer,84.003400000,ms,84.003400000,sum of regional and global removal/recomputation,false,false,true,
2048,256,100,5,2026,local-e2-production-2048,1,single_witness_refresh_after_revocation,regional,41.442400000,ms,41.442400000,refresh one remaining member witness; not all members,false,false,true,
2048,256,100,5,2026,local-e2-production-2048,1,single_witness_refresh_after_revocation,global,41.484200000,ms,41.484200000,refresh one remaining member witness; not all members,false,false,true,
2048,256,100,5,2026,local-e2-production-2048,1,two_layer_single_witness_refresh_after_revocation,two_layer,82.926600000,ms,82.926600000,sum for one remaining member's regional and global witnesses; not all members,false,false,true,
2048,256,100,5,2026,local-e2-production-2048,1,membership_claim_json_size,two_layer,1920.000000000,bytes,,one regional+global context-bound membership claim JSON,false,false,true,
2048,256,100,5,2026,local-e2-production-2048,1,public_accumulator_state_json_size,two_layer,11550.000000000,bytes,,two public accumulator states including active prime representatives; no RSA factors,false,false,true,
2048,256,100,6,2026,local-e2-production-2048,1,hash_to_prime,regional,1.437400000,ms,1.437400000,one deterministic 256-bit prime representative; prime search included; RSA setup excluded,false,false,true,
2048,256,100,6,2026,local-e2-production-2048,1,hash_to_prime,global,0.958000000,ms,0.958000000,one deterministic 256-bit prime representative; prime search included; RSA setup excluded,false,false,true,
2048,256,100,6,2026,local-e2-production-2048,1,two_layer_hash_to_prime,two_layer,2.395400000,ms,2.395400000,sum for one regional and one global representative,false,false,true,
2048,256,100,6,2026,local-e2-production-2048,1,member_addition,regional,2.699900000,ms,2.699900000,add one member to an identical n-1 active-member state,false,false,true,
2048,256,100,6,2026,local-e2-production-2048,1,member_addition,global,1.507500000,ms,1.507500000,add one member to an identical n-1 active-member state,false,false,true,
2048,256,100,6,2026,local-e2-production-2048,1,two_layer_member_addition,two_layer,4.207400000,ms,4.207400000,sum of one regional and one global member addition,false,false,true,
2048,256,100,6,2026,local-e2-production-2048,1,witness_generation,regional,46.943300000,ms,46.943300000,fresh witness for one active member,false,false,true,
2048,256,100,6,2026,local-e2-production-2048,1,witness_generation,global,44.730700000,ms,44.730700000,fresh witness for one active member,false,false,true,
2048,256,100,6,2026,local-e2-production-2048,1,two_layer_claim_generation,two_layer,91.674000000,ms,91.674000000,sum of regional and global witness generation,false,false,true,
2048,256,100,6,2026,local-e2-production-2048,1,membership_verification,regional,1.604600000,ms,1.604600000,one current regional witness,false,false,true,
2048,256,100,6,2026,local-e2-production-2048,1,membership_verification,global,2.099400000,ms,2.099400000,one current global witness,false,false,true,
2048,256,100,6,2026,local-e2-production-2048,1,two_layer_membership_verification,two_layer,3.704000000,ms,3.704000000,sum of current regional and global verification,false,false,true,
2048,256,100,6,2026,local-e2-production-2048,1,revocation,regional,51.230500000,ms,51.230500000,remove one member and recompute the regional accumulator,false,false,true,
2048,256,100,6,2026,local-e2-production-2048,1,revocation,global,42.253100000,ms,42.253100000,remove one member and recompute the global accumulator,false,false,true,
2048,256,100,6,2026,local-e2-production-2048,1,two_layer_revocation,two_layer,93.483600000,ms,93.483600000,sum of regional and global removal/recomputation,false,false,true,
2048,256,100,6,2026,local-e2-production-2048,1,single_witness_refresh_after_revocation,regional,50.262300000,ms,50.262300000,refresh one remaining member witness; not all members,false,false,true,
2048,256,100,6,2026,local-e2-production-2048,1,single_witness_refresh_after_revocation,global,46.685300000,ms,46.685300000,refresh one remaining member witness; not all members,false,false,true,
2048,256,100,6,2026,local-e2-production-2048,1,two_layer_single_witness_refresh_after_revocation,two_layer,96.947600000,ms,96.947600000,sum for one remaining member's regional and global witnesses; not all members,false,false,true,
2048,256,100,6,2026,local-e2-production-2048,1,membership_claim_json_size,two_layer,1920.000000000,bytes,,one regional+global context-bound membership claim JSON,false,false,true,
2048,256,100,6,2026,local-e2-production-2048,1,public_accumulator_state_json_size,two_layer,11550.000000000,bytes,,two public accumulator states including active prime representatives; no RSA factors,false,false,true,
2048,256,100,7,2026,local-e2-production-2048,1,hash_to_prime,regional,1.003700000,ms,1.003700000,one deterministic 256-bit prime representative; prime search included; RSA setup excluded,false,false,true,
2048,256,100,7,2026,local-e2-production-2048,1,hash_to_prime,global,1.133300000,ms,1.133300000,one deterministic 256-bit prime representative; prime search included; RSA setup excluded,false,false,true,
2048,256,100,7,2026,local-e2-production-2048,1,two_layer_hash_to_prime,two_layer,2.137000000,ms,2.137000000,sum for one regional and one global representative,false,false,true,
2048,256,100,7,2026,local-e2-production-2048,1,member_addition,regional,1.997800000,ms,1.997800000,add one member to an identical n-1 active-member state,false,false,true,
2048,256,100,7,2026,local-e2-production-2048,1,member_addition,global,1.512400000,ms,1.512400000,add one member to an identical n-1 active-member state,false,false,true,
2048,256,100,7,2026,local-e2-production-2048,1,two_layer_member_addition,two_layer,3.510200000,ms,3.510200000,sum of one regional and one global member addition,false,false,true,
2048,256,100,7,2026,local-e2-production-2048,1,witness_generation,regional,59.682100000,ms,59.682100000,fresh witness for one active member,false,false,true,
2048,256,100,7,2026,local-e2-production-2048,1,witness_generation,global,48.181600000,ms,48.181600000,fresh witness for one active member,false,false,true,
2048,256,100,7,2026,local-e2-production-2048,1,two_layer_claim_generation,two_layer,107.863700000,ms,107.863700000,sum of regional and global witness generation,false,false,true,
2048,256,100,7,2026,local-e2-production-2048,1,membership_verification,regional,2.109000000,ms,2.109000000,one current regional witness,false,false,true,
2048,256,100,7,2026,local-e2-production-2048,1,membership_verification,global,1.562600000,ms,1.562600000,one current global witness,false,false,true,
2048,256,100,7,2026,local-e2-production-2048,1,two_layer_membership_verification,two_layer,3.671600000,ms,3.671600000,sum of current regional and global verification,false,false,true,
2048,256,100,7,2026,local-e2-production-2048,1,revocation,regional,49.365500000,ms,49.365500000,remove one member and recompute the regional accumulator,false,false,true,
2048,256,100,7,2026,local-e2-production-2048,1,revocation,global,46.444200000,ms,46.444200000,remove one member and recompute the global accumulator,false,false,true,
2048,256,100,7,2026,local-e2-production-2048,1,two_layer_revocation,two_layer,95.809700000,ms,95.809700000,sum of regional and global removal/recomputation,false,false,true,
2048,256,100,7,2026,local-e2-production-2048,1,single_witness_refresh_after_revocation,regional,42.952900000,ms,42.952900000,refresh one remaining member witness; not all members,false,false,true,
2048,256,100,7,2026,local-e2-production-2048,1,single_witness_refresh_after_revocation,global,43.247900000,ms,43.247900000,refresh one remaining member witness; not all members,false,false,true,
2048,256,100,7,2026,local-e2-production-2048,1,two_layer_single_witness_refresh_after_revocation,two_layer,86.200800000,ms,86.200800000,sum for one remaining member's regional and global witnesses; not all members,false,false,true,
2048,256,100,7,2026,local-e2-production-2048,1,membership_claim_json_size,two_layer,1920.000000000,bytes,,one regional+global context-bound membership claim JSON,false,false,true,
2048,256,100,7,2026,local-e2-production-2048,1,public_accumulator_state_json_size,two_layer,11550.000000000,bytes,,two public accumulator states including active prime representatives; no RSA factors,false,false,true,
2048,256,100,8,2026,local-e2-production-2048,1,hash_to_prime,regional,2.411900000,ms,2.411900000,one deterministic 256-bit prime representative; prime search included; RSA setup excluded,false,false,true,
2048,256,100,8,2026,local-e2-production-2048,1,hash_to_prime,global,1.427900000,ms,1.427900000,one deterministic 256-bit prime representative; prime search included; RSA setup excluded,false,false,true,
2048,256,100,8,2026,local-e2-production-2048,1,two_layer_hash_to_prime,two_layer,3.839800000,ms,3.839800000,sum for one regional and one global representative,false,false,true,
2048,256,100,8,2026,local-e2-production-2048,1,member_addition,regional,2.253400000,ms,2.253400000,add one member to an identical n-1 active-member state,false,false,true,
2048,256,100,8,2026,local-e2-production-2048,1,member_addition,global,1.518700000,ms,1.518700000,add one member to an identical n-1 active-member state,false,false,true,
2048,256,100,8,2026,local-e2-production-2048,1,two_layer_member_addition,two_layer,3.772100000,ms,3.772100000,sum of one regional and one global member addition,false,false,true,
2048,256,100,8,2026,local-e2-production-2048,1,witness_generation,regional,48.515300000,ms,48.515300000,fresh witness for one active member,false,false,true,
2048,256,100,8,2026,local-e2-production-2048,1,witness_generation,global,52.545900000,ms,52.545900000,fresh witness for one active member,false,false,true,
2048,256,100,8,2026,local-e2-production-2048,1,two_layer_claim_generation,two_layer,101.061200000,ms,101.061200000,sum of regional and global witness generation,false,false,true,
2048,256,100,8,2026,local-e2-production-2048,1,membership_verification,regional,1.313200000,ms,1.313200000,one current regional witness,false,false,true,
2048,256,100,8,2026,local-e2-production-2048,1,membership_verification,global,2.023400000,ms,2.023400000,one current global witness,false,false,true,
2048,256,100,8,2026,local-e2-production-2048,1,two_layer_membership_verification,two_layer,3.336600000,ms,3.336600000,sum of current regional and global verification,false,false,true,
2048,256,100,8,2026,local-e2-production-2048,1,revocation,regional,54.412400000,ms,54.412400000,remove one member and recompute the regional accumulator,false,false,true,
2048,256,100,8,2026,local-e2-production-2048,1,revocation,global,53.619000000,ms,53.619000000,remove one member and recompute the global accumulator,false,false,true,
2048,256,100,8,2026,local-e2-production-2048,1,two_layer_revocation,two_layer,108.031400000,ms,108.031400000,sum of regional and global removal/recomputation,false,false,true,
2048,256,100,8,2026,local-e2-production-2048,1,single_witness_refresh_after_revocation,regional,58.735700000,ms,58.735700000,refresh one remaining member witness; not all members,false,false,true,
2048,256,100,8,2026,local-e2-production-2048,1,single_witness_refresh_after_revocation,global,52.620400000,ms,52.620400000,refresh one remaining member witness; not all members,false,false,true,
2048,256,100,8,2026,local-e2-production-2048,1,two_layer_single_witness_refresh_after_revocation,two_layer,111.356100000,ms,111.356100000,sum for one remaining member's regional and global witnesses; not all members,false,false,true,
2048,256,100,8,2026,local-e2-production-2048,1,membership_claim_json_size,two_layer,1920.000000000,bytes,,one regional+global context-bound membership claim JSON,false,false,true,
2048,256,100,8,2026,local-e2-production-2048,1,public_accumulator_state_json_size,two_layer,11550.000000000,bytes,,two public accumulator states including active prime representatives; no RSA factors,false,false,true,
2048,256,100,9,2026,local-e2-production-2048,1,hash_to_prime,regional,1.749800000,ms,1.749800000,one deterministic 256-bit prime representative; prime search included; RSA setup excluded,false,false,true,
2048,256,100,9,2026,local-e2-production-2048,1,hash_to_prime,global,3.858300000,ms,3.858300000,one deterministic 256-bit prime representative; prime search included; RSA setup excluded,false,false,true,
2048,256,100,9,2026,local-e2-production-2048,1,two_layer_hash_to_prime,two_layer,5.608100000,ms,5.608100000,sum for one regional and one global representative,false,false,true,
2048,256,100,9,2026,local-e2-production-2048,1,member_addition,regional,0.998900000,ms,0.998900000,add one member to an identical n-1 active-member state,false,false,true,
2048,256,100,9,2026,local-e2-production-2048,1,member_addition,global,2.000200000,ms,2.000200000,add one member to an identical n-1 active-member state,false,false,true,
2048,256,100,9,2026,local-e2-production-2048,1,two_layer_member_addition,two_layer,2.999100000,ms,2.999100000,sum of one regional and one global member addition,false,false,true,
2048,256,100,9,2026,local-e2-production-2048,1,witness_generation,regional,48.498400000,ms,48.498400000,fresh witness for one active member,false,false,true,
2048,256,100,9,2026,local-e2-production-2048,1,witness_generation,global,47.891700000,ms,47.891700000,fresh witness for one active member,false,false,true,
2048,256,100,9,2026,local-e2-production-2048,1,two_layer_claim_generation,two_layer,96.390100000,ms,96.390100000,sum of regional and global witness generation,false,false,true,
2048,256,100,9,2026,local-e2-production-2048,1,membership_verification,regional,2.448800000,ms,2.448800000,one current regional witness,false,false,true,
2048,256,100,9,2026,local-e2-production-2048,1,membership_verification,global,1.987300000,ms,1.987300000,one current global witness,false,false,true,
2048,256,100,9,2026,local-e2-production-2048,1,two_layer_membership_verification,two_layer,4.436100000,ms,4.436100000,sum of current regional and global verification,false,false,true,
2048,256,100,9,2026,local-e2-production-2048,1,revocation,regional,51.062400000,ms,51.062400000,remove one member and recompute the regional accumulator,false,false,true,
2048,256,100,9,2026,local-e2-production-2048,1,revocation,global,57.813000000,ms,57.813000000,remove one member and recompute the global accumulator,false,false,true,
2048,256,100,9,2026,local-e2-production-2048,1,two_layer_revocation,two_layer,108.875400000,ms,108.875400000,sum of regional and global removal/recomputation,false,false,true,
2048,256,100,9,2026,local-e2-production-2048,1,single_witness_refresh_after_revocation,regional,47.865800000,ms,47.865800000,refresh one remaining member witness; not all members,false,false,true,
2048,256,100,9,2026,local-e2-production-2048,1,single_witness_refresh_after_revocation,global,46.942300000,ms,46.942300000,refresh one remaining member witness; not all members,false,false,true,
2048,256,100,9,2026,local-e2-production-2048,1,two_layer_single_witness_refresh_after_revocation,two_layer,94.808100000,ms,94.808100000,sum for one remaining member's regional and global witnesses; not all members,false,false,true,
2048,256,100,9,2026,local-e2-production-2048,1,membership_claim_json_size,two_layer,1920.000000000,bytes,,one regional+global context-bound membership claim JSON,false,false,true,
2048,256,100,9,2026,local-e2-production-2048,1,public_accumulator_state_json_size,two_layer,11550.000000000,bytes,,two public accumulator states including active prime representatives; no RSA factors,false,false,true,
2048,256,100,10,2026,local-e2-production-2048,1,hash_to_prime,regional,1.516400000,ms,1.516400000,one deterministic 256-bit prime representative; prime search included; RSA setup excluded,false,false,true,
2048,256,100,10,2026,local-e2-production-2048,1,hash_to_prime,global,5.486400000,ms,5.486400000,one deterministic 256-bit prime representative; prime search included; RSA setup excluded,false,false,true,
2048,256,100,10,2026,local-e2-production-2048,1,two_layer_hash_to_prime,two_layer,7.002800000,ms,7.002800000,sum for one regional and one global representative,false,false,true,
2048,256,100,10,2026,local-e2-production-2048,1,member_addition,regional,1.594900000,ms,1.594900000,add one member to an identical n-1 active-member state,false,false,true,
2048,256,100,10,2026,local-e2-production-2048,1,member_addition,global,2.513100000,ms,2.513100000,add one member to an identical n-1 active-member state,false,false,true,
2048,256,100,10,2026,local-e2-production-2048,1,two_layer_member_addition,two_layer,4.108000000,ms,4.108000000,sum of one regional and one global member addition,false,false,true,
2048,256,100,10,2026,local-e2-production-2048,1,witness_generation,regional,45.338600000,ms,45.338600000,fresh witness for one active member,false,false,true,
2048,256,100,10,2026,local-e2-production-2048,1,witness_generation,global,45.590600000,ms,45.590600000,fresh witness for one active member,false,false,true,
2048,256,100,10,2026,local-e2-production-2048,1,two_layer_claim_generation,two_layer,90.929200000,ms,90.929200000,sum of regional and global witness generation,false,false,true,
2048,256,100,10,2026,local-e2-production-2048,1,membership_verification,regional,2.339200000,ms,2.339200000,one current regional witness,false,false,true,
2048,256,100,10,2026,local-e2-production-2048,1,membership_verification,global,1.036300000,ms,1.036300000,one current global witness,false,false,true,
2048,256,100,10,2026,local-e2-production-2048,1,two_layer_membership_verification,two_layer,3.375500000,ms,3.375500000,sum of current regional and global verification,false,false,true,
2048,256,100,10,2026,local-e2-production-2048,1,revocation,regional,46.061700000,ms,46.061700000,remove one member and recompute the regional accumulator,false,false,true,
2048,256,100,10,2026,local-e2-production-2048,1,revocation,global,41.825400000,ms,41.825400000,remove one member and recompute the global accumulator,false,false,true,
2048,256,100,10,2026,local-e2-production-2048,1,two_layer_revocation,two_layer,87.887100000,ms,87.887100000,sum of regional and global removal/recomputation,false,false,true,
2048,256,100,10,2026,local-e2-production-2048,1,single_witness_refresh_after_revocation,regional,44.013400000,ms,44.013400000,refresh one remaining member witness; not all members,false,false,true,
2048,256,100,10,2026,local-e2-production-2048,1,single_witness_refresh_after_revocation,global,42.095400000,ms,42.095400000,refresh one remaining member witness; not all members,false,false,true,
2048,256,100,10,2026,local-e2-production-2048,1,two_layer_single_witness_refresh_after_revocation,two_layer,86.108800000,ms,86.108800000,sum for one remaining member's regional and global witnesses; not all members,false,false,true,
2048,256,100,10,2026,local-e2-production-2048,1,membership_claim_json_size,two_layer,1920.000000000,bytes,,one regional+global context-bound membership claim JSON,false,false,true,
2048,256,100,10,2026,local-e2-production-2048,1,public_accumulator_state_json_size,two_layer,11550.000000000,bytes,,two public accumulator states including active prime representatives; no RSA factors,false,false,true,
2048,256,100,11,2026,local-e2-production-2048,1,hash_to_prime,regional,2.014300000,ms,2.014300000,one deterministic 256-bit prime representative; prime search included; RSA setup excluded,false,false,true,
2048,256,100,11,2026,local-e2-production-2048,1,hash_to_prime,global,0.517000000,ms,0.517000000,one deterministic 256-bit prime representative; prime search included; RSA setup excluded,false,false,true,
2048,256,100,11,2026,local-e2-production-2048,1,two_layer_hash_to_prime,two_layer,2.531300000,ms,2.531300000,sum for one regional and one global representative,false,false,true,
2048,256,100,11,2026,local-e2-production-2048,1,member_addition,regional,4.452800000,ms,4.452800000,add one member to an identical n-1 active-member state,false,false,true,
2048,256,100,11,2026,local-e2-production-2048,1,member_addition,global,2.149100000,ms,2.149100000,add one member to an identical n-1 active-member state,false,false,true,
2048,256,100,11,2026,local-e2-production-2048,1,two_layer_member_addition,two_layer,6.601900000,ms,6.601900000,sum of one regional and one global member addition,false,false,true,
2048,256,100,11,2026,local-e2-production-2048,1,witness_generation,regional,40.641800000,ms,40.641800000,fresh witness for one active member,false,false,true,
2048,256,100,11,2026,local-e2-production-2048,1,witness_generation,global,43.184500000,ms,43.184500000,fresh witness for one active member,false,false,true,
2048,256,100,11,2026,local-e2-production-2048,1,two_layer_claim_generation,two_layer,83.826300000,ms,83.826300000,sum of regional and global witness generation,false,false,true,
2048,256,100,11,2026,local-e2-production-2048,1,membership_verification,regional,1.012100000,ms,1.012100000,one current regional witness,false,false,true,
2048,256,100,11,2026,local-e2-production-2048,1,membership_verification,global,1.008100000,ms,1.008100000,one current global witness,false,false,true,
2048,256,100,11,2026,local-e2-production-2048,1,two_layer_membership_verification,two_layer,2.020200000,ms,2.020200000,sum of current regional and global verification,false,false,true,
2048,256,100,11,2026,local-e2-production-2048,1,revocation,regional,41.501600000,ms,41.501600000,remove one member and recompute the regional accumulator,false,false,true,
2048,256,100,11,2026,local-e2-production-2048,1,revocation,global,45.153300000,ms,45.153300000,remove one member and recompute the global accumulator,false,false,true,
2048,256,100,11,2026,local-e2-production-2048,1,two_layer_revocation,two_layer,86.654900000,ms,86.654900000,sum of regional and global removal/recomputation,false,false,true,
2048,256,100,11,2026,local-e2-production-2048,1,single_witness_refresh_after_revocation,regional,44.436100000,ms,44.436100000,refresh one remaining member witness; not all members,false,false,true,
2048,256,100,11,2026,local-e2-production-2048,1,single_witness_refresh_after_revocation,global,43.006200000,ms,43.006200000,refresh one remaining member witness; not all members,false,false,true,
2048,256,100,11,2026,local-e2-production-2048,1,two_layer_single_witness_refresh_after_revocation,two_layer,87.442300000,ms,87.442300000,sum for one remaining member's regional and global witnesses; not all members,false,false,true,
2048,256,100,11,2026,local-e2-production-2048,1,membership_claim_json_size,two_layer,1920.000000000,bytes,,one regional+global context-bound membership claim JSON,false,false,true,
2048,256,100,11,2026,local-e2-production-2048,1,public_accumulator_state_json_size,two_layer,11550.000000000,bytes,,two public accumulator states including active prime representatives; no RSA factors,false,false,true,
2048,256,100,12,2026,local-e2-production-2048,1,hash_to_prime,regional,7.446500000,ms,7.446500000,one deterministic 256-bit prime representative; prime search included; RSA setup excluded,false,false,true,
2048,256,100,12,2026,local-e2-production-2048,1,hash_to_prime,global,2.304400000,ms,2.304400000,one deterministic 256-bit prime representative; prime search included; RSA setup excluded,false,false,true,
2048,256,100,12,2026,local-e2-production-2048,1,two_layer_hash_to_prime,two_layer,9.750900000,ms,9.750900000,sum for one regional and one global representative,false,false,true,
2048,256,100,12,2026,local-e2-production-2048,1,member_addition,regional,0.999500000,ms,0.999500000,add one member to an identical n-1 active-member state,false,false,true,
2048,256,100,12,2026,local-e2-production-2048,1,member_addition,global,1.504600000,ms,1.504600000,add one member to an identical n-1 active-member state,false,false,true,
2048,256,100,12,2026,local-e2-production-2048,1,two_layer_member_addition,two_layer,2.504100000,ms,2.504100000,sum of one regional and one global member addition,false,false,true,
2048,256,100,12,2026,local-e2-production-2048,1,witness_generation,regional,43.212000000,ms,43.212000000,fresh witness for one active member,false,false,true,
2048,256,100,12,2026,local-e2-production-2048,1,witness_generation,global,46.886400000,ms,46.886400000,fresh witness for one active member,false,false,true,
2048,256,100,12,2026,local-e2-production-2048,1,two_layer_claim_generation,two_layer,90.098400000,ms,90.098400000,sum of regional and global witness generation,false,false,true,
2048,256,100,12,2026,local-e2-production-2048,1,membership_verification,regional,1.005700000,ms,1.005700000,one current regional witness,false,false,true,
2048,256,100,12,2026,local-e2-production-2048,1,membership_verification,global,2.004300000,ms,2.004300000,one current global witness,false,false,true,
2048,256,100,12,2026,local-e2-production-2048,1,two_layer_membership_verification,two_layer,3.010000000,ms,3.010000000,sum of current regional and global verification,false,false,true,
2048,256,100,12,2026,local-e2-production-2048,1,revocation,regional,42.285500000,ms,42.285500000,remove one member and recompute the regional accumulator,false,false,true,
2048,256,100,12,2026,local-e2-production-2048,1,revocation,global,41.484700000,ms,41.484700000,remove one member and recompute the global accumulator,false,false,true,
2048,256,100,12,2026,local-e2-production-2048,1,two_layer_revocation,two_layer,83.770200000,ms,83.770200000,sum of regional and global removal/recomputation,false,false,true,
2048,256,100,12,2026,local-e2-production-2048,1,single_witness_refresh_after_revocation,regional,46.106100000,ms,46.106100000,refresh one remaining member witness; not all members,false,false,true,
2048,256,100,12,2026,local-e2-production-2048,1,single_witness_refresh_after_revocation,global,43.654700000,ms,43.654700000,refresh one remaining member witness; not all members,false,false,true,
2048,256,100,12,2026,local-e2-production-2048,1,two_layer_single_witness_refresh_after_revocation,two_layer,89.760800000,ms,89.760800000,sum for one remaining member's regional and global witnesses; not all members,false,false,true,
2048,256,100,12,2026,local-e2-production-2048,1,membership_claim_json_size,two_layer,1920.000000000,bytes,,one regional+global context-bound membership claim JSON,false,false,true,
2048,256,100,12,2026,local-e2-production-2048,1,public_accumulator_state_json_size,two_layer,11550.000000000,bytes,,two public accumulator states including active prime representatives; no RSA factors,false,false,true,
2048,256,100,13,2026,local-e2-production-2048,1,hash_to_prime,regional,5.649800000,ms,5.649800000,one deterministic 256-bit prime representative; prime search included; RSA setup excluded,false,false,true,
2048,256,100,13,2026,local-e2-production-2048,1,hash_to_prime,global,2.508500000,ms,2.508500000,one deterministic 256-bit prime representative; prime search included; RSA setup excluded,false,false,true,
2048,256,100,13,2026,local-e2-production-2048,1,two_layer_hash_to_prime,two_layer,8.158300000,ms,8.158300000,sum for one regional and one global representative,false,false,true,
2048,256,100,13,2026,local-e2-production-2048,1,member_addition,regional,2.011700000,ms,2.011700000,add one member to an identical n-1 active-member state,false,false,true,
2048,256,100,13,2026,local-e2-production-2048,1,member_addition,global,0.994200000,ms,0.994200000,add one member to an identical n-1 active-member state,false,false,true,
2048,256,100,13,2026,local-e2-production-2048,1,two_layer_member_addition,two_layer,3.005900000,ms,3.005900000,sum of one regional and one global member addition,false,false,true,
2048,256,100,13,2026,local-e2-production-2048,1,witness_generation,regional,42.044900000,ms,42.044900000,fresh witness for one active member,false,false,true,
2048,256,100,13,2026,local-e2-production-2048,1,witness_generation,global,44.154400000,ms,44.154400000,fresh witness for one active member,false,false,true,
2048,256,100,13,2026,local-e2-production-2048,1,two_layer_claim_generation,two_layer,86.199300000,ms,86.199300000,sum of regional and global witness generation,false,false,true,
2048,256,100,13,2026,local-e2-production-2048,1,membership_verification,regional,1.504500000,ms,1.504500000,one current regional witness,false,false,true,
2048,256,100,13,2026,local-e2-production-2048,1,membership_verification,global,2.029100000,ms,2.029100000,one current global witness,false,false,true,
2048,256,100,13,2026,local-e2-production-2048,1,two_layer_membership_verification,two_layer,3.533600000,ms,3.533600000,sum of current regional and global verification,false,false,true,
2048,256,100,13,2026,local-e2-production-2048,1,revocation,regional,45.771700000,ms,45.771700000,remove one member and recompute the regional accumulator,false,false,true,
2048,256,100,13,2026,local-e2-production-2048,1,revocation,global,50.386000000,ms,50.386000000,remove one member and recompute the global accumulator,false,false,true,
2048,256,100,13,2026,local-e2-production-2048,1,two_layer_revocation,two_layer,96.157700000,ms,96.157700000,sum of regional and global removal/recomputation,false,false,true,
2048,256,100,13,2026,local-e2-production-2048,1,single_witness_refresh_after_revocation,regional,46.135900000,ms,46.135900000,refresh one remaining member witness; not all members,false,false,true,
2048,256,100,13,2026,local-e2-production-2048,1,single_witness_refresh_after_revocation,global,42.387000000,ms,42.387000000,refresh one remaining member witness; not all members,false,false,true,
2048,256,100,13,2026,local-e2-production-2048,1,two_layer_single_witness_refresh_after_revocation,two_layer,88.522900000,ms,88.522900000,sum for one remaining member's regional and global witnesses; not all members,false,false,true,
2048,256,100,13,2026,local-e2-production-2048,1,membership_claim_json_size,two_layer,1920.000000000,bytes,,one regional+global context-bound membership claim JSON,false,false,true,
2048,256,100,13,2026,local-e2-production-2048,1,public_accumulator_state_json_size,two_layer,11550.000000000,bytes,,two public accumulator states including active prime representatives; no RSA factors,false,false,true,
2048,256,100,14,2026,local-e2-production-2048,1,hash_to_prime,regional,2.761300000,ms,2.761300000,one deterministic 256-bit prime representative; prime search included; RSA setup excluded,false,false,true,
2048,256,100,14,2026,local-e2-production-2048,1,hash_to_prime,global,2.179000000,ms,2.179000000,one deterministic 256-bit prime representative; prime search included; RSA setup excluded,false,false,true,
2048,256,100,14,2026,local-e2-production-2048,1,two_layer_hash_to_prime,two_layer,4.940300000,ms,4.940300000,sum for one regional and one global representative,false,false,true,
2048,256,100,14,2026,local-e2-production-2048,1,member_addition,regional,1.312400000,ms,1.312400000,add one member to an identical n-1 active-member state,false,false,true,
2048,256,100,14,2026,local-e2-production-2048,1,member_addition,global,1.130100000,ms,1.130100000,add one member to an identical n-1 active-member state,false,false,true,
2048,256,100,14,2026,local-e2-production-2048,1,two_layer_member_addition,two_layer,2.442500000,ms,2.442500000,sum of one regional and one global member addition,false,false,true,
2048,256,100,14,2026,local-e2-production-2048,1,witness_generation,regional,44.608400000,ms,44.608400000,fresh witness for one active member,false,false,true,
2048,256,100,14,2026,local-e2-production-2048,1,witness_generation,global,47.916000000,ms,47.916000000,fresh witness for one active member,false,false,true,
2048,256,100,14,2026,local-e2-production-2048,1,two_layer_claim_generation,two_layer,92.524400000,ms,92.524400000,sum of regional and global witness generation,false,false,true,
2048,256,100,14,2026,local-e2-production-2048,1,membership_verification,regional,0.519900000,ms,0.519900000,one current regional witness,false,false,true,
2048,256,100,14,2026,local-e2-production-2048,1,membership_verification,global,2.137000000,ms,2.137000000,one current global witness,false,false,true,
2048,256,100,14,2026,local-e2-production-2048,1,two_layer_membership_verification,two_layer,2.656900000,ms,2.656900000,sum of current regional and global verification,false,false,true,
2048,256,100,14,2026,local-e2-production-2048,1,revocation,regional,49.790100000,ms,49.790100000,remove one member and recompute the regional accumulator,false,false,true,
2048,256,100,14,2026,local-e2-production-2048,1,revocation,global,41.114500000,ms,41.114500000,remove one member and recompute the global accumulator,false,false,true,
2048,256,100,14,2026,local-e2-production-2048,1,two_layer_revocation,two_layer,90.904600000,ms,90.904600000,sum of regional and global removal/recomputation,false,false,true,
2048,256,100,14,2026,local-e2-production-2048,1,single_witness_refresh_after_revocation,regional,43.274800000,ms,43.274800000,refresh one remaining member witness; not all members,false,false,true,
2048,256,100,14,2026,local-e2-production-2048,1,single_witness_refresh_after_revocation,global,41.410300000,ms,41.410300000,refresh one remaining member witness; not all members,false,false,true,
2048,256,100,14,2026,local-e2-production-2048,1,two_layer_single_witness_refresh_after_revocation,two_layer,84.685100000,ms,84.685100000,sum for one remaining member's regional and global witnesses; not all members,false,false,true,
2048,256,100,14,2026,local-e2-production-2048,1,membership_claim_json_size,two_layer,1920.000000000,bytes,,one regional+global context-bound membership claim JSON,false,false,true,
2048,256,100,14,2026,local-e2-production-2048,1,public_accumulator_state_json_size,two_layer,11550.000000000,bytes,,two public accumulator states including active prime representatives; no RSA factors,false,false,true,
2048,256,100,15,2026,local-e2-production-2048,1,hash_to_prime,regional,2.000800000,ms,2.000800000,one deterministic 256-bit prime representative; prime search included; RSA setup excluded,false,false,true,
2048,256,100,15,2026,local-e2-production-2048,1,hash_to_prime,global,1.507300000,ms,1.507300000,one deterministic 256-bit prime representative; prime search included; RSA setup excluded,false,false,true,
2048,256,100,15,2026,local-e2-production-2048,1,two_layer_hash_to_prime,two_layer,3.508100000,ms,3.508100000,sum for one regional and one global representative,false,false,true,
2048,256,100,15,2026,local-e2-production-2048,1,member_addition,regional,1.001500000,ms,1.001500000,add one member to an identical n-1 active-member state,false,false,true,
2048,256,100,15,2026,local-e2-production-2048,1,member_addition,global,1.743800000,ms,1.743800000,add one member to an identical n-1 active-member state,false,false,true,
2048,256,100,15,2026,local-e2-production-2048,1,two_layer_member_addition,two_layer,2.745300000,ms,2.745300000,sum of one regional and one global member addition,false,false,true,
2048,256,100,15,2026,local-e2-production-2048,1,witness_generation,regional,46.271400000,ms,46.271400000,fresh witness for one active member,false,false,true,
2048,256,100,15,2026,local-e2-production-2048,1,witness_generation,global,45.786800000,ms,45.786800000,fresh witness for one active member,false,false,true,
2048,256,100,15,2026,local-e2-production-2048,1,two_layer_claim_generation,two_layer,92.058200000,ms,92.058200000,sum of regional and global witness generation,false,false,true,
2048,256,100,15,2026,local-e2-production-2048,1,membership_verification,regional,1.566500000,ms,1.566500000,one current regional witness,false,false,true,
2048,256,100,15,2026,local-e2-production-2048,1,membership_verification,global,1.543800000,ms,1.543800000,one current global witness,false,false,true,
2048,256,100,15,2026,local-e2-production-2048,1,two_layer_membership_verification,two_layer,3.110300000,ms,3.110300000,sum of current regional and global verification,false,false,true,
2048,256,100,15,2026,local-e2-production-2048,1,revocation,regional,48.073800000,ms,48.073800000,remove one member and recompute the regional accumulator,false,false,true,
2048,256,100,15,2026,local-e2-production-2048,1,revocation,global,47.965800000,ms,47.965800000,remove one member and recompute the global accumulator,false,false,true,
2048,256,100,15,2026,local-e2-production-2048,1,two_layer_revocation,two_layer,96.039600000,ms,96.039600000,sum of regional and global removal/recomputation,false,false,true,
2048,256,100,15,2026,local-e2-production-2048,1,single_witness_refresh_after_revocation,regional,44.300700000,ms,44.300700000,refresh one remaining member witness; not all members,false,false,true,
2048,256,100,15,2026,local-e2-production-2048,1,single_witness_refresh_after_revocation,global,46.868400000,ms,46.868400000,refresh one remaining member witness; not all members,false,false,true,
2048,256,100,15,2026,local-e2-production-2048,1,two_layer_single_witness_refresh_after_revocation,two_layer,91.169100000,ms,91.169100000,sum for one remaining member's regional and global witnesses; not all members,false,false,true,
2048,256,100,15,2026,local-e2-production-2048,1,membership_claim_json_size,two_layer,1920.000000000,bytes,,one regional+global context-bound membership claim JSON,false,false,true,
2048,256,100,15,2026,local-e2-production-2048,1,public_accumulator_state_json_size,two_layer,11550.000000000,bytes,,two public accumulator states including active prime representatives; no RSA factors,false,false,true,
2048,256,100,16,2026,local-e2-production-2048,1,hash_to_prime,regional,2.523800000,ms,2.523800000,one deterministic 256-bit prime representative; prime search included; RSA setup excluded,false,false,true,
2048,256,100,16,2026,local-e2-production-2048,1,hash_to_prime,global,2.020200000,ms,2.020200000,one deterministic 256-bit prime representative; prime search included; RSA setup excluded,false,false,true,
2048,256,100,16,2026,local-e2-production-2048,1,two_layer_hash_to_prime,two_layer,4.544000000,ms,4.544000000,sum for one regional and one global representative,false,false,true,
2048,256,100,16,2026,local-e2-production-2048,1,member_addition,regional,2.440700000,ms,2.440700000,add one member to an identical n-1 active-member state,false,false,true,
2048,256,100,16,2026,local-e2-production-2048,1,member_addition,global,2.509700000,ms,2.509700000,add one member to an identical n-1 active-member state,false,false,true,
2048,256,100,16,2026,local-e2-production-2048,1,two_layer_member_addition,two_layer,4.950400000,ms,4.950400000,sum of one regional and one global member addition,false,false,true,
2048,256,100,16,2026,local-e2-production-2048,1,witness_generation,regional,43.829100000,ms,43.829100000,fresh witness for one active member,false,false,true,
2048,256,100,16,2026,local-e2-production-2048,1,witness_generation,global,57.714900000,ms,57.714900000,fresh witness for one active member,false,false,true,
2048,256,100,16,2026,local-e2-production-2048,1,two_layer_claim_generation,two_layer,101.544000000,ms,101.544000000,sum of regional and global witness generation,false,false,true,
2048,256,100,16,2026,local-e2-production-2048,1,membership_verification,regional,1.555300000,ms,1.555300000,one current regional witness,false,false,true,
2048,256,100,16,2026,local-e2-production-2048,1,membership_verification,global,1.998500000,ms,1.998500000,one current global witness,false,false,true,
2048,256,100,16,2026,local-e2-production-2048,1,two_layer_membership_verification,two_layer,3.553800000,ms,3.553800000,sum of current regional and global verification,false,false,true,
2048,256,100,16,2026,local-e2-production-2048,1,revocation,regional,59.264400000,ms,59.264400000,remove one member and recompute the regional accumulator,false,false,true,
2048,256,100,16,2026,local-e2-production-2048,1,revocation,global,44.790000000,ms,44.790000000,remove one member and recompute the global accumulator,false,false,true,
2048,256,100,16,2026,local-e2-production-2048,1,two_layer_revocation,two_layer,104.054400000,ms,104.054400000,sum of regional and global removal/recomputation,false,false,true,
2048,256,100,16,2026,local-e2-production-2048,1,single_witness_refresh_after_revocation,regional,48.350200000,ms,48.350200000,refresh one remaining member witness; not all members,false,false,true,
2048,256,100,16,2026,local-e2-production-2048,1,single_witness_refresh_after_revocation,global,49.728700000,ms,49.728700000,refresh one remaining member witness; not all members,false,false,true,
2048,256,100,16,2026,local-e2-production-2048,1,two_layer_single_witness_refresh_after_revocation,two_layer,98.078900000,ms,98.078900000,sum for one remaining member's regional and global witnesses; not all members,false,false,true,
2048,256,100,16,2026,local-e2-production-2048,1,membership_claim_json_size,two_layer,1920.000000000,bytes,,one regional+global context-bound membership claim JSON,false,false,true,
2048,256,100,16,2026,local-e2-production-2048,1,public_accumulator_state_json_size,two_layer,11550.000000000,bytes,,two public accumulator states including active prime representatives; no RSA factors,false,false,true,
2048,256,100,17,2026,local-e2-production-2048,1,hash_to_prime,regional,1.506500000,ms,1.506500000,one deterministic 256-bit prime representative; prime search included; RSA setup excluded,false,false,true,
2048,256,100,17,2026,local-e2-production-2048,1,hash_to_prime,global,2.050000000,ms,2.050000000,one deterministic 256-bit prime representative; prime search included; RSA setup excluded,false,false,true,
2048,256,100,17,2026,local-e2-production-2048,1,two_layer_hash_to_prime,two_layer,3.556500000,ms,3.556500000,sum for one regional and one global representative,false,false,true,
2048,256,100,17,2026,local-e2-production-2048,1,member_addition,regional,2.799600000,ms,2.799600000,add one member to an identical n-1 active-member state,false,false,true,
2048,256,100,17,2026,local-e2-production-2048,1,member_addition,global,1.328800000,ms,1.328800000,add one member to an identical n-1 active-member state,false,false,true,
2048,256,100,17,2026,local-e2-production-2048,1,two_layer_member_addition,two_layer,4.128400000,ms,4.128400000,sum of one regional and one global member addition,false,false,true,
2048,256,100,17,2026,local-e2-production-2048,1,witness_generation,regional,44.429400000,ms,44.429400000,fresh witness for one active member,false,false,true,
2048,256,100,17,2026,local-e2-production-2048,1,witness_generation,global,45.761500000,ms,45.761500000,fresh witness for one active member,false,false,true,
2048,256,100,17,2026,local-e2-production-2048,1,two_layer_claim_generation,two_layer,90.190900000,ms,90.190900000,sum of regional and global witness generation,false,false,true,
2048,256,100,17,2026,local-e2-production-2048,1,membership_verification,regional,1.508000000,ms,1.508000000,one current regional witness,false,false,true,
2048,256,100,17,2026,local-e2-production-2048,1,membership_verification,global,2.006700000,ms,2.006700000,one current global witness,false,false,true,
2048,256,100,17,2026,local-e2-production-2048,1,two_layer_membership_verification,two_layer,3.514700000,ms,3.514700000,sum of current regional and global verification,false,false,true,
2048,256,100,17,2026,local-e2-production-2048,1,revocation,regional,48.541800000,ms,48.541800000,remove one member and recompute the regional accumulator,false,false,true,
2048,256,100,17,2026,local-e2-production-2048,1,revocation,global,50.837200000,ms,50.837200000,remove one member and recompute the global accumulator,false,false,true,
2048,256,100,17,2026,local-e2-production-2048,1,two_layer_revocation,two_layer,99.379000000,ms,99.379000000,sum of regional and global removal/recomputation,false,false,true,
2048,256,100,17,2026,local-e2-production-2048,1,single_witness_refresh_after_revocation,regional,53.380400000,ms,53.380400000,refresh one remaining member witness; not all members,false,false,true,
2048,256,100,17,2026,local-e2-production-2048,1,single_witness_refresh_after_revocation,global,46.432600000,ms,46.432600000,refresh one remaining member witness; not all members,false,false,true,
2048,256,100,17,2026,local-e2-production-2048,1,two_layer_single_witness_refresh_after_revocation,two_layer,99.813000000,ms,99.813000000,sum for one remaining member's regional and global witnesses; not all members,false,false,true,
2048,256,100,17,2026,local-e2-production-2048,1,membership_claim_json_size,two_layer,1920.000000000,bytes,,one regional+global context-bound membership claim JSON,false,false,true,
2048,256,100,17,2026,local-e2-production-2048,1,public_accumulator_state_json_size,two_layer,11550.000000000,bytes,,two public accumulator states including active prime representatives; no RSA factors,false,false,true,
2048,256,100,18,2026,local-e2-production-2048,1,hash_to_prime,regional,1.567600000,ms,1.567600000,one deterministic 256-bit prime representative; prime search included; RSA setup excluded,false,false,true,
2048,256,100,18,2026,local-e2-production-2048,1,hash_to_prime,global,3.396600000,ms,3.396600000,one deterministic 256-bit prime representative; prime search included; RSA setup excluded,false,false,true,
2048,256,100,18,2026,local-e2-production-2048,1,two_layer_hash_to_prime,two_layer,4.964200000,ms,4.964200000,sum for one regional and one global representative,false,false,true,
2048,256,100,18,2026,local-e2-production-2048,1,member_addition,regional,1.705300000,ms,1.705300000,add one member to an identical n-1 active-member state,false,false,true,
2048,256,100,18,2026,local-e2-production-2048,1,member_addition,global,2.352100000,ms,2.352100000,add one member to an identical n-1 active-member state,false,false,true,
2048,256,100,18,2026,local-e2-production-2048,1,two_layer_member_addition,two_layer,4.057400000,ms,4.057400000,sum of one regional and one global member addition,false,false,true,
2048,256,100,18,2026,local-e2-production-2048,1,witness_generation,regional,48.959200000,ms,48.959200000,fresh witness for one active member,false,false,true,
2048,256,100,18,2026,local-e2-production-2048,1,witness_generation,global,63.811500000,ms,63.811500000,fresh witness for one active member,false,false,true,
2048,256,100,18,2026,local-e2-production-2048,1,two_layer_claim_generation,two_layer,112.770700000,ms,112.770700000,sum of regional and global witness generation,false,false,true,
2048,256,100,18,2026,local-e2-production-2048,1,membership_verification,regional,2.465500000,ms,2.465500000,one current regional witness,false,false,true,
2048,256,100,18,2026,local-e2-production-2048,1,membership_verification,global,2.364100000,ms,2.364100000,one current global witness,false,false,true,
2048,256,100,18,2026,local-e2-production-2048,1,two_layer_membership_verification,two_layer,4.829600000,ms,4.829600000,sum of current regional and global verification,false,false,true,
2048,256,100,18,2026,local-e2-production-2048,1,revocation,regional,48.488900000,ms,48.488900000,remove one member and recompute the regional accumulator,false,false,true,
2048,256,100,18,2026,local-e2-production-2048,1,revocation,global,51.445500000,ms,51.445500000,remove one member and recompute the global accumulator,false,false,true,
2048,256,100,18,2026,local-e2-production-2048,1,two_layer_revocation,two_layer,99.934400000,ms,99.934400000,sum of regional and global removal/recomputation,false,false,true,
2048,256,100,18,2026,local-e2-production-2048,1,single_witness_refresh_after_revocation,regional,48.572700000,ms,48.572700000,refresh one remaining member witness; not all members,false,false,true,
2048,256,100,18,2026,local-e2-production-2048,1,single_witness_refresh_after_revocation,global,47.547600000,ms,47.547600000,refresh one remaining member witness; not all members,false,false,true,
2048,256,100,18,2026,local-e2-production-2048,1,two_layer_single_witness_refresh_after_revocation,two_layer,96.120300000,ms,96.120300000,sum for one remaining member's regional and global witnesses; not all members,false,false,true,
2048,256,100,18,2026,local-e2-production-2048,1,membership_claim_json_size,two_layer,1920.000000000,bytes,,one regional+global context-bound membership claim JSON,false,false,true,
2048,256,100,18,2026,local-e2-production-2048,1,public_accumulator_state_json_size,two_layer,11550.000000000,bytes,,two public accumulator states including active prime representatives; no RSA factors,false,false,true,
2048,256,100,19,2026,local-e2-production-2048,1,hash_to_prime,regional,5.029100000,ms,5.029100000,one deterministic 256-bit prime representative; prime search included; RSA setup excluded,false,false,true,
2048,256,100,19,2026,local-e2-production-2048,1,hash_to_prime,global,2.004200000,ms,2.004200000,one deterministic 256-bit prime representative; prime search included; RSA setup excluded,false,false,true,
2048,256,100,19,2026,local-e2-production-2048,1,two_layer_hash_to_prime,two_layer,7.033300000,ms,7.033300000,sum for one regional and one global representative,false,false,true,
2048,256,100,19,2026,local-e2-production-2048,1,member_addition,regional,2.371500000,ms,2.371500000,add one member to an identical n-1 active-member state,false,false,true,
2048,256,100,19,2026,local-e2-production-2048,1,member_addition,global,1.185200000,ms,1.185200000,add one member to an identical n-1 active-member state,false,false,true,
2048,256,100,19,2026,local-e2-production-2048,1,two_layer_member_addition,two_layer,3.556700000,ms,3.556700000,sum of one regional and one global member addition,false,false,true,
2048,256,100,19,2026,local-e2-production-2048,1,witness_generation,regional,53.358900000,ms,53.358900000,fresh witness for one active member,false,false,true,
2048,256,100,19,2026,local-e2-production-2048,1,witness_generation,global,41.904100000,ms,41.904100000,fresh witness for one active member,false,false,true,
2048,256,100,19,2026,local-e2-production-2048,1,two_layer_claim_generation,two_layer,95.263000000,ms,95.263000000,sum of regional and global witness generation,false,false,true,
2048,256,100,19,2026,local-e2-production-2048,1,membership_verification,regional,1.416700000,ms,1.416700000,one current regional witness,false,false,true,
2048,256,100,19,2026,local-e2-production-2048,1,membership_verification,global,1.106700000,ms,1.106700000,one current global witness,false,false,true,
2048,256,100,19,2026,local-e2-production-2048,1,two_layer_membership_verification,two_layer,2.523400000,ms,2.523400000,sum of current regional and global verification,false,false,true,
2048,256,100,19,2026,local-e2-production-2048,1,revocation,regional,40.246100000,ms,40.246100000,remove one member and recompute the regional accumulator,false,false,true,
2048,256,100,19,2026,local-e2-production-2048,1,revocation,global,41.894800000,ms,41.894800000,remove one member and recompute the global accumulator,false,false,true,
2048,256,100,19,2026,local-e2-production-2048,1,two_layer_revocation,two_layer,82.140900000,ms,82.140900000,sum of regional and global removal/recomputation,false,false,true,
2048,256,100,19,2026,local-e2-production-2048,1,single_witness_refresh_after_revocation,regional,39.370700000,ms,39.370700000,refresh one remaining member witness; not all members,false,false,true,
2048,256,100,19,2026,local-e2-production-2048,1,single_witness_refresh_after_revocation,global,39.042700000,ms,39.042700000,refresh one remaining member witness; not all members,false,false,true,
2048,256,100,19,2026,local-e2-production-2048,1,two_layer_single_witness_refresh_after_revocation,two_layer,78.413400000,ms,78.413400000,sum for one remaining member's regional and global witnesses; not all members,false,false,true,
2048,256,100,19,2026,local-e2-production-2048,1,membership_claim_json_size,two_layer,1920.000000000,bytes,,one regional+global context-bound membership claim JSON,false,false,true,
2048,256,100,19,2026,local-e2-production-2048,1,public_accumulator_state_json_size,two_layer,11550.000000000,bytes,,two public accumulator states including active prime representatives; no RSA factors,false,false,true,
2048,256,100,20,2026,local-e2-production-2048,1,hash_to_prime,regional,1.505000000,ms,1.505000000,one deterministic 256-bit prime representative; prime search included; RSA setup excluded,false,false,true,
2048,256,100,20,2026,local-e2-production-2048,1,hash_to_prime,global,1.358400000,ms,1.358400000,one deterministic 256-bit prime representative; prime search included; RSA setup excluded,false,false,true,
2048,256,100,20,2026,local-e2-production-2048,1,two_layer_hash_to_prime,two_layer,2.863400000,ms,2.863400000,sum for one regional and one global representative,false,false,true,
2048,256,100,20,2026,local-e2-production-2048,1,member_addition,regional,1.584200000,ms,1.584200000,add one member to an identical n-1 active-member state,false,false,true,
2048,256,100,20,2026,local-e2-production-2048,1,member_addition,global,1.054400000,ms,1.054400000,add one member to an identical n-1 active-member state,false,false,true,
2048,256,100,20,2026,local-e2-production-2048,1,two_layer_member_addition,two_layer,2.638600000,ms,2.638600000,sum of one regional and one global member addition,false,false,true,
2048,256,100,20,2026,local-e2-production-2048,1,witness_generation,regional,44.380600000,ms,44.380600000,fresh witness for one active member,false,false,true,
2048,256,100,20,2026,local-e2-production-2048,1,witness_generation,global,44.898800000,ms,44.898800000,fresh witness for one active member,false,false,true,
2048,256,100,20,2026,local-e2-production-2048,1,two_layer_claim_generation,two_layer,89.279400000,ms,89.279400000,sum of regional and global witness generation,false,false,true,
2048,256,100,20,2026,local-e2-production-2048,1,membership_verification,regional,1.232400000,ms,1.232400000,one current regional witness,false,false,true,
2048,256,100,20,2026,local-e2-production-2048,1,membership_verification,global,1.007300000,ms,1.007300000,one current global witness,false,false,true,
2048,256,100,20,2026,local-e2-production-2048,1,two_layer_membership_verification,two_layer,2.239700000,ms,2.239700000,sum of current regional and global verification,false,false,true,
2048,256,100,20,2026,local-e2-production-2048,1,revocation,regional,44.032600000,ms,44.032600000,remove one member and recompute the regional accumulator,false,false,true,
2048,256,100,20,2026,local-e2-production-2048,1,revocation,global,44.371000000,ms,44.371000000,remove one member and recompute the global accumulator,false,false,true,
2048,256,100,20,2026,local-e2-production-2048,1,two_layer_revocation,two_layer,88.403600000,ms,88.403600000,sum of regional and global removal/recomputation,false,false,true,
2048,256,100,20,2026,local-e2-production-2048,1,single_witness_refresh_after_revocation,regional,42.483400000,ms,42.483400000,refresh one remaining member witness; not all members,false,false,true,
2048,256,100,20,2026,local-e2-production-2048,1,single_witness_refresh_after_revocation,global,38.657500000,ms,38.657500000,refresh one remaining member witness; not all members,false,false,true,
2048,256,100,20,2026,local-e2-production-2048,1,two_layer_single_witness_refresh_after_revocation,two_layer,81.140900000,ms,81.140900000,sum for one remaining member's regional and global witnesses; not all members,false,false,true,
2048,256,100,20,2026,local-e2-production-2048,1,membership_claim_json_size,two_layer,1920.000000000,bytes,,one regional+global context-bound membership claim JSON,false,false,true,
2048,256,100,20,2026,local-e2-production-2048,1,public_accumulator_state_json_size,two_layer,11550.000000000,bytes,,two public accumulator states including active prime representatives; no RSA factors,false,false,true,
2048,256,100,21,2026,local-e2-production-2048,1,hash_to_prime,regional,3.245500000,ms,3.245500000,one deterministic 256-bit prime representative; prime search included; RSA setup excluded,false,false,true,
2048,256,100,21,2026,local-e2-production-2048,1,hash_to_prime,global,1.008300000,ms,1.008300000,one deterministic 256-bit prime representative; prime search included; RSA setup excluded,false,false,true,
2048,256,100,21,2026,local-e2-production-2048,1,two_layer_hash_to_prime,two_layer,4.253800000,ms,4.253800000,sum for one regional and one global representative,false,false,true,
2048,256,100,21,2026,local-e2-production-2048,1,member_addition,regional,1.514200000,ms,1.514200000,add one member to an identical n-1 active-member state,false,false,true,
2048,256,100,21,2026,local-e2-production-2048,1,member_addition,global,1.005100000,ms,1.005100000,add one member to an identical n-1 active-member state,false,false,true,
2048,256,100,21,2026,local-e2-production-2048,1,two_layer_member_addition,two_layer,2.519300000,ms,2.519300000,sum of one regional and one global member addition,false,false,true,
2048,256,100,21,2026,local-e2-production-2048,1,witness_generation,regional,55.180000000,ms,55.180000000,fresh witness for one active member,false,false,true,
2048,256,100,21,2026,local-e2-production-2048,1,witness_generation,global,44.137600000,ms,44.137600000,fresh witness for one active member,false,false,true,
2048,256,100,21,2026,local-e2-production-2048,1,two_layer_claim_generation,two_layer,99.317600000,ms,99.317600000,sum of regional and global witness generation,false,false,true,
2048,256,100,21,2026,local-e2-production-2048,1,membership_verification,regional,1.885300000,ms,1.885300000,one current regional witness,false,false,true,
2048,256,100,21,2026,local-e2-production-2048,1,membership_verification,global,1.971000000,ms,1.971000000,one current global witness,false,false,true,
2048,256,100,21,2026,local-e2-production-2048,1,two_layer_membership_verification,two_layer,3.856300000,ms,3.856300000,sum of current regional and global verification,false,false,true,
2048,256,100,21,2026,local-e2-production-2048,1,revocation,regional,56.999100000,ms,56.999100000,remove one member and recompute the regional accumulator,false,false,true,
2048,256,100,21,2026,local-e2-production-2048,1,revocation,global,69.809500000,ms,69.809500000,remove one member and recompute the global accumulator,false,false,true,
2048,256,100,21,2026,local-e2-production-2048,1,two_layer_revocation,two_layer,126.808600000,ms,126.808600000,sum of regional and global removal/recomputation,false,false,true,
2048,256,100,21,2026,local-e2-production-2048,1,single_witness_refresh_after_revocation,regional,50.445600000,ms,50.445600000,refresh one remaining member witness; not all members,false,false,true,
2048,256,100,21,2026,local-e2-production-2048,1,single_witness_refresh_after_revocation,global,47.341700000,ms,47.341700000,refresh one remaining member witness; not all members,false,false,true,
2048,256,100,21,2026,local-e2-production-2048,1,two_layer_single_witness_refresh_after_revocation,two_layer,97.787300000,ms,97.787300000,sum for one remaining member's regional and global witnesses; not all members,false,false,true,
2048,256,100,21,2026,local-e2-production-2048,1,membership_claim_json_size,two_layer,1920.000000000,bytes,,one regional+global context-bound membership claim JSON,false,false,true,
2048,256,100,21,2026,local-e2-production-2048,1,public_accumulator_state_json_size,two_layer,11550.000000000,bytes,,two public accumulator states including active prime representatives; no RSA factors,false,false,true,
2048,256,100,22,2026,local-e2-production-2048,1,hash_to_prime,regional,2.623700000,ms,2.623700000,one deterministic 256-bit prime representative; prime search included; RSA setup excluded,false,false,true,
2048,256,100,22,2026,local-e2-production-2048,1,hash_to_prime,global,3.518400000,ms,3.518400000,one deterministic 256-bit prime representative; prime search included; RSA setup excluded,false,false,true,
2048,256,100,22,2026,local-e2-production-2048,1,two_layer_hash_to_prime,two_layer,6.142100000,ms,6.142100000,sum for one regional and one global representative,false,false,true,
2048,256,100,22,2026,local-e2-production-2048,1,member_addition,regional,1.520000000,ms,1.520000000,add one member to an identical n-1 active-member state,false,false,true,
2048,256,100,22,2026,local-e2-production-2048,1,member_addition,global,2.014900000,ms,2.014900000,add one member to an identical n-1 active-member state,false,false,true,
2048,256,100,22,2026,local-e2-production-2048,1,two_layer_member_addition,two_layer,3.534900000,ms,3.534900000,sum of one regional and one global member addition,false,false,true,
2048,256,100,22,2026,local-e2-production-2048,1,witness_generation,regional,52.022700000,ms,52.022700000,fresh witness for one active member,false,false,true,
2048,256,100,22,2026,local-e2-production-2048,1,witness_generation,global,47.441800000,ms,47.441800000,fresh witness for one active member,false,false,true,
2048,256,100,22,2026,local-e2-production-2048,1,two_layer_claim_generation,two_layer,99.464500000,ms,99.464500000,sum of regional and global witness generation,false,false,true,
2048,256,100,22,2026,local-e2-production-2048,1,membership_verification,regional,1.545700000,ms,1.545700000,one current regional witness,false,false,true,
2048,256,100,22,2026,local-e2-production-2048,1,membership_verification,global,1.978800000,ms,1.978800000,one current global witness,false,false,true,
2048,256,100,22,2026,local-e2-production-2048,1,two_layer_membership_verification,two_layer,3.524500000,ms,3.524500000,sum of current regional and global verification,false,false,true,
2048,256,100,22,2026,local-e2-production-2048,1,revocation,regional,44.705800000,ms,44.705800000,remove one member and recompute the regional accumulator,false,false,true,
2048,256,100,22,2026,local-e2-production-2048,1,revocation,global,62.048000000,ms,62.048000000,remove one member and recompute the global accumulator,false,false,true,
2048,256,100,22,2026,local-e2-production-2048,1,two_layer_revocation,two_layer,106.753800000,ms,106.753800000,sum of regional and global removal/recomputation,false,false,true,
2048,256,100,22,2026,local-e2-production-2048,1,single_witness_refresh_after_revocation,regional,53.899800000,ms,53.899800000,refresh one remaining member witness; not all members,false,false,true,
2048,256,100,22,2026,local-e2-production-2048,1,single_witness_refresh_after_revocation,global,50.257800000,ms,50.257800000,refresh one remaining member witness; not all members,false,false,true,
2048,256,100,22,2026,local-e2-production-2048,1,two_layer_single_witness_refresh_after_revocation,two_layer,104.157600000,ms,104.157600000,sum for one remaining member's regional and global witnesses; not all members,false,false,true,
2048,256,100,22,2026,local-e2-production-2048,1,membership_claim_json_size,two_layer,1920.000000000,bytes,,one regional+global context-bound membership claim JSON,false,false,true,
2048,256,100,22,2026,local-e2-production-2048,1,public_accumulator_state_json_size,two_layer,11550.000000000,bytes,,two public accumulator states including active prime representatives; no RSA factors,false,false,true,
2048,256,100,23,2026,local-e2-production-2048,1,hash_to_prime,regional,2.565800000,ms,2.565800000,one deterministic 256-bit prime representative; prime search included; RSA setup excluded,false,false,true,
2048,256,100,23,2026,local-e2-production-2048,1,hash_to_prime,global,1.110700000,ms,1.110700000,one deterministic 256-bit prime representative; prime search included; RSA setup excluded,false,false,true,
2048,256,100,23,2026,local-e2-production-2048,1,two_layer_hash_to_prime,two_layer,3.676500000,ms,3.676500000,sum for one regional and one global representative,false,false,true,
2048,256,100,23,2026,local-e2-production-2048,1,member_addition,regional,2.141400000,ms,2.141400000,add one member to an identical n-1 active-member state,false,false,true,
2048,256,100,23,2026,local-e2-production-2048,1,member_addition,global,0.998400000,ms,0.998400000,add one member to an identical n-1 active-member state,false,false,true,
2048,256,100,23,2026,local-e2-production-2048,1,two_layer_member_addition,two_layer,3.139800000,ms,3.139800000,sum of one regional and one global member addition,false,false,true,
2048,256,100,23,2026,local-e2-production-2048,1,witness_generation,regional,49.343100000,ms,49.343100000,fresh witness for one active member,false,false,true,
2048,256,100,23,2026,local-e2-production-2048,1,witness_generation,global,52.529300000,ms,52.529300000,fresh witness for one active member,false,false,true,
2048,256,100,23,2026,local-e2-production-2048,1,two_layer_claim_generation,two_layer,101.872400000,ms,101.872400000,sum of regional and global witness generation,false,false,true,
2048,256,100,23,2026,local-e2-production-2048,1,membership_verification,regional,1.507800000,ms,1.507800000,one current regional witness,false,false,true,
2048,256,100,23,2026,local-e2-production-2048,1,membership_verification,global,1.396700000,ms,1.396700000,one current global witness,false,false,true,
2048,256,100,23,2026,local-e2-production-2048,1,two_layer_membership_verification,two_layer,2.904500000,ms,2.904500000,sum of current regional and global verification,false,false,true,
2048,256,100,23,2026,local-e2-production-2048,1,revocation,regional,39.730900000,ms,39.730900000,remove one member and recompute the regional accumulator,false,false,true,
2048,256,100,23,2026,local-e2-production-2048,1,revocation,global,38.970300000,ms,38.970300000,remove one member and recompute the global accumulator,false,false,true,
2048,256,100,23,2026,local-e2-production-2048,1,two_layer_revocation,two_layer,78.701200000,ms,78.701200000,sum of regional and global removal/recomputation,false,false,true,
2048,256,100,23,2026,local-e2-production-2048,1,single_witness_refresh_after_revocation,regional,39.306200000,ms,39.306200000,refresh one remaining member witness; not all members,false,false,true,
2048,256,100,23,2026,local-e2-production-2048,1,single_witness_refresh_after_revocation,global,41.407400000,ms,41.407400000,refresh one remaining member witness; not all members,false,false,true,
2048,256,100,23,2026,local-e2-production-2048,1,two_layer_single_witness_refresh_after_revocation,two_layer,80.713600000,ms,80.713600000,sum for one remaining member's regional and global witnesses; not all members,false,false,true,
2048,256,100,23,2026,local-e2-production-2048,1,membership_claim_json_size,two_layer,1920.000000000,bytes,,one regional+global context-bound membership claim JSON,false,false,true,
2048,256,100,23,2026,local-e2-production-2048,1,public_accumulator_state_json_size,two_layer,11550.000000000,bytes,,two public accumulator states including active prime representatives; no RSA factors,false,false,true,
2048,256,100,24,2026,local-e2-production-2048,1,hash_to_prime,regional,2.668600000,ms,2.668600000,one deterministic 256-bit prime representative; prime search included; RSA setup excluded,false,false,true,
2048,256,100,24,2026,local-e2-production-2048,1,hash_to_prime,global,1.652000000,ms,1.652000000,one deterministic 256-bit prime representative; prime search included; RSA setup excluded,false,false,true,
2048,256,100,24,2026,local-e2-production-2048,1,two_layer_hash_to_prime,two_layer,4.320600000,ms,4.320600000,sum for one regional and one global representative,false,false,true,
2048,256,100,24,2026,local-e2-production-2048,1,member_addition,regional,1.363800000,ms,1.363800000,add one member to an identical n-1 active-member state,false,false,true,
2048,256,100,24,2026,local-e2-production-2048,1,member_addition,global,2.288900000,ms,2.288900000,add one member to an identical n-1 active-member state,false,false,true,
2048,256,100,24,2026,local-e2-production-2048,1,two_layer_member_addition,two_layer,3.652700000,ms,3.652700000,sum of one regional and one global member addition,false,false,true,
2048,256,100,24,2026,local-e2-production-2048,1,witness_generation,regional,52.938500000,ms,52.938500000,fresh witness for one active member,false,false,true,
2048,256,100,24,2026,local-e2-production-2048,1,witness_generation,global,55.119200000,ms,55.119200000,fresh witness for one active member,false,false,true,
2048,256,100,24,2026,local-e2-production-2048,1,two_layer_claim_generation,two_layer,108.057700000,ms,108.057700000,sum of regional and global witness generation,false,false,true,
2048,256,100,24,2026,local-e2-production-2048,1,membership_verification,regional,2.012500000,ms,2.012500000,one current regional witness,false,false,true,
2048,256,100,24,2026,local-e2-production-2048,1,membership_verification,global,1.999200000,ms,1.999200000,one current global witness,false,false,true,
2048,256,100,24,2026,local-e2-production-2048,1,two_layer_membership_verification,two_layer,4.011700000,ms,4.011700000,sum of current regional and global verification,false,false,true,
2048,256,100,24,2026,local-e2-production-2048,1,revocation,regional,47.564300000,ms,47.564300000,remove one member and recompute the regional accumulator,false,false,true,
2048,256,100,24,2026,local-e2-production-2048,1,revocation,global,49.451200000,ms,49.451200000,remove one member and recompute the global accumulator,false,false,true,
2048,256,100,24,2026,local-e2-production-2048,1,two_layer_revocation,two_layer,97.015500000,ms,97.015500000,sum of regional and global removal/recomputation,false,false,true,
2048,256,100,24,2026,local-e2-production-2048,1,single_witness_refresh_after_revocation,regional,44.712100000,ms,44.712100000,refresh one remaining member witness; not all members,false,false,true,
2048,256,100,24,2026,local-e2-production-2048,1,single_witness_refresh_after_revocation,global,49.732700000,ms,49.732700000,refresh one remaining member witness; not all members,false,false,true,
2048,256,100,24,2026,local-e2-production-2048,1,two_layer_single_witness_refresh_after_revocation,two_layer,94.444800000,ms,94.444800000,sum for one remaining member's regional and global witnesses; not all members,false,false,true,
2048,256,100,24,2026,local-e2-production-2048,1,membership_claim_json_size,two_layer,1920.000000000,bytes,,one regional+global context-bound membership claim JSON,false,false,true,
2048,256,100,24,2026,local-e2-production-2048,1,public_accumulator_state_json_size,two_layer,11550.000000000,bytes,,two public accumulator states including active prime representatives; no RSA factors,false,false,true,
2048,256,100,25,2026,local-e2-production-2048,1,hash_to_prime,regional,1.003400000,ms,1.003400000,one deterministic 256-bit prime representative; prime search included; RSA setup excluded,false,false,true,
2048,256,100,25,2026,local-e2-production-2048,1,hash_to_prime,global,1.513900000,ms,1.513900000,one deterministic 256-bit prime representative; prime search included; RSA setup excluded,false,false,true,
2048,256,100,25,2026,local-e2-production-2048,1,two_layer_hash_to_prime,two_layer,2.517300000,ms,2.517300000,sum for one regional and one global representative,false,false,true,
2048,256,100,25,2026,local-e2-production-2048,1,member_addition,regional,2.041000000,ms,2.041000000,add one member to an identical n-1 active-member state,false,false,true,
2048,256,100,25,2026,local-e2-production-2048,1,member_addition,global,1.027800000,ms,1.027800000,add one member to an identical n-1 active-member state,false,false,true,
2048,256,100,25,2026,local-e2-production-2048,1,two_layer_member_addition,two_layer,3.068800000,ms,3.068800000,sum of one regional and one global member addition,false,false,true,
2048,256,100,25,2026,local-e2-production-2048,1,witness_generation,regional,45.443800000,ms,45.443800000,fresh witness for one active member,false,false,true,
2048,256,100,25,2026,local-e2-production-2048,1,witness_generation,global,41.809500000,ms,41.809500000,fresh witness for one active member,false,false,true,
2048,256,100,25,2026,local-e2-production-2048,1,two_layer_claim_generation,two_layer,87.253300000,ms,87.253300000,sum of regional and global witness generation,false,false,true,
2048,256,100,25,2026,local-e2-production-2048,1,membership_verification,regional,2.160600000,ms,2.160600000,one current regional witness,false,false,true,
2048,256,100,25,2026,local-e2-production-2048,1,membership_verification,global,1.504400000,ms,1.504400000,one current global witness,false,false,true,
2048,256,100,25,2026,local-e2-production-2048,1,two_layer_membership_verification,two_layer,3.665000000,ms,3.665000000,sum of current regional and global verification,false,false,true,
2048,256,100,25,2026,local-e2-production-2048,1,revocation,regional,40.488500000,ms,40.488500000,remove one member and recompute the regional accumulator,false,false,true,
2048,256,100,25,2026,local-e2-production-2048,1,revocation,global,45.290500000,ms,45.290500000,remove one member and recompute the global accumulator,false,false,true,
2048,256,100,25,2026,local-e2-production-2048,1,two_layer_revocation,two_layer,85.779000000,ms,85.779000000,sum of regional and global removal/recomputation,false,false,true,
2048,256,100,25,2026,local-e2-production-2048,1,single_witness_refresh_after_revocation,regional,49.822800000,ms,49.822800000,refresh one remaining member witness; not all members,false,false,true,
2048,256,100,25,2026,local-e2-production-2048,1,single_witness_refresh_after_revocation,global,39.559600000,ms,39.559600000,refresh one remaining member witness; not all members,false,false,true,
2048,256,100,25,2026,local-e2-production-2048,1,two_layer_single_witness_refresh_after_revocation,two_layer,89.382400000,ms,89.382400000,sum for one remaining member's regional and global witnesses; not all members,false,false,true,
2048,256,100,25,2026,local-e2-production-2048,1,membership_claim_json_size,two_layer,1920.000000000,bytes,,one regional+global context-bound membership claim JSON,false,false,true,
2048,256,100,25,2026,local-e2-production-2048,1,public_accumulator_state_json_size,two_layer,11550.000000000,bytes,,two public accumulator states including active prime representatives; no RSA factors,false,false,true,
2048,256,100,26,2026,local-e2-production-2048,1,hash_to_prime,regional,1.528900000,ms,1.528900000,one deterministic 256-bit prime representative; prime search included; RSA setup excluded,false,false,true,
2048,256,100,26,2026,local-e2-production-2048,1,hash_to_prime,global,2.021300000,ms,2.021300000,one deterministic 256-bit prime representative; prime search included; RSA setup excluded,false,false,true,
2048,256,100,26,2026,local-e2-production-2048,1,two_layer_hash_to_prime,two_layer,3.550200000,ms,3.550200000,sum for one regional and one global representative,false,false,true,
2048,256,100,26,2026,local-e2-production-2048,1,member_addition,regional,2.219700000,ms,2.219700000,add one member to an identical n-1 active-member state,false,false,true,
2048,256,100,26,2026,local-e2-production-2048,1,member_addition,global,1.119100000,ms,1.119100000,add one member to an identical n-1 active-member state,false,false,true,
2048,256,100,26,2026,local-e2-production-2048,1,two_layer_member_addition,two_layer,3.338800000,ms,3.338800000,sum of one regional and one global member addition,false,false,true,
2048,256,100,26,2026,local-e2-production-2048,1,witness_generation,regional,49.625600000,ms,49.625600000,fresh witness for one active member,false,false,true,
2048,256,100,26,2026,local-e2-production-2048,1,witness_generation,global,46.725800000,ms,46.725800000,fresh witness for one active member,false,false,true,
2048,256,100,26,2026,local-e2-production-2048,1,two_layer_claim_generation,two_layer,96.351400000,ms,96.351400000,sum of regional and global witness generation,false,false,true,
2048,256,100,26,2026,local-e2-production-2048,1,membership_verification,regional,2.001400000,ms,2.001400000,one current regional witness,false,false,true,
2048,256,100,26,2026,local-e2-production-2048,1,membership_verification,global,2.008900000,ms,2.008900000,one current global witness,false,false,true,
2048,256,100,26,2026,local-e2-production-2048,1,two_layer_membership_verification,two_layer,4.010300000,ms,4.010300000,sum of current regional and global verification,false,false,true,
2048,256,100,26,2026,local-e2-production-2048,1,revocation,regional,48.014300000,ms,48.014300000,remove one member and recompute the regional accumulator,false,false,true,
2048,256,100,26,2026,local-e2-production-2048,1,revocation,global,52.145700000,ms,52.145700000,remove one member and recompute the global accumulator,false,false,true,
2048,256,100,26,2026,local-e2-production-2048,1,two_layer_revocation,two_layer,100.160000000,ms,100.160000000,sum of regional and global removal/recomputation,false,false,true,
2048,256,100,26,2026,local-e2-production-2048,1,single_witness_refresh_after_revocation,regional,42.616000000,ms,42.616000000,refresh one remaining member witness; not all members,false,false,true,
2048,256,100,26,2026,local-e2-production-2048,1,single_witness_refresh_after_revocation,global,57.090200000,ms,57.090200000,refresh one remaining member witness; not all members,false,false,true,
2048,256,100,26,2026,local-e2-production-2048,1,two_layer_single_witness_refresh_after_revocation,two_layer,99.706200000,ms,99.706200000,sum for one remaining member's regional and global witnesses; not all members,false,false,true,
2048,256,100,26,2026,local-e2-production-2048,1,membership_claim_json_size,two_layer,1920.000000000,bytes,,one regional+global context-bound membership claim JSON,false,false,true,
2048,256,100,26,2026,local-e2-production-2048,1,public_accumulator_state_json_size,two_layer,11550.000000000,bytes,,two public accumulator states including active prime representatives; no RSA factors,false,false,true,
2048,256,100,27,2026,local-e2-production-2048,1,hash_to_prime,regional,3.885400000,ms,3.885400000,one deterministic 256-bit prime representative; prime search included; RSA setup excluded,false,false,true,
2048,256,100,27,2026,local-e2-production-2048,1,hash_to_prime,global,0.999500000,ms,0.999500000,one deterministic 256-bit prime representative; prime search included; RSA setup excluded,false,false,true,
2048,256,100,27,2026,local-e2-production-2048,1,two_layer_hash_to_prime,two_layer,4.884900000,ms,4.884900000,sum for one regional and one global representative,false,false,true,
2048,256,100,27,2026,local-e2-production-2048,1,member_addition,regional,1.470300000,ms,1.470300000,add one member to an identical n-1 active-member state,false,false,true,
2048,256,100,27,2026,local-e2-production-2048,1,member_addition,global,1.174800000,ms,1.174800000,add one member to an identical n-1 active-member state,false,false,true,
2048,256,100,27,2026,local-e2-production-2048,1,two_layer_member_addition,two_layer,2.645100000,ms,2.645100000,sum of one regional and one global member addition,false,false,true,
2048,256,100,27,2026,local-e2-production-2048,1,witness_generation,regional,56.106600000,ms,56.106600000,fresh witness for one active member,false,false,true,
2048,256,100,27,2026,local-e2-production-2048,1,witness_generation,global,51.447200000,ms,51.447200000,fresh witness for one active member,false,false,true,
2048,256,100,27,2026,local-e2-production-2048,1,two_layer_claim_generation,two_layer,107.553800000,ms,107.553800000,sum of regional and global witness generation,false,false,true,
2048,256,100,27,2026,local-e2-production-2048,1,membership_verification,regional,2.228100000,ms,2.228100000,one current regional witness,false,false,true,
2048,256,100,27,2026,local-e2-production-2048,1,membership_verification,global,1.506600000,ms,1.506600000,one current global witness,false,false,true,
2048,256,100,27,2026,local-e2-production-2048,1,two_layer_membership_verification,two_layer,3.734700000,ms,3.734700000,sum of current regional and global verification,false,false,true,
2048,256,100,27,2026,local-e2-production-2048,1,revocation,regional,49.407900000,ms,49.407900000,remove one member and recompute the regional accumulator,false,false,true,
2048,256,100,27,2026,local-e2-production-2048,1,revocation,global,50.490300000,ms,50.490300000,remove one member and recompute the global accumulator,false,false,true,
2048,256,100,27,2026,local-e2-production-2048,1,two_layer_revocation,two_layer,99.898200000,ms,99.898200000,sum of regional and global removal/recomputation,false,false,true,
2048,256,100,27,2026,local-e2-production-2048,1,single_witness_refresh_after_revocation,regional,44.838900000,ms,44.838900000,refresh one remaining member witness; not all members,false,false,true,
2048,256,100,27,2026,local-e2-production-2048,1,single_witness_refresh_after_revocation,global,46.777700000,ms,46.777700000,refresh one remaining member witness; not all members,false,false,true,
2048,256,100,27,2026,local-e2-production-2048,1,two_layer_single_witness_refresh_after_revocation,two_layer,91.616600000,ms,91.616600000,sum for one remaining member's regional and global witnesses; not all members,false,false,true,
2048,256,100,27,2026,local-e2-production-2048,1,membership_claim_json_size,two_layer,1920.000000000,bytes,,one regional+global context-bound membership claim JSON,false,false,true,
2048,256,100,27,2026,local-e2-production-2048,1,public_accumulator_state_json_size,two_layer,11550.000000000,bytes,,two public accumulator states including active prime representatives; no RSA factors,false,false,true,
2048,256,100,28,2026,local-e2-production-2048,1,hash_to_prime,regional,1.241200000,ms,1.241200000,one deterministic 256-bit prime representative; prime search included; RSA setup excluded,false,false,true,
2048,256,100,28,2026,local-e2-production-2048,1,hash_to_prime,global,1.526800000,ms,1.526800000,one deterministic 256-bit prime representative; prime search included; RSA setup excluded,false,false,true,
2048,256,100,28,2026,local-e2-production-2048,1,two_layer_hash_to_prime,two_layer,2.768000000,ms,2.768000000,sum for one regional and one global representative,false,false,true,
2048,256,100,28,2026,local-e2-production-2048,1,member_addition,regional,2.006100000,ms,2.006100000,add one member to an identical n-1 active-member state,false,false,true,
2048,256,100,28,2026,local-e2-production-2048,1,member_addition,global,0.530300000,ms,0.530300000,add one member to an identical n-1 active-member state,false,false,true,
2048,256,100,28,2026,local-e2-production-2048,1,two_layer_member_addition,two_layer,2.536400000,ms,2.536400000,sum of one regional and one global member addition,false,false,true,
2048,256,100,28,2026,local-e2-production-2048,1,witness_generation,regional,46.516800000,ms,46.516800000,fresh witness for one active member,false,false,true,
2048,256,100,28,2026,local-e2-production-2048,1,witness_generation,global,58.660100000,ms,58.660100000,fresh witness for one active member,false,false,true,
2048,256,100,28,2026,local-e2-production-2048,1,two_layer_claim_generation,two_layer,105.176900000,ms,105.176900000,sum of regional and global witness generation,false,false,true,
2048,256,100,28,2026,local-e2-production-2048,1,membership_verification,regional,2.501300000,ms,2.501300000,one current regional witness,false,false,true,
2048,256,100,28,2026,local-e2-production-2048,1,membership_verification,global,3.023600000,ms,3.023600000,one current global witness,false,false,true,
2048,256,100,28,2026,local-e2-production-2048,1,two_layer_membership_verification,two_layer,5.524900000,ms,5.524900000,sum of current regional and global verification,false,false,true,
2048,256,100,28,2026,local-e2-production-2048,1,revocation,regional,58.218800000,ms,58.218800000,remove one member and recompute the regional accumulator,false,false,true,
2048,256,100,28,2026,local-e2-production-2048,1,revocation,global,49.885900000,ms,49.885900000,remove one member and recompute the global accumulator,false,false,true,
2048,256,100,28,2026,local-e2-production-2048,1,two_layer_revocation,two_layer,108.104700000,ms,108.104700000,sum of regional and global removal/recomputation,false,false,true,
2048,256,100,28,2026,local-e2-production-2048,1,single_witness_refresh_after_revocation,regional,49.349400000,ms,49.349400000,refresh one remaining member witness; not all members,false,false,true,
2048,256,100,28,2026,local-e2-production-2048,1,single_witness_refresh_after_revocation,global,47.683000000,ms,47.683000000,refresh one remaining member witness; not all members,false,false,true,
2048,256,100,28,2026,local-e2-production-2048,1,two_layer_single_witness_refresh_after_revocation,two_layer,97.032400000,ms,97.032400000,sum for one remaining member's regional and global witnesses; not all members,false,false,true,
2048,256,100,28,2026,local-e2-production-2048,1,membership_claim_json_size,two_layer,1920.000000000,bytes,,one regional+global context-bound membership claim JSON,false,false,true,
2048,256,100,28,2026,local-e2-production-2048,1,public_accumulator_state_json_size,two_layer,11550.000000000,bytes,,two public accumulator states including active prime representatives; no RSA factors,false,false,true,
2048,256,100,29,2026,local-e2-production-2048,1,hash_to_prime,regional,1.504100000,ms,1.504100000,one deterministic 256-bit prime representative; prime search included; RSA setup excluded,false,false,true,
2048,256,100,29,2026,local-e2-production-2048,1,hash_to_prime,global,3.418600000,ms,3.418600000,one deterministic 256-bit prime representative; prime search included; RSA setup excluded,false,false,true,
2048,256,100,29,2026,local-e2-production-2048,1,two_layer_hash_to_prime,two_layer,4.922700000,ms,4.922700000,sum for one regional and one global representative,false,false,true,
2048,256,100,29,2026,local-e2-production-2048,1,member_addition,regional,1.998900000,ms,1.998900000,add one member to an identical n-1 active-member state,false,false,true,
2048,256,100,29,2026,local-e2-production-2048,1,member_addition,global,2.004500000,ms,2.004500000,add one member to an identical n-1 active-member state,false,false,true,
2048,256,100,29,2026,local-e2-production-2048,1,two_layer_member_addition,two_layer,4.003400000,ms,4.003400000,sum of one regional and one global member addition,false,false,true,
2048,256,100,29,2026,local-e2-production-2048,1,witness_generation,regional,47.679200000,ms,47.679200000,fresh witness for one active member,false,false,true,
2048,256,100,29,2026,local-e2-production-2048,1,witness_generation,global,38.715000000,ms,38.715000000,fresh witness for one active member,false,false,true,
2048,256,100,29,2026,local-e2-production-2048,1,two_layer_claim_generation,two_layer,86.394200000,ms,86.394200000,sum of regional and global witness generation,false,false,true,
2048,256,100,29,2026,local-e2-production-2048,1,membership_verification,regional,1.992000000,ms,1.992000000,one current regional witness,false,false,true,
2048,256,100,29,2026,local-e2-production-2048,1,membership_verification,global,1.001200000,ms,1.001200000,one current global witness,false,false,true,
2048,256,100,29,2026,local-e2-production-2048,1,two_layer_membership_verification,two_layer,2.993200000,ms,2.993200000,sum of current regional and global verification,false,false,true,
2048,256,100,29,2026,local-e2-production-2048,1,revocation,regional,40.474800000,ms,40.474800000,remove one member and recompute the regional accumulator,false,false,true,
2048,256,100,29,2026,local-e2-production-2048,1,revocation,global,42.214700000,ms,42.214700000,remove one member and recompute the global accumulator,false,false,true,
2048,256,100,29,2026,local-e2-production-2048,1,two_layer_revocation,two_layer,82.689500000,ms,82.689500000,sum of regional and global removal/recomputation,false,false,true,
2048,256,100,29,2026,local-e2-production-2048,1,single_witness_refresh_after_revocation,regional,43.066100000,ms,43.066100000,refresh one remaining member witness; not all members,false,false,true,
2048,256,100,29,2026,local-e2-production-2048,1,single_witness_refresh_after_revocation,global,46.009900000,ms,46.009900000,refresh one remaining member witness; not all members,false,false,true,
2048,256,100,29,2026,local-e2-production-2048,1,two_layer_single_witness_refresh_after_revocation,two_layer,89.076000000,ms,89.076000000,sum for one remaining member's regional and global witnesses; not all members,false,false,true,
2048,256,100,29,2026,local-e2-production-2048,1,membership_claim_json_size,two_layer,1920.000000000,bytes,,one regional+global context-bound membership claim JSON,false,false,true,
2048,256,100,29,2026,local-e2-production-2048,1,public_accumulator_state_json_size,two_layer,11550.000000000,bytes,,two public accumulator states including active prime representatives; no RSA factors,false,false,true,
2048,256,100,30,2026,local-e2-production-2048,1,hash_to_prime,regional,3.795300000,ms,3.795300000,one deterministic 256-bit prime representative; prime search included; RSA setup excluded,false,false,true,
2048,256,100,30,2026,local-e2-production-2048,1,hash_to_prime,global,2.991300000,ms,2.991300000,one deterministic 256-bit prime representative; prime search included; RSA setup excluded,false,false,true,
2048,256,100,30,2026,local-e2-production-2048,1,two_layer_hash_to_prime,two_layer,6.786600000,ms,6.786600000,sum for one regional and one global representative,false,false,true,
2048,256,100,30,2026,local-e2-production-2048,1,member_addition,regional,1.000500000,ms,1.000500000,add one member to an identical n-1 active-member state,false,false,true,
2048,256,100,30,2026,local-e2-production-2048,1,member_addition,global,2.356600000,ms,2.356600000,add one member to an identical n-1 active-member state,false,false,true,
2048,256,100,30,2026,local-e2-production-2048,1,two_layer_member_addition,two_layer,3.357100000,ms,3.357100000,sum of one regional and one global member addition,false,false,true,
2048,256,100,30,2026,local-e2-production-2048,1,witness_generation,regional,48.463400000,ms,48.463400000,fresh witness for one active member,false,false,true,
2048,256,100,30,2026,local-e2-production-2048,1,witness_generation,global,43.104500000,ms,43.104500000,fresh witness for one active member,false,false,true,
2048,256,100,30,2026,local-e2-production-2048,1,two_layer_claim_generation,two_layer,91.567900000,ms,91.567900000,sum of regional and global witness generation,false,false,true,
2048,256,100,30,2026,local-e2-production-2048,1,membership_verification,regional,0.997000000,ms,0.997000000,one current regional witness,false,false,true,
2048,256,100,30,2026,local-e2-production-2048,1,membership_verification,global,1.505700000,ms,1.505700000,one current global witness,false,false,true,
2048,256,100,30,2026,local-e2-production-2048,1,two_layer_membership_verification,two_layer,2.502700000,ms,2.502700000,sum of current regional and global verification,false,false,true,
2048,256,100,30,2026,local-e2-production-2048,1,revocation,regional,44.423500000,ms,44.423500000,remove one member and recompute the regional accumulator,false,false,true,
2048,256,100,30,2026,local-e2-production-2048,1,revocation,global,52.181100000,ms,52.181100000,remove one member and recompute the global accumulator,false,false,true,
2048,256,100,30,2026,local-e2-production-2048,1,two_layer_revocation,two_layer,96.604600000,ms,96.604600000,sum of regional and global removal/recomputation,false,false,true,
2048,256,100,30,2026,local-e2-production-2048,1,single_witness_refresh_after_revocation,regional,50.735400000,ms,50.735400000,refresh one remaining member witness; not all members,false,false,true,
2048,256,100,30,2026,local-e2-production-2048,1,single_witness_refresh_after_revocation,global,49.057900000,ms,49.057900000,refresh one remaining member witness; not all members,false,false,true,
2048,256,100,30,2026,local-e2-production-2048,1,two_layer_single_witness_refresh_after_revocation,two_layer,99.793300000,ms,99.793300000,sum for one remaining member's regional and global witnesses; not all members,false,false,true,
2048,256,100,30,2026,local-e2-production-2048,1,membership_claim_json_size,two_layer,1920.000000000,bytes,,one regional+global context-bound membership claim JSON,false,false,true,
2048,256,100,30,2026,local-e2-production-2048,1,public_accumulator_state_json_size,two_layer,11550.000000000,bytes,,two public accumulator states including active prime representatives; no RSA factors,false,false,true,
2048,256,500,1,2026,local-e2-production-2048,1,hash_to_prime,regional,1.634000000,ms,1.634000000,one deterministic 256-bit prime representative; prime search included; RSA setup excluded,false,false,true,
2048,256,500,1,2026,local-e2-production-2048,1,hash_to_prime,global,1.009000000,ms,1.009000000,one deterministic 256-bit prime representative; prime search included; RSA setup excluded,false,false,true,
2048,256,500,1,2026,local-e2-production-2048,1,two_layer_hash_to_prime,two_layer,2.643000000,ms,2.643000000,sum for one regional and one global representative,false,false,true,
2048,256,500,1,2026,local-e2-production-2048,1,member_addition,regional,1.009700000,ms,1.009700000,add one member to an identical n-1 active-member state,false,false,true,
2048,256,500,1,2026,local-e2-production-2048,1,member_addition,global,2.132300000,ms,2.132300000,add one member to an identical n-1 active-member state,false,false,true,
2048,256,500,1,2026,local-e2-production-2048,1,two_layer_member_addition,two_layer,3.142000000,ms,3.142000000,sum of one regional and one global member addition,false,false,true,
2048,256,500,1,2026,local-e2-production-2048,1,witness_generation,regional,240.324500000,ms,240.324500000,fresh witness for one active member,false,false,true,
2048,256,500,1,2026,local-e2-production-2048,1,witness_generation,global,243.653200000,ms,243.653200000,fresh witness for one active member,false,false,true,
2048,256,500,1,2026,local-e2-production-2048,1,two_layer_claim_generation,two_layer,483.977700000,ms,483.977700000,sum of regional and global witness generation,false,false,true,
2048,256,500,1,2026,local-e2-production-2048,1,membership_verification,regional,1.504600000,ms,1.504600000,one current regional witness,false,false,true,
2048,256,500,1,2026,local-e2-production-2048,1,membership_verification,global,2.498800000,ms,2.498800000,one current global witness,false,false,true,
2048,256,500,1,2026,local-e2-production-2048,1,two_layer_membership_verification,two_layer,4.003400000,ms,4.003400000,sum of current regional and global verification,false,false,true,
2048,256,500,1,2026,local-e2-production-2048,1,revocation,regional,237.308800000,ms,237.308800000,remove one member and recompute the regional accumulator,false,false,true,
2048,256,500,1,2026,local-e2-production-2048,1,revocation,global,232.751300000,ms,232.751300000,remove one member and recompute the global accumulator,false,false,true,
2048,256,500,1,2026,local-e2-production-2048,1,two_layer_revocation,two_layer,470.060100000,ms,470.060100000,sum of regional and global removal/recomputation,false,false,true,
2048,256,500,1,2026,local-e2-production-2048,1,single_witness_refresh_after_revocation,regional,204.412300000,ms,204.412300000,refresh one remaining member witness; not all members,false,false,true,
2048,256,500,1,2026,local-e2-production-2048,1,single_witness_refresh_after_revocation,global,235.119600000,ms,235.119600000,refresh one remaining member witness; not all members,false,false,true,
2048,256,500,1,2026,local-e2-production-2048,1,two_layer_single_witness_refresh_after_revocation,two_layer,439.531900000,ms,439.531900000,sum for one remaining member's regional and global witnesses; not all members,false,false,true,
2048,256,500,1,2026,local-e2-production-2048,1,membership_claim_json_size,two_layer,1920.000000000,bytes,,one regional+global context-bound membership claim JSON,false,false,true,
2048,256,500,1,2026,local-e2-production-2048,1,public_accumulator_state_json_size,two_layer,48350.000000000,bytes,,two public accumulator states including active prime representatives; no RSA factors,false,false,true,
2048,256,500,2,2026,local-e2-production-2048,1,hash_to_prime,regional,2.078200000,ms,2.078200000,one deterministic 256-bit prime representative; prime search included; RSA setup excluded,false,false,true,
2048,256,500,2,2026,local-e2-production-2048,1,hash_to_prime,global,1.997400000,ms,1.997400000,one deterministic 256-bit prime representative; prime search included; RSA setup excluded,false,false,true,
2048,256,500,2,2026,local-e2-production-2048,1,two_layer_hash_to_prime,two_layer,4.075600000,ms,4.075600000,sum for one regional and one global representative,false,false,true,
2048,256,500,2,2026,local-e2-production-2048,1,member_addition,regional,1.235400000,ms,1.235400000,add one member to an identical n-1 active-member state,false,false,true,
2048,256,500,2,2026,local-e2-production-2048,1,member_addition,global,0.998400000,ms,0.998400000,add one member to an identical n-1 active-member state,false,false,true,
2048,256,500,2,2026,local-e2-production-2048,1,two_layer_member_addition,two_layer,2.233800000,ms,2.233800000,sum of one regional and one global member addition,false,false,true,
2048,256,500,2,2026,local-e2-production-2048,1,witness_generation,regional,219.343900000,ms,219.343900000,fresh witness for one active member,false,false,true,
2048,256,500,2,2026,local-e2-production-2048,1,witness_generation,global,223.751800000,ms,223.751800000,fresh witness for one active member,false,false,true,
2048,256,500,2,2026,local-e2-production-2048,1,two_layer_claim_generation,two_layer,443.095700000,ms,443.095700000,sum of regional and global witness generation,false,false,true,
2048,256,500,2,2026,local-e2-production-2048,1,membership_verification,regional,1.406300000,ms,1.406300000,one current regional witness,false,false,true,
2048,256,500,2,2026,local-e2-production-2048,1,membership_verification,global,1.998500000,ms,1.998500000,one current global witness,false,false,true,
2048,256,500,2,2026,local-e2-production-2048,1,two_layer_membership_verification,two_layer,3.404800000,ms,3.404800000,sum of current regional and global verification,false,false,true,
2048,256,500,2,2026,local-e2-production-2048,1,revocation,regional,217.914100000,ms,217.914100000,remove one member and recompute the regional accumulator,false,false,true,
2048,256,500,2,2026,local-e2-production-2048,1,revocation,global,212.336500000,ms,212.336500000,remove one member and recompute the global accumulator,false,false,true,
2048,256,500,2,2026,local-e2-production-2048,1,two_layer_revocation,two_layer,430.250600000,ms,430.250600000,sum of regional and global removal/recomputation,false,false,true,
2048,256,500,2,2026,local-e2-production-2048,1,single_witness_refresh_after_revocation,regional,204.148400000,ms,204.148400000,refresh one remaining member witness; not all members,false,false,true,
2048,256,500,2,2026,local-e2-production-2048,1,single_witness_refresh_after_revocation,global,210.731700000,ms,210.731700000,refresh one remaining member witness; not all members,false,false,true,
2048,256,500,2,2026,local-e2-production-2048,1,two_layer_single_witness_refresh_after_revocation,two_layer,414.880100000,ms,414.880100000,sum for one remaining member's regional and global witnesses; not all members,false,false,true,
2048,256,500,2,2026,local-e2-production-2048,1,membership_claim_json_size,two_layer,1920.000000000,bytes,,one regional+global context-bound membership claim JSON,false,false,true,
2048,256,500,2,2026,local-e2-production-2048,1,public_accumulator_state_json_size,two_layer,48350.000000000,bytes,,two public accumulator states including active prime representatives; no RSA factors,false,false,true,
2048,256,500,3,2026,local-e2-production-2048,1,hash_to_prime,regional,1.537900000,ms,1.537900000,one deterministic 256-bit prime representative; prime search included; RSA setup excluded,false,false,true,
2048,256,500,3,2026,local-e2-production-2048,1,hash_to_prime,global,0.997000000,ms,0.997000000,one deterministic 256-bit prime representative; prime search included; RSA setup excluded,false,false,true,
2048,256,500,3,2026,local-e2-production-2048,1,two_layer_hash_to_prime,two_layer,2.534900000,ms,2.534900000,sum for one regional and one global representative,false,false,true,
2048,256,500,3,2026,local-e2-production-2048,1,member_addition,regional,1.000600000,ms,1.000600000,add one member to an identical n-1 active-member state,false,false,true,
2048,256,500,3,2026,local-e2-production-2048,1,member_addition,global,2.510500000,ms,2.510500000,add one member to an identical n-1 active-member state,false,false,true,
2048,256,500,3,2026,local-e2-production-2048,1,two_layer_member_addition,two_layer,3.511100000,ms,3.511100000,sum of one regional and one global member addition,false,false,true,
2048,256,500,3,2026,local-e2-production-2048,1,witness_generation,regional,233.827600000,ms,233.827600000,fresh witness for one active member,false,false,true,
2048,256,500,3,2026,local-e2-production-2048,1,witness_generation,global,224.456000000,ms,224.456000000,fresh witness for one active member,false,false,true,
2048,256,500,3,2026,local-e2-production-2048,1,two_layer_claim_generation,two_layer,458.283600000,ms,458.283600000,sum of regional and global witness generation,false,false,true,
2048,256,500,3,2026,local-e2-production-2048,1,membership_verification,regional,1.018800000,ms,1.018800000,one current regional witness,false,false,true,
2048,256,500,3,2026,local-e2-production-2048,1,membership_verification,global,2.006500000,ms,2.006500000,one current global witness,false,false,true,
2048,256,500,3,2026,local-e2-production-2048,1,two_layer_membership_verification,two_layer,3.025300000,ms,3.025300000,sum of current regional and global verification,false,false,true,
2048,256,500,3,2026,local-e2-production-2048,1,revocation,regional,234.593000000,ms,234.593000000,remove one member and recompute the regional accumulator,false,false,true,
2048,256,500,3,2026,local-e2-production-2048,1,revocation,global,228.194600000,ms,228.194600000,remove one member and recompute the global accumulator,false,false,true,
2048,256,500,3,2026,local-e2-production-2048,1,two_layer_revocation,two_layer,462.787600000,ms,462.787600000,sum of regional and global removal/recomputation,false,false,true,
2048,256,500,3,2026,local-e2-production-2048,1,single_witness_refresh_after_revocation,regional,210.041000000,ms,210.041000000,refresh one remaining member witness; not all members,false,false,true,
2048,256,500,3,2026,local-e2-production-2048,1,single_witness_refresh_after_revocation,global,238.246200000,ms,238.246200000,refresh one remaining member witness; not all members,false,false,true,
2048,256,500,3,2026,local-e2-production-2048,1,two_layer_single_witness_refresh_after_revocation,two_layer,448.287200000,ms,448.287200000,sum for one remaining member's regional and global witnesses; not all members,false,false,true,
2048,256,500,3,2026,local-e2-production-2048,1,membership_claim_json_size,two_layer,1920.000000000,bytes,,one regional+global context-bound membership claim JSON,false,false,true,
2048,256,500,3,2026,local-e2-production-2048,1,public_accumulator_state_json_size,two_layer,48350.000000000,bytes,,two public accumulator states including active prime representatives; no RSA factors,false,false,true,
2048,256,500,4,2026,local-e2-production-2048,1,hash_to_prime,regional,2.747300000,ms,2.747300000,one deterministic 256-bit prime representative; prime search included; RSA setup excluded,false,false,true,
2048,256,500,4,2026,local-e2-production-2048,1,hash_to_prime,global,1.145200000,ms,1.145200000,one deterministic 256-bit prime representative; prime search included; RSA setup excluded,false,false,true,
2048,256,500,4,2026,local-e2-production-2048,1,two_layer_hash_to_prime,two_layer,3.892500000,ms,3.892500000,sum for one regional and one global representative,false,false,true,
2048,256,500,4,2026,local-e2-production-2048,1,member_addition,regional,2.505600000,ms,2.505600000,add one member to an identical n-1 active-member state,false,false,true,
2048,256,500,4,2026,local-e2-production-2048,1,member_addition,global,1.006500000,ms,1.006500000,add one member to an identical n-1 active-member state,false,false,true,
2048,256,500,4,2026,local-e2-production-2048,1,two_layer_member_addition,two_layer,3.512100000,ms,3.512100000,sum of one regional and one global member addition,false,false,true,
2048,256,500,4,2026,local-e2-production-2048,1,witness_generation,regional,228.443800000,ms,228.443800000,fresh witness for one active member,false,false,true,
2048,256,500,4,2026,local-e2-production-2048,1,witness_generation,global,225.954800000,ms,225.954800000,fresh witness for one active member,false,false,true,
2048,256,500,4,2026,local-e2-production-2048,1,two_layer_claim_generation,two_layer,454.398600000,ms,454.398600000,sum of regional and global witness generation,false,false,true,
2048,256,500,4,2026,local-e2-production-2048,1,membership_verification,regional,0.507900000,ms,0.507900000,one current regional witness,false,false,true,
2048,256,500,4,2026,local-e2-production-2048,1,membership_verification,global,2.531400000,ms,2.531400000,one current global witness,false,false,true,
2048,256,500,4,2026,local-e2-production-2048,1,two_layer_membership_verification,two_layer,3.039300000,ms,3.039300000,sum of current regional and global verification,false,false,true,
2048,256,500,4,2026,local-e2-production-2048,1,revocation,regional,240.560300000,ms,240.560300000,remove one member and recompute the regional accumulator,false,false,true,
2048,256,500,4,2026,local-e2-production-2048,1,revocation,global,230.635500000,ms,230.635500000,remove one member and recompute the global accumulator,false,false,true,
2048,256,500,4,2026,local-e2-production-2048,1,two_layer_revocation,two_layer,471.195800000,ms,471.195800000,sum of regional and global removal/recomputation,false,false,true,
2048,256,500,4,2026,local-e2-production-2048,1,single_witness_refresh_after_revocation,regional,221.508000000,ms,221.508000000,refresh one remaining member witness; not all members,false,false,true,
2048,256,500,4,2026,local-e2-production-2048,1,single_witness_refresh_after_revocation,global,244.448200000,ms,244.448200000,refresh one remaining member witness; not all members,false,false,true,
2048,256,500,4,2026,local-e2-production-2048,1,two_layer_single_witness_refresh_after_revocation,two_layer,465.956200000,ms,465.956200000,sum for one remaining member's regional and global witnesses; not all members,false,false,true,
2048,256,500,4,2026,local-e2-production-2048,1,membership_claim_json_size,two_layer,1920.000000000,bytes,,one regional+global context-bound membership claim JSON,false,false,true,
2048,256,500,4,2026,local-e2-production-2048,1,public_accumulator_state_json_size,two_layer,48350.000000000,bytes,,two public accumulator states including active prime representatives; no RSA factors,false,false,true,
2048,256,500,5,2026,local-e2-production-2048,1,hash_to_prime,regional,2.556600000,ms,2.556600000,one deterministic 256-bit prime representative; prime search included; RSA setup excluded,false,false,true,
2048,256,500,5,2026,local-e2-production-2048,1,hash_to_prime,global,1.998600000,ms,1.998600000,one deterministic 256-bit prime representative; prime search included; RSA setup excluded,false,false,true,
2048,256,500,5,2026,local-e2-production-2048,1,two_layer_hash_to_prime,two_layer,4.555200000,ms,4.555200000,sum for one regional and one global representative,false,false,true,
2048,256,500,5,2026,local-e2-production-2048,1,member_addition,regional,1.450700000,ms,1.450700000,add one member to an identical n-1 active-member state,false,false,true,
2048,256,500,5,2026,local-e2-production-2048,1,member_addition,global,1.500600000,ms,1.500600000,add one member to an identical n-1 active-member state,false,false,true,
2048,256,500,5,2026,local-e2-production-2048,1,two_layer_member_addition,two_layer,2.951300000,ms,2.951300000,sum of one regional and one global member addition,false,false,true,
2048,256,500,5,2026,local-e2-production-2048,1,witness_generation,regional,252.529500000,ms,252.529500000,fresh witness for one active member,false,false,true,
2048,256,500,5,2026,local-e2-production-2048,1,witness_generation,global,211.431400000,ms,211.431400000,fresh witness for one active member,false,false,true,
2048,256,500,5,2026,local-e2-production-2048,1,two_layer_claim_generation,two_layer,463.960900000,ms,463.960900000,sum of regional and global witness generation,false,false,true,
2048,256,500,5,2026,local-e2-production-2048,1,membership_verification,regional,1.845200000,ms,1.845200000,one current regional witness,false,false,true,
2048,256,500,5,2026,local-e2-production-2048,1,membership_verification,global,2.002000000,ms,2.002000000,one current global witness,false,false,true,
2048,256,500,5,2026,local-e2-production-2048,1,two_layer_membership_verification,two_layer,3.847200000,ms,3.847200000,sum of current regional and global verification,false,false,true,
2048,256,500,5,2026,local-e2-production-2048,1,revocation,regional,211.264600000,ms,211.264600000,remove one member and recompute the regional accumulator,false,false,true,
2048,256,500,5,2026,local-e2-production-2048,1,revocation,global,219.870300000,ms,219.870300000,remove one member and recompute the global accumulator,false,false,true,
2048,256,500,5,2026,local-e2-production-2048,1,two_layer_revocation,two_layer,431.134900000,ms,431.134900000,sum of regional and global removal/recomputation,false,false,true,
2048,256,500,5,2026,local-e2-production-2048,1,single_witness_refresh_after_revocation,regional,222.102100000,ms,222.102100000,refresh one remaining member witness; not all members,false,false,true,
2048,256,500,5,2026,local-e2-production-2048,1,single_witness_refresh_after_revocation,global,225.082300000,ms,225.082300000,refresh one remaining member witness; not all members,false,false,true,
2048,256,500,5,2026,local-e2-production-2048,1,two_layer_single_witness_refresh_after_revocation,two_layer,447.184400000,ms,447.184400000,sum for one remaining member's regional and global witnesses; not all members,false,false,true,
2048,256,500,5,2026,local-e2-production-2048,1,membership_claim_json_size,two_layer,1920.000000000,bytes,,one regional+global context-bound membership claim JSON,false,false,true,
2048,256,500,5,2026,local-e2-production-2048,1,public_accumulator_state_json_size,two_layer,48350.000000000,bytes,,two public accumulator states including active prime representatives; no RSA factors,false,false,true,
2048,256,500,6,2026,local-e2-production-2048,1,hash_to_prime,regional,3.522900000,ms,3.522900000,one deterministic 256-bit prime representative; prime search included; RSA setup excluded,false,false,true,
2048,256,500,6,2026,local-e2-production-2048,1,hash_to_prime,global,1.503700000,ms,1.503700000,one deterministic 256-bit prime representative; prime search included; RSA setup excluded,false,false,true,
2048,256,500,6,2026,local-e2-production-2048,1,two_layer_hash_to_prime,two_layer,5.026600000,ms,5.026600000,sum for one regional and one global representative,false,false,true,
2048,256,500,6,2026,local-e2-production-2048,1,member_addition,regional,1.804600000,ms,1.804600000,add one member to an identical n-1 active-member state,false,false,true,
2048,256,500,6,2026,local-e2-production-2048,1,member_addition,global,2.516800000,ms,2.516800000,add one member to an identical n-1 active-member state,false,false,true,
2048,256,500,6,2026,local-e2-production-2048,1,two_layer_member_addition,two_layer,4.321400000,ms,4.321400000,sum of one regional and one global member addition,false,false,true,
2048,256,500,6,2026,local-e2-production-2048,1,witness_generation,regional,266.879500000,ms,266.879500000,fresh witness for one active member,false,false,true,
2048,256,500,6,2026,local-e2-production-2048,1,witness_generation,global,242.814900000,ms,242.814900000,fresh witness for one active member,false,false,true,
2048,256,500,6,2026,local-e2-production-2048,1,two_layer_claim_generation,two_layer,509.694400000,ms,509.694400000,sum of regional and global witness generation,false,false,true,
2048,256,500,6,2026,local-e2-production-2048,1,membership_verification,regional,3.328700000,ms,3.328700000,one current regional witness,false,false,true,
2048,256,500,6,2026,local-e2-production-2048,1,membership_verification,global,1.507400000,ms,1.507400000,one current global witness,false,false,true,
2048,256,500,6,2026,local-e2-production-2048,1,two_layer_membership_verification,two_layer,4.836100000,ms,4.836100000,sum of current regional and global verification,false,false,true,
2048,256,500,6,2026,local-e2-production-2048,1,revocation,regional,254.592800000,ms,254.592800000,remove one member and recompute the regional accumulator,false,false,true,
2048,256,500,6,2026,local-e2-production-2048,1,revocation,global,287.809600000,ms,287.809600000,remove one member and recompute the global accumulator,false,false,true,
2048,256,500,6,2026,local-e2-production-2048,1,two_layer_revocation,two_layer,542.402400000,ms,542.402400000,sum of regional and global removal/recomputation,false,false,true,
2048,256,500,6,2026,local-e2-production-2048,1,single_witness_refresh_after_revocation,regional,237.610600000,ms,237.610600000,refresh one remaining member witness; not all members,false,false,true,
2048,256,500,6,2026,local-e2-production-2048,1,single_witness_refresh_after_revocation,global,203.356200000,ms,203.356200000,refresh one remaining member witness; not all members,false,false,true,
2048,256,500,6,2026,local-e2-production-2048,1,two_layer_single_witness_refresh_after_revocation,two_layer,440.966800000,ms,440.966800000,sum for one remaining member's regional and global witnesses; not all members,false,false,true,
2048,256,500,6,2026,local-e2-production-2048,1,membership_claim_json_size,two_layer,1920.000000000,bytes,,one regional+global context-bound membership claim JSON,false,false,true,
2048,256,500,6,2026,local-e2-production-2048,1,public_accumulator_state_json_size,two_layer,48350.000000000,bytes,,two public accumulator states including active prime representatives; no RSA factors,false,false,true,
2048,256,500,7,2026,local-e2-production-2048,1,hash_to_prime,regional,1.027100000,ms,1.027100000,one deterministic 256-bit prime representative; prime search included; RSA setup excluded,false,false,true,
2048,256,500,7,2026,local-e2-production-2048,1,hash_to_prime,global,0.999900000,ms,0.999900000,one deterministic 256-bit prime representative; prime search included; RSA setup excluded,false,false,true,
2048,256,500,7,2026,local-e2-production-2048,1,two_layer_hash_to_prime,two_layer,2.027000000,ms,2.027000000,sum for one regional and one global representative,false,false,true,
2048,256,500,7,2026,local-e2-production-2048,1,member_addition,regional,1.998700000,ms,1.998700000,add one member to an identical n-1 active-member state,false,false,true,
2048,256,500,7,2026,local-e2-production-2048,1,member_addition,global,1.514000000,ms,1.514000000,add one member to an identical n-1 active-member state,false,false,true,
2048,256,500,7,2026,local-e2-production-2048,1,two_layer_member_addition,two_layer,3.512700000,ms,3.512700000,sum of one regional and one global member addition,false,false,true,
2048,256,500,7,2026,local-e2-production-2048,1,witness_generation,regional,228.636200000,ms,228.636200000,fresh witness for one active member,false,false,true,
2048,256,500,7,2026,local-e2-production-2048,1,witness_generation,global,237.633400000,ms,237.633400000,fresh witness for one active member,false,false,true,
2048,256,500,7,2026,local-e2-production-2048,1,two_layer_claim_generation,two_layer,466.269600000,ms,466.269600000,sum of regional and global witness generation,false,false,true,
2048,256,500,7,2026,local-e2-production-2048,1,membership_verification,regional,1.503700000,ms,1.503700000,one current regional witness,false,false,true,
2048,256,500,7,2026,local-e2-production-2048,1,membership_verification,global,1.007200000,ms,1.007200000,one current global witness,false,false,true,
2048,256,500,7,2026,local-e2-production-2048,1,two_layer_membership_verification,two_layer,2.510900000,ms,2.510900000,sum of current regional and global verification,false,false,true,
2048,256,500,7,2026,local-e2-production-2048,1,revocation,regional,220.046900000,ms,220.046900000,remove one member and recompute the regional accumulator,false,false,true,
2048,256,500,7,2026,local-e2-production-2048,1,revocation,global,240.005800000,ms,240.005800000,remove one member and recompute the global accumulator,false,false,true,
2048,256,500,7,2026,local-e2-production-2048,1,two_layer_revocation,two_layer,460.052700000,ms,460.052700000,sum of regional and global removal/recomputation,false,false,true,
2048,256,500,7,2026,local-e2-production-2048,1,single_witness_refresh_after_revocation,regional,218.434500000,ms,218.434500000,refresh one remaining member witness; not all members,false,false,true,
2048,256,500,7,2026,local-e2-production-2048,1,single_witness_refresh_after_revocation,global,228.725900000,ms,228.725900000,refresh one remaining member witness; not all members,false,false,true,
2048,256,500,7,2026,local-e2-production-2048,1,two_layer_single_witness_refresh_after_revocation,two_layer,447.160400000,ms,447.160400000,sum for one remaining member's regional and global witnesses; not all members,false,false,true,
2048,256,500,7,2026,local-e2-production-2048,1,membership_claim_json_size,two_layer,1920.000000000,bytes,,one regional+global context-bound membership claim JSON,false,false,true,
2048,256,500,7,2026,local-e2-production-2048,1,public_accumulator_state_json_size,two_layer,48350.000000000,bytes,,two public accumulator states including active prime representatives; no RSA factors,false,false,true,
2048,256,500,8,2026,local-e2-production-2048,1,hash_to_prime,regional,0.999000000,ms,0.999000000,one deterministic 256-bit prime representative; prime search included; RSA setup excluded,false,false,true,
2048,256,500,8,2026,local-e2-production-2048,1,hash_to_prime,global,1.005200000,ms,1.005200000,one deterministic 256-bit prime representative; prime search included; RSA setup excluded,false,false,true,
2048,256,500,8,2026,local-e2-production-2048,1,two_layer_hash_to_prime,two_layer,2.004200000,ms,2.004200000,sum for one regional and one global representative,false,false,true,
2048,256,500,8,2026,local-e2-production-2048,1,member_addition,regional,2.023600000,ms,2.023600000,add one member to an identical n-1 active-member state,false,false,true,
2048,256,500,8,2026,local-e2-production-2048,1,member_addition,global,3.108400000,ms,3.108400000,add one member to an identical n-1 active-member state,false,false,true,
2048,256,500,8,2026,local-e2-production-2048,1,two_layer_member_addition,two_layer,5.132000000,ms,5.132000000,sum of one regional and one global member addition,false,false,true,
2048,256,500,8,2026,local-e2-production-2048,1,witness_generation,regional,223.327700000,ms,223.327700000,fresh witness for one active member,false,false,true,
2048,256,500,8,2026,local-e2-production-2048,1,witness_generation,global,276.282900000,ms,276.282900000,fresh witness for one active member,false,false,true,
2048,256,500,8,2026,local-e2-production-2048,1,two_layer_claim_generation,two_layer,499.610600000,ms,499.610600000,sum of regional and global witness generation,false,false,true,
2048,256,500,8,2026,local-e2-production-2048,1,membership_verification,regional,2.608000000,ms,2.608000000,one current regional witness,false,false,true,
2048,256,500,8,2026,local-e2-production-2048,1,membership_verification,global,1.008000000,ms,1.008000000,one current global witness,false,false,true,
2048,256,500,8,2026,local-e2-production-2048,1,two_layer_membership_verification,two_layer,3.616000000,ms,3.616000000,sum of current regional and global verification,false,false,true,
2048,256,500,8,2026,local-e2-production-2048,1,revocation,regional,243.710400000,ms,243.710400000,remove one member and recompute the regional accumulator,false,false,true,
2048,256,500,8,2026,local-e2-production-2048,1,revocation,global,214.842500000,ms,214.842500000,remove one member and recompute the global accumulator,false,false,true,
2048,256,500,8,2026,local-e2-production-2048,1,two_layer_revocation,two_layer,458.552900000,ms,458.552900000,sum of regional and global removal/recomputation,false,false,true,
2048,256,500,8,2026,local-e2-production-2048,1,single_witness_refresh_after_revocation,regional,230.075900000,ms,230.075900000,refresh one remaining member witness; not all members,false,false,true,
2048,256,500,8,2026,local-e2-production-2048,1,single_witness_refresh_after_revocation,global,279.245500000,ms,279.245500000,refresh one remaining member witness; not all members,false,false,true,
2048,256,500,8,2026,local-e2-production-2048,1,two_layer_single_witness_refresh_after_revocation,two_layer,509.321400000,ms,509.321400000,sum for one remaining member's regional and global witnesses; not all members,false,false,true,
2048,256,500,8,2026,local-e2-production-2048,1,membership_claim_json_size,two_layer,1920.000000000,bytes,,one regional+global context-bound membership claim JSON,false,false,true,
2048,256,500,8,2026,local-e2-production-2048,1,public_accumulator_state_json_size,two_layer,48350.000000000,bytes,,two public accumulator states including active prime representatives; no RSA factors,false,false,true,
2048,256,500,9,2026,local-e2-production-2048,1,hash_to_prime,regional,3.010400000,ms,3.010400000,one deterministic 256-bit prime representative; prime search included; RSA setup excluded,false,false,true,
2048,256,500,9,2026,local-e2-production-2048,1,hash_to_prime,global,2.391800000,ms,2.391800000,one deterministic 256-bit prime representative; prime search included; RSA setup excluded,false,false,true,
2048,256,500,9,2026,local-e2-production-2048,1,two_layer_hash_to_prime,two_layer,5.402200000,ms,5.402200000,sum for one regional and one global representative,false,false,true,
2048,256,500,9,2026,local-e2-production-2048,1,member_addition,regional,2.840700000,ms,2.840700000,add one member to an identical n-1 active-member state,false,false,true,
2048,256,500,9,2026,local-e2-production-2048,1,member_addition,global,1.559300000,ms,1.559300000,add one member to an identical n-1 active-member state,false,false,true,
2048,256,500,9,2026,local-e2-production-2048,1,two_layer_member_addition,two_layer,4.400000000,ms,4.400000000,sum of one regional and one global member addition,false,false,true,
2048,256,500,9,2026,local-e2-production-2048,1,witness_generation,regional,250.152300000,ms,250.152300000,fresh witness for one active member,false,false,true,
2048,256,500,9,2026,local-e2-production-2048,1,witness_generation,global,219.886700000,ms,219.886700000,fresh witness for one active member,false,false,true,
2048,256,500,9,2026,local-e2-production-2048,1,two_layer_claim_generation,two_layer,470.039000000,ms,470.039000000,sum of regional and global witness generation,false,false,true,
2048,256,500,9,2026,local-e2-production-2048,1,membership_verification,regional,1.512600000,ms,1.512600000,one current regional witness,false,false,true,
2048,256,500,9,2026,local-e2-production-2048,1,membership_verification,global,2.029200000,ms,2.029200000,one current global witness,false,false,true,
2048,256,500,9,2026,local-e2-production-2048,1,two_layer_membership_verification,two_layer,3.541800000,ms,3.541800000,sum of current regional and global verification,false,false,true,
2048,256,500,9,2026,local-e2-production-2048,1,revocation,regional,227.671000000,ms,227.671000000,remove one member and recompute the regional accumulator,false,false,true,
2048,256,500,9,2026,local-e2-production-2048,1,revocation,global,251.448300000,ms,251.448300000,remove one member and recompute the global accumulator,false,false,true,
2048,256,500,9,2026,local-e2-production-2048,1,two_layer_revocation,two_layer,479.119300000,ms,479.119300000,sum of regional and global removal/recomputation,false,false,true,
2048,256,500,9,2026,local-e2-production-2048,1,single_witness_refresh_after_revocation,regional,236.596500000,ms,236.596500000,refresh one remaining member witness; not all members,false,false,true,
2048,256,500,9,2026,local-e2-production-2048,1,single_witness_refresh_after_revocation,global,220.880900000,ms,220.880900000,refresh one remaining member witness; not all members,false,false,true,
2048,256,500,9,2026,local-e2-production-2048,1,two_layer_single_witness_refresh_after_revocation,two_layer,457.477400000,ms,457.477400000,sum for one remaining member's regional and global witnesses; not all members,false,false,true,
2048,256,500,9,2026,local-e2-production-2048,1,membership_claim_json_size,two_layer,1920.000000000,bytes,,one regional+global context-bound membership claim JSON,false,false,true,
2048,256,500,9,2026,local-e2-production-2048,1,public_accumulator_state_json_size,two_layer,48350.000000000,bytes,,two public accumulator states including active prime representatives; no RSA factors,false,false,true,
2048,256,500,10,2026,local-e2-production-2048,1,hash_to_prime,regional,1.491400000,ms,1.491400000,one deterministic 256-bit prime representative; prime search included; RSA setup excluded,false,false,true,
2048,256,500,10,2026,local-e2-production-2048,1,hash_to_prime,global,2.608400000,ms,2.608400000,one deterministic 256-bit prime representative; prime search included; RSA setup excluded,false,false,true,
2048,256,500,10,2026,local-e2-production-2048,1,two_layer_hash_to_prime,two_layer,4.099800000,ms,4.099800000,sum for one regional and one global representative,false,false,true,
2048,256,500,10,2026,local-e2-production-2048,1,member_addition,regional,1.963400000,ms,1.963400000,add one member to an identical n-1 active-member state,false,false,true,
2048,256,500,10,2026,local-e2-production-2048,1,member_addition,global,2.036400000,ms,2.036400000,add one member to an identical n-1 active-member state,false,false,true,
2048,256,500,10,2026,local-e2-production-2048,1,two_layer_member_addition,two_layer,3.999800000,ms,3.999800000,sum of one regional and one global member addition,false,false,true,
2048,256,500,10,2026,local-e2-production-2048,1,witness_generation,regional,267.638700000,ms,267.638700000,fresh witness for one active member,false,false,true,
2048,256,500,10,2026,local-e2-production-2048,1,witness_generation,global,207.223200000,ms,207.223200000,fresh witness for one active member,false,false,true,
2048,256,500,10,2026,local-e2-production-2048,1,two_layer_claim_generation,two_layer,474.861900000,ms,474.861900000,sum of regional and global witness generation,false,false,true,
2048,256,500,10,2026,local-e2-production-2048,1,membership_verification,regional,2.631500000,ms,2.631500000,one current regional witness,false,false,true,
2048,256,500,10,2026,local-e2-production-2048,1,membership_verification,global,1.010900000,ms,1.010900000,one current global witness,false,false,true,
2048,256,500,10,2026,local-e2-production-2048,1,two_layer_membership_verification,two_layer,3.642400000,ms,3.642400000,sum of current regional and global verification,false,false,true,
2048,256,500,10,2026,local-e2-production-2048,1,revocation,regional,238.331600000,ms,238.331600000,remove one member and recompute the regional accumulator,false,false,true,
2048,256,500,10,2026,local-e2-production-2048,1,revocation,global,233.180400000,ms,233.180400000,remove one member and recompute the global accumulator,false,false,true,
2048,256,500,10,2026,local-e2-production-2048,1,two_layer_revocation,two_layer,471.512000000,ms,471.512000000,sum of regional and global removal/recomputation,false,false,true,
2048,256,500,10,2026,local-e2-production-2048,1,single_witness_refresh_after_revocation,regional,224.183800000,ms,224.183800000,refresh one remaining member witness; not all members,false,false,true,
2048,256,500,10,2026,local-e2-production-2048,1,single_witness_refresh_after_revocation,global,235.934800000,ms,235.934800000,refresh one remaining member witness; not all members,false,false,true,
2048,256,500,10,2026,local-e2-production-2048,1,two_layer_single_witness_refresh_after_revocation,two_layer,460.118600000,ms,460.118600000,sum for one remaining member's regional and global witnesses; not all members,false,false,true,
2048,256,500,10,2026,local-e2-production-2048,1,membership_claim_json_size,two_layer,1920.000000000,bytes,,one regional+global context-bound membership claim JSON,false,false,true,
2048,256,500,10,2026,local-e2-production-2048,1,public_accumulator_state_json_size,two_layer,48350.000000000,bytes,,two public accumulator states including active prime representatives; no RSA factors,false,false,true,
2048,256,500,11,2026,local-e2-production-2048,1,hash_to_prime,regional,2.769100000,ms,2.769100000,one deterministic 256-bit prime representative; prime search included; RSA setup excluded,false,false,true,
2048,256,500,11,2026,local-e2-production-2048,1,hash_to_prime,global,1.361300000,ms,1.361300000,one deterministic 256-bit prime representative; prime search included; RSA setup excluded,false,false,true,
2048,256,500,11,2026,local-e2-production-2048,1,two_layer_hash_to_prime,two_layer,4.130400000,ms,4.130400000,sum for one regional and one global representative,false,false,true,
2048,256,500,11,2026,local-e2-production-2048,1,member_addition,regional,3.353700000,ms,3.353700000,add one member to an identical n-1 active-member state,false,false,true,
2048,256,500,11,2026,local-e2-production-2048,1,member_addition,global,2.028800000,ms,2.028800000,add one member to an identical n-1 active-member state,false,false,true,
2048,256,500,11,2026,local-e2-production-2048,1,two_layer_member_addition,two_layer,5.382500000,ms,5.382500000,sum of one regional and one global member addition,false,false,true,
2048,256,500,11,2026,local-e2-production-2048,1,witness_generation,regional,238.745300000,ms,238.745300000,fresh witness for one active member,false,false,true,
2048,256,500,11,2026,local-e2-production-2048,1,witness_generation,global,217.582500000,ms,217.582500000,fresh witness for one active member,false,false,true,
2048,256,500,11,2026,local-e2-production-2048,1,two_layer_claim_generation,two_layer,456.327800000,ms,456.327800000,sum of regional and global witness generation,false,false,true,
2048,256,500,11,2026,local-e2-production-2048,1,membership_verification,regional,2.348600000,ms,2.348600000,one current regional witness,false,false,true,
2048,256,500,11,2026,local-e2-production-2048,1,membership_verification,global,1.504000000,ms,1.504000000,one current global witness,false,false,true,
2048,256,500,11,2026,local-e2-production-2048,1,two_layer_membership_verification,two_layer,3.852600000,ms,3.852600000,sum of current regional and global verification,false,false,true,
2048,256,500,11,2026,local-e2-production-2048,1,revocation,regional,236.743100000,ms,236.743100000,remove one member and recompute the regional accumulator,false,false,true,
2048,256,500,11,2026,local-e2-production-2048,1,revocation,global,240.667600000,ms,240.667600000,remove one member and recompute the global accumulator,false,false,true,
2048,256,500,11,2026,local-e2-production-2048,1,two_layer_revocation,two_layer,477.410700000,ms,477.410700000,sum of regional and global removal/recomputation,false,false,true,
2048,256,500,11,2026,local-e2-production-2048,1,single_witness_refresh_after_revocation,regional,223.989400000,ms,223.989400000,refresh one remaining member witness; not all members,false,false,true,
2048,256,500,11,2026,local-e2-production-2048,1,single_witness_refresh_after_revocation,global,223.090300000,ms,223.090300000,refresh one remaining member witness; not all members,false,false,true,
2048,256,500,11,2026,local-e2-production-2048,1,two_layer_single_witness_refresh_after_revocation,two_layer,447.079700000,ms,447.079700000,sum for one remaining member's regional and global witnesses; not all members,false,false,true,
2048,256,500,11,2026,local-e2-production-2048,1,membership_claim_json_size,two_layer,1920.000000000,bytes,,one regional+global context-bound membership claim JSON,false,false,true,
2048,256,500,11,2026,local-e2-production-2048,1,public_accumulator_state_json_size,two_layer,48350.000000000,bytes,,two public accumulator states including active prime representatives; no RSA factors,false,false,true,
2048,256,500,12,2026,local-e2-production-2048,1,hash_to_prime,regional,2.407700000,ms,2.407700000,one deterministic 256-bit prime representative; prime search included; RSA setup excluded,false,false,true,
2048,256,500,12,2026,local-e2-production-2048,1,hash_to_prime,global,1.005100000,ms,1.005100000,one deterministic 256-bit prime representative; prime search included; RSA setup excluded,false,false,true,
2048,256,500,12,2026,local-e2-production-2048,1,two_layer_hash_to_prime,two_layer,3.412800000,ms,3.412800000,sum for one regional and one global representative,false,false,true,
2048,256,500,12,2026,local-e2-production-2048,1,member_addition,regional,2.512200000,ms,2.512200000,add one member to an identical n-1 active-member state,false,false,true,
2048,256,500,12,2026,local-e2-production-2048,1,member_addition,global,1.537700000,ms,1.537700000,add one member to an identical n-1 active-member state,false,false,true,
2048,256,500,12,2026,local-e2-production-2048,1,two_layer_member_addition,two_layer,4.049900000,ms,4.049900000,sum of one regional and one global member addition,false,false,true,
2048,256,500,12,2026,local-e2-production-2048,1,witness_generation,regional,249.685600000,ms,249.685600000,fresh witness for one active member,false,false,true,
2048,256,500,12,2026,local-e2-production-2048,1,witness_generation,global,235.201200000,ms,235.201200000,fresh witness for one active member,false,false,true,
2048,256,500,12,2026,local-e2-production-2048,1,two_layer_claim_generation,two_layer,484.886800000,ms,484.886800000,sum of regional and global witness generation,false,false,true,
2048,256,500,12,2026,local-e2-production-2048,1,membership_verification,regional,2.209400000,ms,2.209400000,one current regional witness,false,false,true,
2048,256,500,12,2026,local-e2-production-2048,1,membership_verification,global,1.998200000,ms,1.998200000,one current global witness,false,false,true,
2048,256,500,12,2026,local-e2-production-2048,1,two_layer_membership_verification,two_layer,4.207600000,ms,4.207600000,sum of current regional and global verification,false,false,true,
2048,256,500,12,2026,local-e2-production-2048,1,revocation,regional,231.239600000,ms,231.239600000,remove one member and recompute the regional accumulator,false,false,true,
2048,256,500,12,2026,local-e2-production-2048,1,revocation,global,237.772300000,ms,237.772300000,remove one member and recompute the global accumulator,false,false,true,
2048,256,500,12,2026,local-e2-production-2048,1,two_layer_revocation,two_layer,469.011900000,ms,469.011900000,sum of regional and global removal/recomputation,false,false,true,
2048,256,500,12,2026,local-e2-production-2048,1,single_witness_refresh_after_revocation,regional,235.052800000,ms,235.052800000,refresh one remaining member witness; not all members,false,false,true,
2048,256,500,12,2026,local-e2-production-2048,1,single_witness_refresh_after_revocation,global,226.277500000,ms,226.277500000,refresh one remaining member witness; not all members,false,false,true,
2048,256,500,12,2026,local-e2-production-2048,1,two_layer_single_witness_refresh_after_revocation,two_layer,461.330300000,ms,461.330300000,sum for one remaining member's regional and global witnesses; not all members,false,false,true,
2048,256,500,12,2026,local-e2-production-2048,1,membership_claim_json_size,two_layer,1920.000000000,bytes,,one regional+global context-bound membership claim JSON,false,false,true,
2048,256,500,12,2026,local-e2-production-2048,1,public_accumulator_state_json_size,two_layer,48350.000000000,bytes,,two public accumulator states including active prime representatives; no RSA factors,false,false,true,
2048,256,500,13,2026,local-e2-production-2048,1,hash_to_prime,regional,0.996300000,ms,0.996300000,one deterministic 256-bit prime representative; prime search included; RSA setup excluded,false,false,true,
2048,256,500,13,2026,local-e2-production-2048,1,hash_to_prime,global,2.517200000,ms,2.517200000,one deterministic 256-bit prime representative; prime search included; RSA setup excluded,false,false,true,
2048,256,500,13,2026,local-e2-production-2048,1,two_layer_hash_to_prime,two_layer,3.513500000,ms,3.513500000,sum for one regional and one global representative,false,false,true,
2048,256,500,13,2026,local-e2-production-2048,1,member_addition,regional,2.204800000,ms,2.204800000,add one member to an identical n-1 active-member state,false,false,true,
2048,256,500,13,2026,local-e2-production-2048,1,member_addition,global,0.999900000,ms,0.999900000,add one member to an identical n-1 active-member state,false,false,true,
2048,256,500,13,2026,local-e2-production-2048,1,two_layer_member_addition,two_layer,3.204700000,ms,3.204700000,sum of one regional and one global member addition,false,false,true,
2048,256,500,13,2026,local-e2-production-2048,1,witness_generation,regional,227.868800000,ms,227.868800000,fresh witness for one active member,false,false,true,
2048,256,500,13,2026,local-e2-production-2048,1,witness_generation,global,236.757300000,ms,236.757300000,fresh witness for one active member,false,false,true,
2048,256,500,13,2026,local-e2-production-2048,1,two_layer_claim_generation,two_layer,464.626100000,ms,464.626100000,sum of regional and global witness generation,false,false,true,
2048,256,500,13,2026,local-e2-production-2048,1,membership_verification,regional,1.424500000,ms,1.424500000,one current regional witness,false,false,true,
2048,256,500,13,2026,local-e2-production-2048,1,membership_verification,global,1.901900000,ms,1.901900000,one current global witness,false,false,true,
2048,256,500,13,2026,local-e2-production-2048,1,two_layer_membership_verification,two_layer,3.326400000,ms,3.326400000,sum of current regional and global verification,false,false,true,
2048,256,500,13,2026,local-e2-production-2048,1,revocation,regional,221.474100000,ms,221.474100000,remove one member and recompute the regional accumulator,false,false,true,
2048,256,500,13,2026,local-e2-production-2048,1,revocation,global,231.928100000,ms,231.928100000,remove one member and recompute the global accumulator,false,false,true,
2048,256,500,13,2026,local-e2-production-2048,1,two_layer_revocation,two_layer,453.402200000,ms,453.402200000,sum of regional and global removal/recomputation,false,false,true,
2048,256,500,13,2026,local-e2-production-2048,1,single_witness_refresh_after_revocation,regional,198.566400000,ms,198.566400000,refresh one remaining member witness; not all members,false,false,true,
2048,256,500,13,2026,local-e2-production-2048,1,single_witness_refresh_after_revocation,global,231.688200000,ms,231.688200000,refresh one remaining member witness; not all members,false,false,true,
2048,256,500,13,2026,local-e2-production-2048,1,two_layer_single_witness_refresh_after_revocation,two_layer,430.254600000,ms,430.254600000,sum for one remaining member's regional and global witnesses; not all members,false,false,true,
2048,256,500,13,2026,local-e2-production-2048,1,membership_claim_json_size,two_layer,1920.000000000,bytes,,one regional+global context-bound membership claim JSON,false,false,true,
2048,256,500,13,2026,local-e2-production-2048,1,public_accumulator_state_json_size,two_layer,48350.000000000,bytes,,two public accumulator states including active prime representatives; no RSA factors,false,false,true,
2048,256,500,14,2026,local-e2-production-2048,1,hash_to_prime,regional,1.999300000,ms,1.999300000,one deterministic 256-bit prime representative; prime search included; RSA setup excluded,false,false,true,
2048,256,500,14,2026,local-e2-production-2048,1,hash_to_prime,global,0.998800000,ms,0.998800000,one deterministic 256-bit prime representative; prime search included; RSA setup excluded,false,false,true,
2048,256,500,14,2026,local-e2-production-2048,1,two_layer_hash_to_prime,two_layer,2.998100000,ms,2.998100000,sum for one regional and one global representative,false,false,true,
2048,256,500,14,2026,local-e2-production-2048,1,member_addition,regional,1.243800000,ms,1.243800000,add one member to an identical n-1 active-member state,false,false,true,
2048,256,500,14,2026,local-e2-production-2048,1,member_addition,global,1.511900000,ms,1.511900000,add one member to an identical n-1 active-member state,false,false,true,
2048,256,500,14,2026,local-e2-production-2048,1,two_layer_member_addition,two_layer,2.755700000,ms,2.755700000,sum of one regional and one global member addition,false,false,true,
2048,256,500,14,2026,local-e2-production-2048,1,witness_generation,regional,224.287400000,ms,224.287400000,fresh witness for one active member,false,false,true,
2048,256,500,14,2026,local-e2-production-2048,1,witness_generation,global,212.874500000,ms,212.874500000,fresh witness for one active member,false,false,true,
2048,256,500,14,2026,local-e2-production-2048,1,two_layer_claim_generation,two_layer,437.161900000,ms,437.161900000,sum of regional and global witness generation,false,false,true,
2048,256,500,14,2026,local-e2-production-2048,1,membership_verification,regional,1.006300000,ms,1.006300000,one current regional witness,false,false,true,
2048,256,500,14,2026,local-e2-production-2048,1,membership_verification,global,2.000700000,ms,2.000700000,one current global witness,false,false,true,
2048,256,500,14,2026,local-e2-production-2048,1,two_layer_membership_verification,two_layer,3.007000000,ms,3.007000000,sum of current regional and global verification,false,false,true,
2048,256,500,14,2026,local-e2-production-2048,1,revocation,regional,213.093100000,ms,213.093100000,remove one member and recompute the regional accumulator,false,false,true,
2048,256,500,14,2026,local-e2-production-2048,1,revocation,global,245.643700000,ms,245.643700000,remove one member and recompute the global accumulator,false,false,true,
2048,256,500,14,2026,local-e2-production-2048,1,two_layer_revocation,two_layer,458.736800000,ms,458.736800000,sum of regional and global removal/recomputation,false,false,true,
2048,256,500,14,2026,local-e2-production-2048,1,single_witness_refresh_after_revocation,regional,220.642500000,ms,220.642500000,refresh one remaining member witness; not all members,false,false,true,
2048,256,500,14,2026,local-e2-production-2048,1,single_witness_refresh_after_revocation,global,233.963500000,ms,233.963500000,refresh one remaining member witness; not all members,false,false,true,
2048,256,500,14,2026,local-e2-production-2048,1,two_layer_single_witness_refresh_after_revocation,two_layer,454.606000000,ms,454.606000000,sum for one remaining member's regional and global witnesses; not all members,false,false,true,
2048,256,500,14,2026,local-e2-production-2048,1,membership_claim_json_size,two_layer,1920.000000000,bytes,,one regional+global context-bound membership claim JSON,false,false,true,
2048,256,500,14,2026,local-e2-production-2048,1,public_accumulator_state_json_size,two_layer,48350.000000000,bytes,,two public accumulator states including active prime representatives; no RSA factors,false,false,true,
2048,256,500,15,2026,local-e2-production-2048,1,hash_to_prime,regional,1.998400000,ms,1.998400000,one deterministic 256-bit prime representative; prime search included; RSA setup excluded,false,false,true,
2048,256,500,15,2026,local-e2-production-2048,1,hash_to_prime,global,1.999900000,ms,1.999900000,one deterministic 256-bit prime representative; prime search included; RSA setup excluded,false,false,true,
2048,256,500,15,2026,local-e2-production-2048,1,two_layer_hash_to_prime,two_layer,3.998300000,ms,3.998300000,sum for one regional and one global representative,false,false,true,
2048,256,500,15,2026,local-e2-production-2048,1,member_addition,regional,1.312700000,ms,1.312700000,add one member to an identical n-1 active-member state,false,false,true,
2048,256,500,15,2026,local-e2-production-2048,1,member_addition,global,2.035700000,ms,2.035700000,add one member to an identical n-1 active-member state,false,false,true,
2048,256,500,15,2026,local-e2-production-2048,1,two_layer_member_addition,two_layer,3.348400000,ms,3.348400000,sum of one regional and one global member addition,false,false,true,
2048,256,500,15,2026,local-e2-production-2048,1,witness_generation,regional,265.151800000,ms,265.151800000,fresh witness for one active member,false,false,true,
2048,256,500,15,2026,local-e2-production-2048,1,witness_generation,global,221.613100000,ms,221.613100000,fresh witness for one active member,false,false,true,
2048,256,500,15,2026,local-e2-production-2048,1,two_layer_claim_generation,two_layer,486.764900000,ms,486.764900000,sum of regional and global witness generation,false,false,true,
2048,256,500,15,2026,local-e2-production-2048,1,membership_verification,regional,2.514100000,ms,2.514100000,one current regional witness,false,false,true,
2048,256,500,15,2026,local-e2-production-2048,1,membership_verification,global,1.621900000,ms,1.621900000,one current global witness,false,false,true,
2048,256,500,15,2026,local-e2-production-2048,1,two_layer_membership_verification,two_layer,4.136000000,ms,4.136000000,sum of current regional and global verification,false,false,true,
2048,256,500,15,2026,local-e2-production-2048,1,revocation,regional,218.448900000,ms,218.448900000,remove one member and recompute the regional accumulator,false,false,true,
2048,256,500,15,2026,local-e2-production-2048,1,revocation,global,232.436800000,ms,232.436800000,remove one member and recompute the global accumulator,false,false,true,
2048,256,500,15,2026,local-e2-production-2048,1,two_layer_revocation,two_layer,450.885700000,ms,450.885700000,sum of regional and global removal/recomputation,false,false,true,
2048,256,500,15,2026,local-e2-production-2048,1,single_witness_refresh_after_revocation,regional,230.103200000,ms,230.103200000,refresh one remaining member witness; not all members,false,false,true,
2048,256,500,15,2026,local-e2-production-2048,1,single_witness_refresh_after_revocation,global,219.628500000,ms,219.628500000,refresh one remaining member witness; not all members,false,false,true,
2048,256,500,15,2026,local-e2-production-2048,1,two_layer_single_witness_refresh_after_revocation,two_layer,449.731700000,ms,449.731700000,sum for one remaining member's regional and global witnesses; not all members,false,false,true,
2048,256,500,15,2026,local-e2-production-2048,1,membership_claim_json_size,two_layer,1920.000000000,bytes,,one regional+global context-bound membership claim JSON,false,false,true,
2048,256,500,15,2026,local-e2-production-2048,1,public_accumulator_state_json_size,two_layer,48350.000000000,bytes,,two public accumulator states including active prime representatives; no RSA factors,false,false,true,
2048,256,500,16,2026,local-e2-production-2048,1,hash_to_prime,regional,2.520600000,ms,2.520600000,one deterministic 256-bit prime representative; prime search included; RSA setup excluded,false,false,true,
2048,256,500,16,2026,local-e2-production-2048,1,hash_to_prime,global,2.532200000,ms,2.532200000,one deterministic 256-bit prime representative; prime search included; RSA setup excluded,false,false,true,
2048,256,500,16,2026,local-e2-production-2048,1,two_layer_hash_to_prime,two_layer,5.052800000,ms,5.052800000,sum for one regional and one global representative,false,false,true,
2048,256,500,16,2026,local-e2-production-2048,1,member_addition,regional,2.032900000,ms,2.032900000,add one member to an identical n-1 active-member state,false,false,true,
2048,256,500,16,2026,local-e2-production-2048,1,member_addition,global,0.999700000,ms,0.999700000,add one member to an identical n-1 active-member state,false,false,true,
2048,256,500,16,2026,local-e2-production-2048,1,two_layer_member_addition,two_layer,3.032600000,ms,3.032600000,sum of one regional and one global member addition,false,false,true,
2048,256,500,16,2026,local-e2-production-2048,1,witness_generation,regional,239.819500000,ms,239.819500000,fresh witness for one active member,false,false,true,
2048,256,500,16,2026,local-e2-production-2048,1,witness_generation,global,263.806600000,ms,263.806600000,fresh witness for one active member,false,false,true,
2048,256,500,16,2026,local-e2-production-2048,1,two_layer_claim_generation,two_layer,503.626100000,ms,503.626100000,sum of regional and global witness generation,false,false,true,
2048,256,500,16,2026,local-e2-production-2048,1,membership_verification,regional,2.227600000,ms,2.227600000,one current regional witness,false,false,true,
2048,256,500,16,2026,local-e2-production-2048,1,membership_verification,global,0.996700000,ms,0.996700000,one current global witness,false,false,true,
2048,256,500,16,2026,local-e2-production-2048,1,two_layer_membership_verification,two_layer,3.224300000,ms,3.224300000,sum of current regional and global verification,false,false,true,
2048,256,500,16,2026,local-e2-production-2048,1,revocation,regional,241.688800000,ms,241.688800000,remove one member and recompute the regional accumulator,false,false,true,
2048,256,500,16,2026,local-e2-production-2048,1,revocation,global,254.232800000,ms,254.232800000,remove one member and recompute the global accumulator,false,false,true,
2048,256,500,16,2026,local-e2-production-2048,1,two_layer_revocation,two_layer,495.921600000,ms,495.921600000,sum of regional and global removal/recomputation,false,false,true,
2048,256,500,16,2026,local-e2-production-2048,1,single_witness_refresh_after_revocation,regional,266.986100000,ms,266.986100000,refresh one remaining member witness; not all members,false,false,true,
2048,256,500,16,2026,local-e2-production-2048,1,single_witness_refresh_after_revocation,global,268.607700000,ms,268.607700000,refresh one remaining member witness; not all members,false,false,true,
2048,256,500,16,2026,local-e2-production-2048,1,two_layer_single_witness_refresh_after_revocation,two_layer,535.593800000,ms,535.593800000,sum for one remaining member's regional and global witnesses; not all members,false,false,true,
2048,256,500,16,2026,local-e2-production-2048,1,membership_claim_json_size,two_layer,1920.000000000,bytes,,one regional+global context-bound membership claim JSON,false,false,true,
2048,256,500,16,2026,local-e2-production-2048,1,public_accumulator_state_json_size,two_layer,48350.000000000,bytes,,two public accumulator states including active prime representatives; no RSA factors,false,false,true,
2048,256,500,17,2026,local-e2-production-2048,1,hash_to_prime,regional,2.261200000,ms,2.261200000,one deterministic 256-bit prime representative; prime search included; RSA setup excluded,false,false,true,
2048,256,500,17,2026,local-e2-production-2048,1,hash_to_prime,global,1.620500000,ms,1.620500000,one deterministic 256-bit prime representative; prime search included; RSA setup excluded,false,false,true,
2048,256,500,17,2026,local-e2-production-2048,1,two_layer_hash_to_prime,two_layer,3.881700000,ms,3.881700000,sum for one regional and one global representative,false,false,true,
2048,256,500,17,2026,local-e2-production-2048,1,member_addition,regional,1.505900000,ms,1.505900000,add one member to an identical n-1 active-member state,false,false,true,
2048,256,500,17,2026,local-e2-production-2048,1,member_addition,global,2.501200000,ms,2.501200000,add one member to an identical n-1 active-member state,false,false,true,
2048,256,500,17,2026,local-e2-production-2048,1,two_layer_member_addition,two_layer,4.007100000,ms,4.007100000,sum of one regional and one global member addition,false,false,true,
2048,256,500,17,2026,local-e2-production-2048,1,witness_generation,regional,248.527900000,ms,248.527900000,fresh witness for one active member,false,false,true,
2048,256,500,17,2026,local-e2-production-2048,1,witness_generation,global,251.760200000,ms,251.760200000,fresh witness for one active member,false,false,true,
2048,256,500,17,2026,local-e2-production-2048,1,two_layer_claim_generation,two_layer,500.288100000,ms,500.288100000,sum of regional and global witness generation,false,false,true,
2048,256,500,17,2026,local-e2-production-2048,1,membership_verification,regional,2.250000000,ms,2.250000000,one current regional witness,false,false,true,
2048,256,500,17,2026,local-e2-production-2048,1,membership_verification,global,1.015400000,ms,1.015400000,one current global witness,false,false,true,
2048,256,500,17,2026,local-e2-production-2048,1,two_layer_membership_verification,two_layer,3.265400000,ms,3.265400000,sum of current regional and global verification,false,false,true,
2048,256,500,17,2026,local-e2-production-2048,1,revocation,regional,227.979400000,ms,227.979400000,remove one member and recompute the regional accumulator,false,false,true,
2048,256,500,17,2026,local-e2-production-2048,1,revocation,global,256.115100000,ms,256.115100000,remove one member and recompute the global accumulator,false,false,true,
2048,256,500,17,2026,local-e2-production-2048,1,two_layer_revocation,two_layer,484.094500000,ms,484.094500000,sum of regional and global removal/recomputation,false,false,true,
2048,256,500,17,2026,local-e2-production-2048,1,single_witness_refresh_after_revocation,regional,245.069000000,ms,245.069000000,refresh one remaining member witness; not all members,false,false,true,
2048,256,500,17,2026,local-e2-production-2048,1,single_witness_refresh_after_revocation,global,215.727800000,ms,215.727800000,refresh one remaining member witness; not all members,false,false,true,
2048,256,500,17,2026,local-e2-production-2048,1,two_layer_single_witness_refresh_after_revocation,two_layer,460.796800000,ms,460.796800000,sum for one remaining member's regional and global witnesses; not all members,false,false,true,
2048,256,500,17,2026,local-e2-production-2048,1,membership_claim_json_size,two_layer,1920.000000000,bytes,,one regional+global context-bound membership claim JSON,false,false,true,
2048,256,500,17,2026,local-e2-production-2048,1,public_accumulator_state_json_size,two_layer,48350.000000000,bytes,,two public accumulator states including active prime representatives; no RSA factors,false,false,true,
2048,256,500,18,2026,local-e2-production-2048,1,hash_to_prime,regional,1.361700000,ms,1.361700000,one deterministic 256-bit prime representative; prime search included; RSA setup excluded,false,false,true,
2048,256,500,18,2026,local-e2-production-2048,1,hash_to_prime,global,2.439700000,ms,2.439700000,one deterministic 256-bit prime representative; prime search included; RSA setup excluded,false,false,true,
2048,256,500,18,2026,local-e2-production-2048,1,two_layer_hash_to_prime,two_layer,3.801400000,ms,3.801400000,sum for one regional and one global representative,false,false,true,
2048,256,500,18,2026,local-e2-production-2048,1,member_addition,regional,2.242700000,ms,2.242700000,add one member to an identical n-1 active-member state,false,false,true,
2048,256,500,18,2026,local-e2-production-2048,1,member_addition,global,1.000000000,ms,1.000000000,add one member to an identical n-1 active-member state,false,false,true,
2048,256,500,18,2026,local-e2-production-2048,1,two_layer_member_addition,two_layer,3.242700000,ms,3.242700000,sum of one regional and one global member addition,false,false,true,
2048,256,500,18,2026,local-e2-production-2048,1,witness_generation,regional,222.909000000,ms,222.909000000,fresh witness for one active member,false,false,true,
2048,256,500,18,2026,local-e2-production-2048,1,witness_generation,global,227.704300000,ms,227.704300000,fresh witness for one active member,false,false,true,
2048,256,500,18,2026,local-e2-production-2048,1,two_layer_claim_generation,two_layer,450.613300000,ms,450.613300000,sum of regional and global witness generation,false,false,true,
2048,256,500,18,2026,local-e2-production-2048,1,membership_verification,regional,2.005000000,ms,2.005000000,one current regional witness,false,false,true,
2048,256,500,18,2026,local-e2-production-2048,1,membership_verification,global,1.001700000,ms,1.001700000,one current global witness,false,false,true,
2048,256,500,18,2026,local-e2-production-2048,1,two_layer_membership_verification,two_layer,3.006700000,ms,3.006700000,sum of current regional and global verification,false,false,true,
2048,256,500,18,2026,local-e2-production-2048,1,revocation,regional,214.530400000,ms,214.530400000,remove one member and recompute the regional accumulator,false,false,true,
2048,256,500,18,2026,local-e2-production-2048,1,revocation,global,301.437700000,ms,301.437700000,remove one member and recompute the global accumulator,false,false,true,
2048,256,500,18,2026,local-e2-production-2048,1,two_layer_revocation,two_layer,515.968100000,ms,515.968100000,sum of regional and global removal/recomputation,false,false,true,
2048,256,500,18,2026,local-e2-production-2048,1,single_witness_refresh_after_revocation,regional,224.166700000,ms,224.166700000,refresh one remaining member witness; not all members,false,false,true,
2048,256,500,18,2026,local-e2-production-2048,1,single_witness_refresh_after_revocation,global,227.603100000,ms,227.603100000,refresh one remaining member witness; not all members,false,false,true,
2048,256,500,18,2026,local-e2-production-2048,1,two_layer_single_witness_refresh_after_revocation,two_layer,451.769800000,ms,451.769800000,sum for one remaining member's regional and global witnesses; not all members,false,false,true,
2048,256,500,18,2026,local-e2-production-2048,1,membership_claim_json_size,two_layer,1920.000000000,bytes,,one regional+global context-bound membership claim JSON,false,false,true,
2048,256,500,18,2026,local-e2-production-2048,1,public_accumulator_state_json_size,two_layer,48350.000000000,bytes,,two public accumulator states including active prime representatives; no RSA factors,false,false,true,
2048,256,500,19,2026,local-e2-production-2048,1,hash_to_prime,regional,3.010300000,ms,3.010300000,one deterministic 256-bit prime representative; prime search included; RSA setup excluded,false,false,true,
2048,256,500,19,2026,local-e2-production-2048,1,hash_to_prime,global,1.327700000,ms,1.327700000,one deterministic 256-bit prime representative; prime search included; RSA setup excluded,false,false,true,
2048,256,500,19,2026,local-e2-production-2048,1,two_layer_hash_to_prime,two_layer,4.338000000,ms,4.338000000,sum for one regional and one global representative,false,false,true,
2048,256,500,19,2026,local-e2-production-2048,1,member_addition,regional,2.306100000,ms,2.306100000,add one member to an identical n-1 active-member state,false,false,true,
2048,256,500,19,2026,local-e2-production-2048,1,member_addition,global,3.519000000,ms,3.519000000,add one member to an identical n-1 active-member state,false,false,true,
2048,256,500,19,2026,local-e2-production-2048,1,two_layer_member_addition,two_layer,5.825100000,ms,5.825100000,sum of one regional and one global member addition,false,false,true,
2048,256,500,19,2026,local-e2-production-2048,1,witness_generation,regional,228.557700000,ms,228.557700000,fresh witness for one active member,false,false,true,
2048,256,500,19,2026,local-e2-production-2048,1,witness_generation,global,226.322300000,ms,226.322300000,fresh witness for one active member,false,false,true,
2048,256,500,19,2026,local-e2-production-2048,1,two_layer_claim_generation,two_layer,454.880000000,ms,454.880000000,sum of regional and global witness generation,false,false,true,
2048,256,500,19,2026,local-e2-production-2048,1,membership_verification,regional,2.014000000,ms,2.014000000,one current regional witness,false,false,true,
2048,256,500,19,2026,local-e2-production-2048,1,membership_verification,global,1.998700000,ms,1.998700000,one current global witness,false,false,true,
2048,256,500,19,2026,local-e2-production-2048,1,two_layer_membership_verification,two_layer,4.012700000,ms,4.012700000,sum of current regional and global verification,false,false,true,
2048,256,500,19,2026,local-e2-production-2048,1,revocation,regional,242.947000000,ms,242.947000000,remove one member and recompute the regional accumulator,false,false,true,
2048,256,500,19,2026,local-e2-production-2048,1,revocation,global,236.472800000,ms,236.472800000,remove one member and recompute the global accumulator,false,false,true,
2048,256,500,19,2026,local-e2-production-2048,1,two_layer_revocation,two_layer,479.419800000,ms,479.419800000,sum of regional and global removal/recomputation,false,false,true,
2048,256,500,19,2026,local-e2-production-2048,1,single_witness_refresh_after_revocation,regional,235.463400000,ms,235.463400000,refresh one remaining member witness; not all members,false,false,true,
2048,256,500,19,2026,local-e2-production-2048,1,single_witness_refresh_after_revocation,global,218.212400000,ms,218.212400000,refresh one remaining member witness; not all members,false,false,true,
2048,256,500,19,2026,local-e2-production-2048,1,two_layer_single_witness_refresh_after_revocation,two_layer,453.675800000,ms,453.675800000,sum for one remaining member's regional and global witnesses; not all members,false,false,true,
2048,256,500,19,2026,local-e2-production-2048,1,membership_claim_json_size,two_layer,1920.000000000,bytes,,one regional+global context-bound membership claim JSON,false,false,true,
2048,256,500,19,2026,local-e2-production-2048,1,public_accumulator_state_json_size,two_layer,48350.000000000,bytes,,two public accumulator states including active prime representatives; no RSA factors,false,false,true,
2048,256,500,20,2026,local-e2-production-2048,1,hash_to_prime,regional,2.681900000,ms,2.681900000,one deterministic 256-bit prime representative; prime search included; RSA setup excluded,false,false,true,
2048,256,500,20,2026,local-e2-production-2048,1,hash_to_prime,global,2.667900000,ms,2.667900000,one deterministic 256-bit prime representative; prime search included; RSA setup excluded,false,false,true,
2048,256,500,20,2026,local-e2-production-2048,1,two_layer_hash_to_prime,two_layer,5.349800000,ms,5.349800000,sum for one regional and one global representative,false,false,true,
2048,256,500,20,2026,local-e2-production-2048,1,member_addition,regional,1.509800000,ms,1.509800000,add one member to an identical n-1 active-member state,false,false,true,
2048,256,500,20,2026,local-e2-production-2048,1,member_addition,global,1.296100000,ms,1.296100000,add one member to an identical n-1 active-member state,false,false,true,
2048,256,500,20,2026,local-e2-production-2048,1,two_layer_member_addition,two_layer,2.805900000,ms,2.805900000,sum of one regional and one global member addition,false,false,true,
2048,256,500,20,2026,local-e2-production-2048,1,witness_generation,regional,222.787800000,ms,222.787800000,fresh witness for one active member,false,false,true,
2048,256,500,20,2026,local-e2-production-2048,1,witness_generation,global,232.963100000,ms,232.963100000,fresh witness for one active member,false,false,true,
2048,256,500,20,2026,local-e2-production-2048,1,two_layer_claim_generation,two_layer,455.750900000,ms,455.750900000,sum of regional and global witness generation,false,false,true,
2048,256,500,20,2026,local-e2-production-2048,1,membership_verification,regional,1.807100000,ms,1.807100000,one current regional witness,false,false,true,
2048,256,500,20,2026,local-e2-production-2048,1,membership_verification,global,1.661800000,ms,1.661800000,one current global witness,false,false,true,
2048,256,500,20,2026,local-e2-production-2048,1,two_layer_membership_verification,two_layer,3.468900000,ms,3.468900000,sum of current regional and global verification,false,false,true,
2048,256,500,20,2026,local-e2-production-2048,1,revocation,regional,235.066600000,ms,235.066600000,remove one member and recompute the regional accumulator,false,false,true,
2048,256,500,20,2026,local-e2-production-2048,1,revocation,global,220.300400000,ms,220.300400000,remove one member and recompute the global accumulator,false,false,true,
2048,256,500,20,2026,local-e2-production-2048,1,two_layer_revocation,two_layer,455.367000000,ms,455.367000000,sum of regional and global removal/recomputation,false,false,true,
2048,256,500,20,2026,local-e2-production-2048,1,single_witness_refresh_after_revocation,regional,232.356700000,ms,232.356700000,refresh one remaining member witness; not all members,false,false,true,
2048,256,500,20,2026,local-e2-production-2048,1,single_witness_refresh_after_revocation,global,209.015900000,ms,209.015900000,refresh one remaining member witness; not all members,false,false,true,
2048,256,500,20,2026,local-e2-production-2048,1,two_layer_single_witness_refresh_after_revocation,two_layer,441.372600000,ms,441.372600000,sum for one remaining member's regional and global witnesses; not all members,false,false,true,
2048,256,500,20,2026,local-e2-production-2048,1,membership_claim_json_size,two_layer,1920.000000000,bytes,,one regional+global context-bound membership claim JSON,false,false,true,
2048,256,500,20,2026,local-e2-production-2048,1,public_accumulator_state_json_size,two_layer,48350.000000000,bytes,,two public accumulator states including active prime representatives; no RSA factors,false,false,true,
2048,256,500,21,2026,local-e2-production-2048,1,hash_to_prime,regional,1.012200000,ms,1.012200000,one deterministic 256-bit prime representative; prime search included; RSA setup excluded,false,false,true,
2048,256,500,21,2026,local-e2-production-2048,1,hash_to_prime,global,6.072900000,ms,6.072900000,one deterministic 256-bit prime representative; prime search included; RSA setup excluded,false,false,true,
2048,256,500,21,2026,local-e2-production-2048,1,two_layer_hash_to_prime,two_layer,7.085100000,ms,7.085100000,sum for one regional and one global representative,false,false,true,
2048,256,500,21,2026,local-e2-production-2048,1,member_addition,regional,1.004100000,ms,1.004100000,add one member to an identical n-1 active-member state,false,false,true,
2048,256,500,21,2026,local-e2-production-2048,1,member_addition,global,3.297300000,ms,3.297300000,add one member to an identical n-1 active-member state,false,false,true,
2048,256,500,21,2026,local-e2-production-2048,1,two_layer_member_addition,two_layer,4.301400000,ms,4.301400000,sum of one regional and one global member addition,false,false,true,
2048,256,500,21,2026,local-e2-production-2048,1,witness_generation,regional,226.329400000,ms,226.329400000,fresh witness for one active member,false,false,true,
2048,256,500,21,2026,local-e2-production-2048,1,witness_generation,global,233.058400000,ms,233.058400000,fresh witness for one active member,false,false,true,
2048,256,500,21,2026,local-e2-production-2048,1,two_layer_claim_generation,two_layer,459.387800000,ms,459.387800000,sum of regional and global witness generation,false,false,true,
2048,256,500,21,2026,local-e2-production-2048,1,membership_verification,regional,1.603000000,ms,1.603000000,one current regional witness,false,false,true,
2048,256,500,21,2026,local-e2-production-2048,1,membership_verification,global,1.576800000,ms,1.576800000,one current global witness,false,false,true,
2048,256,500,21,2026,local-e2-production-2048,1,two_layer_membership_verification,two_layer,3.179800000,ms,3.179800000,sum of current regional and global verification,false,false,true,
2048,256,500,21,2026,local-e2-production-2048,1,revocation,regional,251.253400000,ms,251.253400000,remove one member and recompute the regional accumulator,false,false,true,
2048,256,500,21,2026,local-e2-production-2048,1,revocation,global,220.846400000,ms,220.846400000,remove one member and recompute the global accumulator,false,false,true,
2048,256,500,21,2026,local-e2-production-2048,1,two_layer_revocation,two_layer,472.099800000,ms,472.099800000,sum of regional and global removal/recomputation,false,false,true,
2048,256,500,21,2026,local-e2-production-2048,1,single_witness_refresh_after_revocation,regional,229.471100000,ms,229.471100000,refresh one remaining member witness; not all members,false,false,true,
2048,256,500,21,2026,local-e2-production-2048,1,single_witness_refresh_after_revocation,global,219.228500000,ms,219.228500000,refresh one remaining member witness; not all members,false,false,true,
2048,256,500,21,2026,local-e2-production-2048,1,two_layer_single_witness_refresh_after_revocation,two_layer,448.699600000,ms,448.699600000,sum for one remaining member's regional and global witnesses; not all members,false,false,true,
2048,256,500,21,2026,local-e2-production-2048,1,membership_claim_json_size,two_layer,1920.000000000,bytes,,one regional+global context-bound membership claim JSON,false,false,true,
2048,256,500,21,2026,local-e2-production-2048,1,public_accumulator_state_json_size,two_layer,48350.000000000,bytes,,two public accumulator states including active prime representatives; no RSA factors,false,false,true,
2048,256,500,22,2026,local-e2-production-2048,1,hash_to_prime,regional,1.979700000,ms,1.979700000,one deterministic 256-bit prime representative; prime search included; RSA setup excluded,false,false,true,
2048,256,500,22,2026,local-e2-production-2048,1,hash_to_prime,global,1.393700000,ms,1.393700000,one deterministic 256-bit prime representative; prime search included; RSA setup excluded,false,false,true,
2048,256,500,22,2026,local-e2-production-2048,1,two_layer_hash_to_prime,two_layer,3.373400000,ms,3.373400000,sum for one regional and one global representative,false,false,true,
2048,256,500,22,2026,local-e2-production-2048,1,member_addition,regional,2.422500000,ms,2.422500000,add one member to an identical n-1 active-member state,false,false,true,
2048,256,500,22,2026,local-e2-production-2048,1,member_addition,global,1.505400000,ms,1.505400000,add one member to an identical n-1 active-member state,false,false,true,
2048,256,500,22,2026,local-e2-production-2048,1,two_layer_member_addition,two_layer,3.927900000,ms,3.927900000,sum of one regional and one global member addition,false,false,true,
2048,256,500,22,2026,local-e2-production-2048,1,witness_generation,regional,249.824500000,ms,249.824500000,fresh witness for one active member,false,false,true,
2048,256,500,22,2026,local-e2-production-2048,1,witness_generation,global,290.247600000,ms,290.247600000,fresh witness for one active member,false,false,true,
2048,256,500,22,2026,local-e2-production-2048,1,two_layer_claim_generation,two_layer,540.072100000,ms,540.072100000,sum of regional and global witness generation,false,false,true,
2048,256,500,22,2026,local-e2-production-2048,1,membership_verification,regional,2.001600000,ms,2.001600000,one current regional witness,false,false,true,
2048,256,500,22,2026,local-e2-production-2048,1,membership_verification,global,2.263800000,ms,2.263800000,one current global witness,false,false,true,
2048,256,500,22,2026,local-e2-production-2048,1,two_layer_membership_verification,two_layer,4.265400000,ms,4.265400000,sum of current regional and global verification,false,false,true,
2048,256,500,22,2026,local-e2-production-2048,1,revocation,regional,237.231600000,ms,237.231600000,remove one member and recompute the regional accumulator,false,false,true,
2048,256,500,22,2026,local-e2-production-2048,1,revocation,global,212.632100000,ms,212.632100000,remove one member and recompute the global accumulator,false,false,true,
2048,256,500,22,2026,local-e2-production-2048,1,two_layer_revocation,two_layer,449.863700000,ms,449.863700000,sum of regional and global removal/recomputation,false,false,true,
2048,256,500,22,2026,local-e2-production-2048,1,single_witness_refresh_after_revocation,regional,226.902100000,ms,226.902100000,refresh one remaining member witness; not all members,false,false,true,
2048,256,500,22,2026,local-e2-production-2048,1,single_witness_refresh_after_revocation,global,240.276500000,ms,240.276500000,refresh one remaining member witness; not all members,false,false,true,
2048,256,500,22,2026,local-e2-production-2048,1,two_layer_single_witness_refresh_after_revocation,two_layer,467.178600000,ms,467.178600000,sum for one remaining member's regional and global witnesses; not all members,false,false,true,
2048,256,500,22,2026,local-e2-production-2048,1,membership_claim_json_size,two_layer,1920.000000000,bytes,,one regional+global context-bound membership claim JSON,false,false,true,
2048,256,500,22,2026,local-e2-production-2048,1,public_accumulator_state_json_size,two_layer,48350.000000000,bytes,,two public accumulator states including active prime representatives; no RSA factors,false,false,true,
2048,256,500,23,2026,local-e2-production-2048,1,hash_to_prime,regional,1.999900000,ms,1.999900000,one deterministic 256-bit prime representative; prime search included; RSA setup excluded,false,false,true,
2048,256,500,23,2026,local-e2-production-2048,1,hash_to_prime,global,3.387100000,ms,3.387100000,one deterministic 256-bit prime representative; prime search included; RSA setup excluded,false,false,true,
2048,256,500,23,2026,local-e2-production-2048,1,two_layer_hash_to_prime,two_layer,5.387000000,ms,5.387000000,sum for one regional and one global representative,false,false,true,
2048,256,500,23,2026,local-e2-production-2048,1,member_addition,regional,2.155400000,ms,2.155400000,add one member to an identical n-1 active-member state,false,false,true,
2048,256,500,23,2026,local-e2-production-2048,1,member_addition,global,1.018600000,ms,1.018600000,add one member to an identical n-1 active-member state,false,false,true,
2048,256,500,23,2026,local-e2-production-2048,1,two_layer_member_addition,two_layer,3.174000000,ms,3.174000000,sum of one regional and one global member addition,false,false,true,
2048,256,500,23,2026,local-e2-production-2048,1,witness_generation,regional,233.259800000,ms,233.259800000,fresh witness for one active member,false,false,true,
2048,256,500,23,2026,local-e2-production-2048,1,witness_generation,global,225.474000000,ms,225.474000000,fresh witness for one active member,false,false,true,
2048,256,500,23,2026,local-e2-production-2048,1,two_layer_claim_generation,two_layer,458.733800000,ms,458.733800000,sum of regional and global witness generation,false,false,true,
2048,256,500,23,2026,local-e2-production-2048,1,membership_verification,regional,1.000700000,ms,1.000700000,one current regional witness,false,false,true,
2048,256,500,23,2026,local-e2-production-2048,1,membership_verification,global,0.996100000,ms,0.996100000,one current global witness,false,false,true,
2048,256,500,23,2026,local-e2-production-2048,1,two_layer_membership_verification,two_layer,1.996800000,ms,1.996800000,sum of current regional and global verification,false,false,true,
2048,256,500,23,2026,local-e2-production-2048,1,revocation,regional,220.757800000,ms,220.757800000,remove one member and recompute the regional accumulator,false,false,true,
2048,256,500,23,2026,local-e2-production-2048,1,revocation,global,241.824300000,ms,241.824300000,remove one member and recompute the global accumulator,false,false,true,
2048,256,500,23,2026,local-e2-production-2048,1,two_layer_revocation,two_layer,462.582100000,ms,462.582100000,sum of regional and global removal/recomputation,false,false,true,
2048,256,500,23,2026,local-e2-production-2048,1,single_witness_refresh_after_revocation,regional,220.862600000,ms,220.862600000,refresh one remaining member witness; not all members,false,false,true,
2048,256,500,23,2026,local-e2-production-2048,1,single_witness_refresh_after_revocation,global,244.761400000,ms,244.761400000,refresh one remaining member witness; not all members,false,false,true,
2048,256,500,23,2026,local-e2-production-2048,1,two_layer_single_witness_refresh_after_revocation,two_layer,465.624000000,ms,465.624000000,sum for one remaining member's regional and global witnesses; not all members,false,false,true,
2048,256,500,23,2026,local-e2-production-2048,1,membership_claim_json_size,two_layer,1920.000000000,bytes,,one regional+global context-bound membership claim JSON,false,false,true,
2048,256,500,23,2026,local-e2-production-2048,1,public_accumulator_state_json_size,two_layer,48350.000000000,bytes,,two public accumulator states including active prime representatives; no RSA factors,false,false,true,
2048,256,500,24,2026,local-e2-production-2048,1,hash_to_prime,regional,1.533200000,ms,1.533200000,one deterministic 256-bit prime representative; prime search included; RSA setup excluded,false,false,true,
2048,256,500,24,2026,local-e2-production-2048,1,hash_to_prime,global,1.160800000,ms,1.160800000,one deterministic 256-bit prime representative; prime search included; RSA setup excluded,false,false,true,
2048,256,500,24,2026,local-e2-production-2048,1,two_layer_hash_to_prime,two_layer,2.694000000,ms,2.694000000,sum for one regional and one global representative,false,false,true,
2048,256,500,24,2026,local-e2-production-2048,1,member_addition,regional,0.998900000,ms,0.998900000,add one member to an identical n-1 active-member state,false,false,true,
2048,256,500,24,2026,local-e2-production-2048,1,member_addition,global,2.236500000,ms,2.236500000,add one member to an identical n-1 active-member state,false,false,true,
2048,256,500,24,2026,local-e2-production-2048,1,two_layer_member_addition,two_layer,3.235400000,ms,3.235400000,sum of one regional and one global member addition,false,false,true,
2048,256,500,24,2026,local-e2-production-2048,1,witness_generation,regional,240.006500000,ms,240.006500000,fresh witness for one active member,false,false,true,
2048,256,500,24,2026,local-e2-production-2048,1,witness_generation,global,235.354800000,ms,235.354800000,fresh witness for one active member,false,false,true,
2048,256,500,24,2026,local-e2-production-2048,1,two_layer_claim_generation,two_layer,475.361300000,ms,475.361300000,sum of regional and global witness generation,false,false,true,
2048,256,500,24,2026,local-e2-production-2048,1,membership_verification,regional,1.006800000,ms,1.006800000,one current regional witness,false,false,true,
2048,256,500,24,2026,local-e2-production-2048,1,membership_verification,global,1.999400000,ms,1.999400000,one current global witness,false,false,true,
2048,256,500,24,2026,local-e2-production-2048,1,two_layer_membership_verification,two_layer,3.006200000,ms,3.006200000,sum of current regional and global verification,false,false,true,
2048,256,500,24,2026,local-e2-production-2048,1,revocation,regional,259.013900000,ms,259.013900000,remove one member and recompute the regional accumulator,false,false,true,
2048,256,500,24,2026,local-e2-production-2048,1,revocation,global,217.351900000,ms,217.351900000,remove one member and recompute the global accumulator,false,false,true,
2048,256,500,24,2026,local-e2-production-2048,1,two_layer_revocation,two_layer,476.365800000,ms,476.365800000,sum of regional and global removal/recomputation,false,false,true,
2048,256,500,24,2026,local-e2-production-2048,1,single_witness_refresh_after_revocation,regional,212.582100000,ms,212.582100000,refresh one remaining member witness; not all members,false,false,true,
2048,256,500,24,2026,local-e2-production-2048,1,single_witness_refresh_after_revocation,global,212.637000000,ms,212.637000000,refresh one remaining member witness; not all members,false,false,true,
2048,256,500,24,2026,local-e2-production-2048,1,two_layer_single_witness_refresh_after_revocation,two_layer,425.219100000,ms,425.219100000,sum for one remaining member's regional and global witnesses; not all members,false,false,true,
2048,256,500,24,2026,local-e2-production-2048,1,membership_claim_json_size,two_layer,1920.000000000,bytes,,one regional+global context-bound membership claim JSON,false,false,true,
2048,256,500,24,2026,local-e2-production-2048,1,public_accumulator_state_json_size,two_layer,48350.000000000,bytes,,two public accumulator states including active prime representatives; no RSA factors,false,false,true,
2048,256,500,25,2026,local-e2-production-2048,1,hash_to_prime,regional,2.769300000,ms,2.769300000,one deterministic 256-bit prime representative; prime search included; RSA setup excluded,false,false,true,
2048,256,500,25,2026,local-e2-production-2048,1,hash_to_prime,global,2.022500000,ms,2.022500000,one deterministic 256-bit prime representative; prime search included; RSA setup excluded,false,false,true,
2048,256,500,25,2026,local-e2-production-2048,1,two_layer_hash_to_prime,two_layer,4.791800000,ms,4.791800000,sum for one regional and one global representative,false,false,true,
2048,256,500,25,2026,local-e2-production-2048,1,member_addition,regional,2.009900000,ms,2.009900000,add one member to an identical n-1 active-member state,false,false,true,
2048,256,500,25,2026,local-e2-production-2048,1,member_addition,global,1.991500000,ms,1.991500000,add one member to an identical n-1 active-member state,false,false,true,
2048,256,500,25,2026,local-e2-production-2048,1,two_layer_member_addition,two_layer,4.001400000,ms,4.001400000,sum of one regional and one global member addition,false,false,true,
2048,256,500,25,2026,local-e2-production-2048,1,witness_generation,regional,226.725600000,ms,226.725600000,fresh witness for one active member,false,false,true,
2048,256,500,25,2026,local-e2-production-2048,1,witness_generation,global,270.847700000,ms,270.847700000,fresh witness for one active member,false,false,true,
2048,256,500,25,2026,local-e2-production-2048,1,two_layer_claim_generation,two_layer,497.573300000,ms,497.573300000,sum of regional and global witness generation,false,false,true,
2048,256,500,25,2026,local-e2-production-2048,1,membership_verification,regional,1.998300000,ms,1.998300000,one current regional witness,false,false,true,
2048,256,500,25,2026,local-e2-production-2048,1,membership_verification,global,2.377700000,ms,2.377700000,one current global witness,false,false,true,
2048,256,500,25,2026,local-e2-production-2048,1,two_layer_membership_verification,two_layer,4.376000000,ms,4.376000000,sum of current regional and global verification,false,false,true,
2048,256,500,25,2026,local-e2-production-2048,1,revocation,regional,244.352100000,ms,244.352100000,remove one member and recompute the regional accumulator,false,false,true,
2048,256,500,25,2026,local-e2-production-2048,1,revocation,global,220.480500000,ms,220.480500000,remove one member and recompute the global accumulator,false,false,true,
2048,256,500,25,2026,local-e2-production-2048,1,two_layer_revocation,two_layer,464.832600000,ms,464.832600000,sum of regional and global removal/recomputation,false,false,true,
2048,256,500,25,2026,local-e2-production-2048,1,single_witness_refresh_after_revocation,regional,229.851400000,ms,229.851400000,refresh one remaining member witness; not all members,false,false,true,
2048,256,500,25,2026,local-e2-production-2048,1,single_witness_refresh_after_revocation,global,246.600300000,ms,246.600300000,refresh one remaining member witness; not all members,false,false,true,
2048,256,500,25,2026,local-e2-production-2048,1,two_layer_single_witness_refresh_after_revocation,two_layer,476.451700000,ms,476.451700000,sum for one remaining member's regional and global witnesses; not all members,false,false,true,
2048,256,500,25,2026,local-e2-production-2048,1,membership_claim_json_size,two_layer,1920.000000000,bytes,,one regional+global context-bound membership claim JSON,false,false,true,
2048,256,500,25,2026,local-e2-production-2048,1,public_accumulator_state_json_size,two_layer,48350.000000000,bytes,,two public accumulator states including active prime representatives; no RSA factors,false,false,true,
2048,256,500,26,2026,local-e2-production-2048,1,hash_to_prime,regional,1.520600000,ms,1.520600000,one deterministic 256-bit prime representative; prime search included; RSA setup excluded,false,false,true,
2048,256,500,26,2026,local-e2-production-2048,1,hash_to_prime,global,4.142000000,ms,4.142000000,one deterministic 256-bit prime representative; prime search included; RSA setup excluded,false,false,true,
2048,256,500,26,2026,local-e2-production-2048,1,two_layer_hash_to_prime,two_layer,5.662600000,ms,5.662600000,sum for one regional and one global representative,false,false,true,
2048,256,500,26,2026,local-e2-production-2048,1,member_addition,regional,1.514800000,ms,1.514800000,add one member to an identical n-1 active-member state,false,false,true,
2048,256,500,26,2026,local-e2-production-2048,1,member_addition,global,2.007300000,ms,2.007300000,add one member to an identical n-1 active-member state,false,false,true,
2048,256,500,26,2026,local-e2-production-2048,1,two_layer_member_addition,two_layer,3.522100000,ms,3.522100000,sum of one regional and one global member addition,false,false,true,
2048,256,500,26,2026,local-e2-production-2048,1,witness_generation,regional,244.168200000,ms,244.168200000,fresh witness for one active member,false,false,true,
2048,256,500,26,2026,local-e2-production-2048,1,witness_generation,global,202.048400000,ms,202.048400000,fresh witness for one active member,false,false,true,
2048,256,500,26,2026,local-e2-production-2048,1,two_layer_claim_generation,two_layer,446.216600000,ms,446.216600000,sum of regional and global witness generation,false,false,true,
2048,256,500,26,2026,local-e2-production-2048,1,membership_verification,regional,2.016800000,ms,2.016800000,one current regional witness,false,false,true,
2048,256,500,26,2026,local-e2-production-2048,1,membership_verification,global,0.995900000,ms,0.995900000,one current global witness,false,false,true,
2048,256,500,26,2026,local-e2-production-2048,1,two_layer_membership_verification,two_layer,3.012700000,ms,3.012700000,sum of current regional and global verification,false,false,true,
2048,256,500,26,2026,local-e2-production-2048,1,revocation,regional,231.890600000,ms,231.890600000,remove one member and recompute the regional accumulator,false,false,true,
2048,256,500,26,2026,local-e2-production-2048,1,revocation,global,229.807800000,ms,229.807800000,remove one member and recompute the global accumulator,false,false,true,
2048,256,500,26,2026,local-e2-production-2048,1,two_layer_revocation,two_layer,461.698400000,ms,461.698400000,sum of regional and global removal/recomputation,false,false,true,
2048,256,500,26,2026,local-e2-production-2048,1,single_witness_refresh_after_revocation,regional,218.032600000,ms,218.032600000,refresh one remaining member witness; not all members,false,false,true,
2048,256,500,26,2026,local-e2-production-2048,1,single_witness_refresh_after_revocation,global,227.277800000,ms,227.277800000,refresh one remaining member witness; not all members,false,false,true,
2048,256,500,26,2026,local-e2-production-2048,1,two_layer_single_witness_refresh_after_revocation,two_layer,445.310400000,ms,445.310400000,sum for one remaining member's regional and global witnesses; not all members,false,false,true,
2048,256,500,26,2026,local-e2-production-2048,1,membership_claim_json_size,two_layer,1920.000000000,bytes,,one regional+global context-bound membership claim JSON,false,false,true,
2048,256,500,26,2026,local-e2-production-2048,1,public_accumulator_state_json_size,two_layer,48350.000000000,bytes,,two public accumulator states including active prime representatives; no RSA factors,false,false,true,
2048,256,500,27,2026,local-e2-production-2048,1,hash_to_prime,regional,2.295700000,ms,2.295700000,one deterministic 256-bit prime representative; prime search included; RSA setup excluded,false,false,true,
2048,256,500,27,2026,local-e2-production-2048,1,hash_to_prime,global,4.061200000,ms,4.061200000,one deterministic 256-bit prime representative; prime search included; RSA setup excluded,false,false,true,
2048,256,500,27,2026,local-e2-production-2048,1,two_layer_hash_to_prime,two_layer,6.356900000,ms,6.356900000,sum for one regional and one global representative,false,false,true,
2048,256,500,27,2026,local-e2-production-2048,1,member_addition,regional,2.314100000,ms,2.314100000,add one member to an identical n-1 active-member state,false,false,true,
2048,256,500,27,2026,local-e2-production-2048,1,member_addition,global,2.117400000,ms,2.117400000,add one member to an identical n-1 active-member state,false,false,true,
2048,256,500,27,2026,local-e2-production-2048,1,two_layer_member_addition,two_layer,4.431500000,ms,4.431500000,sum of one regional and one global member addition,false,false,true,
2048,256,500,27,2026,local-e2-production-2048,1,witness_generation,regional,270.026700000,ms,270.026700000,fresh witness for one active member,false,false,true,
2048,256,500,27,2026,local-e2-production-2048,1,witness_generation,global,257.206100000,ms,257.206100000,fresh witness for one active member,false,false,true,
2048,256,500,27,2026,local-e2-production-2048,1,two_layer_claim_generation,two_layer,527.232800000,ms,527.232800000,sum of regional and global witness generation,false,false,true,
2048,256,500,27,2026,local-e2-production-2048,1,membership_verification,regional,1.007400000,ms,1.007400000,one current regional witness,false,false,true,
2048,256,500,27,2026,local-e2-production-2048,1,membership_verification,global,3.000100000,ms,3.000100000,one current global witness,false,false,true,
2048,256,500,27,2026,local-e2-production-2048,1,two_layer_membership_verification,two_layer,4.007500000,ms,4.007500000,sum of current regional and global verification,false,false,true,
2048,256,500,27,2026,local-e2-production-2048,1,revocation,regional,253.564500000,ms,253.564500000,remove one member and recompute the regional accumulator,false,false,true,
2048,256,500,27,2026,local-e2-production-2048,1,revocation,global,242.420700000,ms,242.420700000,remove one member and recompute the global accumulator,false,false,true,
2048,256,500,27,2026,local-e2-production-2048,1,two_layer_revocation,two_layer,495.985200000,ms,495.985200000,sum of regional and global removal/recomputation,false,false,true,
2048,256,500,27,2026,local-e2-production-2048,1,single_witness_refresh_after_revocation,regional,224.711600000,ms,224.711600000,refresh one remaining member witness; not all members,false,false,true,
2048,256,500,27,2026,local-e2-production-2048,1,single_witness_refresh_after_revocation,global,231.890100000,ms,231.890100000,refresh one remaining member witness; not all members,false,false,true,
2048,256,500,27,2026,local-e2-production-2048,1,two_layer_single_witness_refresh_after_revocation,two_layer,456.601700000,ms,456.601700000,sum for one remaining member's regional and global witnesses; not all members,false,false,true,
2048,256,500,27,2026,local-e2-production-2048,1,membership_claim_json_size,two_layer,1920.000000000,bytes,,one regional+global context-bound membership claim JSON,false,false,true,
2048,256,500,27,2026,local-e2-production-2048,1,public_accumulator_state_json_size,two_layer,48350.000000000,bytes,,two public accumulator states including active prime representatives; no RSA factors,false,false,true,
2048,256,500,28,2026,local-e2-production-2048,1,hash_to_prime,regional,0.998900000,ms,0.998900000,one deterministic 256-bit prime representative; prime search included; RSA setup excluded,false,false,true,
2048,256,500,28,2026,local-e2-production-2048,1,hash_to_prime,global,0.999600000,ms,0.999600000,one deterministic 256-bit prime representative; prime search included; RSA setup excluded,false,false,true,
2048,256,500,28,2026,local-e2-production-2048,1,two_layer_hash_to_prime,two_layer,1.998500000,ms,1.998500000,sum for one regional and one global representative,false,false,true,
2048,256,500,28,2026,local-e2-production-2048,1,member_addition,regional,2.218900000,ms,2.218900000,add one member to an identical n-1 active-member state,false,false,true,
2048,256,500,28,2026,local-e2-production-2048,1,member_addition,global,1.014400000,ms,1.014400000,add one member to an identical n-1 active-member state,false,false,true,
2048,256,500,28,2026,local-e2-production-2048,1,two_layer_member_addition,two_layer,3.233300000,ms,3.233300000,sum of one regional and one global member addition,false,false,true,
2048,256,500,28,2026,local-e2-production-2048,1,witness_generation,regional,246.944900000,ms,246.944900000,fresh witness for one active member,false,false,true,
2048,256,500,28,2026,local-e2-production-2048,1,witness_generation,global,219.010400000,ms,219.010400000,fresh witness for one active member,false,false,true,
2048,256,500,28,2026,local-e2-production-2048,1,two_layer_claim_generation,two_layer,465.955300000,ms,465.955300000,sum of regional and global witness generation,false,false,true,
2048,256,500,28,2026,local-e2-production-2048,1,membership_verification,regional,1.999700000,ms,1.999700000,one current regional witness,false,false,true,
2048,256,500,28,2026,local-e2-production-2048,1,membership_verification,global,1.505200000,ms,1.505200000,one current global witness,false,false,true,
2048,256,500,28,2026,local-e2-production-2048,1,two_layer_membership_verification,two_layer,3.504900000,ms,3.504900000,sum of current regional and global verification,false,false,true,
2048,256,500,28,2026,local-e2-production-2048,1,revocation,regional,231.950400000,ms,231.950400000,remove one member and recompute the regional accumulator,false,false,true,
2048,256,500,28,2026,local-e2-production-2048,1,revocation,global,207.851700000,ms,207.851700000,remove one member and recompute the global accumulator,false,false,true,
2048,256,500,28,2026,local-e2-production-2048,1,two_layer_revocation,two_layer,439.802100000,ms,439.802100000,sum of regional and global removal/recomputation,false,false,true,
2048,256,500,28,2026,local-e2-production-2048,1,single_witness_refresh_after_revocation,regional,242.268800000,ms,242.268800000,refresh one remaining member witness; not all members,false,false,true,
2048,256,500,28,2026,local-e2-production-2048,1,single_witness_refresh_after_revocation,global,247.958400000,ms,247.958400000,refresh one remaining member witness; not all members,false,false,true,
2048,256,500,28,2026,local-e2-production-2048,1,two_layer_single_witness_refresh_after_revocation,two_layer,490.227200000,ms,490.227200000,sum for one remaining member's regional and global witnesses; not all members,false,false,true,
2048,256,500,28,2026,local-e2-production-2048,1,membership_claim_json_size,two_layer,1920.000000000,bytes,,one regional+global context-bound membership claim JSON,false,false,true,
2048,256,500,28,2026,local-e2-production-2048,1,public_accumulator_state_json_size,two_layer,48350.000000000,bytes,,two public accumulator states including active prime representatives; no RSA factors,false,false,true,
2048,256,500,29,2026,local-e2-production-2048,1,hash_to_prime,regional,1.504800000,ms,1.504800000,one deterministic 256-bit prime representative; prime search included; RSA setup excluded,false,false,true,
2048,256,500,29,2026,local-e2-production-2048,1,hash_to_prime,global,2.523600000,ms,2.523600000,one deterministic 256-bit prime representative; prime search included; RSA setup excluded,false,false,true,
2048,256,500,29,2026,local-e2-production-2048,1,two_layer_hash_to_prime,two_layer,4.028400000,ms,4.028400000,sum for one regional and one global representative,false,false,true,
2048,256,500,29,2026,local-e2-production-2048,1,member_addition,regional,1.254400000,ms,1.254400000,add one member to an identical n-1 active-member state,false,false,true,
2048,256,500,29,2026,local-e2-production-2048,1,member_addition,global,1.460400000,ms,1.460400000,add one member to an identical n-1 active-member state,false,false,true,
2048,256,500,29,2026,local-e2-production-2048,1,two_layer_member_addition,two_layer,2.714800000,ms,2.714800000,sum of one regional and one global member addition,false,false,true,
2048,256,500,29,2026,local-e2-production-2048,1,witness_generation,regional,230.059000000,ms,230.059000000,fresh witness for one active member,false,false,true,
2048,256,500,29,2026,local-e2-production-2048,1,witness_generation,global,241.660500000,ms,241.660500000,fresh witness for one active member,false,false,true,
2048,256,500,29,2026,local-e2-production-2048,1,two_layer_claim_generation,two_layer,471.719500000,ms,471.719500000,sum of regional and global witness generation,false,false,true,
2048,256,500,29,2026,local-e2-production-2048,1,membership_verification,regional,2.571900000,ms,2.571900000,one current regional witness,false,false,true,
2048,256,500,29,2026,local-e2-production-2048,1,membership_verification,global,1.402000000,ms,1.402000000,one current global witness,false,false,true,
2048,256,500,29,2026,local-e2-production-2048,1,two_layer_membership_verification,two_layer,3.973900000,ms,3.973900000,sum of current regional and global verification,false,false,true,
2048,256,500,29,2026,local-e2-production-2048,1,revocation,regional,222.286300000,ms,222.286300000,remove one member and recompute the regional accumulator,false,false,true,
2048,256,500,29,2026,local-e2-production-2048,1,revocation,global,225.623400000,ms,225.623400000,remove one member and recompute the global accumulator,false,false,true,
2048,256,500,29,2026,local-e2-production-2048,1,two_layer_revocation,two_layer,447.909700000,ms,447.909700000,sum of regional and global removal/recomputation,false,false,true,
2048,256,500,29,2026,local-e2-production-2048,1,single_witness_refresh_after_revocation,regional,219.667500000,ms,219.667500000,refresh one remaining member witness; not all members,false,false,true,
2048,256,500,29,2026,local-e2-production-2048,1,single_witness_refresh_after_revocation,global,215.611800000,ms,215.611800000,refresh one remaining member witness; not all members,false,false,true,
2048,256,500,29,2026,local-e2-production-2048,1,two_layer_single_witness_refresh_after_revocation,two_layer,435.279300000,ms,435.279300000,sum for one remaining member's regional and global witnesses; not all members,false,false,true,
2048,256,500,29,2026,local-e2-production-2048,1,membership_claim_json_size,two_layer,1920.000000000,bytes,,one regional+global context-bound membership claim JSON,false,false,true,
2048,256,500,29,2026,local-e2-production-2048,1,public_accumulator_state_json_size,two_layer,48350.000000000,bytes,,two public accumulator states including active prime representatives; no RSA factors,false,false,true,
2048,256,500,30,2026,local-e2-production-2048,1,hash_to_prime,regional,2.015000000,ms,2.015000000,one deterministic 256-bit prime representative; prime search included; RSA setup excluded,false,false,true,
2048,256,500,30,2026,local-e2-production-2048,1,hash_to_prime,global,3.270200000,ms,3.270200000,one deterministic 256-bit prime representative; prime search included; RSA setup excluded,false,false,true,
2048,256,500,30,2026,local-e2-production-2048,1,two_layer_hash_to_prime,two_layer,5.285200000,ms,5.285200000,sum for one regional and one global representative,false,false,true,
2048,256,500,30,2026,local-e2-production-2048,1,member_addition,regional,3.469500000,ms,3.469500000,add one member to an identical n-1 active-member state,false,false,true,
2048,256,500,30,2026,local-e2-production-2048,1,member_addition,global,2.531300000,ms,2.531300000,add one member to an identical n-1 active-member state,false,false,true,
2048,256,500,30,2026,local-e2-production-2048,1,two_layer_member_addition,two_layer,6.000800000,ms,6.000800000,sum of one regional and one global member addition,false,false,true,
2048,256,500,30,2026,local-e2-production-2048,1,witness_generation,regional,226.454800000,ms,226.454800000,fresh witness for one active member,false,false,true,
2048,256,500,30,2026,local-e2-production-2048,1,witness_generation,global,216.167900000,ms,216.167900000,fresh witness for one active member,false,false,true,
2048,256,500,30,2026,local-e2-production-2048,1,two_layer_claim_generation,two_layer,442.622700000,ms,442.622700000,sum of regional and global witness generation,false,false,true,
2048,256,500,30,2026,local-e2-production-2048,1,membership_verification,regional,1.003400000,ms,1.003400000,one current regional witness,false,false,true,
2048,256,500,30,2026,local-e2-production-2048,1,membership_verification,global,1.358900000,ms,1.358900000,one current global witness,false,false,true,
2048,256,500,30,2026,local-e2-production-2048,1,two_layer_membership_verification,two_layer,2.362300000,ms,2.362300000,sum of current regional and global verification,false,false,true,
2048,256,500,30,2026,local-e2-production-2048,1,revocation,regional,214.354700000,ms,214.354700000,remove one member and recompute the regional accumulator,false,false,true,
2048,256,500,30,2026,local-e2-production-2048,1,revocation,global,241.825700000,ms,241.825700000,remove one member and recompute the global accumulator,false,false,true,
2048,256,500,30,2026,local-e2-production-2048,1,two_layer_revocation,two_layer,456.180400000,ms,456.180400000,sum of regional and global removal/recomputation,false,false,true,
2048,256,500,30,2026,local-e2-production-2048,1,single_witness_refresh_after_revocation,regional,219.571000000,ms,219.571000000,refresh one remaining member witness; not all members,false,false,true,
2048,256,500,30,2026,local-e2-production-2048,1,single_witness_refresh_after_revocation,global,228.185100000,ms,228.185100000,refresh one remaining member witness; not all members,false,false,true,
2048,256,500,30,2026,local-e2-production-2048,1,two_layer_single_witness_refresh_after_revocation,two_layer,447.756100000,ms,447.756100000,sum for one remaining member's regional and global witnesses; not all members,false,false,true,
2048,256,500,30,2026,local-e2-production-2048,1,membership_claim_json_size,two_layer,1920.000000000,bytes,,one regional+global context-bound membership claim JSON,false,false,true,
2048,256,500,30,2026,local-e2-production-2048,1,public_accumulator_state_json_size,two_layer,48350.000000000,bytes,,two public accumulator states including active prime representatives; no RSA factors,false,false,true,
2048,256,1000,1,2026,local-e2-production-2048,1,hash_to_prime,regional,2.000600000,ms,2.000600000,one deterministic 256-bit prime representative; prime search included; RSA setup excluded,false,false,true,
2048,256,1000,1,2026,local-e2-production-2048,1,hash_to_prime,global,1.002700000,ms,1.002700000,one deterministic 256-bit prime representative; prime search included; RSA setup excluded,false,false,true,
2048,256,1000,1,2026,local-e2-production-2048,1,two_layer_hash_to_prime,two_layer,3.003300000,ms,3.003300000,sum for one regional and one global representative,false,false,true,
2048,256,1000,1,2026,local-e2-production-2048,1,member_addition,regional,2.124300000,ms,2.124300000,add one member to an identical n-1 active-member state,false,false,true,
2048,256,1000,1,2026,local-e2-production-2048,1,member_addition,global,1.348000000,ms,1.348000000,add one member to an identical n-1 active-member state,false,false,true,
2048,256,1000,1,2026,local-e2-production-2048,1,two_layer_member_addition,two_layer,3.472300000,ms,3.472300000,sum of one regional and one global member addition,false,false,true,
2048,256,1000,1,2026,local-e2-production-2048,1,witness_generation,regional,417.133700000,ms,417.133700000,fresh witness for one active member,false,false,true,
2048,256,1000,1,2026,local-e2-production-2048,1,witness_generation,global,414.380400000,ms,414.380400000,fresh witness for one active member,false,false,true,
2048,256,1000,1,2026,local-e2-production-2048,1,two_layer_claim_generation,two_layer,831.514100000,ms,831.514100000,sum of regional and global witness generation,false,false,true,
2048,256,1000,1,2026,local-e2-production-2048,1,membership_verification,regional,2.652900000,ms,2.652900000,one current regional witness,false,false,true,
2048,256,1000,1,2026,local-e2-production-2048,1,membership_verification,global,2.041700000,ms,2.041700000,one current global witness,false,false,true,
2048,256,1000,1,2026,local-e2-production-2048,1,two_layer_membership_verification,two_layer,4.694600000,ms,4.694600000,sum of current regional and global verification,false,false,true,
2048,256,1000,1,2026,local-e2-production-2048,1,revocation,regional,446.606900000,ms,446.606900000,remove one member and recompute the regional accumulator,false,false,true,
2048,256,1000,1,2026,local-e2-production-2048,1,revocation,global,446.762300000,ms,446.762300000,remove one member and recompute the global accumulator,false,false,true,
2048,256,1000,1,2026,local-e2-production-2048,1,two_layer_revocation,two_layer,893.369200000,ms,893.369200000,sum of regional and global removal/recomputation,false,false,true,
2048,256,1000,1,2026,local-e2-production-2048,1,single_witness_refresh_after_revocation,regional,413.615400000,ms,413.615400000,refresh one remaining member witness; not all members,false,false,true,
2048,256,1000,1,2026,local-e2-production-2048,1,single_witness_refresh_after_revocation,global,474.652700000,ms,474.652700000,refresh one remaining member witness; not all members,false,false,true,
2048,256,1000,1,2026,local-e2-production-2048,1,two_layer_single_witness_refresh_after_revocation,two_layer,888.268100000,ms,888.268100000,sum for one remaining member's regional and global witnesses; not all members,false,false,true,
2048,256,1000,1,2026,local-e2-production-2048,1,membership_claim_json_size,two_layer,1922.000000000,bytes,,one regional+global context-bound membership claim JSON,false,false,true,
2048,256,1000,1,2026,local-e2-production-2048,1,public_accumulator_state_json_size,two_layer,94352.000000000,bytes,,two public accumulator states including active prime representatives; no RSA factors,false,false,true,
2048,256,1000,2,2026,local-e2-production-2048,1,hash_to_prime,regional,2.138400000,ms,2.138400000,one deterministic 256-bit prime representative; prime search included; RSA setup excluded,false,false,true,
2048,256,1000,2,2026,local-e2-production-2048,1,hash_to_prime,global,0.671900000,ms,0.671900000,one deterministic 256-bit prime representative; prime search included; RSA setup excluded,false,false,true,
2048,256,1000,2,2026,local-e2-production-2048,1,two_layer_hash_to_prime,two_layer,2.810300000,ms,2.810300000,sum for one regional and one global representative,false,false,true,
2048,256,1000,2,2026,local-e2-production-2048,1,member_addition,regional,2.775600000,ms,2.775600000,add one member to an identical n-1 active-member state,false,false,true,
2048,256,1000,2,2026,local-e2-production-2048,1,member_addition,global,1.368100000,ms,1.368100000,add one member to an identical n-1 active-member state,false,false,true,
2048,256,1000,2,2026,local-e2-production-2048,1,two_layer_member_addition,two_layer,4.143700000,ms,4.143700000,sum of one regional and one global member addition,false,false,true,
2048,256,1000,2,2026,local-e2-production-2048,1,witness_generation,regional,412.999600000,ms,412.999600000,fresh witness for one active member,false,false,true,
2048,256,1000,2,2026,local-e2-production-2048,1,witness_generation,global,402.796600000,ms,402.796600000,fresh witness for one active member,false,false,true,
2048,256,1000,2,2026,local-e2-production-2048,1,two_layer_claim_generation,two_layer,815.796200000,ms,815.796200000,sum of regional and global witness generation,false,false,true,
2048,256,1000,2,2026,local-e2-production-2048,1,membership_verification,regional,1.931300000,ms,1.931300000,one current regional witness,false,false,true,
2048,256,1000,2,2026,local-e2-production-2048,1,membership_verification,global,1.500100000,ms,1.500100000,one current global witness,false,false,true,
2048,256,1000,2,2026,local-e2-production-2048,1,two_layer_membership_verification,two_layer,3.431400000,ms,3.431400000,sum of current regional and global verification,false,false,true,
2048,256,1000,2,2026,local-e2-production-2048,1,revocation,regional,403.598800000,ms,403.598800000,remove one member and recompute the regional accumulator,false,false,true,
2048,256,1000,2,2026,local-e2-production-2048,1,revocation,global,443.387900000,ms,443.387900000,remove one member and recompute the global accumulator,false,false,true,
2048,256,1000,2,2026,local-e2-production-2048,1,two_layer_revocation,two_layer,846.986700000,ms,846.986700000,sum of regional and global removal/recomputation,false,false,true,
2048,256,1000,2,2026,local-e2-production-2048,1,single_witness_refresh_after_revocation,regional,419.662400000,ms,419.662400000,refresh one remaining member witness; not all members,false,false,true,
2048,256,1000,2,2026,local-e2-production-2048,1,single_witness_refresh_after_revocation,global,407.969600000,ms,407.969600000,refresh one remaining member witness; not all members,false,false,true,
2048,256,1000,2,2026,local-e2-production-2048,1,two_layer_single_witness_refresh_after_revocation,two_layer,827.632000000,ms,827.632000000,sum for one remaining member's regional and global witnesses; not all members,false,false,true,
2048,256,1000,2,2026,local-e2-production-2048,1,membership_claim_json_size,two_layer,1922.000000000,bytes,,one regional+global context-bound membership claim JSON,false,false,true,
2048,256,1000,2,2026,local-e2-production-2048,1,public_accumulator_state_json_size,two_layer,94352.000000000,bytes,,two public accumulator states including active prime representatives; no RSA factors,false,false,true,
2048,256,1000,3,2026,local-e2-production-2048,1,hash_to_prime,regional,2.429200000,ms,2.429200000,one deterministic 256-bit prime representative; prime search included; RSA setup excluded,false,false,true,
2048,256,1000,3,2026,local-e2-production-2048,1,hash_to_prime,global,4.021300000,ms,4.021300000,one deterministic 256-bit prime representative; prime search included; RSA setup excluded,false,false,true,
2048,256,1000,3,2026,local-e2-production-2048,1,two_layer_hash_to_prime,two_layer,6.450500000,ms,6.450500000,sum for one regional and one global representative,false,false,true,
2048,256,1000,3,2026,local-e2-production-2048,1,member_addition,regional,1.622300000,ms,1.622300000,add one member to an identical n-1 active-member state,false,false,true,
2048,256,1000,3,2026,local-e2-production-2048,1,member_addition,global,1.006400000,ms,1.006400000,add one member to an identical n-1 active-member state,false,false,true,
2048,256,1000,3,2026,local-e2-production-2048,1,two_layer_member_addition,two_layer,2.628700000,ms,2.628700000,sum of one regional and one global member addition,false,false,true,
2048,256,1000,3,2026,local-e2-production-2048,1,witness_generation,regional,428.357600000,ms,428.357600000,fresh witness for one active member,false,false,true,
2048,256,1000,3,2026,local-e2-production-2048,1,witness_generation,global,418.705800000,ms,418.705800000,fresh witness for one active member,false,false,true,
2048,256,1000,3,2026,local-e2-production-2048,1,two_layer_claim_generation,two_layer,847.063400000,ms,847.063400000,sum of regional and global witness generation,false,false,true,
2048,256,1000,3,2026,local-e2-production-2048,1,membership_verification,regional,0.999400000,ms,0.999400000,one current regional witness,false,false,true,
2048,256,1000,3,2026,local-e2-production-2048,1,membership_verification,global,2.017400000,ms,2.017400000,one current global witness,false,false,true,
2048,256,1000,3,2026,local-e2-production-2048,1,two_layer_membership_verification,two_layer,3.016800000,ms,3.016800000,sum of current regional and global verification,false,false,true,
2048,256,1000,3,2026,local-e2-production-2048,1,revocation,regional,417.243600000,ms,417.243600000,remove one member and recompute the regional accumulator,false,false,true,
2048,256,1000,3,2026,local-e2-production-2048,1,revocation,global,418.620700000,ms,418.620700000,remove one member and recompute the global accumulator,false,false,true,
2048,256,1000,3,2026,local-e2-production-2048,1,two_layer_revocation,two_layer,835.864300000,ms,835.864300000,sum of regional and global removal/recomputation,false,false,true,
2048,256,1000,3,2026,local-e2-production-2048,1,single_witness_refresh_after_revocation,regional,410.039100000,ms,410.039100000,refresh one remaining member witness; not all members,false,false,true,
2048,256,1000,3,2026,local-e2-production-2048,1,single_witness_refresh_after_revocation,global,401.216800000,ms,401.216800000,refresh one remaining member witness; not all members,false,false,true,
2048,256,1000,3,2026,local-e2-production-2048,1,two_layer_single_witness_refresh_after_revocation,two_layer,811.255900000,ms,811.255900000,sum for one remaining member's regional and global witnesses; not all members,false,false,true,
2048,256,1000,3,2026,local-e2-production-2048,1,membership_claim_json_size,two_layer,1922.000000000,bytes,,one regional+global context-bound membership claim JSON,false,false,true,
2048,256,1000,3,2026,local-e2-production-2048,1,public_accumulator_state_json_size,two_layer,94352.000000000,bytes,,two public accumulator states including active prime representatives; no RSA factors,false,false,true,
2048,256,1000,4,2026,local-e2-production-2048,1,hash_to_prime,regional,1.113700000,ms,1.113700000,one deterministic 256-bit prime representative; prime search included; RSA setup excluded,false,false,true,
2048,256,1000,4,2026,local-e2-production-2048,1,hash_to_prime,global,1.050200000,ms,1.050200000,one deterministic 256-bit prime representative; prime search included; RSA setup excluded,false,false,true,
2048,256,1000,4,2026,local-e2-production-2048,1,two_layer_hash_to_prime,two_layer,2.163900000,ms,2.163900000,sum for one regional and one global representative,false,false,true,
2048,256,1000,4,2026,local-e2-production-2048,1,member_addition,regional,1.004400000,ms,1.004400000,add one member to an identical n-1 active-member state,false,false,true,
2048,256,1000,4,2026,local-e2-production-2048,1,member_addition,global,2.001000000,ms,2.001000000,add one member to an identical n-1 active-member state,false,false,true,
2048,256,1000,4,2026,local-e2-production-2048,1,two_layer_member_addition,two_layer,3.005400000,ms,3.005400000,sum of one regional and one global member addition,false,false,true,
2048,256,1000,4,2026,local-e2-production-2048,1,witness_generation,regional,469.243400000,ms,469.243400000,fresh witness for one active member,false,false,true,
2048,256,1000,4,2026,local-e2-production-2048,1,witness_generation,global,408.212300000,ms,408.212300000,fresh witness for one active member,false,false,true,
2048,256,1000,4,2026,local-e2-production-2048,1,two_layer_claim_generation,two_layer,877.455700000,ms,877.455700000,sum of regional and global witness generation,false,false,true,
2048,256,1000,4,2026,local-e2-production-2048,1,membership_verification,regional,2.128500000,ms,2.128500000,one current regional witness,false,false,true,
2048,256,1000,4,2026,local-e2-production-2048,1,membership_verification,global,1.351400000,ms,1.351400000,one current global witness,false,false,true,
2048,256,1000,4,2026,local-e2-production-2048,1,two_layer_membership_verification,two_layer,3.479900000,ms,3.479900000,sum of current regional and global verification,false,false,true,
2048,256,1000,4,2026,local-e2-production-2048,1,revocation,regional,473.183400000,ms,473.183400000,remove one member and recompute the regional accumulator,false,false,true,
2048,256,1000,4,2026,local-e2-production-2048,1,revocation,global,412.489300000,ms,412.489300000,remove one member and recompute the global accumulator,false,false,true,
2048,256,1000,4,2026,local-e2-production-2048,1,two_layer_revocation,two_layer,885.672700000,ms,885.672700000,sum of regional and global removal/recomputation,false,false,true,
2048,256,1000,4,2026,local-e2-production-2048,1,single_witness_refresh_after_revocation,regional,409.045500000,ms,409.045500000,refresh one remaining member witness; not all members,false,false,true,
2048,256,1000,4,2026,local-e2-production-2048,1,single_witness_refresh_after_revocation,global,476.129000000,ms,476.129000000,refresh one remaining member witness; not all members,false,false,true,
2048,256,1000,4,2026,local-e2-production-2048,1,two_layer_single_witness_refresh_after_revocation,two_layer,885.174500000,ms,885.174500000,sum for one remaining member's regional and global witnesses; not all members,false,false,true,
2048,256,1000,4,2026,local-e2-production-2048,1,membership_claim_json_size,two_layer,1922.000000000,bytes,,one regional+global context-bound membership claim JSON,false,false,true,
2048,256,1000,4,2026,local-e2-production-2048,1,public_accumulator_state_json_size,two_layer,94352.000000000,bytes,,two public accumulator states including active prime representatives; no RSA factors,false,false,true,
2048,256,1000,5,2026,local-e2-production-2048,1,hash_to_prime,regional,1.010900000,ms,1.010900000,one deterministic 256-bit prime representative; prime search included; RSA setup excluded,false,false,true,
2048,256,1000,5,2026,local-e2-production-2048,1,hash_to_prime,global,1.006500000,ms,1.006500000,one deterministic 256-bit prime representative; prime search included; RSA setup excluded,false,false,true,
2048,256,1000,5,2026,local-e2-production-2048,1,two_layer_hash_to_prime,two_layer,2.017400000,ms,2.017400000,sum for one regional and one global representative,false,false,true,
2048,256,1000,5,2026,local-e2-production-2048,1,member_addition,regional,2.005900000,ms,2.005900000,add one member to an identical n-1 active-member state,false,false,true,
2048,256,1000,5,2026,local-e2-production-2048,1,member_addition,global,0.999500000,ms,0.999500000,add one member to an identical n-1 active-member state,false,false,true,
2048,256,1000,5,2026,local-e2-production-2048,1,two_layer_member_addition,two_layer,3.005400000,ms,3.005400000,sum of one regional and one global member addition,false,false,true,
2048,256,1000,5,2026,local-e2-production-2048,1,witness_generation,regional,403.635700000,ms,403.635700000,fresh witness for one active member,false,false,true,
2048,256,1000,5,2026,local-e2-production-2048,1,witness_generation,global,413.459300000,ms,413.459300000,fresh witness for one active member,false,false,true,
2048,256,1000,5,2026,local-e2-production-2048,1,two_layer_claim_generation,two_layer,817.095000000,ms,817.095000000,sum of regional and global witness generation,false,false,true,
2048,256,1000,5,2026,local-e2-production-2048,1,membership_verification,regional,2.849600000,ms,2.849600000,one current regional witness,false,false,true,
2048,256,1000,5,2026,local-e2-production-2048,1,membership_verification,global,2.528400000,ms,2.528400000,one current global witness,false,false,true,
2048,256,1000,5,2026,local-e2-production-2048,1,two_layer_membership_verification,two_layer,5.378000000,ms,5.378000000,sum of current regional and global verification,false,false,true,
2048,256,1000,5,2026,local-e2-production-2048,1,revocation,regional,434.661200000,ms,434.661200000,remove one member and recompute the regional accumulator,false,false,true,
2048,256,1000,5,2026,local-e2-production-2048,1,revocation,global,441.849000000,ms,441.849000000,remove one member and recompute the global accumulator,false,false,true,
2048,256,1000,5,2026,local-e2-production-2048,1,two_layer_revocation,two_layer,876.510200000,ms,876.510200000,sum of regional and global removal/recomputation,false,false,true,
2048,256,1000,5,2026,local-e2-production-2048,1,single_witness_refresh_after_revocation,regional,410.252600000,ms,410.252600000,refresh one remaining member witness; not all members,false,false,true,
2048,256,1000,5,2026,local-e2-production-2048,1,single_witness_refresh_after_revocation,global,409.860700000,ms,409.860700000,refresh one remaining member witness; not all members,false,false,true,
2048,256,1000,5,2026,local-e2-production-2048,1,two_layer_single_witness_refresh_after_revocation,two_layer,820.113300000,ms,820.113300000,sum for one remaining member's regional and global witnesses; not all members,false,false,true,
2048,256,1000,5,2026,local-e2-production-2048,1,membership_claim_json_size,two_layer,1922.000000000,bytes,,one regional+global context-bound membership claim JSON,false,false,true,
2048,256,1000,5,2026,local-e2-production-2048,1,public_accumulator_state_json_size,two_layer,94352.000000000,bytes,,two public accumulator states including active prime representatives; no RSA factors,false,false,true,
2048,256,1000,6,2026,local-e2-production-2048,1,hash_to_prime,regional,2.004500000,ms,2.004500000,one deterministic 256-bit prime representative; prime search included; RSA setup excluded,false,false,true,
2048,256,1000,6,2026,local-e2-production-2048,1,hash_to_prime,global,1.334300000,ms,1.334300000,one deterministic 256-bit prime representative; prime search included; RSA setup excluded,false,false,true,
2048,256,1000,6,2026,local-e2-production-2048,1,two_layer_hash_to_prime,two_layer,3.338800000,ms,3.338800000,sum for one regional and one global representative,false,false,true,
2048,256,1000,6,2026,local-e2-production-2048,1,member_addition,regional,0.999800000,ms,0.999800000,add one member to an identical n-1 active-member state,false,false,true,
2048,256,1000,6,2026,local-e2-production-2048,1,member_addition,global,1.444100000,ms,1.444100000,add one member to an identical n-1 active-member state,false,false,true,
2048,256,1000,6,2026,local-e2-production-2048,1,two_layer_member_addition,two_layer,2.443900000,ms,2.443900000,sum of one regional and one global member addition,false,false,true,
2048,256,1000,6,2026,local-e2-production-2048,1,witness_generation,regional,456.944600000,ms,456.944600000,fresh witness for one active member,false,false,true,
2048,256,1000,6,2026,local-e2-production-2048,1,witness_generation,global,415.222400000,ms,415.222400000,fresh witness for one active member,false,false,true,
2048,256,1000,6,2026,local-e2-production-2048,1,two_layer_claim_generation,two_layer,872.167000000,ms,872.167000000,sum of regional and global witness generation,false,false,true,
2048,256,1000,6,2026,local-e2-production-2048,1,membership_verification,regional,0.999100000,ms,0.999100000,one current regional witness,false,false,true,
2048,256,1000,6,2026,local-e2-production-2048,1,membership_verification,global,3.617200000,ms,3.617200000,one current global witness,false,false,true,
2048,256,1000,6,2026,local-e2-production-2048,1,two_layer_membership_verification,two_layer,4.616300000,ms,4.616300000,sum of current regional and global verification,false,false,true,
2048,256,1000,6,2026,local-e2-production-2048,1,revocation,regional,414.952300000,ms,414.952300000,remove one member and recompute the regional accumulator,false,false,true,
2048,256,1000,6,2026,local-e2-production-2048,1,revocation,global,431.861900000,ms,431.861900000,remove one member and recompute the global accumulator,false,false,true,
2048,256,1000,6,2026,local-e2-production-2048,1,two_layer_revocation,two_layer,846.814200000,ms,846.814200000,sum of regional and global removal/recomputation,false,false,true,
2048,256,1000,6,2026,local-e2-production-2048,1,single_witness_refresh_after_revocation,regional,419.276700000,ms,419.276700000,refresh one remaining member witness; not all members,false,false,true,
2048,256,1000,6,2026,local-e2-production-2048,1,single_witness_refresh_after_revocation,global,418.368200000,ms,418.368200000,refresh one remaining member witness; not all members,false,false,true,
2048,256,1000,6,2026,local-e2-production-2048,1,two_layer_single_witness_refresh_after_revocation,two_layer,837.644900000,ms,837.644900000,sum for one remaining member's regional and global witnesses; not all members,false,false,true,
2048,256,1000,6,2026,local-e2-production-2048,1,membership_claim_json_size,two_layer,1922.000000000,bytes,,one regional+global context-bound membership claim JSON,false,false,true,
2048,256,1000,6,2026,local-e2-production-2048,1,public_accumulator_state_json_size,two_layer,94352.000000000,bytes,,two public accumulator states including active prime representatives; no RSA factors,false,false,true,
2048,256,1000,7,2026,local-e2-production-2048,1,hash_to_prime,regional,1.399100000,ms,1.399100000,one deterministic 256-bit prime representative; prime search included; RSA setup excluded,false,false,true,
2048,256,1000,7,2026,local-e2-production-2048,1,hash_to_prime,global,1.422600000,ms,1.422600000,one deterministic 256-bit prime representative; prime search included; RSA setup excluded,false,false,true,
2048,256,1000,7,2026,local-e2-production-2048,1,two_layer_hash_to_prime,two_layer,2.821700000,ms,2.821700000,sum for one regional and one global representative,false,false,true,
2048,256,1000,7,2026,local-e2-production-2048,1,member_addition,regional,1.012000000,ms,1.012000000,add one member to an identical n-1 active-member state,false,false,true,
2048,256,1000,7,2026,local-e2-production-2048,1,member_addition,global,2.037200000,ms,2.037200000,add one member to an identical n-1 active-member state,false,false,true,
2048,256,1000,7,2026,local-e2-production-2048,1,two_layer_member_addition,two_layer,3.049200000,ms,3.049200000,sum of one regional and one global member addition,false,false,true,
2048,256,1000,7,2026,local-e2-production-2048,1,witness_generation,regional,429.386300000,ms,429.386300000,fresh witness for one active member,false,false,true,
2048,256,1000,7,2026,local-e2-production-2048,1,witness_generation,global,446.372000000,ms,446.372000000,fresh witness for one active member,false,false,true,
2048,256,1000,7,2026,local-e2-production-2048,1,two_layer_claim_generation,two_layer,875.758300000,ms,875.758300000,sum of regional and global witness generation,false,false,true,
2048,256,1000,7,2026,local-e2-production-2048,1,membership_verification,regional,1.521900000,ms,1.521900000,one current regional witness,false,false,true,
2048,256,1000,7,2026,local-e2-production-2048,1,membership_verification,global,1.229100000,ms,1.229100000,one current global witness,false,false,true,
2048,256,1000,7,2026,local-e2-production-2048,1,two_layer_membership_verification,two_layer,2.751000000,ms,2.751000000,sum of current regional and global verification,false,false,true,
2048,256,1000,7,2026,local-e2-production-2048,1,revocation,regional,409.926100000,ms,409.926100000,remove one member and recompute the regional accumulator,false,false,true,
2048,256,1000,7,2026,local-e2-production-2048,1,revocation,global,465.877000000,ms,465.877000000,remove one member and recompute the global accumulator,false,false,true,
2048,256,1000,7,2026,local-e2-production-2048,1,two_layer_revocation,two_layer,875.803100000,ms,875.803100000,sum of regional and global removal/recomputation,false,false,true,
2048,256,1000,7,2026,local-e2-production-2048,1,single_witness_refresh_after_revocation,regional,427.324800000,ms,427.324800000,refresh one remaining member witness; not all members,false,false,true,
2048,256,1000,7,2026,local-e2-production-2048,1,single_witness_refresh_after_revocation,global,430.323100000,ms,430.323100000,refresh one remaining member witness; not all members,false,false,true,
2048,256,1000,7,2026,local-e2-production-2048,1,two_layer_single_witness_refresh_after_revocation,two_layer,857.647900000,ms,857.647900000,sum for one remaining member's regional and global witnesses; not all members,false,false,true,
2048,256,1000,7,2026,local-e2-production-2048,1,membership_claim_json_size,two_layer,1922.000000000,bytes,,one regional+global context-bound membership claim JSON,false,false,true,
2048,256,1000,7,2026,local-e2-production-2048,1,public_accumulator_state_json_size,two_layer,94352.000000000,bytes,,two public accumulator states including active prime representatives; no RSA factors,false,false,true,
2048,256,1000,8,2026,local-e2-production-2048,1,hash_to_prime,regional,1.687100000,ms,1.687100000,one deterministic 256-bit prime representative; prime search included; RSA setup excluded,false,false,true,
2048,256,1000,8,2026,local-e2-production-2048,1,hash_to_prime,global,2.591100000,ms,2.591100000,one deterministic 256-bit prime representative; prime search included; RSA setup excluded,false,false,true,
2048,256,1000,8,2026,local-e2-production-2048,1,two_layer_hash_to_prime,two_layer,4.278200000,ms,4.278200000,sum for one regional and one global representative,false,false,true,
2048,256,1000,8,2026,local-e2-production-2048,1,member_addition,regional,1.001600000,ms,1.001600000,add one member to an identical n-1 active-member state,false,false,true,
2048,256,1000,8,2026,local-e2-production-2048,1,member_addition,global,0.996800000,ms,0.996800000,add one member to an identical n-1 active-member state,false,false,true,
2048,256,1000,8,2026,local-e2-production-2048,1,two_layer_member_addition,two_layer,1.998400000,ms,1.998400000,sum of one regional and one global member addition,false,false,true,
2048,256,1000,8,2026,local-e2-production-2048,1,witness_generation,regional,427.292400000,ms,427.292400000,fresh witness for one active member,false,false,true,
2048,256,1000,8,2026,local-e2-production-2048,1,witness_generation,global,457.156400000,ms,457.156400000,fresh witness for one active member,false,false,true,
2048,256,1000,8,2026,local-e2-production-2048,1,two_layer_claim_generation,two_layer,884.448800000,ms,884.448800000,sum of regional and global witness generation,false,false,true,
2048,256,1000,8,2026,local-e2-production-2048,1,membership_verification,regional,2.036600000,ms,2.036600000,one current regional witness,false,false,true,
2048,256,1000,8,2026,local-e2-production-2048,1,membership_verification,global,2.101100000,ms,2.101100000,one current global witness,false,false,true,
2048,256,1000,8,2026,local-e2-production-2048,1,two_layer_membership_verification,two_layer,4.137700000,ms,4.137700000,sum of current regional and global verification,false,false,true,
2048,256,1000,8,2026,local-e2-production-2048,1,revocation,regional,420.213700000,ms,420.213700000,remove one member and recompute the regional accumulator,false,false,true,
2048,256,1000,8,2026,local-e2-production-2048,1,revocation,global,414.613600000,ms,414.613600000,remove one member and recompute the global accumulator,false,false,true,
2048,256,1000,8,2026,local-e2-production-2048,1,two_layer_revocation,two_layer,834.827300000,ms,834.827300000,sum of regional and global removal/recomputation,false,false,true,
2048,256,1000,8,2026,local-e2-production-2048,1,single_witness_refresh_after_revocation,regional,422.110800000,ms,422.110800000,refresh one remaining member witness; not all members,false,false,true,
2048,256,1000,8,2026,local-e2-production-2048,1,single_witness_refresh_after_revocation,global,425.072100000,ms,425.072100000,refresh one remaining member witness; not all members,false,false,true,
2048,256,1000,8,2026,local-e2-production-2048,1,two_layer_single_witness_refresh_after_revocation,two_layer,847.182900000,ms,847.182900000,sum for one remaining member's regional and global witnesses; not all members,false,false,true,
2048,256,1000,8,2026,local-e2-production-2048,1,membership_claim_json_size,two_layer,1922.000000000,bytes,,one regional+global context-bound membership claim JSON,false,false,true,
2048,256,1000,8,2026,local-e2-production-2048,1,public_accumulator_state_json_size,two_layer,94352.000000000,bytes,,two public accumulator states including active prime representatives; no RSA factors,false,false,true,
2048,256,1000,9,2026,local-e2-production-2048,1,hash_to_prime,regional,2.426000000,ms,2.426000000,one deterministic 256-bit prime representative; prime search included; RSA setup excluded,false,false,true,
2048,256,1000,9,2026,local-e2-production-2048,1,hash_to_prime,global,4.583500000,ms,4.583500000,one deterministic 256-bit prime representative; prime search included; RSA setup excluded,false,false,true,
2048,256,1000,9,2026,local-e2-production-2048,1,two_layer_hash_to_prime,two_layer,7.009500000,ms,7.009500000,sum for one regional and one global representative,false,false,true,
2048,256,1000,9,2026,local-e2-production-2048,1,member_addition,regional,2.222900000,ms,2.222900000,add one member to an identical n-1 active-member state,false,false,true,
2048,256,1000,9,2026,local-e2-production-2048,1,member_addition,global,1.064700000,ms,1.064700000,add one member to an identical n-1 active-member state,false,false,true,
2048,256,1000,9,2026,local-e2-production-2048,1,two_layer_member_addition,two_layer,3.287600000,ms,3.287600000,sum of one regional and one global member addition,false,false,true,
2048,256,1000,9,2026,local-e2-production-2048,1,witness_generation,regional,409.503000000,ms,409.503000000,fresh witness for one active member,false,false,true,
2048,256,1000,9,2026,local-e2-production-2048,1,witness_generation,global,402.551100000,ms,402.551100000,fresh witness for one active member,false,false,true,
2048,256,1000,9,2026,local-e2-production-2048,1,two_layer_claim_generation,two_layer,812.054100000,ms,812.054100000,sum of regional and global witness generation,false,false,true,
2048,256,1000,9,2026,local-e2-production-2048,1,membership_verification,regional,1.006300000,ms,1.006300000,one current regional witness,false,false,true,
2048,256,1000,9,2026,local-e2-production-2048,1,membership_verification,global,1.841600000,ms,1.841600000,one current global witness,false,false,true,
2048,256,1000,9,2026,local-e2-production-2048,1,two_layer_membership_verification,two_layer,2.847900000,ms,2.847900000,sum of current regional and global verification,false,false,true,
2048,256,1000,9,2026,local-e2-production-2048,1,revocation,regional,413.242900000,ms,413.242900000,remove one member and recompute the regional accumulator,false,false,true,
2048,256,1000,9,2026,local-e2-production-2048,1,revocation,global,411.223300000,ms,411.223300000,remove one member and recompute the global accumulator,false,false,true,
2048,256,1000,9,2026,local-e2-production-2048,1,two_layer_revocation,two_layer,824.466200000,ms,824.466200000,sum of regional and global removal/recomputation,false,false,true,
2048,256,1000,9,2026,local-e2-production-2048,1,single_witness_refresh_after_revocation,regional,406.457900000,ms,406.457900000,refresh one remaining member witness; not all members,false,false,true,
2048,256,1000,9,2026,local-e2-production-2048,1,single_witness_refresh_after_revocation,global,406.060600000,ms,406.060600000,refresh one remaining member witness; not all members,false,false,true,
2048,256,1000,9,2026,local-e2-production-2048,1,two_layer_single_witness_refresh_after_revocation,two_layer,812.518500000,ms,812.518500000,sum for one remaining member's regional and global witnesses; not all members,false,false,true,
2048,256,1000,9,2026,local-e2-production-2048,1,membership_claim_json_size,two_layer,1922.000000000,bytes,,one regional+global context-bound membership claim JSON,false,false,true,
2048,256,1000,9,2026,local-e2-production-2048,1,public_accumulator_state_json_size,two_layer,94352.000000000,bytes,,two public accumulator states including active prime representatives; no RSA factors,false,false,true,
2048,256,1000,10,2026,local-e2-production-2048,1,hash_to_prime,regional,2.008800000,ms,2.008800000,one deterministic 256-bit prime representative; prime search included; RSA setup excluded,false,false,true,
2048,256,1000,10,2026,local-e2-production-2048,1,hash_to_prime,global,1.005100000,ms,1.005100000,one deterministic 256-bit prime representative; prime search included; RSA setup excluded,false,false,true,
2048,256,1000,10,2026,local-e2-production-2048,1,two_layer_hash_to_prime,two_layer,3.013900000,ms,3.013900000,sum for one regional and one global representative,false,false,true,
2048,256,1000,10,2026,local-e2-production-2048,1,member_addition,regional,1.001700000,ms,1.001700000,add one member to an identical n-1 active-member state,false,false,true,
2048,256,1000,10,2026,local-e2-production-2048,1,member_addition,global,0.998500000,ms,0.998500000,add one member to an identical n-1 active-member state,false,false,true,
2048,256,1000,10,2026,local-e2-production-2048,1,two_layer_member_addition,two_layer,2.000200000,ms,2.000200000,sum of one regional and one global member addition,false,false,true,
2048,256,1000,10,2026,local-e2-production-2048,1,witness_generation,regional,426.515900000,ms,426.515900000,fresh witness for one active member,false,false,true,
2048,256,1000,10,2026,local-e2-production-2048,1,witness_generation,global,405.031900000,ms,405.031900000,fresh witness for one active member,false,false,true,
2048,256,1000,10,2026,local-e2-production-2048,1,two_layer_claim_generation,two_layer,831.547800000,ms,831.547800000,sum of regional and global witness generation,false,false,true,
2048,256,1000,10,2026,local-e2-production-2048,1,membership_verification,regional,2.007400000,ms,2.007400000,one current regional witness,false,false,true,
2048,256,1000,10,2026,local-e2-production-2048,1,membership_verification,global,1.000000000,ms,1.000000000,one current global witness,false,false,true,
2048,256,1000,10,2026,local-e2-production-2048,1,two_layer_membership_verification,two_layer,3.007400000,ms,3.007400000,sum of current regional and global verification,false,false,true,
2048,256,1000,10,2026,local-e2-production-2048,1,revocation,regional,416.504500000,ms,416.504500000,remove one member and recompute the regional accumulator,false,false,true,
2048,256,1000,10,2026,local-e2-production-2048,1,revocation,global,423.757400000,ms,423.757400000,remove one member and recompute the global accumulator,false,false,true,
2048,256,1000,10,2026,local-e2-production-2048,1,two_layer_revocation,two_layer,840.261900000,ms,840.261900000,sum of regional and global removal/recomputation,false,false,true,
2048,256,1000,10,2026,local-e2-production-2048,1,single_witness_refresh_after_revocation,regional,417.740000000,ms,417.740000000,refresh one remaining member witness; not all members,false,false,true,
2048,256,1000,10,2026,local-e2-production-2048,1,single_witness_refresh_after_revocation,global,431.502900000,ms,431.502900000,refresh one remaining member witness; not all members,false,false,true,
2048,256,1000,10,2026,local-e2-production-2048,1,two_layer_single_witness_refresh_after_revocation,two_layer,849.242900000,ms,849.242900000,sum for one remaining member's regional and global witnesses; not all members,false,false,true,
2048,256,1000,10,2026,local-e2-production-2048,1,membership_claim_json_size,two_layer,1922.000000000,bytes,,one regional+global context-bound membership claim JSON,false,false,true,
2048,256,1000,10,2026,local-e2-production-2048,1,public_accumulator_state_json_size,two_layer,94352.000000000,bytes,,two public accumulator states including active prime representatives; no RSA factors,false,false,true,
2048,256,1000,11,2026,local-e2-production-2048,1,hash_to_prime,regional,2.007300000,ms,2.007300000,one deterministic 256-bit prime representative; prime search included; RSA setup excluded,false,false,true,
2048,256,1000,11,2026,local-e2-production-2048,1,hash_to_prime,global,2.125600000,ms,2.125600000,one deterministic 256-bit prime representative; prime search included; RSA setup excluded,false,false,true,
2048,256,1000,11,2026,local-e2-production-2048,1,two_layer_hash_to_prime,two_layer,4.132900000,ms,4.132900000,sum for one regional and one global representative,false,false,true,
2048,256,1000,11,2026,local-e2-production-2048,1,member_addition,regional,1.999200000,ms,1.999200000,add one member to an identical n-1 active-member state,false,false,true,
2048,256,1000,11,2026,local-e2-production-2048,1,member_addition,global,0.998800000,ms,0.998800000,add one member to an identical n-1 active-member state,false,false,true,
2048,256,1000,11,2026,local-e2-production-2048,1,two_layer_member_addition,two_layer,2.998000000,ms,2.998000000,sum of one regional and one global member addition,false,false,true,
2048,256,1000,11,2026,local-e2-production-2048,1,witness_generation,regional,438.584100000,ms,438.584100000,fresh witness for one active member,false,false,true,
2048,256,1000,11,2026,local-e2-production-2048,1,witness_generation,global,414.040700000,ms,414.040700000,fresh witness for one active member,false,false,true,
2048,256,1000,11,2026,local-e2-production-2048,1,two_layer_claim_generation,two_layer,852.624800000,ms,852.624800000,sum of regional and global witness generation,false,false,true,
2048,256,1000,11,2026,local-e2-production-2048,1,membership_verification,regional,3.111800000,ms,3.111800000,one current regional witness,false,false,true,
2048,256,1000,11,2026,local-e2-production-2048,1,membership_verification,global,1.646200000,ms,1.646200000,one current global witness,false,false,true,
2048,256,1000,11,2026,local-e2-production-2048,1,two_layer_membership_verification,two_layer,4.758000000,ms,4.758000000,sum of current regional and global verification,false,false,true,
2048,256,1000,11,2026,local-e2-production-2048,1,revocation,regional,419.165400000,ms,419.165400000,remove one member and recompute the regional accumulator,false,false,true,
2048,256,1000,11,2026,local-e2-production-2048,1,revocation,global,440.520300000,ms,440.520300000,remove one member and recompute the global accumulator,false,false,true,
2048,256,1000,11,2026,local-e2-production-2048,1,two_layer_revocation,two_layer,859.685700000,ms,859.685700000,sum of regional and global removal/recomputation,false,false,true,
2048,256,1000,11,2026,local-e2-production-2048,1,single_witness_refresh_after_revocation,regional,418.949100000,ms,418.949100000,refresh one remaining member witness; not all members,false,false,true,
2048,256,1000,11,2026,local-e2-production-2048,1,single_witness_refresh_after_revocation,global,412.096900000,ms,412.096900000,refresh one remaining member witness; not all members,false,false,true,
2048,256,1000,11,2026,local-e2-production-2048,1,two_layer_single_witness_refresh_after_revocation,two_layer,831.046000000,ms,831.046000000,sum for one remaining member's regional and global witnesses; not all members,false,false,true,
2048,256,1000,11,2026,local-e2-production-2048,1,membership_claim_json_size,two_layer,1922.000000000,bytes,,one regional+global context-bound membership claim JSON,false,false,true,
2048,256,1000,11,2026,local-e2-production-2048,1,public_accumulator_state_json_size,two_layer,94352.000000000,bytes,,two public accumulator states including active prime representatives; no RSA factors,false,false,true,
2048,256,1000,12,2026,local-e2-production-2048,1,hash_to_prime,regional,3.280100000,ms,3.280100000,one deterministic 256-bit prime representative; prime search included; RSA setup excluded,false,false,true,
2048,256,1000,12,2026,local-e2-production-2048,1,hash_to_prime,global,0.999700000,ms,0.999700000,one deterministic 256-bit prime representative; prime search included; RSA setup excluded,false,false,true,
2048,256,1000,12,2026,local-e2-production-2048,1,two_layer_hash_to_prime,two_layer,4.279800000,ms,4.279800000,sum for one regional and one global representative,false,false,true,
2048,256,1000,12,2026,local-e2-production-2048,1,member_addition,regional,1.641200000,ms,1.641200000,add one member to an identical n-1 active-member state,false,false,true,
2048,256,1000,12,2026,local-e2-production-2048,1,member_addition,global,1.646100000,ms,1.646100000,add one member to an identical n-1 active-member state,false,false,true,
2048,256,1000,12,2026,local-e2-production-2048,1,two_layer_member_addition,two_layer,3.287300000,ms,3.287300000,sum of one regional and one global member addition,false,false,true,
2048,256,1000,12,2026,local-e2-production-2048,1,witness_generation,regional,432.123800000,ms,432.123800000,fresh witness for one active member,false,false,true,
2048,256,1000,12,2026,local-e2-production-2048,1,witness_generation,global,430.871300000,ms,430.871300000,fresh witness for one active member,false,false,true,
2048,256,1000,12,2026,local-e2-production-2048,1,two_layer_claim_generation,two_layer,862.995100000,ms,862.995100000,sum of regional and global witness generation,false,false,true,
2048,256,1000,12,2026,local-e2-production-2048,1,membership_verification,regional,1.002000000,ms,1.002000000,one current regional witness,false,false,true,
2048,256,1000,12,2026,local-e2-production-2048,1,membership_verification,global,1.505000000,ms,1.505000000,one current global witness,false,false,true,
2048,256,1000,12,2026,local-e2-production-2048,1,two_layer_membership_verification,two_layer,2.507000000,ms,2.507000000,sum of current regional and global verification,false,false,true,
2048,256,1000,12,2026,local-e2-production-2048,1,revocation,regional,424.687000000,ms,424.687000000,remove one member and recompute the regional accumulator,false,false,true,
2048,256,1000,12,2026,local-e2-production-2048,1,revocation,global,431.502900000,ms,431.502900000,remove one member and recompute the global accumulator,false,false,true,
2048,256,1000,12,2026,local-e2-production-2048,1,two_layer_revocation,two_layer,856.189900000,ms,856.189900000,sum of regional and global removal/recomputation,false,false,true,
2048,256,1000,12,2026,local-e2-production-2048,1,single_witness_refresh_after_revocation,regional,463.067500000,ms,463.067500000,refresh one remaining member witness; not all members,false,false,true,
2048,256,1000,12,2026,local-e2-production-2048,1,single_witness_refresh_after_revocation,global,448.291800000,ms,448.291800000,refresh one remaining member witness; not all members,false,false,true,
2048,256,1000,12,2026,local-e2-production-2048,1,two_layer_single_witness_refresh_after_revocation,two_layer,911.359300000,ms,911.359300000,sum for one remaining member's regional and global witnesses; not all members,false,false,true,
2048,256,1000,12,2026,local-e2-production-2048,1,membership_claim_json_size,two_layer,1922.000000000,bytes,,one regional+global context-bound membership claim JSON,false,false,true,
2048,256,1000,12,2026,local-e2-production-2048,1,public_accumulator_state_json_size,two_layer,94352.000000000,bytes,,two public accumulator states including active prime representatives; no RSA factors,false,false,true,
2048,256,1000,13,2026,local-e2-production-2048,1,hash_to_prime,regional,1.704700000,ms,1.704700000,one deterministic 256-bit prime representative; prime search included; RSA setup excluded,false,false,true,
2048,256,1000,13,2026,local-e2-production-2048,1,hash_to_prime,global,3.033400000,ms,3.033400000,one deterministic 256-bit prime representative; prime search included; RSA setup excluded,false,false,true,
2048,256,1000,13,2026,local-e2-production-2048,1,two_layer_hash_to_prime,two_layer,4.738100000,ms,4.738100000,sum for one regional and one global representative,false,false,true,
2048,256,1000,13,2026,local-e2-production-2048,1,member_addition,regional,1.339200000,ms,1.339200000,add one member to an identical n-1 active-member state,false,false,true,
2048,256,1000,13,2026,local-e2-production-2048,1,member_addition,global,1.999000000,ms,1.999000000,add one member to an identical n-1 active-member state,false,false,true,
2048,256,1000,13,2026,local-e2-production-2048,1,two_layer_member_addition,two_layer,3.338200000,ms,3.338200000,sum of one regional and one global member addition,false,false,true,
2048,256,1000,13,2026,local-e2-production-2048,1,witness_generation,regional,431.149200000,ms,431.149200000,fresh witness for one active member,false,false,true,
2048,256,1000,13,2026,local-e2-production-2048,1,witness_generation,global,414.390300000,ms,414.390300000,fresh witness for one active member,false,false,true,
2048,256,1000,13,2026,local-e2-production-2048,1,two_layer_claim_generation,two_layer,845.539500000,ms,845.539500000,sum of regional and global witness generation,false,false,true,
2048,256,1000,13,2026,local-e2-production-2048,1,membership_verification,regional,1.000400000,ms,1.000400000,one current regional witness,false,false,true,
2048,256,1000,13,2026,local-e2-production-2048,1,membership_verification,global,1.000200000,ms,1.000200000,one current global witness,false,false,true,
2048,256,1000,13,2026,local-e2-production-2048,1,two_layer_membership_verification,two_layer,2.000600000,ms,2.000600000,sum of current regional and global verification,false,false,true,
2048,256,1000,13,2026,local-e2-production-2048,1,revocation,regional,409.846700000,ms,409.846700000,remove one member and recompute the regional accumulator,false,false,true,
2048,256,1000,13,2026,local-e2-production-2048,1,revocation,global,417.698900000,ms,417.698900000,remove one member and recompute the global accumulator,false,false,true,
2048,256,1000,13,2026,local-e2-production-2048,1,two_layer_revocation,two_layer,827.545600000,ms,827.545600000,sum of regional and global removal/recomputation,false,false,true,
2048,256,1000,13,2026,local-e2-production-2048,1,single_witness_refresh_after_revocation,regional,427.297300000,ms,427.297300000,refresh one remaining member witness; not all members,false,false,true,
2048,256,1000,13,2026,local-e2-production-2048,1,single_witness_refresh_after_revocation,global,412.950500000,ms,412.950500000,refresh one remaining member witness; not all members,false,false,true,
2048,256,1000,13,2026,local-e2-production-2048,1,two_layer_single_witness_refresh_after_revocation,two_layer,840.247800000,ms,840.247800000,sum for one remaining member's regional and global witnesses; not all members,false,false,true,
2048,256,1000,13,2026,local-e2-production-2048,1,membership_claim_json_size,two_layer,1922.000000000,bytes,,one regional+global context-bound membership claim JSON,false,false,true,
2048,256,1000,13,2026,local-e2-production-2048,1,public_accumulator_state_json_size,two_layer,94352.000000000,bytes,,two public accumulator states including active prime representatives; no RSA factors,false,false,true,
2048,256,1000,14,2026,local-e2-production-2048,1,hash_to_prime,regional,1.335200000,ms,1.335200000,one deterministic 256-bit prime representative; prime search included; RSA setup excluded,false,false,true,
2048,256,1000,14,2026,local-e2-production-2048,1,hash_to_prime,global,3.125900000,ms,3.125900000,one deterministic 256-bit prime representative; prime search included; RSA setup excluded,false,false,true,
2048,256,1000,14,2026,local-e2-production-2048,1,two_layer_hash_to_prime,two_layer,4.461100000,ms,4.461100000,sum for one regional and one global representative,false,false,true,
2048,256,1000,14,2026,local-e2-production-2048,1,member_addition,regional,1.000300000,ms,1.000300000,add one member to an identical n-1 active-member state,false,false,true,
2048,256,1000,14,2026,local-e2-production-2048,1,member_addition,global,2.279900000,ms,2.279900000,add one member to an identical n-1 active-member state,false,false,true,
2048,256,1000,14,2026,local-e2-production-2048,1,two_layer_member_addition,two_layer,3.280200000,ms,3.280200000,sum of one regional and one global member addition,false,false,true,
2048,256,1000,14,2026,local-e2-production-2048,1,witness_generation,regional,448.398700000,ms,448.398700000,fresh witness for one active member,false,false,true,
2048,256,1000,14,2026,local-e2-production-2048,1,witness_generation,global,411.973000000,ms,411.973000000,fresh witness for one active member,false,false,true,
2048,256,1000,14,2026,local-e2-production-2048,1,two_layer_claim_generation,two_layer,860.371700000,ms,860.371700000,sum of regional and global witness generation,false,false,true,
2048,256,1000,14,2026,local-e2-production-2048,1,membership_verification,regional,2.480500000,ms,2.480500000,one current regional witness,false,false,true,
2048,256,1000,14,2026,local-e2-production-2048,1,membership_verification,global,1.411300000,ms,1.411300000,one current global witness,false,false,true,
2048,256,1000,14,2026,local-e2-production-2048,1,two_layer_membership_verification,two_layer,3.891800000,ms,3.891800000,sum of current regional and global verification,false,false,true,
2048,256,1000,14,2026,local-e2-production-2048,1,revocation,regional,471.400000000,ms,471.400000000,remove one member and recompute the regional accumulator,false,false,true,
2048,256,1000,14,2026,local-e2-production-2048,1,revocation,global,482.144300000,ms,482.144300000,remove one member and recompute the global accumulator,false,false,true,
2048,256,1000,14,2026,local-e2-production-2048,1,two_layer_revocation,two_layer,953.544300000,ms,953.544300000,sum of regional and global removal/recomputation,false,false,true,
2048,256,1000,14,2026,local-e2-production-2048,1,single_witness_refresh_after_revocation,regional,417.147000000,ms,417.147000000,refresh one remaining member witness; not all members,false,false,true,
2048,256,1000,14,2026,local-e2-production-2048,1,single_witness_refresh_after_revocation,global,415.372200000,ms,415.372200000,refresh one remaining member witness; not all members,false,false,true,
2048,256,1000,14,2026,local-e2-production-2048,1,two_layer_single_witness_refresh_after_revocation,two_layer,832.519200000,ms,832.519200000,sum for one remaining member's regional and global witnesses; not all members,false,false,true,
2048,256,1000,14,2026,local-e2-production-2048,1,membership_claim_json_size,two_layer,1922.000000000,bytes,,one regional+global context-bound membership claim JSON,false,false,true,
2048,256,1000,14,2026,local-e2-production-2048,1,public_accumulator_state_json_size,two_layer,94352.000000000,bytes,,two public accumulator states including active prime representatives; no RSA factors,false,false,true,
2048,256,1000,15,2026,local-e2-production-2048,1,hash_to_prime,regional,0.000000000,ms,0.000000000,one deterministic 256-bit prime representative; prime search included; RSA setup excluded,false,false,true,
2048,256,1000,15,2026,local-e2-production-2048,1,hash_to_prime,global,3.960200000,ms,3.960200000,one deterministic 256-bit prime representative; prime search included; RSA setup excluded,false,false,true,
2048,256,1000,15,2026,local-e2-production-2048,1,two_layer_hash_to_prime,two_layer,3.960200000,ms,3.960200000,sum for one regional and one global representative,false,false,true,
2048,256,1000,15,2026,local-e2-production-2048,1,member_addition,regional,2.111100000,ms,2.111100000,add one member to an identical n-1 active-member state,false,false,true,
2048,256,1000,15,2026,local-e2-production-2048,1,member_addition,global,1.508100000,ms,1.508100000,add one member to an identical n-1 active-member state,false,false,true,
2048,256,1000,15,2026,local-e2-production-2048,1,two_layer_member_addition,two_layer,3.619200000,ms,3.619200000,sum of one regional and one global member addition,false,false,true,
2048,256,1000,15,2026,local-e2-production-2048,1,witness_generation,regional,411.124700000,ms,411.124700000,fresh witness for one active member,false,false,true,
2048,256,1000,15,2026,local-e2-production-2048,1,witness_generation,global,404.042400000,ms,404.042400000,fresh witness for one active member,false,false,true,
2048,256,1000,15,2026,local-e2-production-2048,1,two_layer_claim_generation,two_layer,815.167100000,ms,815.167100000,sum of regional and global witness generation,false,false,true,
2048,256,1000,15,2026,local-e2-production-2048,1,membership_verification,regional,0.999000000,ms,0.999000000,one current regional witness,false,false,true,
2048,256,1000,15,2026,local-e2-production-2048,1,membership_verification,global,0.999700000,ms,0.999700000,one current global witness,false,false,true,
2048,256,1000,15,2026,local-e2-production-2048,1,two_layer_membership_verification,two_layer,1.998700000,ms,1.998700000,sum of current regional and global verification,false,false,true,
2048,256,1000,15,2026,local-e2-production-2048,1,revocation,regional,404.534000000,ms,404.534000000,remove one member and recompute the regional accumulator,false,false,true,
2048,256,1000,15,2026,local-e2-production-2048,1,revocation,global,414.497000000,ms,414.497000000,remove one member and recompute the global accumulator,false,false,true,
2048,256,1000,15,2026,local-e2-production-2048,1,two_layer_revocation,two_layer,819.031000000,ms,819.031000000,sum of regional and global removal/recomputation,false,false,true,
2048,256,1000,15,2026,local-e2-production-2048,1,single_witness_refresh_after_revocation,regional,398.673400000,ms,398.673400000,refresh one remaining member witness; not all members,false,false,true,
2048,256,1000,15,2026,local-e2-production-2048,1,single_witness_refresh_after_revocation,global,412.981100000,ms,412.981100000,refresh one remaining member witness; not all members,false,false,true,
2048,256,1000,15,2026,local-e2-production-2048,1,two_layer_single_witness_refresh_after_revocation,two_layer,811.654500000,ms,811.654500000,sum for one remaining member's regional and global witnesses; not all members,false,false,true,
2048,256,1000,15,2026,local-e2-production-2048,1,membership_claim_json_size,two_layer,1922.000000000,bytes,,one regional+global context-bound membership claim JSON,false,false,true,
2048,256,1000,15,2026,local-e2-production-2048,1,public_accumulator_state_json_size,two_layer,94352.000000000,bytes,,two public accumulator states including active prime representatives; no RSA factors,false,false,true,
2048,256,1000,16,2026,local-e2-production-2048,1,hash_to_prime,regional,5.036100000,ms,5.036100000,one deterministic 256-bit prime representative; prime search included; RSA setup excluded,false,false,true,
2048,256,1000,16,2026,local-e2-production-2048,1,hash_to_prime,global,1.993100000,ms,1.993100000,one deterministic 256-bit prime representative; prime search included; RSA setup excluded,false,false,true,
2048,256,1000,16,2026,local-e2-production-2048,1,two_layer_hash_to_prime,two_layer,7.029200000,ms,7.029200000,sum for one regional and one global representative,false,false,true,
2048,256,1000,16,2026,local-e2-production-2048,1,member_addition,regional,2.512600000,ms,2.512600000,add one member to an identical n-1 active-member state,false,false,true,
2048,256,1000,16,2026,local-e2-production-2048,1,member_addition,global,1.005200000,ms,1.005200000,add one member to an identical n-1 active-member state,false,false,true,
2048,256,1000,16,2026,local-e2-production-2048,1,two_layer_member_addition,two_layer,3.517800000,ms,3.517800000,sum of one regional and one global member addition,false,false,true,
2048,256,1000,16,2026,local-e2-production-2048,1,witness_generation,regional,409.380300000,ms,409.380300000,fresh witness for one active member,false,false,true,
2048,256,1000,16,2026,local-e2-production-2048,1,witness_generation,global,415.571000000,ms,415.571000000,fresh witness for one active member,false,false,true,
2048,256,1000,16,2026,local-e2-production-2048,1,two_layer_claim_generation,two_layer,824.951300000,ms,824.951300000,sum of regional and global witness generation,false,false,true,
2048,256,1000,16,2026,local-e2-production-2048,1,membership_verification,regional,1.504600000,ms,1.504600000,one current regional witness,false,false,true,
2048,256,1000,16,2026,local-e2-production-2048,1,membership_verification,global,1.006300000,ms,1.006300000,one current global witness,false,false,true,
2048,256,1000,16,2026,local-e2-production-2048,1,two_layer_membership_verification,two_layer,2.510900000,ms,2.510900000,sum of current regional and global verification,false,false,true,
2048,256,1000,16,2026,local-e2-production-2048,1,revocation,regional,427.035400000,ms,427.035400000,remove one member and recompute the regional accumulator,false,false,true,
2048,256,1000,16,2026,local-e2-production-2048,1,revocation,global,416.651000000,ms,416.651000000,remove one member and recompute the global accumulator,false,false,true,
2048,256,1000,16,2026,local-e2-production-2048,1,two_layer_revocation,two_layer,843.686400000,ms,843.686400000,sum of regional and global removal/recomputation,false,false,true,
2048,256,1000,16,2026,local-e2-production-2048,1,single_witness_refresh_after_revocation,regional,421.484000000,ms,421.484000000,refresh one remaining member witness; not all members,false,false,true,
2048,256,1000,16,2026,local-e2-production-2048,1,single_witness_refresh_after_revocation,global,439.055400000,ms,439.055400000,refresh one remaining member witness; not all members,false,false,true,
2048,256,1000,16,2026,local-e2-production-2048,1,two_layer_single_witness_refresh_after_revocation,two_layer,860.539400000,ms,860.539400000,sum for one remaining member's regional and global witnesses; not all members,false,false,true,
2048,256,1000,16,2026,local-e2-production-2048,1,membership_claim_json_size,two_layer,1922.000000000,bytes,,one regional+global context-bound membership claim JSON,false,false,true,
2048,256,1000,16,2026,local-e2-production-2048,1,public_accumulator_state_json_size,two_layer,94352.000000000,bytes,,two public accumulator states including active prime representatives; no RSA factors,false,false,true,
2048,256,1000,17,2026,local-e2-production-2048,1,hash_to_prime,regional,2.997000000,ms,2.997000000,one deterministic 256-bit prime representative; prime search included; RSA setup excluded,false,false,true,
2048,256,1000,17,2026,local-e2-production-2048,1,hash_to_prime,global,1.505800000,ms,1.505800000,one deterministic 256-bit prime representative; prime search included; RSA setup excluded,false,false,true,
2048,256,1000,17,2026,local-e2-production-2048,1,two_layer_hash_to_prime,two_layer,4.502800000,ms,4.502800000,sum for one regional and one global representative,false,false,true,
2048,256,1000,17,2026,local-e2-production-2048,1,member_addition,regional,2.041800000,ms,2.041800000,add one member to an identical n-1 active-member state,false,false,true,
2048,256,1000,17,2026,local-e2-production-2048,1,member_addition,global,0.999800000,ms,0.999800000,add one member to an identical n-1 active-member state,false,false,true,
2048,256,1000,17,2026,local-e2-production-2048,1,two_layer_member_addition,two_layer,3.041600000,ms,3.041600000,sum of one regional and one global member addition,false,false,true,
2048,256,1000,17,2026,local-e2-production-2048,1,witness_generation,regional,416.350300000,ms,416.350300000,fresh witness for one active member,false,false,true,
2048,256,1000,17,2026,local-e2-production-2048,1,witness_generation,global,402.358200000,ms,402.358200000,fresh witness for one active member,false,false,true,
2048,256,1000,17,2026,local-e2-production-2048,1,two_layer_claim_generation,two_layer,818.708500000,ms,818.708500000,sum of regional and global witness generation,false,false,true,
2048,256,1000,17,2026,local-e2-production-2048,1,membership_verification,regional,2.273700000,ms,2.273700000,one current regional witness,false,false,true,
2048,256,1000,17,2026,local-e2-production-2048,1,membership_verification,global,1.460300000,ms,1.460300000,one current global witness,false,false,true,
2048,256,1000,17,2026,local-e2-production-2048,1,two_layer_membership_verification,two_layer,3.734000000,ms,3.734000000,sum of current regional and global verification,false,false,true,
2048,256,1000,17,2026,local-e2-production-2048,1,revocation,regional,470.246400000,ms,470.246400000,remove one member and recompute the regional accumulator,false,false,true,
2048,256,1000,17,2026,local-e2-production-2048,1,revocation,global,453.624300000,ms,453.624300000,remove one member and recompute the global accumulator,false,false,true,
2048,256,1000,17,2026,local-e2-production-2048,1,two_layer_revocation,two_layer,923.870700000,ms,923.870700000,sum of regional and global removal/recomputation,false,false,true,
2048,256,1000,17,2026,local-e2-production-2048,1,single_witness_refresh_after_revocation,regional,436.016100000,ms,436.016100000,refresh one remaining member witness; not all members,false,false,true,
2048,256,1000,17,2026,local-e2-production-2048,1,single_witness_refresh_after_revocation,global,435.460500000,ms,435.460500000,refresh one remaining member witness; not all members,false,false,true,
2048,256,1000,17,2026,local-e2-production-2048,1,two_layer_single_witness_refresh_after_revocation,two_layer,871.476600000,ms,871.476600000,sum for one remaining member's regional and global witnesses; not all members,false,false,true,
2048,256,1000,17,2026,local-e2-production-2048,1,membership_claim_json_size,two_layer,1922.000000000,bytes,,one regional+global context-bound membership claim JSON,false,false,true,
2048,256,1000,17,2026,local-e2-production-2048,1,public_accumulator_state_json_size,two_layer,94352.000000000,bytes,,two public accumulator states including active prime representatives; no RSA factors,false,false,true,
2048,256,1000,18,2026,local-e2-production-2048,1,hash_to_prime,regional,2.643600000,ms,2.643600000,one deterministic 256-bit prime representative; prime search included; RSA setup excluded,false,false,true,
2048,256,1000,18,2026,local-e2-production-2048,1,hash_to_prime,global,2.147300000,ms,2.147300000,one deterministic 256-bit prime representative; prime search included; RSA setup excluded,false,false,true,
2048,256,1000,18,2026,local-e2-production-2048,1,two_layer_hash_to_prime,two_layer,4.790900000,ms,4.790900000,sum for one regional and one global representative,false,false,true,
2048,256,1000,18,2026,local-e2-production-2048,1,member_addition,regional,2.534500000,ms,2.534500000,add one member to an identical n-1 active-member state,false,false,true,
2048,256,1000,18,2026,local-e2-production-2048,1,member_addition,global,0.507300000,ms,0.507300000,add one member to an identical n-1 active-member state,false,false,true,
2048,256,1000,18,2026,local-e2-production-2048,1,two_layer_member_addition,two_layer,3.041800000,ms,3.041800000,sum of one regional and one global member addition,false,false,true,
2048,256,1000,18,2026,local-e2-production-2048,1,witness_generation,regional,402.737500000,ms,402.737500000,fresh witness for one active member,false,false,true,
2048,256,1000,18,2026,local-e2-production-2048,1,witness_generation,global,408.248300000,ms,408.248300000,fresh witness for one active member,false,false,true,
2048,256,1000,18,2026,local-e2-production-2048,1,two_layer_claim_generation,two_layer,810.985800000,ms,810.985800000,sum of regional and global witness generation,false,false,true,
2048,256,1000,18,2026,local-e2-production-2048,1,membership_verification,regional,1.540300000,ms,1.540300000,one current regional witness,false,false,true,
2048,256,1000,18,2026,local-e2-production-2048,1,membership_verification,global,1.008400000,ms,1.008400000,one current global witness,false,false,true,
2048,256,1000,18,2026,local-e2-production-2048,1,two_layer_membership_verification,two_layer,2.548700000,ms,2.548700000,sum of current regional and global verification,false,false,true,
2048,256,1000,18,2026,local-e2-production-2048,1,revocation,regional,429.093900000,ms,429.093900000,remove one member and recompute the regional accumulator,false,false,true,
2048,256,1000,18,2026,local-e2-production-2048,1,revocation,global,401.031400000,ms,401.031400000,remove one member and recompute the global accumulator,false,false,true,
2048,256,1000,18,2026,local-e2-production-2048,1,two_layer_revocation,two_layer,830.125300000,ms,830.125300000,sum of regional and global removal/recomputation,false,false,true,
2048,256,1000,18,2026,local-e2-production-2048,1,single_witness_refresh_after_revocation,regional,413.451700000,ms,413.451700000,refresh one remaining member witness; not all members,false,false,true,
2048,256,1000,18,2026,local-e2-production-2048,1,single_witness_refresh_after_revocation,global,406.049800000,ms,406.049800000,refresh one remaining member witness; not all members,false,false,true,
2048,256,1000,18,2026,local-e2-production-2048,1,two_layer_single_witness_refresh_after_revocation,two_layer,819.501500000,ms,819.501500000,sum for one remaining member's regional and global witnesses; not all members,false,false,true,
2048,256,1000,18,2026,local-e2-production-2048,1,membership_claim_json_size,two_layer,1922.000000000,bytes,,one regional+global context-bound membership claim JSON,false,false,true,
2048,256,1000,18,2026,local-e2-production-2048,1,public_accumulator_state_json_size,two_layer,94352.000000000,bytes,,two public accumulator states including active prime representatives; no RSA factors,false,false,true,
2048,256,1000,19,2026,local-e2-production-2048,1,hash_to_prime,regional,1.002100000,ms,1.002100000,one deterministic 256-bit prime representative; prime search included; RSA setup excluded,false,false,true,
2048,256,1000,19,2026,local-e2-production-2048,1,hash_to_prime,global,3.803600000,ms,3.803600000,one deterministic 256-bit prime representative; prime search included; RSA setup excluded,false,false,true,
2048,256,1000,19,2026,local-e2-production-2048,1,two_layer_hash_to_prime,two_layer,4.805700000,ms,4.805700000,sum for one regional and one global representative,false,false,true,
2048,256,1000,19,2026,local-e2-production-2048,1,member_addition,regional,0.996200000,ms,0.996200000,add one member to an identical n-1 active-member state,false,false,true,
2048,256,1000,19,2026,local-e2-production-2048,1,member_addition,global,0.999900000,ms,0.999900000,add one member to an identical n-1 active-member state,false,false,true,
2048,256,1000,19,2026,local-e2-production-2048,1,two_layer_member_addition,two_layer,1.996100000,ms,1.996100000,sum of one regional and one global member addition,false,false,true,
2048,256,1000,19,2026,local-e2-production-2048,1,witness_generation,regional,394.993500000,ms,394.993500000,fresh witness for one active member,false,false,true,
2048,256,1000,19,2026,local-e2-production-2048,1,witness_generation,global,446.420800000,ms,446.420800000,fresh witness for one active member,false,false,true,
2048,256,1000,19,2026,local-e2-production-2048,1,two_layer_claim_generation,two_layer,841.414300000,ms,841.414300000,sum of regional and global witness generation,false,false,true,
2048,256,1000,19,2026,local-e2-production-2048,1,membership_verification,regional,2.034700000,ms,2.034700000,one current regional witness,false,false,true,
2048,256,1000,19,2026,local-e2-production-2048,1,membership_verification,global,0.999500000,ms,0.999500000,one current global witness,false,false,true,
2048,256,1000,19,2026,local-e2-production-2048,1,two_layer_membership_verification,two_layer,3.034200000,ms,3.034200000,sum of current regional and global verification,false,false,true,
2048,256,1000,19,2026,local-e2-production-2048,1,revocation,regional,418.238500000,ms,418.238500000,remove one member and recompute the regional accumulator,false,false,true,
2048,256,1000,19,2026,local-e2-production-2048,1,revocation,global,399.902200000,ms,399.902200000,remove one member and recompute the global accumulator,false,false,true,
2048,256,1000,19,2026,local-e2-production-2048,1,two_layer_revocation,two_layer,818.140700000,ms,818.140700000,sum of regional and global removal/recomputation,false,false,true,
2048,256,1000,19,2026,local-e2-production-2048,1,single_witness_refresh_after_revocation,regional,423.189700000,ms,423.189700000,refresh one remaining member witness; not all members,false,false,true,
2048,256,1000,19,2026,local-e2-production-2048,1,single_witness_refresh_after_revocation,global,413.349900000,ms,413.349900000,refresh one remaining member witness; not all members,false,false,true,
2048,256,1000,19,2026,local-e2-production-2048,1,two_layer_single_witness_refresh_after_revocation,two_layer,836.539600000,ms,836.539600000,sum for one remaining member's regional and global witnesses; not all members,false,false,true,
2048,256,1000,19,2026,local-e2-production-2048,1,membership_claim_json_size,two_layer,1922.000000000,bytes,,one regional+global context-bound membership claim JSON,false,false,true,
2048,256,1000,19,2026,local-e2-production-2048,1,public_accumulator_state_json_size,two_layer,94352.000000000,bytes,,two public accumulator states including active prime representatives; no RSA factors,false,false,true,
2048,256,1000,20,2026,local-e2-production-2048,1,hash_to_prime,regional,2.505300000,ms,2.505300000,one deterministic 256-bit prime representative; prime search included; RSA setup excluded,false,false,true,
2048,256,1000,20,2026,local-e2-production-2048,1,hash_to_prime,global,1.005900000,ms,1.005900000,one deterministic 256-bit prime representative; prime search included; RSA setup excluded,false,false,true,
2048,256,1000,20,2026,local-e2-production-2048,1,two_layer_hash_to_prime,two_layer,3.511200000,ms,3.511200000,sum for one regional and one global representative,false,false,true,
2048,256,1000,20,2026,local-e2-production-2048,1,member_addition,regional,1.001200000,ms,1.001200000,add one member to an identical n-1 active-member state,false,false,true,
2048,256,1000,20,2026,local-e2-production-2048,1,member_addition,global,2.986900000,ms,2.986900000,add one member to an identical n-1 active-member state,false,false,true,
2048,256,1000,20,2026,local-e2-production-2048,1,two_layer_member_addition,two_layer,3.988100000,ms,3.988100000,sum of one regional and one global member addition,false,false,true,
2048,256,1000,20,2026,local-e2-production-2048,1,witness_generation,regional,404.250500000,ms,404.250500000,fresh witness for one active member,false,false,true,
2048,256,1000,20,2026,local-e2-production-2048,1,witness_generation,global,405.773700000,ms,405.773700000,fresh witness for one active member,false,false,true,
2048,256,1000,20,2026,local-e2-production-2048,1,two_layer_claim_generation,two_layer,810.024200000,ms,810.024200000,sum of regional and global witness generation,false,false,true,
2048,256,1000,20,2026,local-e2-production-2048,1,membership_verification,regional,0.506100000,ms,0.506100000,one current regional witness,false,false,true,
2048,256,1000,20,2026,local-e2-production-2048,1,membership_verification,global,2.007700000,ms,2.007700000,one current global witness,false,false,true,
2048,256,1000,20,2026,local-e2-production-2048,1,two_layer_membership_verification,two_layer,2.513800000,ms,2.513800000,sum of current regional and global verification,false,false,true,
2048,256,1000,20,2026,local-e2-production-2048,1,revocation,regional,434.421000000,ms,434.421000000,remove one member and recompute the regional accumulator,false,false,true,
2048,256,1000,20,2026,local-e2-production-2048,1,revocation,global,401.771500000,ms,401.771500000,remove one member and recompute the global accumulator,false,false,true,
2048,256,1000,20,2026,local-e2-production-2048,1,two_layer_revocation,two_layer,836.192500000,ms,836.192500000,sum of regional and global removal/recomputation,false,false,true,
2048,256,1000,20,2026,local-e2-production-2048,1,single_witness_refresh_after_revocation,regional,404.289100000,ms,404.289100000,refresh one remaining member witness; not all members,false,false,true,
2048,256,1000,20,2026,local-e2-production-2048,1,single_witness_refresh_after_revocation,global,419.082600000,ms,419.082600000,refresh one remaining member witness; not all members,false,false,true,
2048,256,1000,20,2026,local-e2-production-2048,1,two_layer_single_witness_refresh_after_revocation,two_layer,823.371700000,ms,823.371700000,sum for one remaining member's regional and global witnesses; not all members,false,false,true,
2048,256,1000,20,2026,local-e2-production-2048,1,membership_claim_json_size,two_layer,1922.000000000,bytes,,one regional+global context-bound membership claim JSON,false,false,true,
2048,256,1000,20,2026,local-e2-production-2048,1,public_accumulator_state_json_size,two_layer,94352.000000000,bytes,,two public accumulator states including active prime representatives; no RSA factors,false,false,true,
2048,256,1000,21,2026,local-e2-production-2048,1,hash_to_prime,regional,2.012300000,ms,2.012300000,one deterministic 256-bit prime representative; prime search included; RSA setup excluded,false,false,true,
2048,256,1000,21,2026,local-e2-production-2048,1,hash_to_prime,global,1.000600000,ms,1.000600000,one deterministic 256-bit prime representative; prime search included; RSA setup excluded,false,false,true,
2048,256,1000,21,2026,local-e2-production-2048,1,two_layer_hash_to_prime,two_layer,3.012900000,ms,3.012900000,sum for one regional and one global representative,false,false,true,
2048,256,1000,21,2026,local-e2-production-2048,1,member_addition,regional,1.064600000,ms,1.064600000,add one member to an identical n-1 active-member state,false,false,true,
2048,256,1000,21,2026,local-e2-production-2048,1,member_addition,global,2.512000000,ms,2.512000000,add one member to an identical n-1 active-member state,false,false,true,
2048,256,1000,21,2026,local-e2-production-2048,1,two_layer_member_addition,two_layer,3.576600000,ms,3.576600000,sum of one regional and one global member addition,false,false,true,
2048,256,1000,21,2026,local-e2-production-2048,1,witness_generation,regional,415.497200000,ms,415.497200000,fresh witness for one active member,false,false,true,
2048,256,1000,21,2026,local-e2-production-2048,1,witness_generation,global,416.668500000,ms,416.668500000,fresh witness for one active member,false,false,true,
2048,256,1000,21,2026,local-e2-production-2048,1,two_layer_claim_generation,two_layer,832.165700000,ms,832.165700000,sum of regional and global witness generation,false,false,true,
2048,256,1000,21,2026,local-e2-production-2048,1,membership_verification,regional,1.004400000,ms,1.004400000,one current regional witness,false,false,true,
2048,256,1000,21,2026,local-e2-production-2048,1,membership_verification,global,1.491500000,ms,1.491500000,one current global witness,false,false,true,
2048,256,1000,21,2026,local-e2-production-2048,1,two_layer_membership_verification,two_layer,2.495900000,ms,2.495900000,sum of current regional and global verification,false,false,true,
2048,256,1000,21,2026,local-e2-production-2048,1,revocation,regional,404.904900000,ms,404.904900000,remove one member and recompute the regional accumulator,false,false,true,
2048,256,1000,21,2026,local-e2-production-2048,1,revocation,global,404.959600000,ms,404.959600000,remove one member and recompute the global accumulator,false,false,true,
2048,256,1000,21,2026,local-e2-production-2048,1,two_layer_revocation,two_layer,809.864500000,ms,809.864500000,sum of regional and global removal/recomputation,false,false,true,
2048,256,1000,21,2026,local-e2-production-2048,1,single_witness_refresh_after_revocation,regional,424.390200000,ms,424.390200000,refresh one remaining member witness; not all members,false,false,true,
2048,256,1000,21,2026,local-e2-production-2048,1,single_witness_refresh_after_revocation,global,393.286900000,ms,393.286900000,refresh one remaining member witness; not all members,false,false,true,
2048,256,1000,21,2026,local-e2-production-2048,1,two_layer_single_witness_refresh_after_revocation,two_layer,817.677100000,ms,817.677100000,sum for one remaining member's regional and global witnesses; not all members,false,false,true,
2048,256,1000,21,2026,local-e2-production-2048,1,membership_claim_json_size,two_layer,1922.000000000,bytes,,one regional+global context-bound membership claim JSON,false,false,true,
2048,256,1000,21,2026,local-e2-production-2048,1,public_accumulator_state_json_size,two_layer,94352.000000000,bytes,,two public accumulator states including active prime representatives; no RSA factors,false,false,true,
2048,256,1000,22,2026,local-e2-production-2048,1,hash_to_prime,regional,2.005100000,ms,2.005100000,one deterministic 256-bit prime representative; prime search included; RSA setup excluded,false,false,true,
2048,256,1000,22,2026,local-e2-production-2048,1,hash_to_prime,global,0.999600000,ms,0.999600000,one deterministic 256-bit prime representative; prime search included; RSA setup excluded,false,false,true,
2048,256,1000,22,2026,local-e2-production-2048,1,two_layer_hash_to_prime,two_layer,3.004700000,ms,3.004700000,sum for one regional and one global representative,false,false,true,
2048,256,1000,22,2026,local-e2-production-2048,1,member_addition,regional,1.511400000,ms,1.511400000,add one member to an identical n-1 active-member state,false,false,true,
2048,256,1000,22,2026,local-e2-production-2048,1,member_addition,global,1.425400000,ms,1.425400000,add one member to an identical n-1 active-member state,false,false,true,
2048,256,1000,22,2026,local-e2-production-2048,1,two_layer_member_addition,two_layer,2.936800000,ms,2.936800000,sum of one regional and one global member addition,false,false,true,
2048,256,1000,22,2026,local-e2-production-2048,1,witness_generation,regional,404.815500000,ms,404.815500000,fresh witness for one active member,false,false,true,
2048,256,1000,22,2026,local-e2-production-2048,1,witness_generation,global,418.170200000,ms,418.170200000,fresh witness for one active member,false,false,true,
2048,256,1000,22,2026,local-e2-production-2048,1,two_layer_claim_generation,two_layer,822.985700000,ms,822.985700000,sum of regional and global witness generation,false,false,true,
2048,256,1000,22,2026,local-e2-production-2048,1,membership_verification,regional,1.048100000,ms,1.048100000,one current regional witness,false,false,true,
2048,256,1000,22,2026,local-e2-production-2048,1,membership_verification,global,1.047600000,ms,1.047600000,one current global witness,false,false,true,
2048,256,1000,22,2026,local-e2-production-2048,1,two_layer_membership_verification,two_layer,2.095700000,ms,2.095700000,sum of current regional and global verification,false,false,true,
2048,256,1000,22,2026,local-e2-production-2048,1,revocation,regional,406.772900000,ms,406.772900000,remove one member and recompute the regional accumulator,false,false,true,
2048,256,1000,22,2026,local-e2-production-2048,1,revocation,global,403.861800000,ms,403.861800000,remove one member and recompute the global accumulator,false,false,true,
2048,256,1000,22,2026,local-e2-production-2048,1,two_layer_revocation,two_layer,810.634700000,ms,810.634700000,sum of regional and global removal/recomputation,false,false,true,
2048,256,1000,22,2026,local-e2-production-2048,1,single_witness_refresh_after_revocation,regional,403.946000000,ms,403.946000000,refresh one remaining member witness; not all members,false,false,true,
2048,256,1000,22,2026,local-e2-production-2048,1,single_witness_refresh_after_revocation,global,407.145200000,ms,407.145200000,refresh one remaining member witness; not all members,false,false,true,
2048,256,1000,22,2026,local-e2-production-2048,1,two_layer_single_witness_refresh_after_revocation,two_layer,811.091200000,ms,811.091200000,sum for one remaining member's regional and global witnesses; not all members,false,false,true,
2048,256,1000,22,2026,local-e2-production-2048,1,membership_claim_json_size,two_layer,1922.000000000,bytes,,one regional+global context-bound membership claim JSON,false,false,true,
2048,256,1000,22,2026,local-e2-production-2048,1,public_accumulator_state_json_size,two_layer,94352.000000000,bytes,,two public accumulator states including active prime representatives; no RSA factors,false,false,true,
2048,256,1000,23,2026,local-e2-production-2048,1,hash_to_prime,regional,1.150700000,ms,1.150700000,one deterministic 256-bit prime representative; prime search included; RSA setup excluded,false,false,true,
2048,256,1000,23,2026,local-e2-production-2048,1,hash_to_prime,global,1.000800000,ms,1.000800000,one deterministic 256-bit prime representative; prime search included; RSA setup excluded,false,false,true,
2048,256,1000,23,2026,local-e2-production-2048,1,two_layer_hash_to_prime,two_layer,2.151500000,ms,2.151500000,sum for one regional and one global representative,false,false,true,
2048,256,1000,23,2026,local-e2-production-2048,1,member_addition,regional,1.383500000,ms,1.383500000,add one member to an identical n-1 active-member state,false,false,true,
2048,256,1000,23,2026,local-e2-production-2048,1,member_addition,global,0.996800000,ms,0.996800000,add one member to an identical n-1 active-member state,false,false,true,
2048,256,1000,23,2026,local-e2-production-2048,1,two_layer_member_addition,two_layer,2.380300000,ms,2.380300000,sum of one regional and one global member addition,false,false,true,
2048,256,1000,23,2026,local-e2-production-2048,1,witness_generation,regional,409.678500000,ms,409.678500000,fresh witness for one active member,false,false,true,
2048,256,1000,23,2026,local-e2-production-2048,1,witness_generation,global,404.913400000,ms,404.913400000,fresh witness for one active member,false,false,true,
2048,256,1000,23,2026,local-e2-production-2048,1,two_layer_claim_generation,two_layer,814.591900000,ms,814.591900000,sum of regional and global witness generation,false,false,true,
2048,256,1000,23,2026,local-e2-production-2048,1,membership_verification,regional,1.509300000,ms,1.509300000,one current regional witness,false,false,true,
2048,256,1000,23,2026,local-e2-production-2048,1,membership_verification,global,1.008900000,ms,1.008900000,one current global witness,false,false,true,
2048,256,1000,23,2026,local-e2-production-2048,1,two_layer_membership_verification,two_layer,2.518200000,ms,2.518200000,sum of current regional and global verification,false,false,true,
2048,256,1000,23,2026,local-e2-production-2048,1,revocation,regional,427.846900000,ms,427.846900000,remove one member and recompute the regional accumulator,false,false,true,
2048,256,1000,23,2026,local-e2-production-2048,1,revocation,global,407.963200000,ms,407.963200000,remove one member and recompute the global accumulator,false,false,true,
2048,256,1000,23,2026,local-e2-production-2048,1,two_layer_revocation,two_layer,835.810100000,ms,835.810100000,sum of regional and global removal/recomputation,false,false,true,
2048,256,1000,23,2026,local-e2-production-2048,1,single_witness_refresh_after_revocation,regional,394.471900000,ms,394.471900000,refresh one remaining member witness; not all members,false,false,true,
2048,256,1000,23,2026,local-e2-production-2048,1,single_witness_refresh_after_revocation,global,470.164500000,ms,470.164500000,refresh one remaining member witness; not all members,false,false,true,
2048,256,1000,23,2026,local-e2-production-2048,1,two_layer_single_witness_refresh_after_revocation,two_layer,864.636400000,ms,864.636400000,sum for one remaining member's regional and global witnesses; not all members,false,false,true,
2048,256,1000,23,2026,local-e2-production-2048,1,membership_claim_json_size,two_layer,1922.000000000,bytes,,one regional+global context-bound membership claim JSON,false,false,true,
2048,256,1000,23,2026,local-e2-production-2048,1,public_accumulator_state_json_size,two_layer,94352.000000000,bytes,,two public accumulator states including active prime representatives; no RSA factors,false,false,true,
2048,256,1000,24,2026,local-e2-production-2048,1,hash_to_prime,regional,2.509700000,ms,2.509700000,one deterministic 256-bit prime representative; prime search included; RSA setup excluded,false,false,true,
2048,256,1000,24,2026,local-e2-production-2048,1,hash_to_prime,global,3.119900000,ms,3.119900000,one deterministic 256-bit prime representative; prime search included; RSA setup excluded,false,false,true,
2048,256,1000,24,2026,local-e2-production-2048,1,two_layer_hash_to_prime,two_layer,5.629600000,ms,5.629600000,sum for one regional and one global representative,false,false,true,
2048,256,1000,24,2026,local-e2-production-2048,1,member_addition,regional,2.587400000,ms,2.587400000,add one member to an identical n-1 active-member state,false,false,true,
2048,256,1000,24,2026,local-e2-production-2048,1,member_addition,global,3.018700000,ms,3.018700000,add one member to an identical n-1 active-member state,false,false,true,
2048,256,1000,24,2026,local-e2-production-2048,1,two_layer_member_addition,two_layer,5.606100000,ms,5.606100000,sum of one regional and one global member addition,false,false,true,
2048,256,1000,24,2026,local-e2-production-2048,1,witness_generation,regional,450.855400000,ms,450.855400000,fresh witness for one active member,false,false,true,
2048,256,1000,24,2026,local-e2-production-2048,1,witness_generation,global,419.682800000,ms,419.682800000,fresh witness for one active member,false,false,true,
2048,256,1000,24,2026,local-e2-production-2048,1,two_layer_claim_generation,two_layer,870.538200000,ms,870.538200000,sum of regional and global witness generation,false,false,true,
2048,256,1000,24,2026,local-e2-production-2048,1,membership_verification,regional,1.199600000,ms,1.199600000,one current regional witness,false,false,true,
2048,256,1000,24,2026,local-e2-production-2048,1,membership_verification,global,1.459800000,ms,1.459800000,one current global witness,false,false,true,
2048,256,1000,24,2026,local-e2-production-2048,1,two_layer_membership_verification,two_layer,2.659400000,ms,2.659400000,sum of current regional and global verification,false,false,true,
2048,256,1000,24,2026,local-e2-production-2048,1,revocation,regional,400.969200000,ms,400.969200000,remove one member and recompute the regional accumulator,false,false,true,
2048,256,1000,24,2026,local-e2-production-2048,1,revocation,global,419.799800000,ms,419.799800000,remove one member and recompute the global accumulator,false,false,true,
2048,256,1000,24,2026,local-e2-production-2048,1,two_layer_revocation,two_layer,820.769000000,ms,820.769000000,sum of regional and global removal/recomputation,false,false,true,
2048,256,1000,24,2026,local-e2-production-2048,1,single_witness_refresh_after_revocation,regional,395.936900000,ms,395.936900000,refresh one remaining member witness; not all members,false,false,true,
2048,256,1000,24,2026,local-e2-production-2048,1,single_witness_refresh_after_revocation,global,395.245100000,ms,395.245100000,refresh one remaining member witness; not all members,false,false,true,
2048,256,1000,24,2026,local-e2-production-2048,1,two_layer_single_witness_refresh_after_revocation,two_layer,791.182000000,ms,791.182000000,sum for one remaining member's regional and global witnesses; not all members,false,false,true,
2048,256,1000,24,2026,local-e2-production-2048,1,membership_claim_json_size,two_layer,1922.000000000,bytes,,one regional+global context-bound membership claim JSON,false,false,true,
2048,256,1000,24,2026,local-e2-production-2048,1,public_accumulator_state_json_size,two_layer,94352.000000000,bytes,,two public accumulator states including active prime representatives; no RSA factors,false,false,true,
2048,256,1000,25,2026,local-e2-production-2048,1,hash_to_prime,regional,3.249900000,ms,3.249900000,one deterministic 256-bit prime representative; prime search included; RSA setup excluded,false,false,true,
2048,256,1000,25,2026,local-e2-production-2048,1,hash_to_prime,global,0.999100000,ms,0.999100000,one deterministic 256-bit prime representative; prime search included; RSA setup excluded,false,false,true,
2048,256,1000,25,2026,local-e2-production-2048,1,two_layer_hash_to_prime,two_layer,4.249000000,ms,4.249000000,sum for one regional and one global representative,false,false,true,
2048,256,1000,25,2026,local-e2-production-2048,1,member_addition,regional,1.510500000,ms,1.510500000,add one member to an identical n-1 active-member state,false,false,true,
2048,256,1000,25,2026,local-e2-production-2048,1,member_addition,global,1.280500000,ms,1.280500000,add one member to an identical n-1 active-member state,false,false,true,
2048,256,1000,25,2026,local-e2-production-2048,1,two_layer_member_addition,two_layer,2.791000000,ms,2.791000000,sum of one regional and one global member addition,false,false,true,
2048,256,1000,25,2026,local-e2-production-2048,1,witness_generation,regional,410.244600000,ms,410.244600000,fresh witness for one active member,false,false,true,
2048,256,1000,25,2026,local-e2-production-2048,1,witness_generation,global,415.745200000,ms,415.745200000,fresh witness for one active member,false,false,true,
2048,256,1000,25,2026,local-e2-production-2048,1,two_layer_claim_generation,two_layer,825.989800000,ms,825.989800000,sum of regional and global witness generation,false,false,true,
2048,256,1000,25,2026,local-e2-production-2048,1,membership_verification,regional,2.007300000,ms,2.007300000,one current regional witness,false,false,true,
2048,256,1000,25,2026,local-e2-production-2048,1,membership_verification,global,2.177200000,ms,2.177200000,one current global witness,false,false,true,
2048,256,1000,25,2026,local-e2-production-2048,1,two_layer_membership_verification,two_layer,4.184500000,ms,4.184500000,sum of current regional and global verification,false,false,true,
2048,256,1000,25,2026,local-e2-production-2048,1,revocation,regional,407.918500000,ms,407.918500000,remove one member and recompute the regional accumulator,false,false,true,
2048,256,1000,25,2026,local-e2-production-2048,1,revocation,global,400.326900000,ms,400.326900000,remove one member and recompute the global accumulator,false,false,true,
2048,256,1000,25,2026,local-e2-production-2048,1,two_layer_revocation,two_layer,808.245400000,ms,808.245400000,sum of regional and global removal/recomputation,false,false,true,
2048,256,1000,25,2026,local-e2-production-2048,1,single_witness_refresh_after_revocation,regional,408.099700000,ms,408.099700000,refresh one remaining member witness; not all members,false,false,true,
2048,256,1000,25,2026,local-e2-production-2048,1,single_witness_refresh_after_revocation,global,450.000000000,ms,450.000000000,refresh one remaining member witness; not all members,false,false,true,
2048,256,1000,25,2026,local-e2-production-2048,1,two_layer_single_witness_refresh_after_revocation,two_layer,858.099700000,ms,858.099700000,sum for one remaining member's regional and global witnesses; not all members,false,false,true,
2048,256,1000,25,2026,local-e2-production-2048,1,membership_claim_json_size,two_layer,1922.000000000,bytes,,one regional+global context-bound membership claim JSON,false,false,true,
2048,256,1000,25,2026,local-e2-production-2048,1,public_accumulator_state_json_size,two_layer,94352.000000000,bytes,,two public accumulator states including active prime representatives; no RSA factors,false,false,true,
2048,256,1000,26,2026,local-e2-production-2048,1,hash_to_prime,regional,4.201400000,ms,4.201400000,one deterministic 256-bit prime representative; prime search included; RSA setup excluded,false,false,true,
2048,256,1000,26,2026,local-e2-production-2048,1,hash_to_prime,global,1.008100000,ms,1.008100000,one deterministic 256-bit prime representative; prime search included; RSA setup excluded,false,false,true,
2048,256,1000,26,2026,local-e2-production-2048,1,two_layer_hash_to_prime,two_layer,5.209500000,ms,5.209500000,sum for one regional and one global representative,false,false,true,
2048,256,1000,26,2026,local-e2-production-2048,1,member_addition,regional,2.023900000,ms,2.023900000,add one member to an identical n-1 active-member state,false,false,true,
2048,256,1000,26,2026,local-e2-production-2048,1,member_addition,global,2.014600000,ms,2.014600000,add one member to an identical n-1 active-member state,false,false,true,
2048,256,1000,26,2026,local-e2-production-2048,1,two_layer_member_addition,two_layer,4.038500000,ms,4.038500000,sum of one regional and one global member addition,false,false,true,
2048,256,1000,26,2026,local-e2-production-2048,1,witness_generation,regional,408.183300000,ms,408.183300000,fresh witness for one active member,false,false,true,
2048,256,1000,26,2026,local-e2-production-2048,1,witness_generation,global,447.761200000,ms,447.761200000,fresh witness for one active member,false,false,true,
2048,256,1000,26,2026,local-e2-production-2048,1,two_layer_claim_generation,two_layer,855.944500000,ms,855.944500000,sum of regional and global witness generation,false,false,true,
2048,256,1000,26,2026,local-e2-production-2048,1,membership_verification,regional,2.022500000,ms,2.022500000,one current regional witness,false,false,true,
2048,256,1000,26,2026,local-e2-production-2048,1,membership_verification,global,1.005700000,ms,1.005700000,one current global witness,false,false,true,
2048,256,1000,26,2026,local-e2-production-2048,1,two_layer_membership_verification,two_layer,3.028200000,ms,3.028200000,sum of current regional and global verification,false,false,true,
2048,256,1000,26,2026,local-e2-production-2048,1,revocation,regional,408.997300000,ms,408.997300000,remove one member and recompute the regional accumulator,false,false,true,
2048,256,1000,26,2026,local-e2-production-2048,1,revocation,global,411.893100000,ms,411.893100000,remove one member and recompute the global accumulator,false,false,true,
2048,256,1000,26,2026,local-e2-production-2048,1,two_layer_revocation,two_layer,820.890400000,ms,820.890400000,sum of regional and global removal/recomputation,false,false,true,
2048,256,1000,26,2026,local-e2-production-2048,1,single_witness_refresh_after_revocation,regional,418.071700000,ms,418.071700000,refresh one remaining member witness; not all members,false,false,true,
2048,256,1000,26,2026,local-e2-production-2048,1,single_witness_refresh_after_revocation,global,425.503600000,ms,425.503600000,refresh one remaining member witness; not all members,false,false,true,
2048,256,1000,26,2026,local-e2-production-2048,1,two_layer_single_witness_refresh_after_revocation,two_layer,843.575300000,ms,843.575300000,sum for one remaining member's regional and global witnesses; not all members,false,false,true,
2048,256,1000,26,2026,local-e2-production-2048,1,membership_claim_json_size,two_layer,1922.000000000,bytes,,one regional+global context-bound membership claim JSON,false,false,true,
2048,256,1000,26,2026,local-e2-production-2048,1,public_accumulator_state_json_size,two_layer,94352.000000000,bytes,,two public accumulator states including active prime representatives; no RSA factors,false,false,true,
2048,256,1000,27,2026,local-e2-production-2048,1,hash_to_prime,regional,1.993400000,ms,1.993400000,one deterministic 256-bit prime representative; prime search included; RSA setup excluded,false,false,true,
2048,256,1000,27,2026,local-e2-production-2048,1,hash_to_prime,global,1.999500000,ms,1.999500000,one deterministic 256-bit prime representative; prime search included; RSA setup excluded,false,false,true,
2048,256,1000,27,2026,local-e2-production-2048,1,two_layer_hash_to_prime,two_layer,3.992900000,ms,3.992900000,sum for one regional and one global representative,false,false,true,
2048,256,1000,27,2026,local-e2-production-2048,1,member_addition,regional,1.453000000,ms,1.453000000,add one member to an identical n-1 active-member state,false,false,true,
2048,256,1000,27,2026,local-e2-production-2048,1,member_addition,global,2.364100000,ms,2.364100000,add one member to an identical n-1 active-member state,false,false,true,
2048,256,1000,27,2026,local-e2-production-2048,1,two_layer_member_addition,two_layer,3.817100000,ms,3.817100000,sum of one regional and one global member addition,false,false,true,
2048,256,1000,27,2026,local-e2-production-2048,1,witness_generation,regional,411.808800000,ms,411.808800000,fresh witness for one active member,false,false,true,
2048,256,1000,27,2026,local-e2-production-2048,1,witness_generation,global,422.749000000,ms,422.749000000,fresh witness for one active member,false,false,true,
2048,256,1000,27,2026,local-e2-production-2048,1,two_layer_claim_generation,two_layer,834.557800000,ms,834.557800000,sum of regional and global witness generation,false,false,true,
2048,256,1000,27,2026,local-e2-production-2048,1,membership_verification,regional,2.018800000,ms,2.018800000,one current regional witness,false,false,true,
2048,256,1000,27,2026,local-e2-production-2048,1,membership_verification,global,1.004000000,ms,1.004000000,one current global witness,false,false,true,
2048,256,1000,27,2026,local-e2-production-2048,1,two_layer_membership_verification,two_layer,3.022800000,ms,3.022800000,sum of current regional and global verification,false,false,true,
2048,256,1000,27,2026,local-e2-production-2048,1,revocation,regional,402.103100000,ms,402.103100000,remove one member and recompute the regional accumulator,false,false,true,
2048,256,1000,27,2026,local-e2-production-2048,1,revocation,global,416.306800000,ms,416.306800000,remove one member and recompute the global accumulator,false,false,true,
2048,256,1000,27,2026,local-e2-production-2048,1,two_layer_revocation,two_layer,818.409900000,ms,818.409900000,sum of regional and global removal/recomputation,false,false,true,
2048,256,1000,27,2026,local-e2-production-2048,1,single_witness_refresh_after_revocation,regional,421.347100000,ms,421.347100000,refresh one remaining member witness; not all members,false,false,true,
2048,256,1000,27,2026,local-e2-production-2048,1,single_witness_refresh_after_revocation,global,391.833600000,ms,391.833600000,refresh one remaining member witness; not all members,false,false,true,
2048,256,1000,27,2026,local-e2-production-2048,1,two_layer_single_witness_refresh_after_revocation,two_layer,813.180700000,ms,813.180700000,sum for one remaining member's regional and global witnesses; not all members,false,false,true,
2048,256,1000,27,2026,local-e2-production-2048,1,membership_claim_json_size,two_layer,1922.000000000,bytes,,one regional+global context-bound membership claim JSON,false,false,true,
2048,256,1000,27,2026,local-e2-production-2048,1,public_accumulator_state_json_size,two_layer,94352.000000000,bytes,,two public accumulator states including active prime representatives; no RSA factors,false,false,true,
2048,256,1000,28,2026,local-e2-production-2048,1,hash_to_prime,regional,0.998600000,ms,0.998600000,one deterministic 256-bit prime representative; prime search included; RSA setup excluded,false,false,true,
2048,256,1000,28,2026,local-e2-production-2048,1,hash_to_prime,global,3.001800000,ms,3.001800000,one deterministic 256-bit prime representative; prime search included; RSA setup excluded,false,false,true,
2048,256,1000,28,2026,local-e2-production-2048,1,two_layer_hash_to_prime,two_layer,4.000400000,ms,4.000400000,sum for one regional and one global representative,false,false,true,
2048,256,1000,28,2026,local-e2-production-2048,1,member_addition,regional,2.006000000,ms,2.006000000,add one member to an identical n-1 active-member state,false,false,true,
2048,256,1000,28,2026,local-e2-production-2048,1,member_addition,global,1.999400000,ms,1.999400000,add one member to an identical n-1 active-member state,false,false,true,
2048,256,1000,28,2026,local-e2-production-2048,1,two_layer_member_addition,two_layer,4.005400000,ms,4.005400000,sum of one regional and one global member addition,false,false,true,
2048,256,1000,28,2026,local-e2-production-2048,1,witness_generation,regional,415.009200000,ms,415.009200000,fresh witness for one active member,false,false,true,
2048,256,1000,28,2026,local-e2-production-2048,1,witness_generation,global,413.428600000,ms,413.428600000,fresh witness for one active member,false,false,true,
2048,256,1000,28,2026,local-e2-production-2048,1,two_layer_claim_generation,two_layer,828.437800000,ms,828.437800000,sum of regional and global witness generation,false,false,true,
2048,256,1000,28,2026,local-e2-production-2048,1,membership_verification,regional,0.000000000,ms,0.000000000,one current regional witness,false,false,true,
2048,256,1000,28,2026,local-e2-production-2048,1,membership_verification,global,2.586700000,ms,2.586700000,one current global witness,false,false,true,
2048,256,1000,28,2026,local-e2-production-2048,1,two_layer_membership_verification,two_layer,2.586700000,ms,2.586700000,sum of current regional and global verification,false,false,true,
2048,256,1000,28,2026,local-e2-production-2048,1,revocation,regional,419.160800000,ms,419.160800000,remove one member and recompute the regional accumulator,false,false,true,
2048,256,1000,28,2026,local-e2-production-2048,1,revocation,global,421.371200000,ms,421.371200000,remove one member and recompute the global accumulator,false,false,true,
2048,256,1000,28,2026,local-e2-production-2048,1,two_layer_revocation,two_layer,840.532000000,ms,840.532000000,sum of regional and global removal/recomputation,false,false,true,
2048,256,1000,28,2026,local-e2-production-2048,1,single_witness_refresh_after_revocation,regional,552.162800000,ms,552.162800000,refresh one remaining member witness; not all members,false,false,true,
2048,256,1000,28,2026,local-e2-production-2048,1,single_witness_refresh_after_revocation,global,512.136200000,ms,512.136200000,refresh one remaining member witness; not all members,false,false,true,
2048,256,1000,28,2026,local-e2-production-2048,1,two_layer_single_witness_refresh_after_revocation,two_layer,1064.299000000,ms,1064.299000000,sum for one remaining member's regional and global witnesses; not all members,false,false,true,
2048,256,1000,28,2026,local-e2-production-2048,1,membership_claim_json_size,two_layer,1922.000000000,bytes,,one regional+global context-bound membership claim JSON,false,false,true,
2048,256,1000,28,2026,local-e2-production-2048,1,public_accumulator_state_json_size,two_layer,94352.000000000,bytes,,two public accumulator states including active prime representatives; no RSA factors,false,false,true,
2048,256,1000,29,2026,local-e2-production-2048,1,hash_to_prime,regional,5.620500000,ms,5.620500000,one deterministic 256-bit prime representative; prime search included; RSA setup excluded,false,false,true,
2048,256,1000,29,2026,local-e2-production-2048,1,hash_to_prime,global,0.505000000,ms,0.505000000,one deterministic 256-bit prime representative; prime search included; RSA setup excluded,false,false,true,
2048,256,1000,29,2026,local-e2-production-2048,1,two_layer_hash_to_prime,two_layer,6.125500000,ms,6.125500000,sum for one regional and one global representative,false,false,true,
2048,256,1000,29,2026,local-e2-production-2048,1,member_addition,regional,1.509100000,ms,1.509100000,add one member to an identical n-1 active-member state,false,false,true,
2048,256,1000,29,2026,local-e2-production-2048,1,member_addition,global,0.505900000,ms,0.505900000,add one member to an identical n-1 active-member state,false,false,true,
2048,256,1000,29,2026,local-e2-production-2048,1,two_layer_member_addition,two_layer,2.015000000,ms,2.015000000,sum of one regional and one global member addition,false,false,true,
2048,256,1000,29,2026,local-e2-production-2048,1,witness_generation,regional,428.520000000,ms,428.520000000,fresh witness for one active member,false,false,true,
2048,256,1000,29,2026,local-e2-production-2048,1,witness_generation,global,419.190700000,ms,419.190700000,fresh witness for one active member,false,false,true,
2048,256,1000,29,2026,local-e2-production-2048,1,two_layer_claim_generation,two_layer,847.710700000,ms,847.710700000,sum of regional and global witness generation,false,false,true,
2048,256,1000,29,2026,local-e2-production-2048,1,membership_verification,regional,2.009200000,ms,2.009200000,one current regional witness,false,false,true,
2048,256,1000,29,2026,local-e2-production-2048,1,membership_verification,global,1.563900000,ms,1.563900000,one current global witness,false,false,true,
2048,256,1000,29,2026,local-e2-production-2048,1,two_layer_membership_verification,two_layer,3.573100000,ms,3.573100000,sum of current regional and global verification,false,false,true,
2048,256,1000,29,2026,local-e2-production-2048,1,revocation,regional,409.458900000,ms,409.458900000,remove one member and recompute the regional accumulator,false,false,true,
2048,256,1000,29,2026,local-e2-production-2048,1,revocation,global,413.756400000,ms,413.756400000,remove one member and recompute the global accumulator,false,false,true,
2048,256,1000,29,2026,local-e2-production-2048,1,two_layer_revocation,two_layer,823.215300000,ms,823.215300000,sum of regional and global removal/recomputation,false,false,true,
2048,256,1000,29,2026,local-e2-production-2048,1,single_witness_refresh_after_revocation,regional,416.836800000,ms,416.836800000,refresh one remaining member witness; not all members,false,false,true,
2048,256,1000,29,2026,local-e2-production-2048,1,single_witness_refresh_after_revocation,global,418.654700000,ms,418.654700000,refresh one remaining member witness; not all members,false,false,true,
2048,256,1000,29,2026,local-e2-production-2048,1,two_layer_single_witness_refresh_after_revocation,two_layer,835.491500000,ms,835.491500000,sum for one remaining member's regional and global witnesses; not all members,false,false,true,
2048,256,1000,29,2026,local-e2-production-2048,1,membership_claim_json_size,two_layer,1922.000000000,bytes,,one regional+global context-bound membership claim JSON,false,false,true,
2048,256,1000,29,2026,local-e2-production-2048,1,public_accumulator_state_json_size,two_layer,94352.000000000,bytes,,two public accumulator states including active prime representatives; no RSA factors,false,false,true,
2048,256,1000,30,2026,local-e2-production-2048,1,hash_to_prime,regional,1.504100000,ms,1.504100000,one deterministic 256-bit prime representative; prime search included; RSA setup excluded,false,false,true,
2048,256,1000,30,2026,local-e2-production-2048,1,hash_to_prime,global,1.005100000,ms,1.005100000,one deterministic 256-bit prime representative; prime search included; RSA setup excluded,false,false,true,
2048,256,1000,30,2026,local-e2-production-2048,1,two_layer_hash_to_prime,two_layer,2.509200000,ms,2.509200000,sum for one regional and one global representative,false,false,true,
2048,256,1000,30,2026,local-e2-production-2048,1,member_addition,regional,1.505200000,ms,1.505200000,add one member to an identical n-1 active-member state,false,false,true,
2048,256,1000,30,2026,local-e2-production-2048,1,member_addition,global,1.002000000,ms,1.002000000,add one member to an identical n-1 active-member state,false,false,true,
2048,256,1000,30,2026,local-e2-production-2048,1,two_layer_member_addition,two_layer,2.507200000,ms,2.507200000,sum of one regional and one global member addition,false,false,true,
2048,256,1000,30,2026,local-e2-production-2048,1,witness_generation,regional,403.413400000,ms,403.413400000,fresh witness for one active member,false,false,true,
2048,256,1000,30,2026,local-e2-production-2048,1,witness_generation,global,439.446600000,ms,439.446600000,fresh witness for one active member,false,false,true,
2048,256,1000,30,2026,local-e2-production-2048,1,two_layer_claim_generation,two_layer,842.860000000,ms,842.860000000,sum of regional and global witness generation,false,false,true,
2048,256,1000,30,2026,local-e2-production-2048,1,membership_verification,regional,2.000400000,ms,2.000400000,one current regional witness,false,false,true,
2048,256,1000,30,2026,local-e2-production-2048,1,membership_verification,global,1.999200000,ms,1.999200000,one current global witness,false,false,true,
2048,256,1000,30,2026,local-e2-production-2048,1,two_layer_membership_verification,two_layer,3.999600000,ms,3.999600000,sum of current regional and global verification,false,false,true,
2048,256,1000,30,2026,local-e2-production-2048,1,revocation,regional,412.817000000,ms,412.817000000,remove one member and recompute the regional accumulator,false,false,true,
2048,256,1000,30,2026,local-e2-production-2048,1,revocation,global,400.121300000,ms,400.121300000,remove one member and recompute the global accumulator,false,false,true,
2048,256,1000,30,2026,local-e2-production-2048,1,two_layer_revocation,two_layer,812.938300000,ms,812.938300000,sum of regional and global removal/recomputation,false,false,true,
2048,256,1000,30,2026,local-e2-production-2048,1,single_witness_refresh_after_revocation,regional,403.823500000,ms,403.823500000,refresh one remaining member witness; not all members,false,false,true,
2048,256,1000,30,2026,local-e2-production-2048,1,single_witness_refresh_after_revocation,global,396.865100000,ms,396.865100000,refresh one remaining member witness; not all members,false,false,true,
2048,256,1000,30,2026,local-e2-production-2048,1,two_layer_single_witness_refresh_after_revocation,two_layer,800.688600000,ms,800.688600000,sum for one remaining member's regional and global witnesses; not all members,false,false,true,
2048,256,1000,30,2026,local-e2-production-2048,1,membership_claim_json_size,two_layer,1922.000000000,bytes,,one regional+global context-bound membership claim JSON,false,false,true,
2048,256,1000,30,2026,local-e2-production-2048,1,public_accumulator_state_json_size,two_layer,94352.000000000,bytes,,two public accumulator states including active prime representatives; no RSA factors,false,false,true,
2048,256,5000,1,2026,local-e2-production-2048,1,hash_to_prime,regional,3.077100000,ms,3.077100000,one deterministic 256-bit prime representative; prime search included; RSA setup excluded,false,false,true,
2048,256,5000,1,2026,local-e2-production-2048,1,hash_to_prime,global,5.031200000,ms,5.031200000,one deterministic 256-bit prime representative; prime search included; RSA setup excluded,false,false,true,
2048,256,5000,1,2026,local-e2-production-2048,1,two_layer_hash_to_prime,two_layer,8.108300000,ms,8.108300000,sum for one regional and one global representative,false,false,true,
2048,256,5000,1,2026,local-e2-production-2048,1,member_addition,regional,2.536300000,ms,2.536300000,add one member to an identical n-1 active-member state,false,false,true,
2048,256,5000,1,2026,local-e2-production-2048,1,member_addition,global,1.618500000,ms,1.618500000,add one member to an identical n-1 active-member state,false,false,true,
2048,256,5000,1,2026,local-e2-production-2048,1,two_layer_member_addition,two_layer,4.154800000,ms,4.154800000,sum of one regional and one global member addition,false,false,true,
2048,256,5000,1,2026,local-e2-production-2048,1,witness_generation,regional,2044.910400000,ms,2044.910400000,fresh witness for one active member,false,false,true,
2048,256,5000,1,2026,local-e2-production-2048,1,witness_generation,global,2066.706400000,ms,2066.706400000,fresh witness for one active member,false,false,true,
2048,256,5000,1,2026,local-e2-production-2048,1,two_layer_claim_generation,two_layer,4111.616800000,ms,4111.616800000,sum of regional and global witness generation,false,false,true,
2048,256,5000,1,2026,local-e2-production-2048,1,membership_verification,regional,1.001400000,ms,1.001400000,one current regional witness,false,false,true,
2048,256,5000,1,2026,local-e2-production-2048,1,membership_verification,global,2.480300000,ms,2.480300000,one current global witness,false,false,true,
2048,256,5000,1,2026,local-e2-production-2048,1,two_layer_membership_verification,two_layer,3.481700000,ms,3.481700000,sum of current regional and global verification,false,false,true,
2048,256,5000,1,2026,local-e2-production-2048,1,revocation,regional,2090.635400000,ms,2090.635400000,remove one member and recompute the regional accumulator,false,false,true,
2048,256,5000,1,2026,local-e2-production-2048,1,revocation,global,1997.644600000,ms,1997.644600000,remove one member and recompute the global accumulator,false,false,true,
2048,256,5000,1,2026,local-e2-production-2048,1,two_layer_revocation,two_layer,4088.280000000,ms,4088.280000000,sum of regional and global removal/recomputation,false,false,true,
2048,256,5000,1,2026,local-e2-production-2048,1,single_witness_refresh_after_revocation,regional,2042.155300000,ms,2042.155300000,refresh one remaining member witness; not all members,false,false,true,
2048,256,5000,1,2026,local-e2-production-2048,1,single_witness_refresh_after_revocation,global,2012.416800000,ms,2012.416800000,refresh one remaining member witness; not all members,false,false,true,
2048,256,5000,1,2026,local-e2-production-2048,1,two_layer_single_witness_refresh_after_revocation,two_layer,4054.572100000,ms,4054.572100000,sum for one remaining member's regional and global witnesses; not all members,false,false,true,
2048,256,5000,1,2026,local-e2-production-2048,1,membership_claim_json_size,two_layer,1922.000000000,bytes,,one regional+global context-bound membership claim JSON,false,false,true,
2048,256,5000,1,2026,local-e2-production-2048,1,public_accumulator_state_json_size,two_layer,462352.000000000,bytes,,two public accumulator states including active prime representatives; no RSA factors,false,false,true,
2048,256,5000,2,2026,local-e2-production-2048,1,hash_to_prime,regional,1.005700000,ms,1.005700000,one deterministic 256-bit prime representative; prime search included; RSA setup excluded,false,false,true,
2048,256,5000,2,2026,local-e2-production-2048,1,hash_to_prime,global,3.001700000,ms,3.001700000,one deterministic 256-bit prime representative; prime search included; RSA setup excluded,false,false,true,
2048,256,5000,2,2026,local-e2-production-2048,1,two_layer_hash_to_prime,two_layer,4.007400000,ms,4.007400000,sum for one regional and one global representative,false,false,true,
2048,256,5000,2,2026,local-e2-production-2048,1,member_addition,regional,1.000400000,ms,1.000400000,add one member to an identical n-1 active-member state,false,false,true,
2048,256,5000,2,2026,local-e2-production-2048,1,member_addition,global,1.486600000,ms,1.486600000,add one member to an identical n-1 active-member state,false,false,true,
2048,256,5000,2,2026,local-e2-production-2048,1,two_layer_member_addition,two_layer,2.487000000,ms,2.487000000,sum of one regional and one global member addition,false,false,true,
2048,256,5000,2,2026,local-e2-production-2048,1,witness_generation,regional,2143.740100000,ms,2143.740100000,fresh witness for one active member,false,false,true,
2048,256,5000,2,2026,local-e2-production-2048,1,witness_generation,global,2062.301600000,ms,2062.301600000,fresh witness for one active member,false,false,true,
2048,256,5000,2,2026,local-e2-production-2048,1,two_layer_claim_generation,two_layer,4206.041700000,ms,4206.041700000,sum of regional and global witness generation,false,false,true,
2048,256,5000,2,2026,local-e2-production-2048,1,membership_verification,regional,0.999800000,ms,0.999800000,one current regional witness,false,false,true,
2048,256,5000,2,2026,local-e2-production-2048,1,membership_verification,global,1.003500000,ms,1.003500000,one current global witness,false,false,true,
2048,256,5000,2,2026,local-e2-production-2048,1,two_layer_membership_verification,two_layer,2.003300000,ms,2.003300000,sum of current regional and global verification,false,false,true,
2048,256,5000,2,2026,local-e2-production-2048,1,revocation,regional,2186.073600000,ms,2186.073600000,remove one member and recompute the regional accumulator,false,false,true,
2048,256,5000,2,2026,local-e2-production-2048,1,revocation,global,2056.985900000,ms,2056.985900000,remove one member and recompute the global accumulator,false,false,true,
2048,256,5000,2,2026,local-e2-production-2048,1,two_layer_revocation,two_layer,4243.059500000,ms,4243.059500000,sum of regional and global removal/recomputation,false,false,true,
2048,256,5000,2,2026,local-e2-production-2048,1,single_witness_refresh_after_revocation,regional,2109.055200000,ms,2109.055200000,refresh one remaining member witness; not all members,false,false,true,
2048,256,5000,2,2026,local-e2-production-2048,1,single_witness_refresh_after_revocation,global,2245.070000000,ms,2245.070000000,refresh one remaining member witness; not all members,false,false,true,
2048,256,5000,2,2026,local-e2-production-2048,1,two_layer_single_witness_refresh_after_revocation,two_layer,4354.125200000,ms,4354.125200000,sum for one remaining member's regional and global witnesses; not all members,false,false,true,
2048,256,5000,2,2026,local-e2-production-2048,1,membership_claim_json_size,two_layer,1922.000000000,bytes,,one regional+global context-bound membership claim JSON,false,false,true,
2048,256,5000,2,2026,local-e2-production-2048,1,public_accumulator_state_json_size,two_layer,462352.000000000,bytes,,two public accumulator states including active prime representatives; no RSA factors,false,false,true,
2048,256,5000,3,2026,local-e2-production-2048,1,hash_to_prime,regional,1.001300000,ms,1.001300000,one deterministic 256-bit prime representative; prime search included; RSA setup excluded,false,false,true,
2048,256,5000,3,2026,local-e2-production-2048,1,hash_to_prime,global,1.546500000,ms,1.546500000,one deterministic 256-bit prime representative; prime search included; RSA setup excluded,false,false,true,
2048,256,5000,3,2026,local-e2-production-2048,1,two_layer_hash_to_prime,two_layer,2.547800000,ms,2.547800000,sum for one regional and one global representative,false,false,true,
2048,256,5000,3,2026,local-e2-production-2048,1,member_addition,regional,1.003600000,ms,1.003600000,add one member to an identical n-1 active-member state,false,false,true,
2048,256,5000,3,2026,local-e2-production-2048,1,member_addition,global,1.504400000,ms,1.504400000,add one member to an identical n-1 active-member state,false,false,true,
2048,256,5000,3,2026,local-e2-production-2048,1,two_layer_member_addition,two_layer,2.508000000,ms,2.508000000,sum of one regional and one global member addition,false,false,true,
2048,256,5000,3,2026,local-e2-production-2048,1,witness_generation,regional,2002.290400000,ms,2002.290400000,fresh witness for one active member,false,false,true,
2048,256,5000,3,2026,local-e2-production-2048,1,witness_generation,global,2032.278300000,ms,2032.278300000,fresh witness for one active member,false,false,true,
2048,256,5000,3,2026,local-e2-production-2048,1,two_layer_claim_generation,two_layer,4034.568700000,ms,4034.568700000,sum of regional and global witness generation,false,false,true,
2048,256,5000,3,2026,local-e2-production-2048,1,membership_verification,regional,2.497200000,ms,2.497200000,one current regional witness,false,false,true,
2048,256,5000,3,2026,local-e2-production-2048,1,membership_verification,global,1.577900000,ms,1.577900000,one current global witness,false,false,true,
2048,256,5000,3,2026,local-e2-production-2048,1,two_layer_membership_verification,two_layer,4.075100000,ms,4.075100000,sum of current regional and global verification,false,false,true,
2048,256,5000,3,2026,local-e2-production-2048,1,revocation,regional,2011.140600000,ms,2011.140600000,remove one member and recompute the regional accumulator,false,false,true,
2048,256,5000,3,2026,local-e2-production-2048,1,revocation,global,2053.063600000,ms,2053.063600000,remove one member and recompute the global accumulator,false,false,true,
2048,256,5000,3,2026,local-e2-production-2048,1,two_layer_revocation,two_layer,4064.204200000,ms,4064.204200000,sum of regional and global removal/recomputation,false,false,true,
2048,256,5000,3,2026,local-e2-production-2048,1,single_witness_refresh_after_revocation,regional,2066.858500000,ms,2066.858500000,refresh one remaining member witness; not all members,false,false,true,
2048,256,5000,3,2026,local-e2-production-2048,1,single_witness_refresh_after_revocation,global,2023.581900000,ms,2023.581900000,refresh one remaining member witness; not all members,false,false,true,
2048,256,5000,3,2026,local-e2-production-2048,1,two_layer_single_witness_refresh_after_revocation,two_layer,4090.440400000,ms,4090.440400000,sum for one remaining member's regional and global witnesses; not all members,false,false,true,
2048,256,5000,3,2026,local-e2-production-2048,1,membership_claim_json_size,two_layer,1922.000000000,bytes,,one regional+global context-bound membership claim JSON,false,false,true,
2048,256,5000,3,2026,local-e2-production-2048,1,public_accumulator_state_json_size,two_layer,462352.000000000,bytes,,two public accumulator states including active prime representatives; no RSA factors,false,false,true,
2048,256,5000,4,2026,local-e2-production-2048,1,hash_to_prime,regional,1.511200000,ms,1.511200000,one deterministic 256-bit prime representative; prime search included; RSA setup excluded,false,false,true,
2048,256,5000,4,2026,local-e2-production-2048,1,hash_to_prime,global,1.662000000,ms,1.662000000,one deterministic 256-bit prime representative; prime search included; RSA setup excluded,false,false,true,
2048,256,5000,4,2026,local-e2-production-2048,1,two_layer_hash_to_prime,two_layer,3.173200000,ms,3.173200000,sum for one regional and one global representative,false,false,true,
2048,256,5000,4,2026,local-e2-production-2048,1,member_addition,regional,2.000400000,ms,2.000400000,add one member to an identical n-1 active-member state,false,false,true,
2048,256,5000,4,2026,local-e2-production-2048,1,member_addition,global,1.048500000,ms,1.048500000,add one member to an identical n-1 active-member state,false,false,true,
2048,256,5000,4,2026,local-e2-production-2048,1,two_layer_member_addition,two_layer,3.048900000,ms,3.048900000,sum of one regional and one global member addition,false,false,true,
2048,256,5000,4,2026,local-e2-production-2048,1,witness_generation,regional,2488.620200000,ms,2488.620200000,fresh witness for one active member,false,false,true,
2048,256,5000,4,2026,local-e2-production-2048,1,witness_generation,global,2146.663100000,ms,2146.663100000,fresh witness for one active member,false,false,true,
2048,256,5000,4,2026,local-e2-production-2048,1,two_layer_claim_generation,two_layer,4635.283300000,ms,4635.283300000,sum of regional and global witness generation,false,false,true,
2048,256,5000,4,2026,local-e2-production-2048,1,membership_verification,regional,2.018700000,ms,2.018700000,one current regional witness,false,false,true,
2048,256,5000,4,2026,local-e2-production-2048,1,membership_verification,global,1.000500000,ms,1.000500000,one current global witness,false,false,true,
2048,256,5000,4,2026,local-e2-production-2048,1,two_layer_membership_verification,two_layer,3.019200000,ms,3.019200000,sum of current regional and global verification,false,false,true,
2048,256,5000,4,2026,local-e2-production-2048,1,revocation,regional,2069.176900000,ms,2069.176900000,remove one member and recompute the regional accumulator,false,false,true,
2048,256,5000,4,2026,local-e2-production-2048,1,revocation,global,2084.082200000,ms,2084.082200000,remove one member and recompute the global accumulator,false,false,true,
2048,256,5000,4,2026,local-e2-production-2048,1,two_layer_revocation,two_layer,4153.259100000,ms,4153.259100000,sum of regional and global removal/recomputation,false,false,true,
2048,256,5000,4,2026,local-e2-production-2048,1,single_witness_refresh_after_revocation,regional,2153.637100000,ms,2153.637100000,refresh one remaining member witness; not all members,false,false,true,
2048,256,5000,4,2026,local-e2-production-2048,1,single_witness_refresh_after_revocation,global,2133.031100000,ms,2133.031100000,refresh one remaining member witness; not all members,false,false,true,
2048,256,5000,4,2026,local-e2-production-2048,1,two_layer_single_witness_refresh_after_revocation,two_layer,4286.668200000,ms,4286.668200000,sum for one remaining member's regional and global witnesses; not all members,false,false,true,
2048,256,5000,4,2026,local-e2-production-2048,1,membership_claim_json_size,two_layer,1922.000000000,bytes,,one regional+global context-bound membership claim JSON,false,false,true,
2048,256,5000,4,2026,local-e2-production-2048,1,public_accumulator_state_json_size,two_layer,462352.000000000,bytes,,two public accumulator states including active prime representatives; no RSA factors,false,false,true,
2048,256,5000,5,2026,local-e2-production-2048,1,hash_to_prime,regional,5.060700000,ms,5.060700000,one deterministic 256-bit prime representative; prime search included; RSA setup excluded,false,false,true,
2048,256,5000,5,2026,local-e2-production-2048,1,hash_to_prime,global,1.274600000,ms,1.274600000,one deterministic 256-bit prime representative; prime search included; RSA setup excluded,false,false,true,
2048,256,5000,5,2026,local-e2-production-2048,1,two_layer_hash_to_prime,two_layer,6.335300000,ms,6.335300000,sum for one regional and one global representative,false,false,true,
2048,256,5000,5,2026,local-e2-production-2048,1,member_addition,regional,2.656500000,ms,2.656500000,add one member to an identical n-1 active-member state,false,false,true,
2048,256,5000,5,2026,local-e2-production-2048,1,member_addition,global,1.523600000,ms,1.523600000,add one member to an identical n-1 active-member state,false,false,true,
2048,256,5000,5,2026,local-e2-production-2048,1,two_layer_member_addition,two_layer,4.180100000,ms,4.180100000,sum of one regional and one global member addition,false,false,true,
2048,256,5000,5,2026,local-e2-production-2048,1,witness_generation,regional,2080.076200000,ms,2080.076200000,fresh witness for one active member,false,false,true,
2048,256,5000,5,2026,local-e2-production-2048,1,witness_generation,global,2020.453600000,ms,2020.453600000,fresh witness for one active member,false,false,true,
2048,256,5000,5,2026,local-e2-production-2048,1,two_layer_claim_generation,two_layer,4100.529800000,ms,4100.529800000,sum of regional and global witness generation,false,false,true,
2048,256,5000,5,2026,local-e2-production-2048,1,membership_verification,regional,1.001700000,ms,1.001700000,one current regional witness,false,false,true,
2048,256,5000,5,2026,local-e2-production-2048,1,membership_verification,global,2.253400000,ms,2.253400000,one current global witness,false,false,true,
2048,256,5000,5,2026,local-e2-production-2048,1,two_layer_membership_verification,two_layer,3.255100000,ms,3.255100000,sum of current regional and global verification,false,false,true,
2048,256,5000,5,2026,local-e2-production-2048,1,revocation,regional,2107.112100000,ms,2107.112100000,remove one member and recompute the regional accumulator,false,false,true,
2048,256,5000,5,2026,local-e2-production-2048,1,revocation,global,2085.231200000,ms,2085.231200000,remove one member and recompute the global accumulator,false,false,true,
2048,256,5000,5,2026,local-e2-production-2048,1,two_layer_revocation,two_layer,4192.343300000,ms,4192.343300000,sum of regional and global removal/recomputation,false,false,true,
2048,256,5000,5,2026,local-e2-production-2048,1,single_witness_refresh_after_revocation,regional,2193.656700000,ms,2193.656700000,refresh one remaining member witness; not all members,false,false,true,
2048,256,5000,5,2026,local-e2-production-2048,1,single_witness_refresh_after_revocation,global,2110.078000000,ms,2110.078000000,refresh one remaining member witness; not all members,false,false,true,
2048,256,5000,5,2026,local-e2-production-2048,1,two_layer_single_witness_refresh_after_revocation,two_layer,4303.734700000,ms,4303.734700000,sum for one remaining member's regional and global witnesses; not all members,false,false,true,
2048,256,5000,5,2026,local-e2-production-2048,1,membership_claim_json_size,two_layer,1922.000000000,bytes,,one regional+global context-bound membership claim JSON,false,false,true,
2048,256,5000,5,2026,local-e2-production-2048,1,public_accumulator_state_json_size,two_layer,462352.000000000,bytes,,two public accumulator states including active prime representatives; no RSA factors,false,false,true,
2048,256,5000,6,2026,local-e2-production-2048,1,hash_to_prime,regional,2.125700000,ms,2.125700000,one deterministic 256-bit prime representative; prime search included; RSA setup excluded,false,false,true,
2048,256,5000,6,2026,local-e2-production-2048,1,hash_to_prime,global,3.314700000,ms,3.314700000,one deterministic 256-bit prime representative; prime search included; RSA setup excluded,false,false,true,
2048,256,5000,6,2026,local-e2-production-2048,1,two_layer_hash_to_prime,two_layer,5.440400000,ms,5.440400000,sum for one regional and one global representative,false,false,true,
2048,256,5000,6,2026,local-e2-production-2048,1,member_addition,regional,2.331400000,ms,2.331400000,add one member to an identical n-1 active-member state,false,false,true,
2048,256,5000,6,2026,local-e2-production-2048,1,member_addition,global,1.000500000,ms,1.000500000,add one member to an identical n-1 active-member state,false,false,true,
2048,256,5000,6,2026,local-e2-production-2048,1,two_layer_member_addition,two_layer,3.331900000,ms,3.331900000,sum of one regional and one global member addition,false,false,true,
2048,256,5000,6,2026,local-e2-production-2048,1,witness_generation,regional,2021.113700000,ms,2021.113700000,fresh witness for one active member,false,false,true,
2048,256,5000,6,2026,local-e2-production-2048,1,witness_generation,global,2043.977600000,ms,2043.977600000,fresh witness for one active member,false,false,true,
2048,256,5000,6,2026,local-e2-production-2048,1,two_layer_claim_generation,two_layer,4065.091300000,ms,4065.091300000,sum of regional and global witness generation,false,false,true,
2048,256,5000,6,2026,local-e2-production-2048,1,membership_verification,regional,1.839200000,ms,1.839200000,one current regional witness,false,false,true,
2048,256,5000,6,2026,local-e2-production-2048,1,membership_verification,global,1.003600000,ms,1.003600000,one current global witness,false,false,true,
2048,256,5000,6,2026,local-e2-production-2048,1,two_layer_membership_verification,two_layer,2.842800000,ms,2.842800000,sum of current regional and global verification,false,false,true,
2048,256,5000,6,2026,local-e2-production-2048,1,revocation,regional,2093.617300000,ms,2093.617300000,remove one member and recompute the regional accumulator,false,false,true,
2048,256,5000,6,2026,local-e2-production-2048,1,revocation,global,2084.089900000,ms,2084.089900000,remove one member and recompute the global accumulator,false,false,true,
2048,256,5000,6,2026,local-e2-production-2048,1,two_layer_revocation,two_layer,4177.707200000,ms,4177.707200000,sum of regional and global removal/recomputation,false,false,true,
2048,256,5000,6,2026,local-e2-production-2048,1,single_witness_refresh_after_revocation,regional,2143.972400000,ms,2143.972400000,refresh one remaining member witness; not all members,false,false,true,
2048,256,5000,6,2026,local-e2-production-2048,1,single_witness_refresh_after_revocation,global,2156.521400000,ms,2156.521400000,refresh one remaining member witness; not all members,false,false,true,
2048,256,5000,6,2026,local-e2-production-2048,1,two_layer_single_witness_refresh_after_revocation,two_layer,4300.493800000,ms,4300.493800000,sum for one remaining member's regional and global witnesses; not all members,false,false,true,
2048,256,5000,6,2026,local-e2-production-2048,1,membership_claim_json_size,two_layer,1922.000000000,bytes,,one regional+global context-bound membership claim JSON,false,false,true,
2048,256,5000,6,2026,local-e2-production-2048,1,public_accumulator_state_json_size,two_layer,462352.000000000,bytes,,two public accumulator states including active prime representatives; no RSA factors,false,false,true,
2048,256,5000,7,2026,local-e2-production-2048,1,hash_to_prime,regional,2.003800000,ms,2.003800000,one deterministic 256-bit prime representative; prime search included; RSA setup excluded,false,false,true,
2048,256,5000,7,2026,local-e2-production-2048,1,hash_to_prime,global,1.507900000,ms,1.507900000,one deterministic 256-bit prime representative; prime search included; RSA setup excluded,false,false,true,
2048,256,5000,7,2026,local-e2-production-2048,1,two_layer_hash_to_prime,two_layer,3.511700000,ms,3.511700000,sum for one regional and one global representative,false,false,true,
2048,256,5000,7,2026,local-e2-production-2048,1,member_addition,regional,2.996700000,ms,2.996700000,add one member to an identical n-1 active-member state,false,false,true,
2048,256,5000,7,2026,local-e2-production-2048,1,member_addition,global,3.007400000,ms,3.007400000,add one member to an identical n-1 active-member state,false,false,true,
2048,256,5000,7,2026,local-e2-production-2048,1,two_layer_member_addition,two_layer,6.004100000,ms,6.004100000,sum of one regional and one global member addition,false,false,true,
2048,256,5000,7,2026,local-e2-production-2048,1,witness_generation,regional,2144.199100000,ms,2144.199100000,fresh witness for one active member,false,false,true,
2048,256,5000,7,2026,local-e2-production-2048,1,witness_generation,global,2060.315600000,ms,2060.315600000,fresh witness for one active member,false,false,true,
2048,256,5000,7,2026,local-e2-production-2048,1,two_layer_claim_generation,two_layer,4204.514700000,ms,4204.514700000,sum of regional and global witness generation,false,false,true,
2048,256,5000,7,2026,local-e2-production-2048,1,membership_verification,regional,1.504300000,ms,1.504300000,one current regional witness,false,false,true,
2048,256,5000,7,2026,local-e2-production-2048,1,membership_verification,global,2.004700000,ms,2.004700000,one current global witness,false,false,true,
2048,256,5000,7,2026,local-e2-production-2048,1,two_layer_membership_verification,two_layer,3.509000000,ms,3.509000000,sum of current regional and global verification,false,false,true,
2048,256,5000,7,2026,local-e2-production-2048,1,revocation,regional,2068.914300000,ms,2068.914300000,remove one member and recompute the regional accumulator,false,false,true,
2048,256,5000,7,2026,local-e2-production-2048,1,revocation,global,2028.194500000,ms,2028.194500000,remove one member and recompute the global accumulator,false,false,true,
2048,256,5000,7,2026,local-e2-production-2048,1,two_layer_revocation,two_layer,4097.108800000,ms,4097.108800000,sum of regional and global removal/recomputation,false,false,true,
2048,256,5000,7,2026,local-e2-production-2048,1,single_witness_refresh_after_revocation,regional,2079.752700000,ms,2079.752700000,refresh one remaining member witness; not all members,false,false,true,
2048,256,5000,7,2026,local-e2-production-2048,1,single_witness_refresh_after_revocation,global,2263.727900000,ms,2263.727900000,refresh one remaining member witness; not all members,false,false,true,
2048,256,5000,7,2026,local-e2-production-2048,1,two_layer_single_witness_refresh_after_revocation,two_layer,4343.480600000,ms,4343.480600000,sum for one remaining member's regional and global witnesses; not all members,false,false,true,
2048,256,5000,7,2026,local-e2-production-2048,1,membership_claim_json_size,two_layer,1922.000000000,bytes,,one regional+global context-bound membership claim JSON,false,false,true,
2048,256,5000,7,2026,local-e2-production-2048,1,public_accumulator_state_json_size,two_layer,462352.000000000,bytes,,two public accumulator states including active prime representatives; no RSA factors,false,false,true,
2048,256,5000,8,2026,local-e2-production-2048,1,hash_to_prime,regional,2.465200000,ms,2.465200000,one deterministic 256-bit prime representative; prime search included; RSA setup excluded,false,false,true,
2048,256,5000,8,2026,local-e2-production-2048,1,hash_to_prime,global,4.033200000,ms,4.033200000,one deterministic 256-bit prime representative; prime search included; RSA setup excluded,false,false,true,
2048,256,5000,8,2026,local-e2-production-2048,1,two_layer_hash_to_prime,two_layer,6.498400000,ms,6.498400000,sum for one regional and one global representative,false,false,true,
2048,256,5000,8,2026,local-e2-production-2048,1,member_addition,regional,2.504000000,ms,2.504000000,add one member to an identical n-1 active-member state,false,false,true,
2048,256,5000,8,2026,local-e2-production-2048,1,member_addition,global,2.014500000,ms,2.014500000,add one member to an identical n-1 active-member state,false,false,true,
2048,256,5000,8,2026,local-e2-production-2048,1,two_layer_member_addition,two_layer,4.518500000,ms,4.518500000,sum of one regional and one global member addition,false,false,true,
2048,256,5000,8,2026,local-e2-production-2048,1,witness_generation,regional,2120.494300000,ms,2120.494300000,fresh witness for one active member,false,false,true,
2048,256,5000,8,2026,local-e2-production-2048,1,witness_generation,global,2243.335000000,ms,2243.335000000,fresh witness for one active member,false,false,true,
2048,256,5000,8,2026,local-e2-production-2048,1,two_layer_claim_generation,two_layer,4363.829300000,ms,4363.829300000,sum of regional and global witness generation,false,false,true,
2048,256,5000,8,2026,local-e2-production-2048,1,membership_verification,regional,0.996900000,ms,0.996900000,one current regional witness,false,false,true,
2048,256,5000,8,2026,local-e2-production-2048,1,membership_verification,global,1.998600000,ms,1.998600000,one current global witness,false,false,true,
2048,256,5000,8,2026,local-e2-production-2048,1,two_layer_membership_verification,two_layer,2.995500000,ms,2.995500000,sum of current regional and global verification,false,false,true,
2048,256,5000,8,2026,local-e2-production-2048,1,revocation,regional,2226.003700000,ms,2226.003700000,remove one member and recompute the regional accumulator,false,false,true,
2048,256,5000,8,2026,local-e2-production-2048,1,revocation,global,2107.002900000,ms,2107.002900000,remove one member and recompute the global accumulator,false,false,true,
2048,256,5000,8,2026,local-e2-production-2048,1,two_layer_revocation,two_layer,4333.006600000,ms,4333.006600000,sum of regional and global removal/recomputation,false,false,true,
2048,256,5000,8,2026,local-e2-production-2048,1,single_witness_refresh_after_revocation,regional,2077.179400000,ms,2077.179400000,refresh one remaining member witness; not all members,false,false,true,
2048,256,5000,8,2026,local-e2-production-2048,1,single_witness_refresh_after_revocation,global,2122.221900000,ms,2122.221900000,refresh one remaining member witness; not all members,false,false,true,
2048,256,5000,8,2026,local-e2-production-2048,1,two_layer_single_witness_refresh_after_revocation,two_layer,4199.401300000,ms,4199.401300000,sum for one remaining member's regional and global witnesses; not all members,false,false,true,
2048,256,5000,8,2026,local-e2-production-2048,1,membership_claim_json_size,two_layer,1922.000000000,bytes,,one regional+global context-bound membership claim JSON,false,false,true,
2048,256,5000,8,2026,local-e2-production-2048,1,public_accumulator_state_json_size,two_layer,462352.000000000,bytes,,two public accumulator states including active prime representatives; no RSA factors,false,false,true,
2048,256,5000,9,2026,local-e2-production-2048,1,hash_to_prime,regional,1.003400000,ms,1.003400000,one deterministic 256-bit prime representative; prime search included; RSA setup excluded,false,false,true,
2048,256,5000,9,2026,local-e2-production-2048,1,hash_to_prime,global,3.948900000,ms,3.948900000,one deterministic 256-bit prime representative; prime search included; RSA setup excluded,false,false,true,
2048,256,5000,9,2026,local-e2-production-2048,1,two_layer_hash_to_prime,two_layer,4.952300000,ms,4.952300000,sum for one regional and one global representative,false,false,true,
2048,256,5000,9,2026,local-e2-production-2048,1,member_addition,regional,1.069800000,ms,1.069800000,add one member to an identical n-1 active-member state,false,false,true,
2048,256,5000,9,2026,local-e2-production-2048,1,member_addition,global,1.675000000,ms,1.675000000,add one member to an identical n-1 active-member state,false,false,true,
2048,256,5000,9,2026,local-e2-production-2048,1,two_layer_member_addition,two_layer,2.744800000,ms,2.744800000,sum of one regional and one global member addition,false,false,true,
2048,256,5000,9,2026,local-e2-production-2048,1,witness_generation,regional,2317.344500000,ms,2317.344500000,fresh witness for one active member,false,false,true,
2048,256,5000,9,2026,local-e2-production-2048,1,witness_generation,global,2194.892500000,ms,2194.892500000,fresh witness for one active member,false,false,true,
2048,256,5000,9,2026,local-e2-production-2048,1,two_layer_claim_generation,two_layer,4512.237000000,ms,4512.237000000,sum of regional and global witness generation,false,false,true,
2048,256,5000,9,2026,local-e2-production-2048,1,membership_verification,regional,2.003100000,ms,2.003100000,one current regional witness,false,false,true,
2048,256,5000,9,2026,local-e2-production-2048,1,membership_verification,global,1.243900000,ms,1.243900000,one current global witness,false,false,true,
2048,256,5000,9,2026,local-e2-production-2048,1,two_layer_membership_verification,two_layer,3.247000000,ms,3.247000000,sum of current regional and global verification,false,false,true,
2048,256,5000,9,2026,local-e2-production-2048,1,revocation,regional,2115.995500000,ms,2115.995500000,remove one member and recompute the regional accumulator,false,false,true,
2048,256,5000,9,2026,local-e2-production-2048,1,revocation,global,2127.150100000,ms,2127.150100000,remove one member and recompute the global accumulator,false,false,true,
2048,256,5000,9,2026,local-e2-production-2048,1,two_layer_revocation,two_layer,4243.145600000,ms,4243.145600000,sum of regional and global removal/recomputation,false,false,true,
2048,256,5000,9,2026,local-e2-production-2048,1,single_witness_refresh_after_revocation,regional,2082.097100000,ms,2082.097100000,refresh one remaining member witness; not all members,false,false,true,
2048,256,5000,9,2026,local-e2-production-2048,1,single_witness_refresh_after_revocation,global,2101.929200000,ms,2101.929200000,refresh one remaining member witness; not all members,false,false,true,
2048,256,5000,9,2026,local-e2-production-2048,1,two_layer_single_witness_refresh_after_revocation,two_layer,4184.026300000,ms,4184.026300000,sum for one remaining member's regional and global witnesses; not all members,false,false,true,
2048,256,5000,9,2026,local-e2-production-2048,1,membership_claim_json_size,two_layer,1922.000000000,bytes,,one regional+global context-bound membership claim JSON,false,false,true,
2048,256,5000,9,2026,local-e2-production-2048,1,public_accumulator_state_json_size,two_layer,462352.000000000,bytes,,two public accumulator states including active prime representatives; no RSA factors,false,false,true,
2048,256,5000,10,2026,local-e2-production-2048,1,hash_to_prime,regional,1.005000000,ms,1.005000000,one deterministic 256-bit prime representative; prime search included; RSA setup excluded,false,false,true,
2048,256,5000,10,2026,local-e2-production-2048,1,hash_to_prime,global,1.503400000,ms,1.503400000,one deterministic 256-bit prime representative; prime search included; RSA setup excluded,false,false,true,
2048,256,5000,10,2026,local-e2-production-2048,1,two_layer_hash_to_prime,two_layer,2.508400000,ms,2.508400000,sum for one regional and one global representative,false,false,true,
2048,256,5000,10,2026,local-e2-production-2048,1,member_addition,regional,1.206300000,ms,1.206300000,add one member to an identical n-1 active-member state,false,false,true,
2048,256,5000,10,2026,local-e2-production-2048,1,member_addition,global,0.997500000,ms,0.997500000,add one member to an identical n-1 active-member state,false,false,true,
2048,256,5000,10,2026,local-e2-production-2048,1,two_layer_member_addition,two_layer,2.203800000,ms,2.203800000,sum of one regional and one global member addition,false,false,true,
2048,256,5000,10,2026,local-e2-production-2048,1,witness_generation,regional,2182.321300000,ms,2182.321300000,fresh witness for one active member,false,false,true,
2048,256,5000,10,2026,local-e2-production-2048,1,witness_generation,global,2074.539700000,ms,2074.539700000,fresh witness for one active member,false,false,true,
2048,256,5000,10,2026,local-e2-production-2048,1,two_layer_claim_generation,two_layer,4256.861000000,ms,4256.861000000,sum of regional and global witness generation,false,false,true,
2048,256,5000,10,2026,local-e2-production-2048,1,membership_verification,regional,0.999800000,ms,0.999800000,one current regional witness,false,false,true,
2048,256,5000,10,2026,local-e2-production-2048,1,membership_verification,global,1.504000000,ms,1.504000000,one current global witness,false,false,true,
2048,256,5000,10,2026,local-e2-production-2048,1,two_layer_membership_verification,two_layer,2.503800000,ms,2.503800000,sum of current regional and global verification,false,false,true,
2048,256,5000,10,2026,local-e2-production-2048,1,revocation,regional,2228.136200000,ms,2228.136200000,remove one member and recompute the regional accumulator,false,false,true,
2048,256,5000,10,2026,local-e2-production-2048,1,revocation,global,2056.773100000,ms,2056.773100000,remove one member and recompute the global accumulator,false,false,true,
2048,256,5000,10,2026,local-e2-production-2048,1,two_layer_revocation,two_layer,4284.909300000,ms,4284.909300000,sum of regional and global removal/recomputation,false,false,true,
2048,256,5000,10,2026,local-e2-production-2048,1,single_witness_refresh_after_revocation,regional,2016.779100000,ms,2016.779100000,refresh one remaining member witness; not all members,false,false,true,
2048,256,5000,10,2026,local-e2-production-2048,1,single_witness_refresh_after_revocation,global,2034.934800000,ms,2034.934800000,refresh one remaining member witness; not all members,false,false,true,
2048,256,5000,10,2026,local-e2-production-2048,1,two_layer_single_witness_refresh_after_revocation,two_layer,4051.713900000,ms,4051.713900000,sum for one remaining member's regional and global witnesses; not all members,false,false,true,
2048,256,5000,10,2026,local-e2-production-2048,1,membership_claim_json_size,two_layer,1922.000000000,bytes,,one regional+global context-bound membership claim JSON,false,false,true,
2048,256,5000,10,2026,local-e2-production-2048,1,public_accumulator_state_json_size,two_layer,462352.000000000,bytes,,two public accumulator states including active prime representatives; no RSA factors,false,false,true,
2048,256,5000,11,2026,local-e2-production-2048,1,hash_to_prime,regional,2.000300000,ms,2.000300000,one deterministic 256-bit prime representative; prime search included; RSA setup excluded,false,false,true,
2048,256,5000,11,2026,local-e2-production-2048,1,hash_to_prime,global,1.341000000,ms,1.341000000,one deterministic 256-bit prime representative; prime search included; RSA setup excluded,false,false,true,
2048,256,5000,11,2026,local-e2-production-2048,1,two_layer_hash_to_prime,two_layer,3.341300000,ms,3.341300000,sum for one regional and one global representative,false,false,true,
2048,256,5000,11,2026,local-e2-production-2048,1,member_addition,regional,1.214800000,ms,1.214800000,add one member to an identical n-1 active-member state,false,false,true,
2048,256,5000,11,2026,local-e2-production-2048,1,member_addition,global,1.998900000,ms,1.998900000,add one member to an identical n-1 active-member state,false,false,true,
2048,256,5000,11,2026,local-e2-production-2048,1,two_layer_member_addition,two_layer,3.213700000,ms,3.213700000,sum of one regional and one global member addition,false,false,true,
2048,256,5000,11,2026,local-e2-production-2048,1,witness_generation,regional,2052.856400000,ms,2052.856400000,fresh witness for one active member,false,false,true,
2048,256,5000,11,2026,local-e2-production-2048,1,witness_generation,global,2153.760800000,ms,2153.760800000,fresh witness for one active member,false,false,true,
2048,256,5000,11,2026,local-e2-production-2048,1,two_layer_claim_generation,two_layer,4206.617200000,ms,4206.617200000,sum of regional and global witness generation,false,false,true,
2048,256,5000,11,2026,local-e2-production-2048,1,membership_verification,regional,2.018800000,ms,2.018800000,one current regional witness,false,false,true,
2048,256,5000,11,2026,local-e2-production-2048,1,membership_verification,global,1.005200000,ms,1.005200000,one current global witness,false,false,true,
2048,256,5000,11,2026,local-e2-production-2048,1,two_layer_membership_verification,two_layer,3.024000000,ms,3.024000000,sum of current regional and global verification,false,false,true,
2048,256,5000,11,2026,local-e2-production-2048,1,revocation,regional,2084.191000000,ms,2084.191000000,remove one member and recompute the regional accumulator,false,false,true,
2048,256,5000,11,2026,local-e2-production-2048,1,revocation,global,2083.432900000,ms,2083.432900000,remove one member and recompute the global accumulator,false,false,true,
2048,256,5000,11,2026,local-e2-production-2048,1,two_layer_revocation,two_layer,4167.623900000,ms,4167.623900000,sum of regional and global removal/recomputation,false,false,true,
2048,256,5000,11,2026,local-e2-production-2048,1,single_witness_refresh_after_revocation,regional,2049.047900000,ms,2049.047900000,refresh one remaining member witness; not all members,false,false,true,
2048,256,5000,11,2026,local-e2-production-2048,1,single_witness_refresh_after_revocation,global,2153.829100000,ms,2153.829100000,refresh one remaining member witness; not all members,false,false,true,
2048,256,5000,11,2026,local-e2-production-2048,1,two_layer_single_witness_refresh_after_revocation,two_layer,4202.877000000,ms,4202.877000000,sum for one remaining member's regional and global witnesses; not all members,false,false,true,
2048,256,5000,11,2026,local-e2-production-2048,1,membership_claim_json_size,two_layer,1922.000000000,bytes,,one regional+global context-bound membership claim JSON,false,false,true,
2048,256,5000,11,2026,local-e2-production-2048,1,public_accumulator_state_json_size,two_layer,462352.000000000,bytes,,two public accumulator states including active prime representatives; no RSA factors,false,false,true,
2048,256,5000,12,2026,local-e2-production-2048,1,hash_to_prime,regional,0.999600000,ms,0.999600000,one deterministic 256-bit prime representative; prime search included; RSA setup excluded,false,false,true,
2048,256,5000,12,2026,local-e2-production-2048,1,hash_to_prime,global,1.001800000,ms,1.001800000,one deterministic 256-bit prime representative; prime search included; RSA setup excluded,false,false,true,
2048,256,5000,12,2026,local-e2-production-2048,1,two_layer_hash_to_prime,two_layer,2.001400000,ms,2.001400000,sum for one regional and one global representative,false,false,true,
2048,256,5000,12,2026,local-e2-production-2048,1,member_addition,regional,2.004600000,ms,2.004600000,add one member to an identical n-1 active-member state,false,false,true,
2048,256,5000,12,2026,local-e2-production-2048,1,member_addition,global,1.509500000,ms,1.509500000,add one member to an identical n-1 active-member state,false,false,true,
2048,256,5000,12,2026,local-e2-production-2048,1,two_layer_member_addition,two_layer,3.514100000,ms,3.514100000,sum of one regional and one global member addition,false,false,true,
2048,256,5000,12,2026,local-e2-production-2048,1,witness_generation,regional,2179.454900000,ms,2179.454900000,fresh witness for one active member,false,false,true,
2048,256,5000,12,2026,local-e2-production-2048,1,witness_generation,global,2160.487500000,ms,2160.487500000,fresh witness for one active member,false,false,true,
2048,256,5000,12,2026,local-e2-production-2048,1,two_layer_claim_generation,two_layer,4339.942400000,ms,4339.942400000,sum of regional and global witness generation,false,false,true,
2048,256,5000,12,2026,local-e2-production-2048,1,membership_verification,regional,1.000400000,ms,1.000400000,one current regional witness,false,false,true,
2048,256,5000,12,2026,local-e2-production-2048,1,membership_verification,global,2.514600000,ms,2.514600000,one current global witness,false,false,true,
2048,256,5000,12,2026,local-e2-production-2048,1,two_layer_membership_verification,two_layer,3.515000000,ms,3.515000000,sum of current regional and global verification,false,false,true,
2048,256,5000,12,2026,local-e2-production-2048,1,revocation,regional,2133.903700000,ms,2133.903700000,remove one member and recompute the regional accumulator,false,false,true,
2048,256,5000,12,2026,local-e2-production-2048,1,revocation,global,2045.745700000,ms,2045.745700000,remove one member and recompute the global accumulator,false,false,true,
2048,256,5000,12,2026,local-e2-production-2048,1,two_layer_revocation,two_layer,4179.649400000,ms,4179.649400000,sum of regional and global removal/recomputation,false,false,true,
2048,256,5000,12,2026,local-e2-production-2048,1,single_witness_refresh_after_revocation,regional,2112.866700000,ms,2112.866700000,refresh one remaining member witness; not all members,false,false,true,
2048,256,5000,12,2026,local-e2-production-2048,1,single_witness_refresh_after_revocation,global,2045.569400000,ms,2045.569400000,refresh one remaining member witness; not all members,false,false,true,
2048,256,5000,12,2026,local-e2-production-2048,1,two_layer_single_witness_refresh_after_revocation,two_layer,4158.436100000,ms,4158.436100000,sum for one remaining member's regional and global witnesses; not all members,false,false,true,
2048,256,5000,12,2026,local-e2-production-2048,1,membership_claim_json_size,two_layer,1922.000000000,bytes,,one regional+global context-bound membership claim JSON,false,false,true,
2048,256,5000,12,2026,local-e2-production-2048,1,public_accumulator_state_json_size,two_layer,462352.000000000,bytes,,two public accumulator states including active prime representatives; no RSA factors,false,false,true,
2048,256,5000,13,2026,local-e2-production-2048,1,hash_to_prime,regional,1.000700000,ms,1.000700000,one deterministic 256-bit prime representative; prime search included; RSA setup excluded,false,false,true,
2048,256,5000,13,2026,local-e2-production-2048,1,hash_to_prime,global,1.505900000,ms,1.505900000,one deterministic 256-bit prime representative; prime search included; RSA setup excluded,false,false,true,
2048,256,5000,13,2026,local-e2-production-2048,1,two_layer_hash_to_prime,two_layer,2.506600000,ms,2.506600000,sum for one regional and one global representative,false,false,true,
2048,256,5000,13,2026,local-e2-production-2048,1,member_addition,regional,2.001700000,ms,2.001700000,add one member to an identical n-1 active-member state,false,false,true,
2048,256,5000,13,2026,local-e2-production-2048,1,member_addition,global,1.000800000,ms,1.000800000,add one member to an identical n-1 active-member state,false,false,true,
2048,256,5000,13,2026,local-e2-production-2048,1,two_layer_member_addition,two_layer,3.002500000,ms,3.002500000,sum of one regional and one global member addition,false,false,true,
2048,256,5000,13,2026,local-e2-production-2048,1,witness_generation,regional,2055.274000000,ms,2055.274000000,fresh witness for one active member,false,false,true,
2048,256,5000,13,2026,local-e2-production-2048,1,witness_generation,global,2035.055200000,ms,2035.055200000,fresh witness for one active member,false,false,true,
2048,256,5000,13,2026,local-e2-production-2048,1,two_layer_claim_generation,two_layer,4090.329200000,ms,4090.329200000,sum of regional and global witness generation,false,false,true,
2048,256,5000,13,2026,local-e2-production-2048,1,membership_verification,regional,2.587600000,ms,2.587600000,one current regional witness,false,false,true,
2048,256,5000,13,2026,local-e2-production-2048,1,membership_verification,global,1.008800000,ms,1.008800000,one current global witness,false,false,true,
2048,256,5000,13,2026,local-e2-production-2048,1,two_layer_membership_verification,two_layer,3.596400000,ms,3.596400000,sum of current regional and global verification,false,false,true,
2048,256,5000,13,2026,local-e2-production-2048,1,revocation,regional,2137.722500000,ms,2137.722500000,remove one member and recompute the regional accumulator,false,false,true,
2048,256,5000,13,2026,local-e2-production-2048,1,revocation,global,2049.249200000,ms,2049.249200000,remove one member and recompute the global accumulator,false,false,true,
2048,256,5000,13,2026,local-e2-production-2048,1,two_layer_revocation,two_layer,4186.971700000,ms,4186.971700000,sum of regional and global removal/recomputation,false,false,true,
2048,256,5000,13,2026,local-e2-production-2048,1,single_witness_refresh_after_revocation,regional,2052.741000000,ms,2052.741000000,refresh one remaining member witness; not all members,false,false,true,
2048,256,5000,13,2026,local-e2-production-2048,1,single_witness_refresh_after_revocation,global,2145.149900000,ms,2145.149900000,refresh one remaining member witness; not all members,false,false,true,
2048,256,5000,13,2026,local-e2-production-2048,1,two_layer_single_witness_refresh_after_revocation,two_layer,4197.890900000,ms,4197.890900000,sum for one remaining member's regional and global witnesses; not all members,false,false,true,
2048,256,5000,13,2026,local-e2-production-2048,1,membership_claim_json_size,two_layer,1922.000000000,bytes,,one regional+global context-bound membership claim JSON,false,false,true,
2048,256,5000,13,2026,local-e2-production-2048,1,public_accumulator_state_json_size,two_layer,462352.000000000,bytes,,two public accumulator states including active prime representatives; no RSA factors,false,false,true,
2048,256,5000,14,2026,local-e2-production-2048,1,hash_to_prime,regional,2.675700000,ms,2.675700000,one deterministic 256-bit prime representative; prime search included; RSA setup excluded,false,false,true,
2048,256,5000,14,2026,local-e2-production-2048,1,hash_to_prime,global,2.132900000,ms,2.132900000,one deterministic 256-bit prime representative; prime search included; RSA setup excluded,false,false,true,
2048,256,5000,14,2026,local-e2-production-2048,1,two_layer_hash_to_prime,two_layer,4.808600000,ms,4.808600000,sum for one regional and one global representative,false,false,true,
2048,256,5000,14,2026,local-e2-production-2048,1,member_addition,regional,1.505800000,ms,1.505800000,add one member to an identical n-1 active-member state,false,false,true,
2048,256,5000,14,2026,local-e2-production-2048,1,member_addition,global,2.255700000,ms,2.255700000,add one member to an identical n-1 active-member state,false,false,true,
2048,256,5000,14,2026,local-e2-production-2048,1,two_layer_member_addition,two_layer,3.761500000,ms,3.761500000,sum of one regional and one global member addition,false,false,true,
2048,256,5000,14,2026,local-e2-production-2048,1,witness_generation,regional,2182.044900000,ms,2182.044900000,fresh witness for one active member,false,false,true,
2048,256,5000,14,2026,local-e2-production-2048,1,witness_generation,global,2200.287600000,ms,2200.287600000,fresh witness for one active member,false,false,true,
2048,256,5000,14,2026,local-e2-production-2048,1,two_layer_claim_generation,two_layer,4382.332500000,ms,4382.332500000,sum of regional and global witness generation,false,false,true,
2048,256,5000,14,2026,local-e2-production-2048,1,membership_verification,regional,2.022200000,ms,2.022200000,one current regional witness,false,false,true,
2048,256,5000,14,2026,local-e2-production-2048,1,membership_verification,global,1.095900000,ms,1.095900000,one current global witness,false,false,true,
2048,256,5000,14,2026,local-e2-production-2048,1,two_layer_membership_verification,two_layer,3.118100000,ms,3.118100000,sum of current regional and global verification,false,false,true,
2048,256,5000,14,2026,local-e2-production-2048,1,revocation,regional,2028.062600000,ms,2028.062600000,remove one member and recompute the regional accumulator,false,false,true,
2048,256,5000,14,2026,local-e2-production-2048,1,revocation,global,2187.013900000,ms,2187.013900000,remove one member and recompute the global accumulator,false,false,true,
2048,256,5000,14,2026,local-e2-production-2048,1,two_layer_revocation,two_layer,4215.076500000,ms,4215.076500000,sum of regional and global removal/recomputation,false,false,true,
2048,256,5000,14,2026,local-e2-production-2048,1,single_witness_refresh_after_revocation,regional,2190.031800000,ms,2190.031800000,refresh one remaining member witness; not all members,false,false,true,
2048,256,5000,14,2026,local-e2-production-2048,1,single_witness_refresh_after_revocation,global,2095.867100000,ms,2095.867100000,refresh one remaining member witness; not all members,false,false,true,
2048,256,5000,14,2026,local-e2-production-2048,1,two_layer_single_witness_refresh_after_revocation,two_layer,4285.898900000,ms,4285.898900000,sum for one remaining member's regional and global witnesses; not all members,false,false,true,
2048,256,5000,14,2026,local-e2-production-2048,1,membership_claim_json_size,two_layer,1922.000000000,bytes,,one regional+global context-bound membership claim JSON,false,false,true,
2048,256,5000,14,2026,local-e2-production-2048,1,public_accumulator_state_json_size,two_layer,462352.000000000,bytes,,two public accumulator states including active prime representatives; no RSA factors,false,false,true,
2048,256,5000,15,2026,local-e2-production-2048,1,hash_to_prime,regional,2.008100000,ms,2.008100000,one deterministic 256-bit prime representative; prime search included; RSA setup excluded,false,false,true,
2048,256,5000,15,2026,local-e2-production-2048,1,hash_to_prime,global,1.505900000,ms,1.505900000,one deterministic 256-bit prime representative; prime search included; RSA setup excluded,false,false,true,
2048,256,5000,15,2026,local-e2-production-2048,1,two_layer_hash_to_prime,two_layer,3.514000000,ms,3.514000000,sum for one regional and one global representative,false,false,true,
2048,256,5000,15,2026,local-e2-production-2048,1,member_addition,regional,0.998000000,ms,0.998000000,add one member to an identical n-1 active-member state,false,false,true,
2048,256,5000,15,2026,local-e2-production-2048,1,member_addition,global,2.000500000,ms,2.000500000,add one member to an identical n-1 active-member state,false,false,true,
2048,256,5000,15,2026,local-e2-production-2048,1,two_layer_member_addition,two_layer,2.998500000,ms,2.998500000,sum of one regional and one global member addition,false,false,true,
2048,256,5000,15,2026,local-e2-production-2048,1,witness_generation,regional,1963.725700000,ms,1963.725700000,fresh witness for one active member,false,false,true,
2048,256,5000,15,2026,local-e2-production-2048,1,witness_generation,global,1963.158700000,ms,1963.158700000,fresh witness for one active member,false,false,true,
2048,256,5000,15,2026,local-e2-production-2048,1,two_layer_claim_generation,two_layer,3926.884400000,ms,3926.884400000,sum of regional and global witness generation,false,false,true,
2048,256,5000,15,2026,local-e2-production-2048,1,membership_verification,regional,4.540000000,ms,4.540000000,one current regional witness,false,false,true,
2048,256,5000,15,2026,local-e2-production-2048,1,membership_verification,global,0.998200000,ms,0.998200000,one current global witness,false,false,true,
2048,256,5000,15,2026,local-e2-production-2048,1,two_layer_membership_verification,two_layer,5.538200000,ms,5.538200000,sum of current regional and global verification,false,false,true,
2048,256,5000,15,2026,local-e2-production-2048,1,revocation,regional,2118.747300000,ms,2118.747300000,remove one member and recompute the regional accumulator,false,false,true,
2048,256,5000,15,2026,local-e2-production-2048,1,revocation,global,1973.419500000,ms,1973.419500000,remove one member and recompute the global accumulator,false,false,true,
2048,256,5000,15,2026,local-e2-production-2048,1,two_layer_revocation,two_layer,4092.166800000,ms,4092.166800000,sum of regional and global removal/recomputation,false,false,true,
2048,256,5000,15,2026,local-e2-production-2048,1,single_witness_refresh_after_revocation,regional,1980.458600000,ms,1980.458600000,refresh one remaining member witness; not all members,false,false,true,
2048,256,5000,15,2026,local-e2-production-2048,1,single_witness_refresh_after_revocation,global,1992.963200000,ms,1992.963200000,refresh one remaining member witness; not all members,false,false,true,
2048,256,5000,15,2026,local-e2-production-2048,1,two_layer_single_witness_refresh_after_revocation,two_layer,3973.421800000,ms,3973.421800000,sum for one remaining member's regional and global witnesses; not all members,false,false,true,
2048,256,5000,15,2026,local-e2-production-2048,1,membership_claim_json_size,two_layer,1922.000000000,bytes,,one regional+global context-bound membership claim JSON,false,false,true,
2048,256,5000,15,2026,local-e2-production-2048,1,public_accumulator_state_json_size,two_layer,462352.000000000,bytes,,two public accumulator states including active prime representatives; no RSA factors,false,false,true,
2048,256,5000,16,2026,local-e2-production-2048,1,hash_to_prime,regional,1.095800000,ms,1.095800000,one deterministic 256-bit prime representative; prime search included; RSA setup excluded,false,false,true,
2048,256,5000,16,2026,local-e2-production-2048,1,hash_to_prime,global,4.521500000,ms,4.521500000,one deterministic 256-bit prime representative; prime search included; RSA setup excluded,false,false,true,
2048,256,5000,16,2026,local-e2-production-2048,1,two_layer_hash_to_prime,two_layer,5.617300000,ms,5.617300000,sum for one regional and one global representative,false,false,true,
2048,256,5000,16,2026,local-e2-production-2048,1,member_addition,regional,1.605500000,ms,1.605500000,add one member to an identical n-1 active-member state,false,false,true,
2048,256,5000,16,2026,local-e2-production-2048,1,member_addition,global,1.008000000,ms,1.008000000,add one member to an identical n-1 active-member state,false,false,true,
2048,256,5000,16,2026,local-e2-production-2048,1,two_layer_member_addition,two_layer,2.613500000,ms,2.613500000,sum of one regional and one global member addition,false,false,true,
2048,256,5000,16,2026,local-e2-production-2048,1,witness_generation,regional,1948.554800000,ms,1948.554800000,fresh witness for one active member,false,false,true,
2048,256,5000,16,2026,local-e2-production-2048,1,witness_generation,global,2089.482600000,ms,2089.482600000,fresh witness for one active member,false,false,true,
2048,256,5000,16,2026,local-e2-production-2048,1,two_layer_claim_generation,two_layer,4038.037400000,ms,4038.037400000,sum of regional and global witness generation,false,false,true,
2048,256,5000,16,2026,local-e2-production-2048,1,membership_verification,regional,1.514700000,ms,1.514700000,one current regional witness,false,false,true,
2048,256,5000,16,2026,local-e2-production-2048,1,membership_verification,global,1.004000000,ms,1.004000000,one current global witness,false,false,true,
2048,256,5000,16,2026,local-e2-production-2048,1,two_layer_membership_verification,two_layer,2.518700000,ms,2.518700000,sum of current regional and global verification,false,false,true,
2048,256,5000,16,2026,local-e2-production-2048,1,revocation,regional,2092.667300000,ms,2092.667300000,remove one member and recompute the regional accumulator,false,false,true,
2048,256,5000,16,2026,local-e2-production-2048,1,revocation,global,1982.720600000,ms,1982.720600000,remove one member and recompute the global accumulator,false,false,true,
2048,256,5000,16,2026,local-e2-production-2048,1,two_layer_revocation,two_layer,4075.387900000,ms,4075.387900000,sum of regional and global removal/recomputation,false,false,true,
2048,256,5000,16,2026,local-e2-production-2048,1,single_witness_refresh_after_revocation,regional,1955.541200000,ms,1955.541200000,refresh one remaining member witness; not all members,false,false,true,
2048,256,5000,16,2026,local-e2-production-2048,1,single_witness_refresh_after_revocation,global,1961.236800000,ms,1961.236800000,refresh one remaining member witness; not all members,false,false,true,
2048,256,5000,16,2026,local-e2-production-2048,1,two_layer_single_witness_refresh_after_revocation,two_layer,3916.778000000,ms,3916.778000000,sum for one remaining member's regional and global witnesses; not all members,false,false,true,
2048,256,5000,16,2026,local-e2-production-2048,1,membership_claim_json_size,two_layer,1922.000000000,bytes,,one regional+global context-bound membership claim JSON,false,false,true,
2048,256,5000,16,2026,local-e2-production-2048,1,public_accumulator_state_json_size,two_layer,462352.000000000,bytes,,two public accumulator states including active prime representatives; no RSA factors,false,false,true,
2048,256,5000,17,2026,local-e2-production-2048,1,hash_to_prime,regional,2.454400000,ms,2.454400000,one deterministic 256-bit prime representative; prime search included; RSA setup excluded,false,false,true,
2048,256,5000,17,2026,local-e2-production-2048,1,hash_to_prime,global,4.551700000,ms,4.551700000,one deterministic 256-bit prime representative; prime search included; RSA setup excluded,false,false,true,
2048,256,5000,17,2026,local-e2-production-2048,1,two_layer_hash_to_prime,two_layer,7.006100000,ms,7.006100000,sum for one regional and one global representative,false,false,true,
2048,256,5000,17,2026,local-e2-production-2048,1,member_addition,regional,2.003800000,ms,2.003800000,add one member to an identical n-1 active-member state,false,false,true,
2048,256,5000,17,2026,local-e2-production-2048,1,member_addition,global,0.000000000,ms,0.000000000,add one member to an identical n-1 active-member state,false,false,true,
2048,256,5000,17,2026,local-e2-production-2048,1,two_layer_member_addition,two_layer,2.003800000,ms,2.003800000,sum of one regional and one global member addition,false,false,true,
2048,256,5000,17,2026,local-e2-production-2048,1,witness_generation,regional,1992.484400000,ms,1992.484400000,fresh witness for one active member,false,false,true,
2048,256,5000,17,2026,local-e2-production-2048,1,witness_generation,global,2041.673900000,ms,2041.673900000,fresh witness for one active member,false,false,true,
2048,256,5000,17,2026,local-e2-production-2048,1,two_layer_claim_generation,two_layer,4034.158300000,ms,4034.158300000,sum of regional and global witness generation,false,false,true,
2048,256,5000,17,2026,local-e2-production-2048,1,membership_verification,regional,1.006100000,ms,1.006100000,one current regional witness,false,false,true,
2048,256,5000,17,2026,local-e2-production-2048,1,membership_verification,global,0.998900000,ms,0.998900000,one current global witness,false,false,true,
2048,256,5000,17,2026,local-e2-production-2048,1,two_layer_membership_verification,two_layer,2.005000000,ms,2.005000000,sum of current regional and global verification,false,false,true,
2048,256,5000,17,2026,local-e2-production-2048,1,revocation,regional,1979.271700000,ms,1979.271700000,remove one member and recompute the regional accumulator,false,false,true,
2048,256,5000,17,2026,local-e2-production-2048,1,revocation,global,2000.224600000,ms,2000.224600000,remove one member and recompute the global accumulator,false,false,true,
2048,256,5000,17,2026,local-e2-production-2048,1,two_layer_revocation,two_layer,3979.496300000,ms,3979.496300000,sum of regional and global removal/recomputation,false,false,true,
2048,256,5000,17,2026,local-e2-production-2048,1,single_witness_refresh_after_revocation,regional,1936.771400000,ms,1936.771400000,refresh one remaining member witness; not all members,false,false,true,
2048,256,5000,17,2026,local-e2-production-2048,1,single_witness_refresh_after_revocation,global,1964.663000000,ms,1964.663000000,refresh one remaining member witness; not all members,false,false,true,
2048,256,5000,17,2026,local-e2-production-2048,1,two_layer_single_witness_refresh_after_revocation,two_layer,3901.434400000,ms,3901.434400000,sum for one remaining member's regional and global witnesses; not all members,false,false,true,
2048,256,5000,17,2026,local-e2-production-2048,1,membership_claim_json_size,two_layer,1922.000000000,bytes,,one regional+global context-bound membership claim JSON,false,false,true,
2048,256,5000,17,2026,local-e2-production-2048,1,public_accumulator_state_json_size,two_layer,462352.000000000,bytes,,two public accumulator states including active prime representatives; no RSA factors,false,false,true,
2048,256,5000,18,2026,local-e2-production-2048,1,hash_to_prime,regional,1.003900000,ms,1.003900000,one deterministic 256-bit prime representative; prime search included; RSA setup excluded,false,false,true,
2048,256,5000,18,2026,local-e2-production-2048,1,hash_to_prime,global,1.503000000,ms,1.503000000,one deterministic 256-bit prime representative; prime search included; RSA setup excluded,false,false,true,
2048,256,5000,18,2026,local-e2-production-2048,1,two_layer_hash_to_prime,two_layer,2.506900000,ms,2.506900000,sum for one regional and one global representative,false,false,true,
2048,256,5000,18,2026,local-e2-production-2048,1,member_addition,regional,1.256600000,ms,1.256600000,add one member to an identical n-1 active-member state,false,false,true,
2048,256,5000,18,2026,local-e2-production-2048,1,member_addition,global,2.007100000,ms,2.007100000,add one member to an identical n-1 active-member state,false,false,true,
2048,256,5000,18,2026,local-e2-production-2048,1,two_layer_member_addition,two_layer,3.263700000,ms,3.263700000,sum of one regional and one global member addition,false,false,true,
2048,256,5000,18,2026,local-e2-production-2048,1,witness_generation,regional,2060.910500000,ms,2060.910500000,fresh witness for one active member,false,false,true,
2048,256,5000,18,2026,local-e2-production-2048,1,witness_generation,global,1984.934400000,ms,1984.934400000,fresh witness for one active member,false,false,true,
2048,256,5000,18,2026,local-e2-production-2048,1,two_layer_claim_generation,two_layer,4045.844900000,ms,4045.844900000,sum of regional and global witness generation,false,false,true,
2048,256,5000,18,2026,local-e2-production-2048,1,membership_verification,regional,0.998900000,ms,0.998900000,one current regional witness,false,false,true,
2048,256,5000,18,2026,local-e2-production-2048,1,membership_verification,global,1.077200000,ms,1.077200000,one current global witness,false,false,true,
2048,256,5000,18,2026,local-e2-production-2048,1,two_layer_membership_verification,two_layer,2.076100000,ms,2.076100000,sum of current regional and global verification,false,false,true,
2048,256,5000,18,2026,local-e2-production-2048,1,revocation,regional,2061.567000000,ms,2061.567000000,remove one member and recompute the regional accumulator,false,false,true,
2048,256,5000,18,2026,local-e2-production-2048,1,revocation,global,2018.932000000,ms,2018.932000000,remove one member and recompute the global accumulator,false,false,true,
2048,256,5000,18,2026,local-e2-production-2048,1,two_layer_revocation,two_layer,4080.499000000,ms,4080.499000000,sum of regional and global removal/recomputation,false,false,true,
2048,256,5000,18,2026,local-e2-production-2048,1,single_witness_refresh_after_revocation,regional,1986.845500000,ms,1986.845500000,refresh one remaining member witness; not all members,false,false,true,
2048,256,5000,18,2026,local-e2-production-2048,1,single_witness_refresh_after_revocation,global,1972.755000000,ms,1972.755000000,refresh one remaining member witness; not all members,false,false,true,
2048,256,5000,18,2026,local-e2-production-2048,1,two_layer_single_witness_refresh_after_revocation,two_layer,3959.600500000,ms,3959.600500000,sum for one remaining member's regional and global witnesses; not all members,false,false,true,
2048,256,5000,18,2026,local-e2-production-2048,1,membership_claim_json_size,two_layer,1922.000000000,bytes,,one regional+global context-bound membership claim JSON,false,false,true,
2048,256,5000,18,2026,local-e2-production-2048,1,public_accumulator_state_json_size,two_layer,462352.000000000,bytes,,two public accumulator states including active prime representatives; no RSA factors,false,false,true,
2048,256,5000,19,2026,local-e2-production-2048,1,hash_to_prime,regional,1.827700000,ms,1.827700000,one deterministic 256-bit prime representative; prime search included; RSA setup excluded,false,false,true,
2048,256,5000,19,2026,local-e2-production-2048,1,hash_to_prime,global,2.049400000,ms,2.049400000,one deterministic 256-bit prime representative; prime search included; RSA setup excluded,false,false,true,
2048,256,5000,19,2026,local-e2-production-2048,1,two_layer_hash_to_prime,two_layer,3.877100000,ms,3.877100000,sum for one regional and one global representative,false,false,true,
2048,256,5000,19,2026,local-e2-production-2048,1,member_addition,regional,2.065300000,ms,2.065300000,add one member to an identical n-1 active-member state,false,false,true,
2048,256,5000,19,2026,local-e2-production-2048,1,member_addition,global,1.999100000,ms,1.999100000,add one member to an identical n-1 active-member state,false,false,true,
2048,256,5000,19,2026,local-e2-production-2048,1,two_layer_member_addition,two_layer,4.064400000,ms,4.064400000,sum of one regional and one global member addition,false,false,true,
2048,256,5000,19,2026,local-e2-production-2048,1,witness_generation,regional,1999.963300000,ms,1999.963300000,fresh witness for one active member,false,false,true,
2048,256,5000,19,2026,local-e2-production-2048,1,witness_generation,global,1998.114500000,ms,1998.114500000,fresh witness for one active member,false,false,true,
2048,256,5000,19,2026,local-e2-production-2048,1,two_layer_claim_generation,two_layer,3998.077800000,ms,3998.077800000,sum of regional and global witness generation,false,false,true,
2048,256,5000,19,2026,local-e2-production-2048,1,membership_verification,regional,1.504900000,ms,1.504900000,one current regional witness,false,false,true,
2048,256,5000,19,2026,local-e2-production-2048,1,membership_verification,global,1.005600000,ms,1.005600000,one current global witness,false,false,true,
2048,256,5000,19,2026,local-e2-production-2048,1,two_layer_membership_verification,two_layer,2.510500000,ms,2.510500000,sum of current regional and global verification,false,false,true,
2048,256,5000,19,2026,local-e2-production-2048,1,revocation,regional,1978.629500000,ms,1978.629500000,remove one member and recompute the regional accumulator,false,false,true,
2048,256,5000,19,2026,local-e2-production-2048,1,revocation,global,1965.002500000,ms,1965.002500000,remove one member and recompute the global accumulator,false,false,true,
2048,256,5000,19,2026,local-e2-production-2048,1,two_layer_revocation,two_layer,3943.632000000,ms,3943.632000000,sum of regional and global removal/recomputation,false,false,true,
2048,256,5000,19,2026,local-e2-production-2048,1,single_witness_refresh_after_revocation,regional,1954.477200000,ms,1954.477200000,refresh one remaining member witness; not all members,false,false,true,
2048,256,5000,19,2026,local-e2-production-2048,1,single_witness_refresh_after_revocation,global,1945.015100000,ms,1945.015100000,refresh one remaining member witness; not all members,false,false,true,
2048,256,5000,19,2026,local-e2-production-2048,1,two_layer_single_witness_refresh_after_revocation,two_layer,3899.492300000,ms,3899.492300000,sum for one remaining member's regional and global witnesses; not all members,false,false,true,
2048,256,5000,19,2026,local-e2-production-2048,1,membership_claim_json_size,two_layer,1922.000000000,bytes,,one regional+global context-bound membership claim JSON,false,false,true,
2048,256,5000,19,2026,local-e2-production-2048,1,public_accumulator_state_json_size,two_layer,462352.000000000,bytes,,two public accumulator states including active prime representatives; no RSA factors,false,false,true,
2048,256,5000,20,2026,local-e2-production-2048,1,hash_to_prime,regional,2.506100000,ms,2.506100000,one deterministic 256-bit prime representative; prime search included; RSA setup excluded,false,false,true,
2048,256,5000,20,2026,local-e2-production-2048,1,hash_to_prime,global,2.735000000,ms,2.735000000,one deterministic 256-bit prime representative; prime search included; RSA setup excluded,false,false,true,
2048,256,5000,20,2026,local-e2-production-2048,1,two_layer_hash_to_prime,two_layer,5.241100000,ms,5.241100000,sum for one regional and one global representative,false,false,true,
2048,256,5000,20,2026,local-e2-production-2048,1,member_addition,regional,1.001400000,ms,1.001400000,add one member to an identical n-1 active-member state,false,false,true,
2048,256,5000,20,2026,local-e2-production-2048,1,member_addition,global,0.998600000,ms,0.998600000,add one member to an identical n-1 active-member state,false,false,true,
2048,256,5000,20,2026,local-e2-production-2048,1,two_layer_member_addition,two_layer,2.000000000,ms,2.000000000,sum of one regional and one global member addition,false,false,true,
2048,256,5000,20,2026,local-e2-production-2048,1,witness_generation,regional,1988.373700000,ms,1988.373700000,fresh witness for one active member,false,false,true,
2048,256,5000,20,2026,local-e2-production-2048,1,witness_generation,global,1973.613100000,ms,1973.613100000,fresh witness for one active member,false,false,true,
2048,256,5000,20,2026,local-e2-production-2048,1,two_layer_claim_generation,two_layer,3961.986800000,ms,3961.986800000,sum of regional and global witness generation,false,false,true,
2048,256,5000,20,2026,local-e2-production-2048,1,membership_verification,regional,1.009100000,ms,1.009100000,one current regional witness,false,false,true,
2048,256,5000,20,2026,local-e2-production-2048,1,membership_verification,global,1.231400000,ms,1.231400000,one current global witness,false,false,true,
2048,256,5000,20,2026,local-e2-production-2048,1,two_layer_membership_verification,two_layer,2.240500000,ms,2.240500000,sum of current regional and global verification,false,false,true,
2048,256,5000,20,2026,local-e2-production-2048,1,revocation,regional,2000.540700000,ms,2000.540700000,remove one member and recompute the regional accumulator,false,false,true,
2048,256,5000,20,2026,local-e2-production-2048,1,revocation,global,2013.540100000,ms,2013.540100000,remove one member and recompute the global accumulator,false,false,true,
2048,256,5000,20,2026,local-e2-production-2048,1,two_layer_revocation,two_layer,4014.080800000,ms,4014.080800000,sum of regional and global removal/recomputation,false,false,true,
2048,256,5000,20,2026,local-e2-production-2048,1,single_witness_refresh_after_revocation,regional,2010.017100000,ms,2010.017100000,refresh one remaining member witness; not all members,false,false,true,
2048,256,5000,20,2026,local-e2-production-2048,1,single_witness_refresh_after_revocation,global,2017.843700000,ms,2017.843700000,refresh one remaining member witness; not all members,false,false,true,
2048,256,5000,20,2026,local-e2-production-2048,1,two_layer_single_witness_refresh_after_revocation,two_layer,4027.860800000,ms,4027.860800000,sum for one remaining member's regional and global witnesses; not all members,false,false,true,
2048,256,5000,20,2026,local-e2-production-2048,1,membership_claim_json_size,two_layer,1922.000000000,bytes,,one regional+global context-bound membership claim JSON,false,false,true,
2048,256,5000,20,2026,local-e2-production-2048,1,public_accumulator_state_json_size,two_layer,462352.000000000,bytes,,two public accumulator states including active prime representatives; no RSA factors,false,false,true,
2048,256,5000,21,2026,local-e2-production-2048,1,hash_to_prime,regional,2.010200000,ms,2.010200000,one deterministic 256-bit prime representative; prime search included; RSA setup excluded,false,false,true,
2048,256,5000,21,2026,local-e2-production-2048,1,hash_to_prime,global,2.347700000,ms,2.347700000,one deterministic 256-bit prime representative; prime search included; RSA setup excluded,false,false,true,
2048,256,5000,21,2026,local-e2-production-2048,1,two_layer_hash_to_prime,two_layer,4.357900000,ms,4.357900000,sum for one regional and one global representative,false,false,true,
2048,256,5000,21,2026,local-e2-production-2048,1,member_addition,regional,1.048000000,ms,1.048000000,add one member to an identical n-1 active-member state,false,false,true,
2048,256,5000,21,2026,local-e2-production-2048,1,member_addition,global,2.012700000,ms,2.012700000,add one member to an identical n-1 active-member state,false,false,true,
2048,256,5000,21,2026,local-e2-production-2048,1,two_layer_member_addition,two_layer,3.060700000,ms,3.060700000,sum of one regional and one global member addition,false,false,true,
2048,256,5000,21,2026,local-e2-production-2048,1,witness_generation,regional,1979.971500000,ms,1979.971500000,fresh witness for one active member,false,false,true,
2048,256,5000,21,2026,local-e2-production-2048,1,witness_generation,global,1936.352200000,ms,1936.352200000,fresh witness for one active member,false,false,true,
2048,256,5000,21,2026,local-e2-production-2048,1,two_layer_claim_generation,two_layer,3916.323700000,ms,3916.323700000,sum of regional and global witness generation,false,false,true,
2048,256,5000,21,2026,local-e2-production-2048,1,membership_verification,regional,1.028000000,ms,1.028000000,one current regional witness,false,false,true,
2048,256,5000,21,2026,local-e2-production-2048,1,membership_verification,global,1.280500000,ms,1.280500000,one current global witness,false,false,true,
2048,256,5000,21,2026,local-e2-production-2048,1,two_layer_membership_verification,two_layer,2.308500000,ms,2.308500000,sum of current regional and global verification,false,false,true,
2048,256,5000,21,2026,local-e2-production-2048,1,revocation,regional,1971.278400000,ms,1971.278400000,remove one member and recompute the regional accumulator,false,false,true,
2048,256,5000,21,2026,local-e2-production-2048,1,revocation,global,1957.726700000,ms,1957.726700000,remove one member and recompute the global accumulator,false,false,true,
2048,256,5000,21,2026,local-e2-production-2048,1,two_layer_revocation,two_layer,3929.005100000,ms,3929.005100000,sum of regional and global removal/recomputation,false,false,true,
2048,256,5000,21,2026,local-e2-production-2048,1,single_witness_refresh_after_revocation,regional,1966.293300000,ms,1966.293300000,refresh one remaining member witness; not all members,false,false,true,
2048,256,5000,21,2026,local-e2-production-2048,1,single_witness_refresh_after_revocation,global,2205.319900000,ms,2205.319900000,refresh one remaining member witness; not all members,false,false,true,
2048,256,5000,21,2026,local-e2-production-2048,1,two_layer_single_witness_refresh_after_revocation,two_layer,4171.613200000,ms,4171.613200000,sum for one remaining member's regional and global witnesses; not all members,false,false,true,
2048,256,5000,21,2026,local-e2-production-2048,1,membership_claim_json_size,two_layer,1922.000000000,bytes,,one regional+global context-bound membership claim JSON,false,false,true,
2048,256,5000,21,2026,local-e2-production-2048,1,public_accumulator_state_json_size,two_layer,462352.000000000,bytes,,two public accumulator states including active prime representatives; no RSA factors,false,false,true,
2048,256,5000,22,2026,local-e2-production-2048,1,hash_to_prime,regional,1.000800000,ms,1.000800000,one deterministic 256-bit prime representative; prime search included; RSA setup excluded,false,false,true,
2048,256,5000,22,2026,local-e2-production-2048,1,hash_to_prime,global,3.069900000,ms,3.069900000,one deterministic 256-bit prime representative; prime search included; RSA setup excluded,false,false,true,
2048,256,5000,22,2026,local-e2-production-2048,1,two_layer_hash_to_prime,two_layer,4.070700000,ms,4.070700000,sum for one regional and one global representative,false,false,true,
2048,256,5000,22,2026,local-e2-production-2048,1,member_addition,regional,2.175000000,ms,2.175000000,add one member to an identical n-1 active-member state,false,false,true,
2048,256,5000,22,2026,local-e2-production-2048,1,member_addition,global,1.140000000,ms,1.140000000,add one member to an identical n-1 active-member state,false,false,true,
2048,256,5000,22,2026,local-e2-production-2048,1,two_layer_member_addition,two_layer,3.315000000,ms,3.315000000,sum of one regional and one global member addition,false,false,true,
2048,256,5000,22,2026,local-e2-production-2048,1,witness_generation,regional,1939.260900000,ms,1939.260900000,fresh witness for one active member,false,false,true,
2048,256,5000,22,2026,local-e2-production-2048,1,witness_generation,global,1967.277100000,ms,1967.277100000,fresh witness for one active member,false,false,true,
2048,256,5000,22,2026,local-e2-production-2048,1,two_layer_claim_generation,two_layer,3906.538000000,ms,3906.538000000,sum of regional and global witness generation,false,false,true,
2048,256,5000,22,2026,local-e2-production-2048,1,membership_verification,regional,2.496900000,ms,2.496900000,one current regional witness,false,false,true,
2048,256,5000,22,2026,local-e2-production-2048,1,membership_verification,global,0.998500000,ms,0.998500000,one current global witness,false,false,true,
2048,256,5000,22,2026,local-e2-production-2048,1,two_layer_membership_verification,two_layer,3.495400000,ms,3.495400000,sum of current regional and global verification,false,false,true,
2048,256,5000,22,2026,local-e2-production-2048,1,revocation,regional,1947.863100000,ms,1947.863100000,remove one member and recompute the regional accumulator,false,false,true,
2048,256,5000,22,2026,local-e2-production-2048,1,revocation,global,1969.927700000,ms,1969.927700000,remove one member and recompute the global accumulator,false,false,true,
2048,256,5000,22,2026,local-e2-production-2048,1,two_layer_revocation,two_layer,3917.790800000,ms,3917.790800000,sum of regional and global removal/recomputation,false,false,true,
2048,256,5000,22,2026,local-e2-production-2048,1,single_witness_refresh_after_revocation,regional,1983.698400000,ms,1983.698400000,refresh one remaining member witness; not all members,false,false,true,
2048,256,5000,22,2026,local-e2-production-2048,1,single_witness_refresh_after_revocation,global,2020.248100000,ms,2020.248100000,refresh one remaining member witness; not all members,false,false,true,
2048,256,5000,22,2026,local-e2-production-2048,1,two_layer_single_witness_refresh_after_revocation,two_layer,4003.946500000,ms,4003.946500000,sum for one remaining member's regional and global witnesses; not all members,false,false,true,
2048,256,5000,22,2026,local-e2-production-2048,1,membership_claim_json_size,two_layer,1922.000000000,bytes,,one regional+global context-bound membership claim JSON,false,false,true,
2048,256,5000,22,2026,local-e2-production-2048,1,public_accumulator_state_json_size,two_layer,462352.000000000,bytes,,two public accumulator states including active prime representatives; no RSA factors,false,false,true,
2048,256,5000,23,2026,local-e2-production-2048,1,hash_to_prime,regional,5.018100000,ms,5.018100000,one deterministic 256-bit prime representative; prime search included; RSA setup excluded,false,false,true,
2048,256,5000,23,2026,local-e2-production-2048,1,hash_to_prime,global,1.002100000,ms,1.002100000,one deterministic 256-bit prime representative; prime search included; RSA setup excluded,false,false,true,
2048,256,5000,23,2026,local-e2-production-2048,1,two_layer_hash_to_prime,two_layer,6.020200000,ms,6.020200000,sum for one regional and one global representative,false,false,true,
2048,256,5000,23,2026,local-e2-production-2048,1,member_addition,regional,1.011400000,ms,1.011400000,add one member to an identical n-1 active-member state,false,false,true,
2048,256,5000,23,2026,local-e2-production-2048,1,member_addition,global,1.721100000,ms,1.721100000,add one member to an identical n-1 active-member state,false,false,true,
2048,256,5000,23,2026,local-e2-production-2048,1,two_layer_member_addition,two_layer,2.732500000,ms,2.732500000,sum of one regional and one global member addition,false,false,true,
2048,256,5000,23,2026,local-e2-production-2048,1,witness_generation,regional,1955.040200000,ms,1955.040200000,fresh witness for one active member,false,false,true,
2048,256,5000,23,2026,local-e2-production-2048,1,witness_generation,global,1968.956300000,ms,1968.956300000,fresh witness for one active member,false,false,true,
2048,256,5000,23,2026,local-e2-production-2048,1,two_layer_claim_generation,two_layer,3923.996500000,ms,3923.996500000,sum of regional and global witness generation,false,false,true,
2048,256,5000,23,2026,local-e2-production-2048,1,membership_verification,regional,2.476800000,ms,2.476800000,one current regional witness,false,false,true,
2048,256,5000,23,2026,local-e2-production-2048,1,membership_verification,global,1.525800000,ms,1.525800000,one current global witness,false,false,true,
2048,256,5000,23,2026,local-e2-production-2048,1,two_layer_membership_verification,two_layer,4.002600000,ms,4.002600000,sum of current regional and global verification,false,false,true,
2048,256,5000,23,2026,local-e2-production-2048,1,revocation,regional,1941.973000000,ms,1941.973000000,remove one member and recompute the regional accumulator,false,false,true,
2048,256,5000,23,2026,local-e2-production-2048,1,revocation,global,1974.536600000,ms,1974.536600000,remove one member and recompute the global accumulator,false,false,true,
2048,256,5000,23,2026,local-e2-production-2048,1,two_layer_revocation,two_layer,3916.509600000,ms,3916.509600000,sum of regional and global removal/recomputation,false,false,true,
2048,256,5000,23,2026,local-e2-production-2048,1,single_witness_refresh_after_revocation,regional,1988.854200000,ms,1988.854200000,refresh one remaining member witness; not all members,false,false,true,
2048,256,5000,23,2026,local-e2-production-2048,1,single_witness_refresh_after_revocation,global,1967.644300000,ms,1967.644300000,refresh one remaining member witness; not all members,false,false,true,
2048,256,5000,23,2026,local-e2-production-2048,1,two_layer_single_witness_refresh_after_revocation,two_layer,3956.498500000,ms,3956.498500000,sum for one remaining member's regional and global witnesses; not all members,false,false,true,
2048,256,5000,23,2026,local-e2-production-2048,1,membership_claim_json_size,two_layer,1922.000000000,bytes,,one regional+global context-bound membership claim JSON,false,false,true,
2048,256,5000,23,2026,local-e2-production-2048,1,public_accumulator_state_json_size,two_layer,462352.000000000,bytes,,two public accumulator states including active prime representatives; no RSA factors,false,false,true,
2048,256,5000,24,2026,local-e2-production-2048,1,hash_to_prime,regional,1.000500000,ms,1.000500000,one deterministic 256-bit prime representative; prime search included; RSA setup excluded,false,false,true,
2048,256,5000,24,2026,local-e2-production-2048,1,hash_to_prime,global,3.560600000,ms,3.560600000,one deterministic 256-bit prime representative; prime search included; RSA setup excluded,false,false,true,
2048,256,5000,24,2026,local-e2-production-2048,1,two_layer_hash_to_prime,two_layer,4.561100000,ms,4.561100000,sum for one regional and one global representative,false,false,true,
2048,256,5000,24,2026,local-e2-production-2048,1,member_addition,regional,1.352100000,ms,1.352100000,add one member to an identical n-1 active-member state,false,false,true,
2048,256,5000,24,2026,local-e2-production-2048,1,member_addition,global,3.035800000,ms,3.035800000,add one member to an identical n-1 active-member state,false,false,true,
2048,256,5000,24,2026,local-e2-production-2048,1,two_layer_member_addition,two_layer,4.387900000,ms,4.387900000,sum of one regional and one global member addition,false,false,true,
2048,256,5000,24,2026,local-e2-production-2048,1,witness_generation,regional,1988.929900000,ms,1988.929900000,fresh witness for one active member,false,false,true,
2048,256,5000,24,2026,local-e2-production-2048,1,witness_generation,global,1950.389300000,ms,1950.389300000,fresh witness for one active member,false,false,true,
2048,256,5000,24,2026,local-e2-production-2048,1,two_layer_claim_generation,two_layer,3939.319200000,ms,3939.319200000,sum of regional and global witness generation,false,false,true,
2048,256,5000,24,2026,local-e2-production-2048,1,membership_verification,regional,1.998400000,ms,1.998400000,one current regional witness,false,false,true,
2048,256,5000,24,2026,local-e2-production-2048,1,membership_verification,global,0.000000000,ms,0.000000000,one current global witness,false,false,true,
2048,256,5000,24,2026,local-e2-production-2048,1,two_layer_membership_verification,two_layer,1.998400000,ms,1.998400000,sum of current regional and global verification,false,false,true,
2048,256,5000,24,2026,local-e2-production-2048,1,revocation,regional,2020.906500000,ms,2020.906500000,remove one member and recompute the regional accumulator,false,false,true,
2048,256,5000,24,2026,local-e2-production-2048,1,revocation,global,2060.597900000,ms,2060.597900000,remove one member and recompute the global accumulator,false,false,true,
2048,256,5000,24,2026,local-e2-production-2048,1,two_layer_revocation,two_layer,4081.504400000,ms,4081.504400000,sum of regional and global removal/recomputation,false,false,true,
2048,256,5000,24,2026,local-e2-production-2048,1,single_witness_refresh_after_revocation,regional,2108.649000000,ms,2108.649000000,refresh one remaining member witness; not all members,false,false,true,
2048,256,5000,24,2026,local-e2-production-2048,1,single_witness_refresh_after_revocation,global,1958.468000000,ms,1958.468000000,refresh one remaining member witness; not all members,false,false,true,
2048,256,5000,24,2026,local-e2-production-2048,1,two_layer_single_witness_refresh_after_revocation,two_layer,4067.117000000,ms,4067.117000000,sum for one remaining member's regional and global witnesses; not all members,false,false,true,
2048,256,5000,24,2026,local-e2-production-2048,1,membership_claim_json_size,two_layer,1922.000000000,bytes,,one regional+global context-bound membership claim JSON,false,false,true,
2048,256,5000,24,2026,local-e2-production-2048,1,public_accumulator_state_json_size,two_layer,462352.000000000,bytes,,two public accumulator states including active prime representatives; no RSA factors,false,false,true,
2048,256,5000,25,2026,local-e2-production-2048,1,hash_to_prime,regional,1.998000000,ms,1.998000000,one deterministic 256-bit prime representative; prime search included; RSA setup excluded,false,false,true,
2048,256,5000,25,2026,local-e2-production-2048,1,hash_to_prime,global,4.931000000,ms,4.931000000,one deterministic 256-bit prime representative; prime search included; RSA setup excluded,false,false,true,
2048,256,5000,25,2026,local-e2-production-2048,1,two_layer_hash_to_prime,two_layer,6.929000000,ms,6.929000000,sum for one regional and one global representative,false,false,true,
2048,256,5000,25,2026,local-e2-production-2048,1,member_addition,regional,3.070900000,ms,3.070900000,add one member to an identical n-1 active-member state,false,false,true,
2048,256,5000,25,2026,local-e2-production-2048,1,member_addition,global,3.022100000,ms,3.022100000,add one member to an identical n-1 active-member state,false,false,true,
2048,256,5000,25,2026,local-e2-production-2048,1,two_layer_member_addition,two_layer,6.093000000,ms,6.093000000,sum of one regional and one global member addition,false,false,true,
2048,256,5000,25,2026,local-e2-production-2048,1,witness_generation,regional,2111.261000000,ms,2111.261000000,fresh witness for one active member,false,false,true,
2048,256,5000,25,2026,local-e2-production-2048,1,witness_generation,global,2059.763300000,ms,2059.763300000,fresh witness for one active member,false,false,true,
2048,256,5000,25,2026,local-e2-production-2048,1,two_layer_claim_generation,two_layer,4171.024300000,ms,4171.024300000,sum of regional and global witness generation,false,false,true,
2048,256,5000,25,2026,local-e2-production-2048,1,membership_verification,regional,1.506800000,ms,1.506800000,one current regional witness,false,false,true,
2048,256,5000,25,2026,local-e2-production-2048,1,membership_verification,global,1.018300000,ms,1.018300000,one current global witness,false,false,true,
2048,256,5000,25,2026,local-e2-production-2048,1,two_layer_membership_verification,two_layer,2.525100000,ms,2.525100000,sum of current regional and global verification,false,false,true,
2048,256,5000,25,2026,local-e2-production-2048,1,revocation,regional,2128.886600000,ms,2128.886600000,remove one member and recompute the regional accumulator,false,false,true,
2048,256,5000,25,2026,local-e2-production-2048,1,revocation,global,2105.842300000,ms,2105.842300000,remove one member and recompute the global accumulator,false,false,true,
2048,256,5000,25,2026,local-e2-production-2048,1,two_layer_revocation,two_layer,4234.728900000,ms,4234.728900000,sum of regional and global removal/recomputation,false,false,true,
2048,256,5000,25,2026,local-e2-production-2048,1,single_witness_refresh_after_revocation,regional,2186.177500000,ms,2186.177500000,refresh one remaining member witness; not all members,false,false,true,
2048,256,5000,25,2026,local-e2-production-2048,1,single_witness_refresh_after_revocation,global,2305.241200000,ms,2305.241200000,refresh one remaining member witness; not all members,false,false,true,
2048,256,5000,25,2026,local-e2-production-2048,1,two_layer_single_witness_refresh_after_revocation,two_layer,4491.418700000,ms,4491.418700000,sum for one remaining member's regional and global witnesses; not all members,false,false,true,
2048,256,5000,25,2026,local-e2-production-2048,1,membership_claim_json_size,two_layer,1922.000000000,bytes,,one regional+global context-bound membership claim JSON,false,false,true,
2048,256,5000,25,2026,local-e2-production-2048,1,public_accumulator_state_json_size,two_layer,462352.000000000,bytes,,two public accumulator states including active prime representatives; no RSA factors,false,false,true,
2048,256,5000,26,2026,local-e2-production-2048,1,hash_to_prime,regional,1.998100000,ms,1.998100000,one deterministic 256-bit prime representative; prime search included; RSA setup excluded,false,false,true,
2048,256,5000,26,2026,local-e2-production-2048,1,hash_to_prime,global,2.277800000,ms,2.277800000,one deterministic 256-bit prime representative; prime search included; RSA setup excluded,false,false,true,
2048,256,5000,26,2026,local-e2-production-2048,1,two_layer_hash_to_prime,two_layer,4.275900000,ms,4.275900000,sum for one regional and one global representative,false,false,true,
2048,256,5000,26,2026,local-e2-production-2048,1,member_addition,regional,1.523700000,ms,1.523700000,add one member to an identical n-1 active-member state,false,false,true,
2048,256,5000,26,2026,local-e2-production-2048,1,member_addition,global,1.349500000,ms,1.349500000,add one member to an identical n-1 active-member state,false,false,true,
2048,256,5000,26,2026,local-e2-production-2048,1,two_layer_member_addition,two_layer,2.873200000,ms,2.873200000,sum of one regional and one global member addition,false,false,true,
2048,256,5000,26,2026,local-e2-production-2048,1,witness_generation,regional,2224.976900000,ms,2224.976900000,fresh witness for one active member,false,false,true,
2048,256,5000,26,2026,local-e2-production-2048,1,witness_generation,global,2076.469500000,ms,2076.469500000,fresh witness for one active member,false,false,true,
2048,256,5000,26,2026,local-e2-production-2048,1,two_layer_claim_generation,two_layer,4301.446400000,ms,4301.446400000,sum of regional and global witness generation,false,false,true,
2048,256,5000,26,2026,local-e2-production-2048,1,membership_verification,regional,1.510100000,ms,1.510100000,one current regional witness,false,false,true,
2048,256,5000,26,2026,local-e2-production-2048,1,membership_verification,global,1.005500000,ms,1.005500000,one current global witness,false,false,true,
2048,256,5000,26,2026,local-e2-production-2048,1,two_layer_membership_verification,two_layer,2.515600000,ms,2.515600000,sum of current regional and global verification,false,false,true,
2048,256,5000,26,2026,local-e2-production-2048,1,revocation,regional,2063.184300000,ms,2063.184300000,remove one member and recompute the regional accumulator,false,false,true,
2048,256,5000,26,2026,local-e2-production-2048,1,revocation,global,2051.660300000,ms,2051.660300000,remove one member and recompute the global accumulator,false,false,true,
2048,256,5000,26,2026,local-e2-production-2048,1,two_layer_revocation,two_layer,4114.844600000,ms,4114.844600000,sum of regional and global removal/recomputation,false,false,true,
2048,256,5000,26,2026,local-e2-production-2048,1,single_witness_refresh_after_revocation,regional,2076.213000000,ms,2076.213000000,refresh one remaining member witness; not all members,false,false,true,
2048,256,5000,26,2026,local-e2-production-2048,1,single_witness_refresh_after_revocation,global,2253.608900000,ms,2253.608900000,refresh one remaining member witness; not all members,false,false,true,
2048,256,5000,26,2026,local-e2-production-2048,1,two_layer_single_witness_refresh_after_revocation,two_layer,4329.821900000,ms,4329.821900000,sum for one remaining member's regional and global witnesses; not all members,false,false,true,
2048,256,5000,26,2026,local-e2-production-2048,1,membership_claim_json_size,two_layer,1922.000000000,bytes,,one regional+global context-bound membership claim JSON,false,false,true,
2048,256,5000,26,2026,local-e2-production-2048,1,public_accumulator_state_json_size,two_layer,462352.000000000,bytes,,two public accumulator states including active prime representatives; no RSA factors,false,false,true,
2048,256,5000,27,2026,local-e2-production-2048,1,hash_to_prime,regional,1.509900000,ms,1.509900000,one deterministic 256-bit prime representative; prime search included; RSA setup excluded,false,false,true,
2048,256,5000,27,2026,local-e2-production-2048,1,hash_to_prime,global,3.002000000,ms,3.002000000,one deterministic 256-bit prime representative; prime search included; RSA setup excluded,false,false,true,
2048,256,5000,27,2026,local-e2-production-2048,1,two_layer_hash_to_prime,two_layer,4.511900000,ms,4.511900000,sum for one regional and one global representative,false,false,true,
2048,256,5000,27,2026,local-e2-production-2048,1,member_addition,regional,1.009000000,ms,1.009000000,add one member to an identical n-1 active-member state,false,false,true,
2048,256,5000,27,2026,local-e2-production-2048,1,member_addition,global,0.997600000,ms,0.997600000,add one member to an identical n-1 active-member state,false,false,true,
2048,256,5000,27,2026,local-e2-production-2048,1,two_layer_member_addition,two_layer,2.006600000,ms,2.006600000,sum of one regional and one global member addition,false,false,true,
2048,256,5000,27,2026,local-e2-production-2048,1,witness_generation,regional,2066.588400000,ms,2066.588400000,fresh witness for one active member,false,false,true,
2048,256,5000,27,2026,local-e2-production-2048,1,witness_generation,global,2085.240400000,ms,2085.240400000,fresh witness for one active member,false,false,true,
2048,256,5000,27,2026,local-e2-production-2048,1,two_layer_claim_generation,two_layer,4151.828800000,ms,4151.828800000,sum of regional and global witness generation,false,false,true,
2048,256,5000,27,2026,local-e2-production-2048,1,membership_verification,regional,1.514900000,ms,1.514900000,one current regional witness,false,false,true,
2048,256,5000,27,2026,local-e2-production-2048,1,membership_verification,global,1.000600000,ms,1.000600000,one current global witness,false,false,true,
2048,256,5000,27,2026,local-e2-production-2048,1,two_layer_membership_verification,two_layer,2.515500000,ms,2.515500000,sum of current regional and global verification,false,false,true,
2048,256,5000,27,2026,local-e2-production-2048,1,revocation,regional,2041.350500000,ms,2041.350500000,remove one member and recompute the regional accumulator,false,false,true,
2048,256,5000,27,2026,local-e2-production-2048,1,revocation,global,2070.236700000,ms,2070.236700000,remove one member and recompute the global accumulator,false,false,true,
2048,256,5000,27,2026,local-e2-production-2048,1,two_layer_revocation,two_layer,4111.587200000,ms,4111.587200000,sum of regional and global removal/recomputation,false,false,true,
2048,256,5000,27,2026,local-e2-production-2048,1,single_witness_refresh_after_revocation,regional,2057.054400000,ms,2057.054400000,refresh one remaining member witness; not all members,false,false,true,
2048,256,5000,27,2026,local-e2-production-2048,1,single_witness_refresh_after_revocation,global,2066.664700000,ms,2066.664700000,refresh one remaining member witness; not all members,false,false,true,
2048,256,5000,27,2026,local-e2-production-2048,1,two_layer_single_witness_refresh_after_revocation,two_layer,4123.719100000,ms,4123.719100000,sum for one remaining member's regional and global witnesses; not all members,false,false,true,
2048,256,5000,27,2026,local-e2-production-2048,1,membership_claim_json_size,two_layer,1922.000000000,bytes,,one regional+global context-bound membership claim JSON,false,false,true,
2048,256,5000,27,2026,local-e2-production-2048,1,public_accumulator_state_json_size,two_layer,462352.000000000,bytes,,two public accumulator states including active prime representatives; no RSA factors,false,false,true,
2048,256,5000,28,2026,local-e2-production-2048,1,hash_to_prime,regional,2.288000000,ms,2.288000000,one deterministic 256-bit prime representative; prime search included; RSA setup excluded,false,false,true,
2048,256,5000,28,2026,local-e2-production-2048,1,hash_to_prime,global,1.076500000,ms,1.076500000,one deterministic 256-bit prime representative; prime search included; RSA setup excluded,false,false,true,
2048,256,5000,28,2026,local-e2-production-2048,1,two_layer_hash_to_prime,two_layer,3.364500000,ms,3.364500000,sum for one regional and one global representative,false,false,true,
2048,256,5000,28,2026,local-e2-production-2048,1,member_addition,regional,2.052000000,ms,2.052000000,add one member to an identical n-1 active-member state,false,false,true,
2048,256,5000,28,2026,local-e2-production-2048,1,member_addition,global,2.514100000,ms,2.514100000,add one member to an identical n-1 active-member state,false,false,true,
2048,256,5000,28,2026,local-e2-production-2048,1,two_layer_member_addition,two_layer,4.566100000,ms,4.566100000,sum of one regional and one global member addition,false,false,true,
2048,256,5000,28,2026,local-e2-production-2048,1,witness_generation,regional,1989.805700000,ms,1989.805700000,fresh witness for one active member,false,false,true,
2048,256,5000,28,2026,local-e2-production-2048,1,witness_generation,global,2011.936700000,ms,2011.936700000,fresh witness for one active member,false,false,true,
2048,256,5000,28,2026,local-e2-production-2048,1,two_layer_claim_generation,two_layer,4001.742400000,ms,4001.742400000,sum of regional and global witness generation,false,false,true,
2048,256,5000,28,2026,local-e2-production-2048,1,membership_verification,regional,1.435600000,ms,1.435600000,one current regional witness,false,false,true,
2048,256,5000,28,2026,local-e2-production-2048,1,membership_verification,global,0.998300000,ms,0.998300000,one current global witness,false,false,true,
2048,256,5000,28,2026,local-e2-production-2048,1,two_layer_membership_verification,two_layer,2.433900000,ms,2.433900000,sum of current regional and global verification,false,false,true,
2048,256,5000,28,2026,local-e2-production-2048,1,revocation,regional,2065.542100000,ms,2065.542100000,remove one member and recompute the regional accumulator,false,false,true,
2048,256,5000,28,2026,local-e2-production-2048,1,revocation,global,2043.303900000,ms,2043.303900000,remove one member and recompute the global accumulator,false,false,true,
2048,256,5000,28,2026,local-e2-production-2048,1,two_layer_revocation,two_layer,4108.846000000,ms,4108.846000000,sum of regional and global removal/recomputation,false,false,true,
2048,256,5000,28,2026,local-e2-production-2048,1,single_witness_refresh_after_revocation,regional,2106.960200000,ms,2106.960200000,refresh one remaining member witness; not all members,false,false,true,
2048,256,5000,28,2026,local-e2-production-2048,1,single_witness_refresh_after_revocation,global,2131.453900000,ms,2131.453900000,refresh one remaining member witness; not all members,false,false,true,
2048,256,5000,28,2026,local-e2-production-2048,1,two_layer_single_witness_refresh_after_revocation,two_layer,4238.414100000,ms,4238.414100000,sum for one remaining member's regional and global witnesses; not all members,false,false,true,
2048,256,5000,28,2026,local-e2-production-2048,1,membership_claim_json_size,two_layer,1922.000000000,bytes,,one regional+global context-bound membership claim JSON,false,false,true,
2048,256,5000,28,2026,local-e2-production-2048,1,public_accumulator_state_json_size,two_layer,462352.000000000,bytes,,two public accumulator states including active prime representatives; no RSA factors,false,false,true,
2048,256,5000,29,2026,local-e2-production-2048,1,hash_to_prime,regional,1.017000000,ms,1.017000000,one deterministic 256-bit prime representative; prime search included; RSA setup excluded,false,false,true,
2048,256,5000,29,2026,local-e2-production-2048,1,hash_to_prime,global,1.492700000,ms,1.492700000,one deterministic 256-bit prime representative; prime search included; RSA setup excluded,false,false,true,
2048,256,5000,29,2026,local-e2-production-2048,1,two_layer_hash_to_prime,two_layer,2.509700000,ms,2.509700000,sum for one regional and one global representative,false,false,true,
2048,256,5000,29,2026,local-e2-production-2048,1,member_addition,regional,0.000000000,ms,0.000000000,add one member to an identical n-1 active-member state,false,false,true,
2048,256,5000,29,2026,local-e2-production-2048,1,member_addition,global,2.017800000,ms,2.017800000,add one member to an identical n-1 active-member state,false,false,true,
2048,256,5000,29,2026,local-e2-production-2048,1,two_layer_member_addition,two_layer,2.017800000,ms,2.017800000,sum of one regional and one global member addition,false,false,true,
2048,256,5000,29,2026,local-e2-production-2048,1,witness_generation,regional,2040.948900000,ms,2040.948900000,fresh witness for one active member,false,false,true,
2048,256,5000,29,2026,local-e2-production-2048,1,witness_generation,global,2023.081300000,ms,2023.081300000,fresh witness for one active member,false,false,true,
2048,256,5000,29,2026,local-e2-production-2048,1,two_layer_claim_generation,two_layer,4064.030200000,ms,4064.030200000,sum of regional and global witness generation,false,false,true,
2048,256,5000,29,2026,local-e2-production-2048,1,membership_verification,regional,1.000000000,ms,1.000000000,one current regional witness,false,false,true,
2048,256,5000,29,2026,local-e2-production-2048,1,membership_verification,global,0.999600000,ms,0.999600000,one current global witness,false,false,true,
2048,256,5000,29,2026,local-e2-production-2048,1,two_layer_membership_verification,two_layer,1.999600000,ms,1.999600000,sum of current regional and global verification,false,false,true,
2048,256,5000,29,2026,local-e2-production-2048,1,revocation,regional,2119.044400000,ms,2119.044400000,remove one member and recompute the regional accumulator,false,false,true,
2048,256,5000,29,2026,local-e2-production-2048,1,revocation,global,2123.314900000,ms,2123.314900000,remove one member and recompute the global accumulator,false,false,true,
2048,256,5000,29,2026,local-e2-production-2048,1,two_layer_revocation,two_layer,4242.359300000,ms,4242.359300000,sum of regional and global removal/recomputation,false,false,true,
2048,256,5000,29,2026,local-e2-production-2048,1,single_witness_refresh_after_revocation,regional,2077.076400000,ms,2077.076400000,refresh one remaining member witness; not all members,false,false,true,
2048,256,5000,29,2026,local-e2-production-2048,1,single_witness_refresh_after_revocation,global,2021.365800000,ms,2021.365800000,refresh one remaining member witness; not all members,false,false,true,
2048,256,5000,29,2026,local-e2-production-2048,1,two_layer_single_witness_refresh_after_revocation,two_layer,4098.442200000,ms,4098.442200000,sum for one remaining member's regional and global witnesses; not all members,false,false,true,
2048,256,5000,29,2026,local-e2-production-2048,1,membership_claim_json_size,two_layer,1922.000000000,bytes,,one regional+global context-bound membership claim JSON,false,false,true,
2048,256,5000,29,2026,local-e2-production-2048,1,public_accumulator_state_json_size,two_layer,462352.000000000,bytes,,two public accumulator states including active prime representatives; no RSA factors,false,false,true,
2048,256,5000,30,2026,local-e2-production-2048,1,hash_to_prime,regional,2.119200000,ms,2.119200000,one deterministic 256-bit prime representative; prime search included; RSA setup excluded,false,false,true,
2048,256,5000,30,2026,local-e2-production-2048,1,hash_to_prime,global,0.994000000,ms,0.994000000,one deterministic 256-bit prime representative; prime search included; RSA setup excluded,false,false,true,
2048,256,5000,30,2026,local-e2-production-2048,1,two_layer_hash_to_prime,two_layer,3.113200000,ms,3.113200000,sum for one regional and one global representative,false,false,true,
2048,256,5000,30,2026,local-e2-production-2048,1,member_addition,regional,0.999800000,ms,0.999800000,add one member to an identical n-1 active-member state,false,false,true,
2048,256,5000,30,2026,local-e2-production-2048,1,member_addition,global,1.999900000,ms,1.999900000,add one member to an identical n-1 active-member state,false,false,true,
2048,256,5000,30,2026,local-e2-production-2048,1,two_layer_member_addition,two_layer,2.999700000,ms,2.999700000,sum of one regional and one global member addition,false,false,true,
2048,256,5000,30,2026,local-e2-production-2048,1,witness_generation,regional,2074.263500000,ms,2074.263500000,fresh witness for one active member,false,false,true,
2048,256,5000,30,2026,local-e2-production-2048,1,witness_generation,global,2072.724000000,ms,2072.724000000,fresh witness for one active member,false,false,true,
2048,256,5000,30,2026,local-e2-production-2048,1,two_layer_claim_generation,two_layer,4146.987500000,ms,4146.987500000,sum of regional and global witness generation,false,false,true,
2048,256,5000,30,2026,local-e2-production-2048,1,membership_verification,regional,1.001100000,ms,1.001100000,one current regional witness,false,false,true,
2048,256,5000,30,2026,local-e2-production-2048,1,membership_verification,global,1.001000000,ms,1.001000000,one current global witness,false,false,true,
2048,256,5000,30,2026,local-e2-production-2048,1,two_layer_membership_verification,two_layer,2.002100000,ms,2.002100000,sum of current regional and global verification,false,false,true,
2048,256,5000,30,2026,local-e2-production-2048,1,revocation,regional,2044.933900000,ms,2044.933900000,remove one member and recompute the regional accumulator,false,false,true,
2048,256,5000,30,2026,local-e2-production-2048,1,revocation,global,2040.928800000,ms,2040.928800000,remove one member and recompute the global accumulator,false,false,true,
2048,256,5000,30,2026,local-e2-production-2048,1,two_layer_revocation,two_layer,4085.862700000,ms,4085.862700000,sum of regional and global removal/recomputation,false,false,true,
2048,256,5000,30,2026,local-e2-production-2048,1,single_witness_refresh_after_revocation,regional,2019.197700000,ms,2019.197700000,refresh one remaining member witness; not all members,false,false,true,
2048,256,5000,30,2026,local-e2-production-2048,1,single_witness_refresh_after_revocation,global,2165.747700000,ms,2165.747700000,refresh one remaining member witness; not all members,false,false,true,
2048,256,5000,30,2026,local-e2-production-2048,1,two_layer_single_witness_refresh_after_revocation,two_layer,4184.945400000,ms,4184.945400000,sum for one remaining member's regional and global witnesses; not all members,false,false,true,
2048,256,5000,30,2026,local-e2-production-2048,1,membership_claim_json_size,two_layer,1922.000000000,bytes,,one regional+global context-bound membership claim JSON,false,false,true,
2048,256,5000,30,2026,local-e2-production-2048,1,public_accumulator_state_json_size,two_layer,462352.000000000,bytes,,two public accumulator states including active prime representatives; no RSA factors,false,false,true,
