case_id,orders,plain_result_hash,pp_result_hash,matched_pairs_equal,price_equal,quantity_equal,settlement_equal,penalties_equal,credit_updates_equal,order_states_equal,result_hash_equal,invariants_hold,permutation_stable,all_equal,plain_matched_pairs,pp_matched_pairs,notes
no_match,2,63557392b865e2acf9304aa3ad4d2310116b14359dc68119246a368283a3e24e,63557392b865e2acf9304aa3ad4d2310116b14359dc68119246a368283a3e24e,true,true,true,true,true,true,true,true,true,true,true,0,0,Buyer price below seller price.
single_pair,2,91d30e85a587221e37331dc3ae24f83728f700bf5c5ad86d501dcf5aa53f3313,91d30e85a587221e37331dc3ae24f83728f700bf5c5ad86d501dcf5aa53f3313,true,true,true,true,true,true,true,true,true,true,true,1,1,One buyer and one seller.
equal_prices,4,7d689b5b4f7676209dd61937172a559803b121fad1169c61683cbfe1c1f4fbd7,7d689b5b4f7676209dd61937172a559803b121fad1169c61683cbfe1c1f4fbd7,true,true,true,true,true,true,true,true,true,true,true,2,2,Multiple equal-price orders.
equal_opportunity_scores,4,5117a0c2a31b410a0530574948159423b5f61df0e4919adec7c4f1e731e7aa38,5117a0c2a31b410a0530574948159423b5f61df0e4919adec7c4f1e731e7aa38,true,true,true,true,true,true,true,true,true,true,true,3,3,Equal OS values exercise tie handling.
partial_quantity,3,34f85514cc7b6689c7a8b8bb61c40937a5481ba76d132d958c4f95fcc3acbb98,34f85514cc7b6689c7a8b8bb61c40937a5481ba76d132d958c4f95fcc3acbb98,true,true,true,true,true,true,true,true,true,true,true,2,2,Partial fills.
cross_region_scope,2,63557392b865e2acf9304aa3ad4d2310116b14359dc68119246a368283a3e24e,63557392b865e2acf9304aa3ad4d2310116b14359dc68119246a368283a3e24e,true,true,true,true,true,true,true,true,true,true,true,0,0,Different regions are separate matching rounds and cannot match.
cross_timeslot_scope,2,63557392b865e2acf9304aa3ad4d2310116b14359dc68119246a368283a3e24e,63557392b865e2acf9304aa3ad4d2310116b14359dc68119246a368283a3e24e,true,true,true,true,true,true,true,true,true,true,true,0,0,Different time slots are separate matching rounds and cannot match.
buy_heavy,4,17140636b3152e632377e6ba839e25cf566fba24cf77b94d11a8240fdc943bfb,17140636b3152e632377e6ba839e25cf566fba24cf77b94d11a8240fdc943bfb,true,true,true,true,true,true,true,true,true,true,true,1,1,Severely buy-heavy.
boundary_values,2,57cf2726efb13f021a269ce5e5fcf050e216db5a8a04f30433ab153c1c4ef4cd,57cf2726efb13f021a269ce5e5fcf050e216db5a8a04f30433ab153c1c4ef4cd,true,true,true,true,true,true,true,true,true,true,true,1,1,Boundary price and credit score.
maximum_test_scale,1000,3908404f5f5a0897eeb3238380727b5ca2a0f28227ee2b0efdf3bf401cf78650,3908404f5f5a0897eeb3238380727b5ca2a0f28227ee2b0efdf3bf401cf78650,true,true,true,true,true,true,true,true,true,true,true,428,428,500 buyers and 500 sellers.
random_0001,13,8da6ce2e4ee89ad2b77f22ef347d8b4fe69c9f78452f643fad2ebf178fb259ac,8da6ce2e4ee89ad2b77f22ef347d8b4fe69c9f78452f643fad2ebf178fb259ac,true,true,true,true,true,true,true,true,true,true,true,6,6,Fixed-seed random differential case.
random_0002,30,167354ab992be12ca47c33c908c68cc6aa45f803f5d3cc23d1b137dc9f7d29a9,167354ab992be12ca47c33c908c68cc6aa45f803f5d3cc23d1b137dc9f7d29a9,true,true,true,true,true,true,true,true,true,true,true,4,4,Fixed-seed random differential case.
random_0003,9,df3ce18d5a05ab6c5ac05bc0435d3f220e7e083473278be72143999d88e401d0,df3ce18d5a05ab6c5ac05bc0435d3f220e7e083473278be72143999d88e401d0,true,true,true,true,true,true,true,true,true,true,true,5,5,Fixed-seed random differential case.
random_0004,24,9e74b6f76c65b21b2234f45555ac2fe2fd1524a594258994240901996a190868,9e74b6f76c65b21b2234f45555ac2fe2fd1524a594258994240901996a190868,true,true,true,true,true,true,true,true,true,true,true,11,11,Fixed-seed random differential case.
random_0005,37,323d37ceba223d5c35220e1ffb51d1579fa7067a2fa237c0eba4068411ed64ea,323d37ceba223d5c35220e1ffb51d1579fa7067a2fa237c0eba4068411ed64ea,true,true,true,true,true,true,true,true,true,true,true,11,11,Fixed-seed random differential case.
random_0006,18,d378e89cf0789fb3bcc76db2b577a660da43fcdc83b985d4b4238a8433e0e236,d378e89cf0789fb3bcc76db2b577a660da43fcdc83b985d4b4238a8433e0e236,true,true,true,true,true,true,true,true,true,true,true,2,2,Fixed-seed random differential case.
random_0007,12,5c320a3f16107eea7d5b2f392ca3cc4cc28a735022462510a1731812e9f7040e,5c320a3f16107eea7d5b2f392ca3cc4cc28a735022462510a1731812e9f7040e,true,true,true,true,true,true,true,true,true,true,true,3,3,Fixed-seed random differential case.
random_0008,7,1192f9d6c8e11b64d69fdf2ed68f42b36244cf38d1bb819343ba0206b1a9e792,1192f9d6c8e11b64d69fdf2ed68f42b36244cf38d1bb819343ba0206b1a9e792,true,true,true,true,true,true,true,true,true,true,true,2,2,Fixed-seed random differential case.
random_0009,17,b1b21f8b8ee1a24dee70078e07ec0b2d8cf0206615025e839ab69ef08f642d8a,b1b21f8b8ee1a24dee70078e07ec0b2d8cf0206615025e839ab69ef08f642d8a,true,true,true,true,true,true,true,true,true,true,true,7,7,Fixed-seed random differential case.
random_0010,34,9bf058ab1282e203278bbf405c3ed260ab4272d3ae3f1fe2ea6e5d55088342e0,9bf058ab1282e203278bbf405c3ed260ab4272d3ae3f1fe2ea6e5d55088342e0,true,true,true,true,true,true,true,true,true,true,true,15,15,Fixed-seed random differential case.
random_0011,16,3c5f9c72f6bdb9379c97e25f248f3d7c9b63912332881f30940837e6813eb45b,3c5f9c72f6bdb9379c97e25f248f3d7c9b63912332881f30940837e6813eb45b,true,true,true,true,true,true,true,true,true,true,true,7,7,Fixed-seed random differential case.
random_0012,23,7e6313481d0144df51eae9a7ca660427b3f91bb935c770dcccb5d5263f21838e,7e6313481d0144df51eae9a7ca660427b3f91bb935c770dcccb5d5263f21838e,true,true,true,true,true,true,true,true,true,true,true,7,7,Fixed-seed random differential case.
random_0013,34,780313ca52188de7f6e762f3b559098c929f70bd3d181cdf386c67d1d31547dc,780313ca52188de7f6e762f3b559098c929f70bd3d181cdf386c67d1d31547dc,true,true,true,true,true,true,true,true,true,true,true,19,19,Fixed-seed random differential case.
random_0014,24,97b1530b4c256bf0bc95bf322c209f1ee780de442ebe0ca2403cbe98f0791e8a,97b1530b4c256bf0bc95bf322c209f1ee780de442ebe0ca2403cbe98f0791e8a,true,true,true,true,true,true,true,true,true,true,true,5,5,Fixed-seed random differential case.
random_0015,6,c2ffe097f877bf77cc1d3bd14700d25ac55ca9714396e93b46a62338200b1cac,c2ffe097f877bf77cc1d3bd14700d25ac55ca9714396e93b46a62338200b1cac,true,true,true,true,true,true,true,true,true,true,true,2,2,Fixed-seed random differential case.
random_0016,14,c0c1a005ee4d2b2079701aee8604ce9ed1a6f08bb99a4158b50482611b358c8d,c0c1a005ee4d2b2079701aee8604ce9ed1a6f08bb99a4158b50482611b358c8d,true,true,true,true,true,true,true,true,true,true,true,4,4,Fixed-seed random differential case.
random_0017,31,bbfd03e3b9e1b3a0b512078beae8fdc4c98ffefe3422cfdefeee8c0eea363205,bbfd03e3b9e1b3a0b512078beae8fdc4c98ffefe3422cfdefeee8c0eea363205,true,true,true,true,true,true,true,true,true,true,true,11,11,Fixed-seed random differential case.
random_0018,19,feb58a39adfce7cef4c34265566605d7b374fda91da72d10011ffeb7d21e08ac,feb58a39adfce7cef4c34265566605d7b374fda91da72d10011ffeb7d21e08ac,true,true,true,true,true,true,true,true,true,true,true,9,9,Fixed-seed random differential case.
random_0019,12,1716af295c6b6eb6139f7fcfe6e215776f7a807a3ec9452cf3ee5c35d8ae78e0,1716af295c6b6eb6139f7fcfe6e215776f7a807a3ec9452cf3ee5c35d8ae78e0,true,true,true,true,true,true,true,true,true,true,true,3,3,Fixed-seed random differential case.
random_0020,23,e3fd19dc46053997e76cedea890dbae257ba098f8e708635dde3d9203a2de718,e3fd19dc46053997e76cedea890dbae257ba098f8e708635dde3d9203a2de718,true,true,true,true,true,true,true,true,true,true,true,9,9,Fixed-seed random differential case.
random_0021,26,d848bb12df12b6f7227a58d0decd20ba5852a1a91dfac7831b22a131f2e2721b,d848bb12df12b6f7227a58d0decd20ba5852a1a91dfac7831b22a131f2e2721b,true,true,true,true,true,true,true,true,true,true,true,13,13,Fixed-seed random differential case.
random_0022,11,983fc9db35dba3321fbcab7c154df6b3e969033682fcaf7a702d378f1d56bf5b,983fc9db35dba3321fbcab7c154df6b3e969033682fcaf7a702d378f1d56bf5b,true,true,true,true,true,true,true,true,true,true,true,3,3,Fixed-seed random differential case.
random_0023,8,ee50a954b03add01d5aefcd010f8f18af2397b4a2164b72149abe9f3f513c99d,ee50a954b03add01d5aefcd010f8f18af2397b4a2164b72149abe9f3f513c99d,true,true,true,true,true,true,true,true,true,true,true,2,2,Fixed-seed random differential case.
random_0024,10,64f519f5ddffa339ba567835c4fa0a22856313011bc0db4b58dfca8a21bf869d,64f519f5ddffa339ba567835c4fa0a22856313011bc0db4b58dfca8a21bf869d,true,true,true,true,true,true,true,true,true,true,true,4,4,Fixed-seed random differential case.
random_0025,21,76e3d3fd2e563aa06348944c5d979ad49825e6a08e611fc80bfa38b98197955a,76e3d3fd2e563aa06348944c5d979ad49825e6a08e611fc80bfa38b98197955a,true,true,true,true,true,true,true,true,true,true,true,4,4,Fixed-seed random differential case.
random_0026,18,b4581604925c3aaa7a45c20822a8241520aa683aaed372a04f317f17db1507ef,b4581604925c3aaa7a45c20822a8241520aa683aaed372a04f317f17db1507ef,true,true,true,true,true,true,true,true,true,true,true,6,6,Fixed-seed random differential case.
random_0027,13,8abfa85376273afb2c9d721fac57a88d4ef84df7ae540fff385f1e65b5cbb221,8abfa85376273afb2c9d721fac57a88d4ef84df7ae540fff385f1e65b5cbb221,true,true,true,true,true,true,true,true,true,true,true,3,3,Fixed-seed random differential case.
random_0028,18,4e392462a951bd5d3e589bd5f2f2a5bbd30f1f0fa552ed15facd3bb6eec9c01b,4e392462a951bd5d3e589bd5f2f2a5bbd30f1f0fa552ed15facd3bb6eec9c01b,true,true,true,true,true,true,true,true,true,true,true,7,7,Fixed-seed random differential case.
random_0029,5,50a39a8612005d422da8f0165510ce80b9ae1e13ab59fb744f94f074cb7a4110,50a39a8612005d422da8f0165510ce80b9ae1e13ab59fb744f94f074cb7a4110,true,true,true,true,true,true,true,true,true,true,true,1,1,Fixed-seed random differential case.
random_0030,10,d6085060bf9615bfb42420d36b327b0ff65171c72ce3061062e7953cc5e7a970,d6085060bf9615bfb42420d36b327b0ff65171c72ce3061062e7953cc5e7a970,true,true,true,true,true,true,true,true,true,true,true,3,3,Fixed-seed random differential case.
random_0031,21,c4f9c57923ef26459a3b6312b2f370eb7ab7a2c82118b3d865b45ba2bcbb42bf,c4f9c57923ef26459a3b6312b2f370eb7ab7a2c82118b3d865b45ba2bcbb42bf,true,true,true,true,true,true,true,true,true,true,true,8,8,Fixed-seed random differential case.
random_0032,19,462c9e80ae0274bcad9c7304c65a35f4a2804084e7e656291891b8bafef30f46,462c9e80ae0274bcad9c7304c65a35f4a2804084e7e656291891b8bafef30f46,true,true,true,true,true,true,true,true,true,true,true,13,13,Fixed-seed random differential case.
random_0033,16,538b48800346d5aefa9afcff0973671ee5cc90cd46c767158cef9420aabc34c5,538b48800346d5aefa9afcff0973671ee5cc90cd46c767158cef9420aabc34c5,true,true,true,true,true,true,true,true,true,true,true,2,2,Fixed-seed random differential case.
random_0034,23,83639a68bf2375495ba7d5bfffb810c117b49c4026c22e5b25b9ac95da97120a,83639a68bf2375495ba7d5bfffb810c117b49c4026c22e5b25b9ac95da97120a,true,true,true,true,true,true,true,true,true,true,true,4,4,Fixed-seed random differential case.
random_0035,13,537eb40186ce0fffd6ac08916c0a01935c8eea7780ad015525f45d400c6f3701,537eb40186ce0fffd6ac08916c0a01935c8eea7780ad015525f45d400c6f3701,true,true,true,true,true,true,true,true,true,true,true,5,5,Fixed-seed random differential case.
random_0036,21,226865c6407f2b9ed6c8ad0e5aab60cf3d88d91e8972d2e090129dc1bc14353c,226865c6407f2b9ed6c8ad0e5aab60cf3d88d91e8972d2e090129dc1bc14353c,true,true,true,true,true,true,true,true,true,true,true,9,9,Fixed-seed random differential case.
random_0037,35,8470b1fdfc1127d26b13543a310fd5cdf02e371567e5cf05059a895ce6f03d54,8470b1fdfc1127d26b13543a310fd5cdf02e371567e5cf05059a895ce6f03d54,true,true,true,true,true,true,true,true,true,true,true,21,21,Fixed-seed random differential case.
random_0038,18,ad0d80f9ee3fdbb847d43d211b2d8ce027f5ae021732473ffaf2455e23462c67,ad0d80f9ee3fdbb847d43d211b2d8ce027f5ae021732473ffaf2455e23462c67,true,true,true,true,true,true,true,true,true,true,true,7,7,Fixed-seed random differential case.
random_0039,9,745a66be1a1980f0c9bae02d1dff90c405b35eb0772c2af6be3412009c00842e,745a66be1a1980f0c9bae02d1dff90c405b35eb0772c2af6be3412009c00842e,true,true,true,true,true,true,true,true,true,true,true,7,7,Fixed-seed random differential case.
random_0040,23,6eda06921149418446a4f5f17870b18d3fa6a6f24be28ed5f9fbe88e7815e2a3,6eda06921149418446a4f5f17870b18d3fa6a6f24be28ed5f9fbe88e7815e2a3,true,true,true,true,true,true,true,true,true,true,true,3,3,Fixed-seed random differential case.
random_0041,23,29633384fc2f27c4e366c0a7687c16394a24914a478963cf1d7f297ad5a47347,29633384fc2f27c4e366c0a7687c16394a24914a478963cf1d7f297ad5a47347,true,true,true,true,true,true,true,true,true,true,true,6,6,Fixed-seed random differential case.
random_0042,20,c09cb8f0a14bedadd53a27cc119eada851a86e6bdd84970e2298aadd2de8acf8,c09cb8f0a14bedadd53a27cc119eada851a86e6bdd84970e2298aadd2de8acf8,true,true,true,true,true,true,true,true,true,true,true,8,8,Fixed-seed random differential case.
random_0043,33,2f870ddaa6152f4946d85d43351ee729b6db61ce99adedd8a38871f830665842,2f870ddaa6152f4946d85d43351ee729b6db61ce99adedd8a38871f830665842,true,true,true,true,true,true,true,true,true,true,true,18,18,Fixed-seed random differential case.
random_0044,6,4bbc05aab84c509261bbd7d6e8c32644e8cae8bb8a1eb2acafe6d0b6733c7009,4bbc05aab84c509261bbd7d6e8c32644e8cae8bb8a1eb2acafe6d0b6733c7009,true,true,true,true,true,true,true,true,true,true,true,0,0,Fixed-seed random differential case.
random_0045,24,4f7b76545e792769f291596e2dd82cd28d342022e8e134000c1f018c7f55485b,4f7b76545e792769f291596e2dd82cd28d342022e8e134000c1f018c7f55485b,true,true,true,true,true,true,true,true,true,true,true,15,15,Fixed-seed random differential case.
random_0046,23,ff1d137f41cb4d0885df8b2a806f883366cae82324bcac3c9b6d20b8b1f89eff,ff1d137f41cb4d0885df8b2a806f883366cae82324bcac3c9b6d20b8b1f89eff,true,true,true,true,true,true,true,true,true,true,true,15,15,Fixed-seed random differential case.
random_0047,21,156ebb39be3b602304f2029e2f2d877a8798669124403f857307ff5d6cd1d8ec,156ebb39be3b602304f2029e2f2d877a8798669124403f857307ff5d6cd1d8ec,true,true,true,true,true,true,true,true,true,true,true,2,2,Fixed-seed random differential case.
random_0048,33,b20c90de0d7a2c54216f9d7dc4665cbdf8802fb4a7a93c051633e20d9b92ae5b,b20c90de0d7a2c54216f9d7dc4665cbdf8802fb4a7a93c051633e20d9b92ae5b,true,true,true,true,true,true,true,true,true,true,true,17,17,Fixed-seed random differential case.
random_0049,9,4790e76558d89920e856cbfe043c837a825711e9d1337d6e342ce4247425369a,4790e76558d89920e856cbfe043c837a825711e9d1337d6e342ce4247425369a,true,true,true,true,true,true,true,true,true,true,true,1,1,Fixed-seed random differential case.
random_0050,32,d52a71475fc24ef168570408030b26569f72f55ba1fcafd44ef56552d48b3f65,d52a71475fc24ef168570408030b26569f72f55ba1fcafd44ef56552d48b3f65,true,true,true,true,true,true,true,true,true,true,true,14,14,Fixed-seed random differential case.
random_0051,20,2fde85e00f51cb3d0372afcd8482be4de997ab8a40825fc52cd997518b465e94,2fde85e00f51cb3d0372afcd8482be4de997ab8a40825fc52cd997518b465e94,true,true,true,true,true,true,true,true,true,true,true,0,0,Fixed-seed random differential case.
random_0052,15,ad8e9b7cf5d118a1970544f2101011dcd54a844fd11541a0683e6c85fde33ea4,ad8e9b7cf5d118a1970544f2101011dcd54a844fd11541a0683e6c85fde33ea4,true,true,true,true,true,true,true,true,true,true,true,1,1,Fixed-seed random differential case.
random_0053,23,0fc7832883654c6f0ebe0d9076339a502b1a94b245fffa9e0cc267fb71c80806,0fc7832883654c6f0ebe0d9076339a502b1a94b245fffa9e0cc267fb71c80806,true,true,true,true,true,true,true,true,true,true,true,12,12,Fixed-seed random differential case.
random_0054,18,df95157cbda8026ec6433fc95fc6f224be37d7465a1dc4e9abd87555ce99ffc0,df95157cbda8026ec6433fc95fc6f224be37d7465a1dc4e9abd87555ce99ffc0,true,true,true,true,true,true,true,true,true,true,true,9,9,Fixed-seed random differential case.
random_0055,25,c974451ad8ea081e5084059c50626d4dd9bf4845d633ed7063dd3e5052f4cf06,c974451ad8ea081e5084059c50626d4dd9bf4845d633ed7063dd3e5052f4cf06,true,true,true,true,true,true,true,true,true,true,true,10,10,Fixed-seed random differential case.
random_0056,21,31e211db653522780431d126f04de3988b87c3b0c1a5386c36b5be4b34fe1566,31e211db653522780431d126f04de3988b87c3b0c1a5386c36b5be4b34fe1566,true,true,true,true,true,true,true,true,true,true,true,2,2,Fixed-seed random differential case.
random_0057,11,e6fa0d636cf638f4cb331c9b1de8fcc4a7a82a9c2f371b6d77efd93db75e8fc9,e6fa0d636cf638f4cb331c9b1de8fcc4a7a82a9c2f371b6d77efd93db75e8fc9,true,true,true,true,true,true,true,true,true,true,true,3,3,Fixed-seed random differential case.
random_0058,16,ee756d40870a0852af8e8c48d7c4ea807f335b46a199c2421e33e46a7940cff1,ee756d40870a0852af8e8c48d7c4ea807f335b46a199c2421e33e46a7940cff1,true,true,true,true,true,true,true,true,true,true,true,8,8,Fixed-seed random differential case.
random_0059,21,2bde60d7c9c0e99bc84b58fee96b5ee393c5efa0448ff0c3fe66acbc2863884f,2bde60d7c9c0e99bc84b58fee96b5ee393c5efa0448ff0c3fe66acbc2863884f,true,true,true,true,true,true,true,true,true,true,true,7,7,Fixed-seed random differential case.
random_0060,16,8674ad098a6ca47203b508c64a79023e280967eea0d1fb109491a791e74b640d,8674ad098a6ca47203b508c64a79023e280967eea0d1fb109491a791e74b640d,true,true,true,true,true,true,true,true,true,true,true,5,5,Fixed-seed random differential case.
random_0061,15,abbab648224fe3940fd69450c554888226c65b4adabc732481c80dee6e694c0f,abbab648224fe3940fd69450c554888226c65b4adabc732481c80dee6e694c0f,true,true,true,true,true,true,true,true,true,true,true,7,7,Fixed-seed random differential case.
random_0062,22,4b85584c6babee7626af027a7e3dc3148495f7b49522ee98f1798c4f7cdb1f42,4b85584c6babee7626af027a7e3dc3148495f7b49522ee98f1798c4f7cdb1f42,true,true,true,true,true,true,true,true,true,true,true,3,3,Fixed-seed random differential case.
random_0063,20,aa5c73eba4b10f05c2cd40ff95ca9e3618869cb426471f3d938181a36792074f,aa5c73eba4b10f05c2cd40ff95ca9e3618869cb426471f3d938181a36792074f,true,true,true,true,true,true,true,true,true,true,true,6,6,Fixed-seed random differential case.
random_0064,16,205ed39f2ca97229623e70816695fbe74884241995c9e5bb6afa5a9c3f0ccc7f,205ed39f2ca97229623e70816695fbe74884241995c9e5bb6afa5a9c3f0ccc7f,true,true,true,true,true,true,true,true,true,true,true,3,3,Fixed-seed random differential case.
random_0065,35,8eb35abe00c63b5fee0c1f4acf0f382170a3134bba51ac9df4f273551da70666,8eb35abe00c63b5fee0c1f4acf0f382170a3134bba51ac9df4f273551da70666,true,true,true,true,true,true,true,true,true,true,true,13,13,Fixed-seed random differential case.
random_0066,16,bf0b5d92fb7aa355df816ab44bc79f57cd0f0f6b118bf87124ffdac1b8419611,bf0b5d92fb7aa355df816ab44bc79f57cd0f0f6b118bf87124ffdac1b8419611,true,true,true,true,true,true,true,true,true,true,true,6,6,Fixed-seed random differential case.
random_0067,18,d24c3f353ee2dfe707dc249fe95168b3e615a551ff8932b94de84e30826f3bbd,d24c3f353ee2dfe707dc249fe95168b3e615a551ff8932b94de84e30826f3bbd,true,true,true,true,true,true,true,true,true,true,true,0,0,Fixed-seed random differential case.
random_0068,17,4b6fd14e2faf8a19233e75381c16c306d3429f2ef369132cb811e9b9ab3d6f58,4b6fd14e2faf8a19233e75381c16c306d3429f2ef369132cb811e9b9ab3d6f58,true,true,true,true,true,true,true,true,true,true,true,9,9,Fixed-seed random differential case.
random_0069,15,41e0a43915dd7eff0cc53736e46fa688c5192e99c5a577980f37fd21cc20c3e1,41e0a43915dd7eff0cc53736e46fa688c5192e99c5a577980f37fd21cc20c3e1,true,true,true,true,true,true,true,true,true,true,true,8,8,Fixed-seed random differential case.
random_0070,11,0cd9a02a2f10b1cbcda4f71b46b62712d21a2b73cc8356955b5c93dc9714f551,0cd9a02a2f10b1cbcda4f71b46b62712d21a2b73cc8356955b5c93dc9714f551,true,true,true,true,true,true,true,true,true,true,true,1,1,Fixed-seed random differential case.
random_0071,24,fd5a6df8c9d5bb8716f6cbf3525a099b3966264cf736035584ae4054f82f460f,fd5a6df8c9d5bb8716f6cbf3525a099b3966264cf736035584ae4054f82f460f,true,true,true,true,true,true,true,true,true,true,true,15,15,Fixed-seed random differential case.
random_0072,17,82d4aa05195bbb6d9121feeaa0099e039cc1d936c73a4383ee9c654b80ab2b8b,82d4aa05195bbb6d9121feeaa0099e039cc1d936c73a4383ee9c654b80ab2b8b,true,true,true,true,true,true,true,true,true,true,true,5,5,Fixed-seed random differential case.
random_0073,20,578a03a60d168f6fee04bb06f24a7980b05a8824ab288142d0d8a58d2a877aaf,578a03a60d168f6fee04bb06f24a7980b05a8824ab288142d0d8a58d2a877aaf,true,true,true,true,true,true,true,true,true,true,true,4,4,Fixed-seed random differential case.
random_0074,23,868d8e918eebb66fff84a30c47dbfb35d29510e8b8ef7cbf22150cb8e22c4085,868d8e918eebb66fff84a30c47dbfb35d29510e8b8ef7cbf22150cb8e22c4085,true,true,true,true,true,true,true,true,true,true,true,7,7,Fixed-seed random differential case.
random_0075,30,88f433fbcf85539d0f655b3b92b3ce311bde293a2d5901e339651532daf92ccf,88f433fbcf85539d0f655b3b92b3ce311bde293a2d5901e339651532daf92ccf,true,true,true,true,true,true,true,true,true,true,true,7,7,Fixed-seed random differential case.
random_0076,35,299692cf8673e3ee32b6206b5e551d78fda7f6848436c943c931cd368e67761b,299692cf8673e3ee32b6206b5e551d78fda7f6848436c943c931cd368e67761b,true,true,true,true,true,true,true,true,true,true,true,14,14,Fixed-seed random differential case.
random_0077,14,8ea5adba0278f7a09c06067719e37ae766c7defc75fa4b5af34bd98d14ca35bb,8ea5adba0278f7a09c06067719e37ae766c7defc75fa4b5af34bd98d14ca35bb,true,true,true,true,true,true,true,true,true,true,true,4,4,Fixed-seed random differential case.
random_0078,32,06658ae6ca1fdad7f695cdeae6d44678fb75ff6967d2bfdcd3f3a2e37871db56,06658ae6ca1fdad7f695cdeae6d44678fb75ff6967d2bfdcd3f3a2e37871db56,true,true,true,true,true,true,true,true,true,true,true,11,11,Fixed-seed random differential case.
random_0079,17,7faf98d65fb2dbcafea37dcf2c3bc1a3cd884ca4a1c38f2fca8d6350bcf08046,7faf98d65fb2dbcafea37dcf2c3bc1a3cd884ca4a1c38f2fca8d6350bcf08046,true,true,true,true,true,true,true,true,true,true,true,8,8,Fixed-seed random differential case.
random_0080,20,4cc63004f1146986f08c7cbe21f614c24a8c94383e253e6996e071d523bc2dba,4cc63004f1146986f08c7cbe21f614c24a8c94383e253e6996e071d523bc2dba,true,true,true,true,true,true,true,true,true,true,true,1,1,Fixed-seed random differential case.
random_0081,25,6c160ef8255039c9310833bbb52f4b089c8667d13f0b0b42577a3d91b6822275,6c160ef8255039c9310833bbb52f4b089c8667d13f0b0b42577a3d91b6822275,true,true,true,true,true,true,true,true,true,true,true,9,9,Fixed-seed random differential case.
random_0082,32,6f80b84a28d23f5ea75edeedc396757323fc0757eb2516a416d03d31136aa3b6,6f80b84a28d23f5ea75edeedc396757323fc0757eb2516a416d03d31136aa3b6,true,true,true,true,true,true,true,true,true,true,true,12,12,Fixed-seed random differential case.
random_0083,23,c86cffd47b5782648149a218e804195230523525906098276cb719cbaf984050,c86cffd47b5782648149a218e804195230523525906098276cb719cbaf984050,true,true,true,true,true,true,true,true,true,true,true,1,1,Fixed-seed random differential case.
random_0084,29,0aac77693df0174367d7e8f2f95c899071a1078a4f26e2f65aa9ce1857903e67,0aac77693df0174367d7e8f2f95c899071a1078a4f26e2f65aa9ce1857903e67,true,true,true,true,true,true,true,true,true,true,true,4,4,Fixed-seed random differential case.
random_0085,29,b1a7013d7204b2a0df3db1779d95070307132992a3034738b34b32c74a9f79c0,b1a7013d7204b2a0df3db1779d95070307132992a3034738b34b32c74a9f79c0,true,true,true,true,true,true,true,true,true,true,true,5,5,Fixed-seed random differential case.
random_0086,23,eda4f073a915a8f7c27af497f221c8934fb59d7fc6cb2dd15be050cdd0a31c35,eda4f073a915a8f7c27af497f221c8934fb59d7fc6cb2dd15be050cdd0a31c35,true,true,true,true,true,true,true,true,true,true,true,8,8,Fixed-seed random differential case.
random_0087,28,93eeee8ded094963491493bec1121fa6a5910569725a56aea3b398aa81b0998a,93eeee8ded094963491493bec1121fa6a5910569725a56aea3b398aa81b0998a,true,true,true,true,true,true,true,true,true,true,true,13,13,Fixed-seed random differential case.
random_0088,33,f859c0bf8369395c4599b2b7ab561196c8a67baa55912aeffe01a4f7a5d8b92d,f859c0bf8369395c4599b2b7ab561196c8a67baa55912aeffe01a4f7a5d8b92d,true,true,true,true,true,true,true,true,true,true,true,16,16,Fixed-seed random differential case.
random_0089,22,14af44255afa14ebe6019dc5f140df4f6af586faa110f1c4694a1e62836824e6,14af44255afa14ebe6019dc5f140df4f6af586faa110f1c4694a1e62836824e6,true,true,true,true,true,true,true,true,true,true,true,4,4,Fixed-seed random differential case.
random_0090,14,6f18bfab6f4a8d567b53d30e97ba34a6f38dbc20c59ff105ae8398298fb52fc1,6f18bfab6f4a8d567b53d30e97ba34a6f38dbc20c59ff105ae8398298fb52fc1,true,true,true,true,true,true,true,true,true,true,true,2,2,Fixed-seed random differential case.
random_0091,19,3af0808f428703297558a0a234ff16170baaa00303f3d996d5fc2dee2d7092b0,3af0808f428703297558a0a234ff16170baaa00303f3d996d5fc2dee2d7092b0,true,true,true,true,true,true,true,true,true,true,true,4,4,Fixed-seed random differential case.
random_0092,19,dd0c206bc6b403b7d27720d2ae77e12aee2b4bac52c6fbb68b99542aac28d29c,dd0c206bc6b403b7d27720d2ae77e12aee2b4bac52c6fbb68b99542aac28d29c,true,true,true,true,true,true,true,true,true,true,true,10,10,Fixed-seed random differential case.
random_0093,9,75b17804a19ffe6def94650b4ad69b973a893a253ba4da199e491dab75b2a793,75b17804a19ffe6def94650b4ad69b973a893a253ba4da199e491dab75b2a793,true,true,true,true,true,true,true,true,true,true,true,2,2,Fixed-seed random differential case.
random_0094,26,ec8ca27a337b8659887ce3fd7a9ec0e83a659f8bf6705ced9761896f42987e42,ec8ca27a337b8659887ce3fd7a9ec0e83a659f8bf6705ced9761896f42987e42,true,true,true,true,true,true,true,true,true,true,true,8,8,Fixed-seed random differential case.
random_0095,23,dcba640ae10f93c9cd375c95f69c25bb030ecfb085bffe0f1688ccc6dd2ce5d4,dcba640ae10f93c9cd375c95f69c25bb030ecfb085bffe0f1688ccc6dd2ce5d4,true,true,true,true,true,true,true,true,true,true,true,7,7,Fixed-seed random differential case.
random_0096,18,f7b732ba3a16810afc7263623ddf71e288bf921a1242cc68f6aeabd3b72a8ee9,f7b732ba3a16810afc7263623ddf71e288bf921a1242cc68f6aeabd3b72a8ee9,true,true,true,true,true,true,true,true,true,true,true,4,4,Fixed-seed random differential case.
random_0097,19,608c4d912fbeedb6de3636b8728b640bd417d1dcb429ab50069f14adbf2d5638,608c4d912fbeedb6de3636b8728b640bd417d1dcb429ab50069f14adbf2d5638,true,true,true,true,true,true,true,true,true,true,true,1,1,Fixed-seed random differential case.
random_0098,31,0f35b47ee83c3e18de38426db2a2caf71c219731c93da9f0e7bb31878378c716,0f35b47ee83c3e18de38426db2a2caf71c219731c93da9f0e7bb31878378c716,true,true,true,true,true,true,true,true,true,true,true,18,18,Fixed-seed random differential case.
random_0099,35,0efd3589ae293f4cfff04e6a0ef01038f151cf7b8df70bfd8b7400a09fb8014a,0efd3589ae293f4cfff04e6a0ef01038f151cf7b8df70bfd8b7400a09fb8014a,true,true,true,true,true,true,true,true,true,true,true,14,14,Fixed-seed random differential case.
random_0100,20,355e5657a20db9c507451155e76621a0fe6fdcc2af6ab2e5ee8651ea4270c60c,355e5657a20db9c507451155e76621a0fe6fdcc2af6ab2e5ee8651ea4270c60c,true,true,true,true,true,true,true,true,true,true,true,3,3,Fixed-seed random differential case.
random_0101,33,6574e849c2b6f95843a08e364d4c2992e4f265fea70b3d7a301aaef69cfa2d81,6574e849c2b6f95843a08e364d4c2992e4f265fea70b3d7a301aaef69cfa2d81,true,true,true,true,true,true,true,true,true,true,true,9,9,Fixed-seed random differential case.
random_0102,16,76bd6eb4c2d48231cc1751e64b4ae7bdd2ba09f727aeb9b6a56648f252716d08,76bd6eb4c2d48231cc1751e64b4ae7bdd2ba09f727aeb9b6a56648f252716d08,true,true,true,true,true,true,true,true,true,true,true,4,4,Fixed-seed random differential case.
random_0103,31,99ab8817630e9dbc05f35238626a211732068b3b4c75e4494bbd350c7f3dce9a,99ab8817630e9dbc05f35238626a211732068b3b4c75e4494bbd350c7f3dce9a,true,true,true,true,true,true,true,true,true,true,true,12,12,Fixed-seed random differential case.
random_0104,12,398926ef70d66ccd91ce750bd4ec37484cd059e3380944a6538c0a7fa3211829,398926ef70d66ccd91ce750bd4ec37484cd059e3380944a6538c0a7fa3211829,true,true,true,true,true,true,true,true,true,true,true,3,3,Fixed-seed random differential case.
random_0105,39,aff1ea03b42b8e9dbd86386a0e292a921fccc9bbd81ede303229b94c3da6d486,aff1ea03b42b8e9dbd86386a0e292a921fccc9bbd81ede303229b94c3da6d486,true,true,true,true,true,true,true,true,true,true,true,12,12,Fixed-seed random differential case.
random_0106,11,e210643efc2f953c83f5cb3c9666d900fb1bac0ae32cee0a09726c73677753a7,e210643efc2f953c83f5cb3c9666d900fb1bac0ae32cee0a09726c73677753a7,true,true,true,true,true,true,true,true,true,true,true,5,5,Fixed-seed random differential case.
random_0107,23,68c25582ba2a41bd0b03a28d9e6ccfc54ec35a336de18144dc61999230757fd4,68c25582ba2a41bd0b03a28d9e6ccfc54ec35a336de18144dc61999230757fd4,true,true,true,true,true,true,true,true,true,true,true,5,5,Fixed-seed random differential case.
random_0108,22,7331fede555f39af3de4792e345b0f74e528d9395d4210cd998bd01860b606c9,7331fede555f39af3de4792e345b0f74e528d9395d4210cd998bd01860b606c9,true,true,true,true,true,true,true,true,true,true,true,7,7,Fixed-seed random differential case.
random_0109,20,5298dda61b609d2a1bdf55631669311f648fe4637fb2b67de8320812f3337874,5298dda61b609d2a1bdf55631669311f648fe4637fb2b67de8320812f3337874,true,true,true,true,true,true,true,true,true,true,true,4,4,Fixed-seed random differential case.
random_0110,15,49eb1820476dae00d459d216a445d14e8d9f62a257a435ee3c80706c6c0b8eaa,49eb1820476dae00d459d216a445d14e8d9f62a257a435ee3c80706c6c0b8eaa,true,true,true,true,true,true,true,true,true,true,true,7,7,Fixed-seed random differential case.
random_0111,21,c598dc1f46d70f2250f797aa316e3bf05f0ea49ca155c015d3393ab0c992fe4f,c598dc1f46d70f2250f797aa316e3bf05f0ea49ca155c015d3393ab0c992fe4f,true,true,true,true,true,true,true,true,true,true,true,3,3,Fixed-seed random differential case.
random_0112,18,f96638a87228cf4f835df25cbb0dd7d7b5ea626ae3424bf3bcece080dd6e27ca,f96638a87228cf4f835df25cbb0dd7d7b5ea626ae3424bf3bcece080dd6e27ca,true,true,true,true,true,true,true,true,true,true,true,1,1,Fixed-seed random differential case.
random_0113,34,a5ace035a71a5bb0603e89345395bced9b8b8a23e9701d602fbdf14b9a60730a,a5ace035a71a5bb0603e89345395bced9b8b8a23e9701d602fbdf14b9a60730a,true,true,true,true,true,true,true,true,true,true,true,13,13,Fixed-seed random differential case.
random_0114,33,0a0b258a465efa9b15c893b6aeea7d0fefd478c723b3c16ceafe6620fe051171,0a0b258a465efa9b15c893b6aeea7d0fefd478c723b3c16ceafe6620fe051171,true,true,true,true,true,true,true,true,true,true,true,16,16,Fixed-seed random differential case.
random_0115,20,ac6c77e98a83aa2f4ea3d3993cf4062bb9568e2edbf5fefe3501ca63dcc93d95,ac6c77e98a83aa2f4ea3d3993cf4062bb9568e2edbf5fefe3501ca63dcc93d95,true,true,true,true,true,true,true,true,true,true,true,5,5,Fixed-seed random differential case.
random_0116,18,fcf4dad4fcd2de127569106daede12ac3784093342fc71261b7d3d3034c25ff8,fcf4dad4fcd2de127569106daede12ac3784093342fc71261b7d3d3034c25ff8,true,true,true,true,true,true,true,true,true,true,true,4,4,Fixed-seed random differential case.
random_0117,18,961d21fb59f2b27bcf3ff42e4f73a02ad612811d70e5ff1286e6a51817398918,961d21fb59f2b27bcf3ff42e4f73a02ad612811d70e5ff1286e6a51817398918,true,true,true,true,true,true,true,true,true,true,true,8,8,Fixed-seed random differential case.
random_0118,27,30baa546050d2f524ce848def4cfee46a3836362096855b200b456da1c4608e1,30baa546050d2f524ce848def4cfee46a3836362096855b200b456da1c4608e1,true,true,true,true,true,true,true,true,true,true,true,11,11,Fixed-seed random differential case.
random_0119,24,5d862fd6ff9a7458db45c21245d76ec995b7d12470433af53e96678fec81dcf2,5d862fd6ff9a7458db45c21245d76ec995b7d12470433af53e96678fec81dcf2,true,true,true,true,true,true,true,true,true,true,true,9,9,Fixed-seed random differential case.
random_0120,17,703e25feacf132c609486f0db8c382151b5bea0205115fae10f564cf4454c625,703e25feacf132c609486f0db8c382151b5bea0205115fae10f564cf4454c625,true,true,true,true,true,true,true,true,true,true,true,2,2,Fixed-seed random differential case.
random_0121,28,21ebf91604e18e9894732e20cfc4158e20101070bf85ecb358f258538168663d,21ebf91604e18e9894732e20cfc4158e20101070bf85ecb358f258538168663d,true,true,true,true,true,true,true,true,true,true,true,11,11,Fixed-seed random differential case.
random_0122,16,ba48c8a45be1eba79513a85bee8181e4f5704924c22ff46aa114d83b58a597a7,ba48c8a45be1eba79513a85bee8181e4f5704924c22ff46aa114d83b58a597a7,true,true,true,true,true,true,true,true,true,true,true,4,4,Fixed-seed random differential case.
random_0123,22,5a22a51336c197120f674ac91be70a1df8c479b76b390360dbe56781d47aa873,5a22a51336c197120f674ac91be70a1df8c479b76b390360dbe56781d47aa873,true,true,true,true,true,true,true,true,true,true,true,2,2,Fixed-seed random differential case.
random_0124,27,0af649cefafc9682e4aabb7075a4955d212e3ca11b615ae4c6aec78e4c0081c2,0af649cefafc9682e4aabb7075a4955d212e3ca11b615ae4c6aec78e4c0081c2,true,true,true,true,true,true,true,true,true,true,true,12,12,Fixed-seed random differential case.
random_0125,14,0d649ec72a5ffcf8ffcf2bb13a61eeddd697b584624b0ff7dc4aefb0029218c8,0d649ec72a5ffcf8ffcf2bb13a61eeddd697b584624b0ff7dc4aefb0029218c8,true,true,true,true,true,true,true,true,true,true,true,9,9,Fixed-seed random differential case.
random_0126,11,9da2b6fc282545fc27958ed60d92d61dd4c0975c0c4eb2b76b4936fd465be534,9da2b6fc282545fc27958ed60d92d61dd4c0975c0c4eb2b76b4936fd465be534,true,true,true,true,true,true,true,true,true,true,true,7,7,Fixed-seed random differential case.
random_0127,23,a95deac6c364dd322b90d1cfcca4001f395c6bb0740df65cf7a923dede39644f,a95deac6c364dd322b90d1cfcca4001f395c6bb0740df65cf7a923dede39644f,true,true,true,true,true,true,true,true,true,true,true,9,9,Fixed-seed random differential case.
random_0128,4,76586025cceafa093ca78a65d38ee8a100d5f30b03f7232ac8efb8f451416229,76586025cceafa093ca78a65d38ee8a100d5f30b03f7232ac8efb8f451416229,true,true,true,true,true,true,true,true,true,true,true,0,0,Fixed-seed random differential case.
random_0129,30,2ebba71126d28fce7dc0c13858411589a704f62d4634874ff749a0043ba7add0,2ebba71126d28fce7dc0c13858411589a704f62d4634874ff749a0043ba7add0,true,true,true,true,true,true,true,true,true,true,true,14,14,Fixed-seed random differential case.
random_0130,30,6f2fdb7af21a5631d6680ce6298abf466581100b3ffcf409d481a3c03a0082c5,6f2fdb7af21a5631d6680ce6298abf466581100b3ffcf409d481a3c03a0082c5,true,true,true,true,true,true,true,true,true,true,true,9,9,Fixed-seed random differential case.
random_0131,25,2ae7b6a317d8ef36698a82926cef04c0a13c0c9a8b6b8fc4ed0a05aa6ee97123,2ae7b6a317d8ef36698a82926cef04c0a13c0c9a8b6b8fc4ed0a05aa6ee97123,true,true,true,true,true,true,true,true,true,true,true,11,11,Fixed-seed random differential case.
random_0132,19,ded97ec86868ae08c81c44a3abb981a19be96f1a3a74581ef92957292f7e745e,ded97ec86868ae08c81c44a3abb981a19be96f1a3a74581ef92957292f7e745e,true,true,true,true,true,true,true,true,true,true,true,3,3,Fixed-seed random differential case.
random_0133,21,6c3aac11f7a76284cda8f7f696348ad081b5dad216ca2e0debba896e4ee364d8,6c3aac11f7a76284cda8f7f696348ad081b5dad216ca2e0debba896e4ee364d8,true,true,true,true,true,true,true,true,true,true,true,2,2,Fixed-seed random differential case.
random_0134,16,d46bc46eae250ae054cea490019c9ae72c07913500e9bf8799b1da6761e43a22,d46bc46eae250ae054cea490019c9ae72c07913500e9bf8799b1da6761e43a22,true,true,true,true,true,true,true,true,true,true,true,5,5,Fixed-seed random differential case.
random_0135,32,2380c1672e49422f15b499737c42554094dc6b27e31b99581b1baab229190b45,2380c1672e49422f15b499737c42554094dc6b27e31b99581b1baab229190b45,true,true,true,true,true,true,true,true,true,true,true,11,11,Fixed-seed random differential case.
random_0136,18,5f51fcd3fefdb412ad6bd86b4b1a256051eb08d79b3870c463f4c5da4b3afc7e,5f51fcd3fefdb412ad6bd86b4b1a256051eb08d79b3870c463f4c5da4b3afc7e,true,true,true,true,true,true,true,true,true,true,true,3,3,Fixed-seed random differential case.
random_0137,19,ee12125405fc02f6b299693a976b0ec32e058cae2d1f460f969262154988c0cb,ee12125405fc02f6b299693a976b0ec32e058cae2d1f460f969262154988c0cb,true,true,true,true,true,true,true,true,true,true,true,1,1,Fixed-seed random differential case.
random_0138,26,d797621ce1ec1807224b7650a296bbe74a018388d1cf0580a37a2c44b0157c35,d797621ce1ec1807224b7650a296bbe74a018388d1cf0580a37a2c44b0157c35,true,true,true,true,true,true,true,true,true,true,true,14,14,Fixed-seed random differential case.
random_0139,23,fc43c8350b94d72eb88afbef07f29320bcc03ac32ba86a259b309cafd11592f9,fc43c8350b94d72eb88afbef07f29320bcc03ac32ba86a259b309cafd11592f9,true,true,true,true,true,true,true,true,true,true,true,10,10,Fixed-seed random differential case.
random_0140,25,9830f1af2757ca9e9310939473c27ca88fa61d29be9070d9fb8f2c9e0cf426ff,9830f1af2757ca9e9310939473c27ca88fa61d29be9070d9fb8f2c9e0cf426ff,true,true,true,true,true,true,true,true,true,true,true,9,9,Fixed-seed random differential case.
random_0141,23,4a505cc20a9b5ea42a981d80694bd9e775a87bc773c1284d9bca9c949aa153ac,4a505cc20a9b5ea42a981d80694bd9e775a87bc773c1284d9bca9c949aa153ac,true,true,true,true,true,true,true,true,true,true,true,9,9,Fixed-seed random differential case.
random_0142,39,b474c6afaa5cd31a263a3dca161c3fda9b71d69403ea2b73676b580e5ee19075,b474c6afaa5cd31a263a3dca161c3fda9b71d69403ea2b73676b580e5ee19075,true,true,true,true,true,true,true,true,true,true,true,14,14,Fixed-seed random differential case.
random_0143,28,b85163b4eee98bd448172728f7c85b04126956cf2c8d47df416d34798ebff190,b85163b4eee98bd448172728f7c85b04126956cf2c8d47df416d34798ebff190,true,true,true,true,true,true,true,true,true,true,true,10,10,Fixed-seed random differential case.
random_0144,22,a776b3e20fe7c0d6289c6f3def529197b8c09a5ca246b1c79e058fa5977f51b7,a776b3e20fe7c0d6289c6f3def529197b8c09a5ca246b1c79e058fa5977f51b7,true,true,true,true,true,true,true,true,true,true,true,13,13,Fixed-seed random differential case.
random_0145,9,bd77e21a4ce782e107421a9e814b882faa050a735eec59e24e3c998faeac5d46,bd77e21a4ce782e107421a9e814b882faa050a735eec59e24e3c998faeac5d46,true,true,true,true,true,true,true,true,true,true,true,2,2,Fixed-seed random differential case.
random_0146,22,dc6d163d4bb030ddc28389f9decd8d629d37fc9a1d592ecfcfd78c36190c8320,dc6d163d4bb030ddc28389f9decd8d629d37fc9a1d592ecfcfd78c36190c8320,true,true,true,true,true,true,true,true,true,true,true,5,5,Fixed-seed random differential case.
random_0147,11,518fd4464e4e7948d27f13d708f4c09930717ee1db13f43f03bda1796c0f8f89,518fd4464e4e7948d27f13d708f4c09930717ee1db13f43f03bda1796c0f8f89,true,true,true,true,true,true,true,true,true,true,true,1,1,Fixed-seed random differential case.
random_0148,19,6e8c5e0f329b6da65e0933bb8e39bfec8d5e76b306c1c97076149d353f26d6db,6e8c5e0f329b6da65e0933bb8e39bfec8d5e76b306c1c97076149d353f26d6db,true,true,true,true,true,true,true,true,true,true,true,0,0,Fixed-seed random differential case.
random_0149,34,129ea3e75240905ffe42c0a693d198b5227da43b220436680c14bc97b84b5a5e,129ea3e75240905ffe42c0a693d198b5227da43b220436680c14bc97b84b5a5e,true,true,true,true,true,true,true,true,true,true,true,18,18,Fixed-seed random differential case.
random_0150,23,3f522ab05944a2c8e271e834fa43c3952378d0c32c0c3a91c565aee7a7591625,3f522ab05944a2c8e271e834fa43c3952378d0c32c0c3a91c565aee7a7591625,true,true,true,true,true,true,true,true,true,true,true,9,9,Fixed-seed random differential case.
random_0151,30,727c5d695576fcb9fc3044d49836a04aaa6c1d8e56b80ee33f5dfb4b64a09c9c,727c5d695576fcb9fc3044d49836a04aaa6c1d8e56b80ee33f5dfb4b64a09c9c,true,true,true,true,true,true,true,true,true,true,true,10,10,Fixed-seed random differential case.
random_0152,12,bb98df8fe9c1928002505f5e39d62857ee1ae73f5021af1f4edfe3c83f4eca73,bb98df8fe9c1928002505f5e39d62857ee1ae73f5021af1f4edfe3c83f4eca73,true,true,true,true,true,true,true,true,true,true,true,3,3,Fixed-seed random differential case.
random_0153,35,e222fd68e836baee6653f271b1aced30de18f34ac2c86d28685f375b0273ce61,e222fd68e836baee6653f271b1aced30de18f34ac2c86d28685f375b0273ce61,true,true,true,true,true,true,true,true,true,true,true,16,16,Fixed-seed random differential case.
random_0154,28,be3242afb3461f20c0b43152606d192b30eac4856c9e3b0294a652b9cd92eeb0,be3242afb3461f20c0b43152606d192b30eac4856c9e3b0294a652b9cd92eeb0,true,true,true,true,true,true,true,true,true,true,true,12,12,Fixed-seed random differential case.
random_0155,20,f923ddd704ee62322dede5176631fefe9de979fafbebbe6c2777f0f94ef1dc45,f923ddd704ee62322dede5176631fefe9de979fafbebbe6c2777f0f94ef1dc45,true,true,true,true,true,true,true,true,true,true,true,2,2,Fixed-seed random differential case.
random_0156,36,2dd21f3e6a9fae98bbc72c36c09fbccdd024594b9062ecbb3f01b4a0e11472f6,2dd21f3e6a9fae98bbc72c36c09fbccdd024594b9062ecbb3f01b4a0e11472f6,true,true,true,true,true,true,true,true,true,true,true,17,17,Fixed-seed random differential case.
random_0157,30,64ec01c508c0c7a827aa21758eb2ac37e7daf61fa8016707284e39fcd4beec78,64ec01c508c0c7a827aa21758eb2ac37e7daf61fa8016707284e39fcd4beec78,true,true,true,true,true,true,true,true,true,true,true,12,12,Fixed-seed random differential case.
random_0158,25,11b1e98313730ec8597bcecd80f37820d09e4599554f70e308913674807d04fe,11b1e98313730ec8597bcecd80f37820d09e4599554f70e308913674807d04fe,true,true,true,true,true,true,true,true,true,true,true,9,9,Fixed-seed random differential case.
random_0159,18,2a00f217a0049081bda3da4fc4d652e5a5abfe2003db388ea60f5aca1aad6fca,2a00f217a0049081bda3da4fc4d652e5a5abfe2003db388ea60f5aca1aad6fca,true,true,true,true,true,true,true,true,true,true,true,3,3,Fixed-seed random differential case.
random_0160,22,b7c708b7a72933f42128b77e8b0b95df37d1ed2c28a526be23b725f7f6c0c3ca,b7c708b7a72933f42128b77e8b0b95df37d1ed2c28a526be23b725f7f6c0c3ca,true,true,true,true,true,true,true,true,true,true,true,10,10,Fixed-seed random differential case.
random_0161,25,7edee922d9cba9e012b82061deddc6de4fec462823e8599410e68d10a2449990,7edee922d9cba9e012b82061deddc6de4fec462823e8599410e68d10a2449990,true,true,true,true,true,true,true,true,true,true,true,13,13,Fixed-seed random differential case.
random_0162,32,9c8c75b57be662dc48898f9a6aa17d6460371c19abffa991bbe4cc32e6e2c826,9c8c75b57be662dc48898f9a6aa17d6460371c19abffa991bbe4cc32e6e2c826,true,true,true,true,true,true,true,true,true,true,true,16,16,Fixed-seed random differential case.
random_0163,21,4100ede4d776e4e39da5892608089eda5ff9be03409e3155e7ba43f5df159eaa,4100ede4d776e4e39da5892608089eda5ff9be03409e3155e7ba43f5df159eaa,true,true,true,true,true,true,true,true,true,true,true,5,5,Fixed-seed random differential case.
random_0164,17,a6f5d1710bc461a33a2255f3f4e19d0b141a7c8b5e1c532a2e32fe6c8f41bc74,a6f5d1710bc461a33a2255f3f4e19d0b141a7c8b5e1c532a2e32fe6c8f41bc74,true,true,true,true,true,true,true,true,true,true,true,3,3,Fixed-seed random differential case.
random_0165,18,2085bc162de7238c30a65eca1f6bf432da5afb237876c11883d87d7370f0b27b,2085bc162de7238c30a65eca1f6bf432da5afb237876c11883d87d7370f0b27b,true,true,true,true,true,true,true,true,true,true,true,3,3,Fixed-seed random differential case.
random_0166,14,3c3ac132405f8d7580869a2a4fb3215e103d497fa41843cecb752e72d0921039,3c3ac132405f8d7580869a2a4fb3215e103d497fa41843cecb752e72d0921039,true,true,true,true,true,true,true,true,true,true,true,3,3,Fixed-seed random differential case.
random_0167,31,de4f48eb74883d0d74fc7531cd37e67c445ca58e860688d3525f319325e2f162,de4f48eb74883d0d74fc7531cd37e67c445ca58e860688d3525f319325e2f162,true,true,true,true,true,true,true,true,true,true,true,4,4,Fixed-seed random differential case.
random_0168,18,7805ba1be05a65b6c928ab7505cb81f2cb5af89ab3ee7e39320c657e6cb97159,7805ba1be05a65b6c928ab7505cb81f2cb5af89ab3ee7e39320c657e6cb97159,true,true,true,true,true,true,true,true,true,true,true,6,6,Fixed-seed random differential case.
random_0169,11,a588b306f957c4b6d0e2d3de8d98c329e72d29f15143ead28c4efd2a74434b98,a588b306f957c4b6d0e2d3de8d98c329e72d29f15143ead28c4efd2a74434b98,true,true,true,true,true,true,true,true,true,true,true,1,1,Fixed-seed random differential case.
random_0170,10,d0165e5104b2c9bff0e453fb267a4a656b9e5d347e332feb1404cdb77c569cdf,d0165e5104b2c9bff0e453fb267a4a656b9e5d347e332feb1404cdb77c569cdf,true,true,true,true,true,true,true,true,true,true,true,4,4,Fixed-seed random differential case.
random_0171,23,83e61d1555475a1f48516cdf1343f188678700da7637626e9fa265f9f3e316b2,83e61d1555475a1f48516cdf1343f188678700da7637626e9fa265f9f3e316b2,true,true,true,true,true,true,true,true,true,true,true,2,2,Fixed-seed random differential case.
random_0172,14,895c0e3b65ea25bbd0e0777ad9c5e73e7c3b0c0923d4bc02570f457206eb4297,895c0e3b65ea25bbd0e0777ad9c5e73e7c3b0c0923d4bc02570f457206eb4297,true,true,true,true,true,true,true,true,true,true,true,1,1,Fixed-seed random differential case.
random_0173,31,da652438fadde09c0d3a5fa64892ba4eddb80c44196cc468f76da2f3b2c39f64,da652438fadde09c0d3a5fa64892ba4eddb80c44196cc468f76da2f3b2c39f64,true,true,true,true,true,true,true,true,true,true,true,16,16,Fixed-seed random differential case.
random_0174,8,b699382b2766d04046fe433f3ceb705df9f25ef62522f99c25986f23cf0d26d1,b699382b2766d04046fe433f3ceb705df9f25ef62522f99c25986f23cf0d26d1,true,true,true,true,true,true,true,true,true,true,true,0,0,Fixed-seed random differential case.
random_0175,20,2f48c331fb97277fe9cea145a252a0a16a86ef82a17a4f0575e3949e8b3fb6c2,2f48c331fb97277fe9cea145a252a0a16a86ef82a17a4f0575e3949e8b3fb6c2,true,true,true,true,true,true,true,true,true,true,true,6,6,Fixed-seed random differential case.
random_0176,19,64ee53a751d78cdec7fd4efe2c1492dcd92f34ab07086a4bae997240f3cca477,64ee53a751d78cdec7fd4efe2c1492dcd92f34ab07086a4bae997240f3cca477,true,true,true,true,true,true,true,true,true,true,true,1,1,Fixed-seed random differential case.
random_0177,25,2d78822b96fd0b5b0bf66cc7bc8c6ebc432778540802a462104552bb9846ae90,2d78822b96fd0b5b0bf66cc7bc8c6ebc432778540802a462104552bb9846ae90,true,true,true,true,true,true,true,true,true,true,true,9,9,Fixed-seed random differential case.
random_0178,8,a4b1671bd8d3aa3f1e4cb59381175bf12b96e9fa164ad990798730836abd5215,a4b1671bd8d3aa3f1e4cb59381175bf12b96e9fa164ad990798730836abd5215,true,true,true,true,true,true,true,true,true,true,true,2,2,Fixed-seed random differential case.
random_0179,29,268931648ede3778c86af1d86d389eba9b02a28d27b059340c149fcf15067d93,268931648ede3778c86af1d86d389eba9b02a28d27b059340c149fcf15067d93,true,true,true,true,true,true,true,true,true,true,true,9,9,Fixed-seed random differential case.
random_0180,21,ca1edb20be4b930059fc4470a794ce77f371cb9848664ea2542c2d79553c8c6b,ca1edb20be4b930059fc4470a794ce77f371cb9848664ea2542c2d79553c8c6b,true,true,true,true,true,true,true,true,true,true,true,7,7,Fixed-seed random differential case.
random_0181,19,4e8aaef652d30d13d96e4247a9f0a45ab2e0b9a5a02745ce7b6581024336422d,4e8aaef652d30d13d96e4247a9f0a45ab2e0b9a5a02745ce7b6581024336422d,true,true,true,true,true,true,true,true,true,true,true,6,6,Fixed-seed random differential case.
random_0182,15,b7c3e69321be0ef6aaed08395ea859b9f4566ca8d731bb7568340affa7a1ac26,b7c3e69321be0ef6aaed08395ea859b9f4566ca8d731bb7568340affa7a1ac26,true,true,true,true,true,true,true,true,true,true,true,6,6,Fixed-seed random differential case.
random_0183,25,31c512565f998173c25abf5f55121e64f1dc2345fedc72f79a19814802ad1a1c,31c512565f998173c25abf5f55121e64f1dc2345fedc72f79a19814802ad1a1c,true,true,true,true,true,true,true,true,true,true,true,16,16,Fixed-seed random differential case.
random_0184,25,d6a094d99872ab399ebee91a893ee88dd78481fac09288db9a080700f48b4343,d6a094d99872ab399ebee91a893ee88dd78481fac09288db9a080700f48b4343,true,true,true,true,true,true,true,true,true,true,true,9,9,Fixed-seed random differential case.
random_0185,24,2736feee49a1c39b97e9de60b52f110ff54b07a7e7a0946aadf9af1630df79bb,2736feee49a1c39b97e9de60b52f110ff54b07a7e7a0946aadf9af1630df79bb,true,true,true,true,true,true,true,true,true,true,true,6,6,Fixed-seed random differential case.
random_0186,30,a5ce0b25748f1a66d9fd356b52b4c49662a6d924708ef37cb64fdb6de3e7a1c6,a5ce0b25748f1a66d9fd356b52b4c49662a6d924708ef37cb64fdb6de3e7a1c6,true,true,true,true,true,true,true,true,true,true,true,11,11,Fixed-seed random differential case.
random_0187,12,175accad678807beab775a771a6b0f86c5e52021d7c19320d55db5849f615e92,175accad678807beab775a771a6b0f86c5e52021d7c19320d55db5849f615e92,true,true,true,true,true,true,true,true,true,true,true,5,5,Fixed-seed random differential case.
random_0188,13,a94cbf79456a2014b77eab5c4d86645d2a6cebf00cfe9f429e229fc6ec6a6728,a94cbf79456a2014b77eab5c4d86645d2a6cebf00cfe9f429e229fc6ec6a6728,true,true,true,true,true,true,true,true,true,true,true,5,5,Fixed-seed random differential case.
random_0189,39,f0c7dff93037733a352bc5c2ed685c38d18c56f4c64823b728b64630918ed3eb,f0c7dff93037733a352bc5c2ed685c38d18c56f4c64823b728b64630918ed3eb,true,true,true,true,true,true,true,true,true,true,true,18,18,Fixed-seed random differential case.
random_0190,11,499a96bde8b4c8d5f3da51ac7568717ec623f6ecd13f80cc759383d4fe238ba1,499a96bde8b4c8d5f3da51ac7568717ec623f6ecd13f80cc759383d4fe238ba1,true,true,true,true,true,true,true,true,true,true,true,4,4,Fixed-seed random differential case.
random_0191,17,1aa489d275588d03dbb0a9874c4f404d0090d63130e7e41858a9fa5618c7c2c5,1aa489d275588d03dbb0a9874c4f404d0090d63130e7e41858a9fa5618c7c2c5,true,true,true,true,true,true,true,true,true,true,true,7,7,Fixed-seed random differential case.
random_0192,27,d353363d64a44d02b7c5396b431777c531ad1942a96a2c541b2249f84919799f,d353363d64a44d02b7c5396b431777c531ad1942a96a2c541b2249f84919799f,true,true,true,true,true,true,true,true,true,true,true,11,11,Fixed-seed random differential case.
random_0193,9,f4dfc92f01dcd469784b247f604ed9f1b19bf3ba006a570252dcc7c44394af28,f4dfc92f01dcd469784b247f604ed9f1b19bf3ba006a570252dcc7c44394af28,true,true,true,true,true,true,true,true,true,true,true,1,1,Fixed-seed random differential case.
random_0194,12,8676a60ceb9a424306de82a05499953c177cbd0a33eca388f23721f4e651b11e,8676a60ceb9a424306de82a05499953c177cbd0a33eca388f23721f4e651b11e,true,true,true,true,true,true,true,true,true,true,true,3,3,Fixed-seed random differential case.
random_0195,29,2cf0695e8be80af69ab8f393ca881a5e2f710309c74daa3f4d3aadfd687ce315,2cf0695e8be80af69ab8f393ca881a5e2f710309c74daa3f4d3aadfd687ce315,true,true,true,true,true,true,true,true,true,true,true,16,16,Fixed-seed random differential case.
random_0196,17,cc9471e322535fd2c0f649d49461573900ba248accbcce8d15c7dd19b876434a,cc9471e322535fd2c0f649d49461573900ba248accbcce8d15c7dd19b876434a,true,true,true,true,true,true,true,true,true,true,true,8,8,Fixed-seed random differential case.
random_0197,12,2d2dc1f579d4b3a1c69cae5f8e7207ee9f20e8c2598faf3162b81530279b30fb,2d2dc1f579d4b3a1c69cae5f8e7207ee9f20e8c2598faf3162b81530279b30fb,true,true,true,true,true,true,true,true,true,true,true,4,4,Fixed-seed random differential case.
random_0198,24,caf8b7c16a63f5eafccb79a3749c8c420662f603159f5f9c6b5f7746cdbf87b4,caf8b7c16a63f5eafccb79a3749c8c420662f603159f5f9c6b5f7746cdbf87b4,true,true,true,true,true,true,true,true,true,true,true,11,11,Fixed-seed random differential case.
random_0199,22,08465cf6cbfa8916fc20bcb02b38272e40cfcdf9c3b80349fc54d3b78828fc3b,08465cf6cbfa8916fc20bcb02b38272e40cfcdf9c3b80349fc54d3b78828fc3b,true,true,true,true,true,true,true,true,true,true,true,11,11,Fixed-seed random differential case.
random_0200,31,319dec68acaaec837febcd75ca592a95ca97fc0252ab646ce136e6d8d7f1b115,319dec68acaaec837febcd75ca592a95ca97fc0252ab646ce136e6d8d7f1b115,true,true,true,true,true,true,true,true,true,true,true,12,12,Fixed-seed random differential case.
random_0201,22,b9c5d2c1f4da3d258c180e0e5609194e67e922a128f17f5ec12b8ad0a2563716,b9c5d2c1f4da3d258c180e0e5609194e67e922a128f17f5ec12b8ad0a2563716,true,true,true,true,true,true,true,true,true,true,true,9,9,Fixed-seed random differential case.
random_0202,31,6dc5055698835c5527a7ece4050900ba306961670bc0b7383c466627433dc271,6dc5055698835c5527a7ece4050900ba306961670bc0b7383c466627433dc271,true,true,true,true,true,true,true,true,true,true,true,10,10,Fixed-seed random differential case.
random_0203,21,64bac257f6da2f8fff431c25fd3f428b4b8e397dba4c58d8f38a6bddddec1a11,64bac257f6da2f8fff431c25fd3f428b4b8e397dba4c58d8f38a6bddddec1a11,true,true,true,true,true,true,true,true,true,true,true,6,6,Fixed-seed random differential case.
random_0204,23,cf0309424af0fc811261aad8631c90d635ee293dcea2dd865b4840bd8c89b5e2,cf0309424af0fc811261aad8631c90d635ee293dcea2dd865b4840bd8c89b5e2,true,true,true,true,true,true,true,true,true,true,true,11,11,Fixed-seed random differential case.
random_0205,23,6357d1a78329a24230445643d7c4fb2d3c4724f2e8624a82d3b04ba04ecc0305,6357d1a78329a24230445643d7c4fb2d3c4724f2e8624a82d3b04ba04ecc0305,true,true,true,true,true,true,true,true,true,true,true,14,14,Fixed-seed random differential case.
random_0206,29,eb25496990e1b2781e3c47f921adff9835da9698e3bce94e27c5e67418d29885,eb25496990e1b2781e3c47f921adff9835da9698e3bce94e27c5e67418d29885,true,true,true,true,true,true,true,true,true,true,true,13,13,Fixed-seed random differential case.
random_0207,27,df703e9b23f8677f1511fdd503ee626bec5ca52ef4037943f1cbd2ff3ad370ac,df703e9b23f8677f1511fdd503ee626bec5ca52ef4037943f1cbd2ff3ad370ac,true,true,true,true,true,true,true,true,true,true,true,8,8,Fixed-seed random differential case.
random_0208,16,c482b5c2f6caa05b2d30ffb69f528e5f8653634c0937e695e1e4a7113e7f8fcf,c482b5c2f6caa05b2d30ffb69f528e5f8653634c0937e695e1e4a7113e7f8fcf,true,true,true,true,true,true,true,true,true,true,true,0,0,Fixed-seed random differential case.
random_0209,22,6c7e7ecaaa56d6130f1986aeb662190337f3c0f2e867ae1932143dff87cf4aa8,6c7e7ecaaa56d6130f1986aeb662190337f3c0f2e867ae1932143dff87cf4aa8,true,true,true,true,true,true,true,true,true,true,true,8,8,Fixed-seed random differential case.
random_0210,29,0c557f4f51dc2c7b38ed0585d0e47b7543c6d91f9b93ed9329d646e719a8e534,0c557f4f51dc2c7b38ed0585d0e47b7543c6d91f9b93ed9329d646e719a8e534,true,true,true,true,true,true,true,true,true,true,true,11,11,Fixed-seed random differential case.
random_0211,30,3c6dcd466a9fee018043e48e9f9506851eaadc26111c6c32babcadd22ecc7677,3c6dcd466a9fee018043e48e9f9506851eaadc26111c6c32babcadd22ecc7677,true,true,true,true,true,true,true,true,true,true,true,7,7,Fixed-seed random differential case.
random_0212,26,e453d0463bcaf4ce3f82d1866f05f6456b02e1c6120b8a26749d79018b84bf98,e453d0463bcaf4ce3f82d1866f05f6456b02e1c6120b8a26749d79018b84bf98,true,true,true,true,true,true,true,true,true,true,true,10,10,Fixed-seed random differential case.
random_0213,13,f0a42f855e4a4f3cca6223b5f1b48264a6327239f1b9621ee5bfdf8b6430f73e,f0a42f855e4a4f3cca6223b5f1b48264a6327239f1b9621ee5bfdf8b6430f73e,true,true,true,true,true,true,true,true,true,true,true,5,5,Fixed-seed random differential case.
random_0214,23,57530c32317ae9cfd793f133a5605c4dfae412fc5c3d8679e6450efd8b3304ed,57530c32317ae9cfd793f133a5605c4dfae412fc5c3d8679e6450efd8b3304ed,true,true,true,true,true,true,true,true,true,true,true,8,8,Fixed-seed random differential case.
random_0215,19,f555eb2ce9623abe8432b3f7746eaea000df772514a41395d779cac5a58c790b,f555eb2ce9623abe8432b3f7746eaea000df772514a41395d779cac5a58c790b,true,true,true,true,true,true,true,true,true,true,true,2,2,Fixed-seed random differential case.
random_0216,18,fe40ca89a2b617a88b0fde2f66170b22efb3220feb18cd1dbf80b8389a268b02,fe40ca89a2b617a88b0fde2f66170b22efb3220feb18cd1dbf80b8389a268b02,true,true,true,true,true,true,true,true,true,true,true,9,9,Fixed-seed random differential case.
random_0217,36,428e2bddad052f4e548d35bafac33cc8f6fea895fb1a526a41ea4931861e5f42,428e2bddad052f4e548d35bafac33cc8f6fea895fb1a526a41ea4931861e5f42,true,true,true,true,true,true,true,true,true,true,true,15,15,Fixed-seed random differential case.
random_0218,17,0b5b8fe208cf5d2237ed1f6cd8a74a0fc25e290465e25bced75fa6fa61890e63,0b5b8fe208cf5d2237ed1f6cd8a74a0fc25e290465e25bced75fa6fa61890e63,true,true,true,true,true,true,true,true,true,true,true,4,4,Fixed-seed random differential case.
random_0219,22,e2aa53434026944fba00aa382dfca5af2958b5c5386c4e9f4d94de150cb75826,e2aa53434026944fba00aa382dfca5af2958b5c5386c4e9f4d94de150cb75826,true,true,true,true,true,true,true,true,true,true,true,7,7,Fixed-seed random differential case.
random_0220,26,bce1afd483140981e87b73b5785a3c9759e2334aff01151d4ace7e40cfe447b4,bce1afd483140981e87b73b5785a3c9759e2334aff01151d4ace7e40cfe447b4,true,true,true,true,true,true,true,true,true,true,true,13,13,Fixed-seed random differential case.
random_0221,27,22ac1d4673e477c9e00cd468849cd4ea2df7cb071ea85ffa624bdaf484a9e0c0,22ac1d4673e477c9e00cd468849cd4ea2df7cb071ea85ffa624bdaf484a9e0c0,true,true,true,true,true,true,true,true,true,true,true,10,10,Fixed-seed random differential case.
random_0222,17,eefb361f1588fafdec5674ba895919bc673d1984ed8d87db653b9829fdaaf61f,eefb361f1588fafdec5674ba895919bc673d1984ed8d87db653b9829fdaaf61f,true,true,true,true,true,true,true,true,true,true,true,7,7,Fixed-seed random differential case.
random_0223,29,cdd2cce5e4a8ab205973e85736cbe86870d3d2ebd55d2331307cb8f3991f0720,cdd2cce5e4a8ab205973e85736cbe86870d3d2ebd55d2331307cb8f3991f0720,true,true,true,true,true,true,true,true,true,true,true,18,18,Fixed-seed random differential case.
random_0224,21,aaafcee85cd4468b3134f2eeb037656cfd31afa81f73eb1e0e19a3b50c5c5cd8,aaafcee85cd4468b3134f2eeb037656cfd31afa81f73eb1e0e19a3b50c5c5cd8,true,true,true,true,true,true,true,true,true,true,true,5,5,Fixed-seed random differential case.
random_0225,32,0b5919b4328dfe66c0aa3db733438aa3045cb4c11b44c11790013a76c70dac87,0b5919b4328dfe66c0aa3db733438aa3045cb4c11b44c11790013a76c70dac87,true,true,true,true,true,true,true,true,true,true,true,11,11,Fixed-seed random differential case.
random_0226,20,dcc3177e35025f206149061831d33c323ee95fea0562363fc537a678c1d694e8,dcc3177e35025f206149061831d33c323ee95fea0562363fc537a678c1d694e8,true,true,true,true,true,true,true,true,true,true,true,11,11,Fixed-seed random differential case.
random_0227,21,d5ec3470c9ee784092417bcec9e160065bf35fa16a6e7a2609adfc8400265b83,d5ec3470c9ee784092417bcec9e160065bf35fa16a6e7a2609adfc8400265b83,true,true,true,true,true,true,true,true,true,true,true,4,4,Fixed-seed random differential case.
random_0228,18,922a8513c3dac78335a4303426df608d84728175ae2fa547dfe4a7ea4482423a,922a8513c3dac78335a4303426df608d84728175ae2fa547dfe4a7ea4482423a,true,true,true,true,true,true,true,true,true,true,true,5,5,Fixed-seed random differential case.
random_0229,19,b539e6c9f1fc5c9676fc3dfab113d6f56753393568a2ae05f98b14198a019a39,b539e6c9f1fc5c9676fc3dfab113d6f56753393568a2ae05f98b14198a019a39,true,true,true,true,true,true,true,true,true,true,true,2,2,Fixed-seed random differential case.
random_0230,12,33ea26a4c9d1bd018c4ed8c103124e6ba6097ff130f3742e395e98759b8a621b,33ea26a4c9d1bd018c4ed8c103124e6ba6097ff130f3742e395e98759b8a621b,true,true,true,true,true,true,true,true,true,true,true,2,2,Fixed-seed random differential case.
random_0231,14,bab8f5cefc06a66975e0122438cc37738f510d8ffa2caf0a35c603fc36e2df7a,bab8f5cefc06a66975e0122438cc37738f510d8ffa2caf0a35c603fc36e2df7a,true,true,true,true,true,true,true,true,true,true,true,4,4,Fixed-seed random differential case.
random_0232,8,521366dc3d13aa79a1ea6329513e2eafb54940711ae7c54c092a76762c77defe,521366dc3d13aa79a1ea6329513e2eafb54940711ae7c54c092a76762c77defe,true,true,true,true,true,true,true,true,true,true,true,2,2,Fixed-seed random differential case.
random_0233,31,66b048c7ea98ca93d7e816e0a14dbfb6f5e36ac32cec3b1b9e5700d576f8ada9,66b048c7ea98ca93d7e816e0a14dbfb6f5e36ac32cec3b1b9e5700d576f8ada9,true,true,true,true,true,true,true,true,true,true,true,15,15,Fixed-seed random differential case.
random_0234,18,454e3b392b6bca39c7e937d419d7f55316f9493af9ce0797d9ca0ba0bc5b8a8c,454e3b392b6bca39c7e937d419d7f55316f9493af9ce0797d9ca0ba0bc5b8a8c,true,true,true,true,true,true,true,true,true,true,true,4,4,Fixed-seed random differential case.
random_0235,9,08dd268e51b9ec30236e6cfa8f4ff1a7c02a2aab984aeb798128761b28804358,08dd268e51b9ec30236e6cfa8f4ff1a7c02a2aab984aeb798128761b28804358,true,true,true,true,true,true,true,true,true,true,true,5,5,Fixed-seed random differential case.
random_0236,38,e9fe5f68d357060fa13c730ee529c3d54efe56b9ab8588fec5d3d2bf5e26ff77,e9fe5f68d357060fa13c730ee529c3d54efe56b9ab8588fec5d3d2bf5e26ff77,true,true,true,true,true,true,true,true,true,true,true,27,27,Fixed-seed random differential case.
random_0237,20,dcda88493c1b7ada7821945de50650fbab26cd3ea91a7afaad0340e18a1273ff,dcda88493c1b7ada7821945de50650fbab26cd3ea91a7afaad0340e18a1273ff,true,true,true,true,true,true,true,true,true,true,true,2,2,Fixed-seed random differential case.
random_0238,18,7205ba89b4477d5f8ffe864955b36c762199a685299a8d0d5ac9e4f164b18a8d,7205ba89b4477d5f8ffe864955b36c762199a685299a8d0d5ac9e4f164b18a8d,true,true,true,true,true,true,true,true,true,true,true,2,2,Fixed-seed random differential case.
random_0239,26,c50ad04051c73f9847aba6e5373f204bcaa0c88d3c2f05175fd8570980a64658,c50ad04051c73f9847aba6e5373f204bcaa0c88d3c2f05175fd8570980a64658,true,true,true,true,true,true,true,true,true,true,true,8,8,Fixed-seed random differential case.
random_0240,15,831607517f274ec7a0f596339e37586aa8f52df09e6a9318094bead061063cbe,831607517f274ec7a0f596339e37586aa8f52df09e6a9318094bead061063cbe,true,true,true,true,true,true,true,true,true,true,true,4,4,Fixed-seed random differential case.
random_0241,36,ea06ace71387538b69a6e3023263a76f5d7c3ec800356b035ad14e66f43291f6,ea06ace71387538b69a6e3023263a76f5d7c3ec800356b035ad14e66f43291f6,true,true,true,true,true,true,true,true,true,true,true,22,22,Fixed-seed random differential case.
random_0242,19,f500f457927921a4459b331e1d20219cd236868400a5472281665b7724a07f52,f500f457927921a4459b331e1d20219cd236868400a5472281665b7724a07f52,true,true,true,true,true,true,true,true,true,true,true,10,10,Fixed-seed random differential case.
random_0243,13,f94ec3b83e18d6ca171147dcf54ff1c3641149ae8b31658845262e0254a0f35c,f94ec3b83e18d6ca171147dcf54ff1c3641149ae8b31658845262e0254a0f35c,true,true,true,true,true,true,true,true,true,true,true,7,7,Fixed-seed random differential case.
random_0244,18,5d56a4ad0d0d91a0a9cc45f8c6a88fe479f215b5d2fa6eeab99fd0cab28680cb,5d56a4ad0d0d91a0a9cc45f8c6a88fe479f215b5d2fa6eeab99fd0cab28680cb,true,true,true,true,true,true,true,true,true,true,true,1,1,Fixed-seed random differential case.
random_0245,21,6eef422fbbbbb86debd5f478b0ecb57aeac9f1369d2b11dcf7f81809db2b833e,6eef422fbbbbb86debd5f478b0ecb57aeac9f1369d2b11dcf7f81809db2b833e,true,true,true,true,true,true,true,true,true,true,true,3,3,Fixed-seed random differential case.
random_0246,8,931c8b753a2a3ef790ffa9caea8356ffe5998bc2d8894d3623c020a61f25febd,931c8b753a2a3ef790ffa9caea8356ffe5998bc2d8894d3623c020a61f25febd,true,true,true,true,true,true,true,true,true,true,true,4,4,Fixed-seed random differential case.
random_0247,12,6793af31e3718fb4552f1f5684393bfb526d54f320d0837201718024af23aa57,6793af31e3718fb4552f1f5684393bfb526d54f320d0837201718024af23aa57,true,true,true,true,true,true,true,true,true,true,true,1,1,Fixed-seed random differential case.
random_0248,14,57a0cad9e991fdda8c484fc2e284689757577f8036d27ef37a00f25efe9f9098,57a0cad9e991fdda8c484fc2e284689757577f8036d27ef37a00f25efe9f9098,true,true,true,true,true,true,true,true,true,true,true,3,3,Fixed-seed random differential case.
random_0249,8,a651eadbcec350bab9e76c2522fd20edfa7d1e5fd81330ec6d4ae2c6538b4db4,a651eadbcec350bab9e76c2522fd20edfa7d1e5fd81330ec6d4ae2c6538b4db4,true,true,true,true,true,true,true,true,true,true,true,1,1,Fixed-seed random differential case.
random_0250,32,de4218c44d8696154a64172877e333a2923bfa03ed9937ba1865a32a7770354c,de4218c44d8696154a64172877e333a2923bfa03ed9937ba1865a32a7770354c,true,true,true,true,true,true,true,true,true,true,true,17,17,Fixed-seed random differential case.
random_0251,13,6dc879ee90ba89449dc1aa3ccc29d99a15ea4243eb3c15de4f55f0a9c4e1020f,6dc879ee90ba89449dc1aa3ccc29d99a15ea4243eb3c15de4f55f0a9c4e1020f,true,true,true,true,true,true,true,true,true,true,true,3,3,Fixed-seed random differential case.
random_0252,10,e9b99fa2481f127cd76f70b3d79be0d2e6e7267da7e9fa6334eef31227ce417e,e9b99fa2481f127cd76f70b3d79be0d2e6e7267da7e9fa6334eef31227ce417e,true,true,true,true,true,true,true,true,true,true,true,1,1,Fixed-seed random differential case.
random_0253,11,b4b1512635bb2dc54e0ae2b9e7955fba509dafe95c07a1b97177769bd1f64869,b4b1512635bb2dc54e0ae2b9e7955fba509dafe95c07a1b97177769bd1f64869,true,true,true,true,true,true,true,true,true,true,true,4,4,Fixed-seed random differential case.
random_0254,21,a92c54933f9c333103117871105ba98de41a1717f51f139d70da8a8a4f93f51b,a92c54933f9c333103117871105ba98de41a1717f51f139d70da8a8a4f93f51b,true,true,true,true,true,true,true,true,true,true,true,6,6,Fixed-seed random differential case.
random_0255,17,e665205443f4a5aec19548adc5eb2389cab4bf2f654062b48e74827dc4fc6d27,e665205443f4a5aec19548adc5eb2389cab4bf2f654062b48e74827dc4fc6d27,true,true,true,true,true,true,true,true,true,true,true,6,6,Fixed-seed random differential case.
random_0256,15,3239d5da29d72be1ce0681457770db8ac7bf691474fa05bf50d709692ecf22d0,3239d5da29d72be1ce0681457770db8ac7bf691474fa05bf50d709692ecf22d0,true,true,true,true,true,true,true,true,true,true,true,1,1,Fixed-seed random differential case.
random_0257,20,0fc2836d4af74da8d0071e62590fc011ecb6a580113cdd55afa721cc63300278,0fc2836d4af74da8d0071e62590fc011ecb6a580113cdd55afa721cc63300278,true,true,true,true,true,true,true,true,true,true,true,10,10,Fixed-seed random differential case.
random_0258,12,a9ac1aaf88e72d40b1bbb9180f9e43f97706cf0374bf9d9569c9342d4c65cb63,a9ac1aaf88e72d40b1bbb9180f9e43f97706cf0374bf9d9569c9342d4c65cb63,true,true,true,true,true,true,true,true,true,true,true,3,3,Fixed-seed random differential case.
random_0259,15,7ec5ef8a1e70503b86f71df4f62704417290c43aa760d2799ace472c32b9e251,7ec5ef8a1e70503b86f71df4f62704417290c43aa760d2799ace472c32b9e251,true,true,true,true,true,true,true,true,true,true,true,2,2,Fixed-seed random differential case.
random_0260,14,7c97ffbc5ab5af1ac2bbfb517ff4da78ce097a59a1b0cc5c44029129e1f723c9,7c97ffbc5ab5af1ac2bbfb517ff4da78ce097a59a1b0cc5c44029129e1f723c9,true,true,true,true,true,true,true,true,true,true,true,2,2,Fixed-seed random differential case.
random_0261,26,be1158d9ae8b348dcd1ad49fa7e7a5d022e76621adcd1a8e688c33538f4892ce,be1158d9ae8b348dcd1ad49fa7e7a5d022e76621adcd1a8e688c33538f4892ce,true,true,true,true,true,true,true,true,true,true,true,7,7,Fixed-seed random differential case.
random_0262,31,dfb9ee9c172a3d4a17af963b02c828aca99be48fb1e8d509cf8d3e62ddde17b3,dfb9ee9c172a3d4a17af963b02c828aca99be48fb1e8d509cf8d3e62ddde17b3,true,true,true,true,true,true,true,true,true,true,true,17,17,Fixed-seed random differential case.
random_0263,29,a4948f28744cc55b0243659597e5a040114385fa5c0c9444dd395aa4f27397f6,a4948f28744cc55b0243659597e5a040114385fa5c0c9444dd395aa4f27397f6,true,true,true,true,true,true,true,true,true,true,true,9,9,Fixed-seed random differential case.
random_0264,25,958c3321bfe8e69d682a698381851bf6dbf375e8530904711666ad0cb7f54dab,958c3321bfe8e69d682a698381851bf6dbf375e8530904711666ad0cb7f54dab,true,true,true,true,true,true,true,true,true,true,true,3,3,Fixed-seed random differential case.
random_0265,18,90f64da62d3d426e750ecc29316850f00646f9cdf0be78c317b5716ac889b003,90f64da62d3d426e750ecc29316850f00646f9cdf0be78c317b5716ac889b003,true,true,true,true,true,true,true,true,true,true,true,8,8,Fixed-seed random differential case.
random_0266,22,9950aac5315eb0ca3aac54d9352585af6e0ce9a13fb6aaf9507c409b0bc82616,9950aac5315eb0ca3aac54d9352585af6e0ce9a13fb6aaf9507c409b0bc82616,true,true,true,true,true,true,true,true,true,true,true,5,5,Fixed-seed random differential case.
random_0267,20,feb75f3a1e491502212fe896299a89590c341e4ae26f8ccfd692fd06c6e4d41b,feb75f3a1e491502212fe896299a89590c341e4ae26f8ccfd692fd06c6e4d41b,true,true,true,true,true,true,true,true,true,true,true,7,7,Fixed-seed random differential case.
random_0268,20,1f6ca9ba9dc24d8c6fafd2e749a620122b20df97ce695cd9873926d40e25f0d0,1f6ca9ba9dc24d8c6fafd2e749a620122b20df97ce695cd9873926d40e25f0d0,true,true,true,true,true,true,true,true,true,true,true,3,3,Fixed-seed random differential case.
random_0269,11,44628a83b8306b8b58a49aea8cc5d15796856210f53c39419e07dda23ba476cb,44628a83b8306b8b58a49aea8cc5d15796856210f53c39419e07dda23ba476cb,true,true,true,true,true,true,true,true,true,true,true,8,8,Fixed-seed random differential case.
random_0270,26,dc62c4fb121fb8813215d80a25914b1303b67a992b55b4f8126773d3391beb5f,dc62c4fb121fb8813215d80a25914b1303b67a992b55b4f8126773d3391beb5f,true,true,true,true,true,true,true,true,true,true,true,14,14,Fixed-seed random differential case.
random_0271,16,bc6f50cac71cfc1f76c7e79bcf1942527c89eb2ec3e98599cbd8d289feef7bab,bc6f50cac71cfc1f76c7e79bcf1942527c89eb2ec3e98599cbd8d289feef7bab,true,true,true,true,true,true,true,true,true,true,true,7,7,Fixed-seed random differential case.
random_0272,25,9566906e00f0c0a53b4390f5ea91e170630eb2ec4cbf2883c811df26fe81ac41,9566906e00f0c0a53b4390f5ea91e170630eb2ec4cbf2883c811df26fe81ac41,true,true,true,true,true,true,true,true,true,true,true,7,7,Fixed-seed random differential case.
random_0273,21,5ab2828e853c0bd14414371123b103c75ccb4756ee5e023014a71a1416712eb5,5ab2828e853c0bd14414371123b103c75ccb4756ee5e023014a71a1416712eb5,true,true,true,true,true,true,true,true,true,true,true,3,3,Fixed-seed random differential case.
random_0274,19,69dd116156aed90bca01b8f216b42e040d84fb425543a8708b82945595c8260c,69dd116156aed90bca01b8f216b42e040d84fb425543a8708b82945595c8260c,true,true,true,true,true,true,true,true,true,true,true,9,9,Fixed-seed random differential case.
random_0275,18,1ab9fa8e0acbbd046155a732eab7af0c69217bc67651af088cc426c3b8ee8011,1ab9fa8e0acbbd046155a732eab7af0c69217bc67651af088cc426c3b8ee8011,true,true,true,true,true,true,true,true,true,true,true,5,5,Fixed-seed random differential case.
random_0276,18,33a82723260c5b3caa36c62652f8e59edea6db090b478eea4747c110b13a0c38,33a82723260c5b3caa36c62652f8e59edea6db090b478eea4747c110b13a0c38,true,true,true,true,true,true,true,true,true,true,true,11,11,Fixed-seed random differential case.
random_0277,25,c4ea1eb61699f58743bf3df0bbd77192c9bb9de2b7d6824322a50519cb17dd9e,c4ea1eb61699f58743bf3df0bbd77192c9bb9de2b7d6824322a50519cb17dd9e,true,true,true,true,true,true,true,true,true,true,true,1,1,Fixed-seed random differential case.
random_0278,22,957dbf852315db46434a04d10d7cc8133b5d322038aed41c45c1f90af0e407c9,957dbf852315db46434a04d10d7cc8133b5d322038aed41c45c1f90af0e407c9,true,true,true,true,true,true,true,true,true,true,true,4,4,Fixed-seed random differential case.
random_0279,27,efaf49ea0b8254f629e12f586b2e2582f0001dd0b46be7e1748f71caf88938db,efaf49ea0b8254f629e12f586b2e2582f0001dd0b46be7e1748f71caf88938db,true,true,true,true,true,true,true,true,true,true,true,15,15,Fixed-seed random differential case.
random_0280,12,4b34cf4737789fabd613f58cec187923d6be8b8a7ca80cd7688bfc049b4e939a,4b34cf4737789fabd613f58cec187923d6be8b8a7ca80cd7688bfc049b4e939a,true,true,true,true,true,true,true,true,true,true,true,6,6,Fixed-seed random differential case.
random_0281,26,8e804f2ed8fb08c0b1e613e0f177e140bf7724efa30868e3bf20bc5e000a7a9c,8e804f2ed8fb08c0b1e613e0f177e140bf7724efa30868e3bf20bc5e000a7a9c,true,true,true,true,true,true,true,true,true,true,true,9,9,Fixed-seed random differential case.
random_0282,32,b5b346c523ed4ab65bd55e0ff1df60c69a86c0b031082e4cc5f5583999378df4,b5b346c523ed4ab65bd55e0ff1df60c69a86c0b031082e4cc5f5583999378df4,true,true,true,true,true,true,true,true,true,true,true,10,10,Fixed-seed random differential case.
random_0283,17,bcd29971de525fab9c6de3b41c8756c708350223deeec764d046968bdd6831fc,bcd29971de525fab9c6de3b41c8756c708350223deeec764d046968bdd6831fc,true,true,true,true,true,true,true,true,true,true,true,9,9,Fixed-seed random differential case.
random_0284,6,fc959c3e2b1111da686e0a9dd5096a823e07e50cfb590f9786e788997f07d8de,fc959c3e2b1111da686e0a9dd5096a823e07e50cfb590f9786e788997f07d8de,true,true,true,true,true,true,true,true,true,true,true,3,3,Fixed-seed random differential case.
random_0285,22,b23fa66fe00988fd8771df98d967dcc0736a03aff2592df5961cafdc59ec5c4a,b23fa66fe00988fd8771df98d967dcc0736a03aff2592df5961cafdc59ec5c4a,true,true,true,true,true,true,true,true,true,true,true,4,4,Fixed-seed random differential case.
random_0286,13,d70f374b1e9eb37c2f7ccca019029564f678bd548e908ddf462427553fb64607,d70f374b1e9eb37c2f7ccca019029564f678bd548e908ddf462427553fb64607,true,true,true,true,true,true,true,true,true,true,true,4,4,Fixed-seed random differential case.
random_0287,26,e6246e62a049ad98f27e67d8660bb04829bacbd4df819fa0de1f7dc654c4fc1f,e6246e62a049ad98f27e67d8660bb04829bacbd4df819fa0de1f7dc654c4fc1f,true,true,true,true,true,true,true,true,true,true,true,9,9,Fixed-seed random differential case.
random_0288,32,9ad62a46dd7cb720827a2842dc706f898d1bf3412e19a1fd58fa58d7dd7aad90,9ad62a46dd7cb720827a2842dc706f898d1bf3412e19a1fd58fa58d7dd7aad90,true,true,true,true,true,true,true,true,true,true,true,17,17,Fixed-seed random differential case.
random_0289,22,c26e8dc51938c5083985498bf8432689434db108144ca6714fe429a279f51df7,c26e8dc51938c5083985498bf8432689434db108144ca6714fe429a279f51df7,true,true,true,true,true,true,true,true,true,true,true,6,6,Fixed-seed random differential case.
random_0290,29,b44916227078dc5c2fdd5fbbf7bc390a4270ef488d30c79e1eea0ac2656aef24,b44916227078dc5c2fdd5fbbf7bc390a4270ef488d30c79e1eea0ac2656aef24,true,true,true,true,true,true,true,true,true,true,true,9,9,Fixed-seed random differential case.
random_0291,12,eb574765e67435fb0fd499d9642a6bb532004b247a19f4fdf40eb784faad096f,eb574765e67435fb0fd499d9642a6bb532004b247a19f4fdf40eb784faad096f,true,true,true,true,true,true,true,true,true,true,true,3,3,Fixed-seed random differential case.
random_0292,12,4fb412b8a3370c197e96f4e9d07939dec26ac3d2d18f6b643861361a6929966e,4fb412b8a3370c197e96f4e9d07939dec26ac3d2d18f6b643861361a6929966e,true,true,true,true,true,true,true,true,true,true,true,2,2,Fixed-seed random differential case.
random_0293,22,65739a80f4b4ca2441492b04085fee91ab24170bcb58cca7c46c522297cdc35a,65739a80f4b4ca2441492b04085fee91ab24170bcb58cca7c46c522297cdc35a,true,true,true,true,true,true,true,true,true,true,true,5,5,Fixed-seed random differential case.
random_0294,14,efe6da8e195d732ba00578c84232e79c6ec58c09501128b20124e66fdbf19f58,efe6da8e195d732ba00578c84232e79c6ec58c09501128b20124e66fdbf19f58,true,true,true,true,true,true,true,true,true,true,true,3,3,Fixed-seed random differential case.
random_0295,28,5294ced1c6c73c9392d6624ae2cfd0e1c43a59ba922ab6ed03531e1e773ae131,5294ced1c6c73c9392d6624ae2cfd0e1c43a59ba922ab6ed03531e1e773ae131,true,true,true,true,true,true,true,true,true,true,true,17,17,Fixed-seed random differential case.
random_0296,20,73790e7a6c60334b01584b1daae4e46382deb5e358807575bbbe86aed121f7fb,73790e7a6c60334b01584b1daae4e46382deb5e358807575bbbe86aed121f7fb,true,true,true,true,true,true,true,true,true,true,true,2,2,Fixed-seed random differential case.
random_0297,27,5877dcc2a9aa874f922f718b0845af6357a1d5a39cc97ce1baefed4baf6cf42f,5877dcc2a9aa874f922f718b0845af6357a1d5a39cc97ce1baefed4baf6cf42f,true,true,true,true,true,true,true,true,true,true,true,6,6,Fixed-seed random differential case.
random_0298,5,86d2cf923f9010643c5f582a26b69d930b689f72f0d0c28d40738f22767f6ecb,86d2cf923f9010643c5f582a26b69d930b689f72f0d0c28d40738f22767f6ecb,true,true,true,true,true,true,true,true,true,true,true,1,1,Fixed-seed random differential case.
random_0299,5,ad196c265406f6434d3da1606d47fb549992a371eb410769a776873f114d5f34,ad196c265406f6434d3da1606d47fb549992a371eb410769a776873f114d5f34,true,true,true,true,true,true,true,true,true,true,true,1,1,Fixed-seed random differential case.
random_0300,8,e96bcf9c422d984ba8cf87dc167a4c24cf54ef305a3e30b3e151bff8fbf172df,e96bcf9c422d984ba8cf87dc167a4c24cf54ef305a3e30b3e151bff8fbf172df,true,true,true,true,true,true,true,true,true,true,true,3,3,Fixed-seed random differential case.
random_0301,25,e6941612ecc4730851fb05d6fe3620cb082065d2f184da5a93f6c838adc37601,e6941612ecc4730851fb05d6fe3620cb082065d2f184da5a93f6c838adc37601,true,true,true,true,true,true,true,true,true,true,true,7,7,Fixed-seed random differential case.
random_0302,5,6cfbe3ddca338556869f0ab2d4cad0c74adb6ddbbe09a4f5789e76a6ef14a04e,6cfbe3ddca338556869f0ab2d4cad0c74adb6ddbbe09a4f5789e76a6ef14a04e,true,true,true,true,true,true,true,true,true,true,true,0,0,Fixed-seed random differential case.
random_0303,11,25f2e7eab8622548f5a93dc660e1fe308064d88a8ace2073b16aa09558b8a58a,25f2e7eab8622548f5a93dc660e1fe308064d88a8ace2073b16aa09558b8a58a,true,true,true,true,true,true,true,true,true,true,true,1,1,Fixed-seed random differential case.
random_0304,24,65ad76f11e21fc163eaa390d2089692e4b1c28091c3cfc75d48b43067581eeb6,65ad76f11e21fc163eaa390d2089692e4b1c28091c3cfc75d48b43067581eeb6,true,true,true,true,true,true,true,true,true,true,true,7,7,Fixed-seed random differential case.
random_0305,24,26f09326440a4a9ba759dde46940e6f86468696f8af8bf26ac96f78712bc1de3,26f09326440a4a9ba759dde46940e6f86468696f8af8bf26ac96f78712bc1de3,true,true,true,true,true,true,true,true,true,true,true,7,7,Fixed-seed random differential case.
random_0306,8,6905cb443824badadc23e1e17da821dac70dc5f402473e436c9175885f85cac4,6905cb443824badadc23e1e17da821dac70dc5f402473e436c9175885f85cac4,true,true,true,true,true,true,true,true,true,true,true,5,5,Fixed-seed random differential case.
random_0307,32,7238d0ec3c05676c42a866c9a3617e32453e6d3c95536b86b81b26229781101d,7238d0ec3c05676c42a866c9a3617e32453e6d3c95536b86b81b26229781101d,true,true,true,true,true,true,true,true,true,true,true,12,12,Fixed-seed random differential case.
random_0308,10,0d69e893f34490c6c1e1cf89443c41d7ba9a7aa1931a933d1c5cc9822e14cd2b,0d69e893f34490c6c1e1cf89443c41d7ba9a7aa1931a933d1c5cc9822e14cd2b,true,true,true,true,true,true,true,true,true,true,true,3,3,Fixed-seed random differential case.
random_0309,30,bb7bba68baad7d878adb3c7bbbb0b26fb7995230626b0ef3f6203605aeaddfa4,bb7bba68baad7d878adb3c7bbbb0b26fb7995230626b0ef3f6203605aeaddfa4,true,true,true,true,true,true,true,true,true,true,true,11,11,Fixed-seed random differential case.
random_0310,16,264b34b3b693de32c65e0d458a21ee29e68006d36fe30a97ec786917ef87c998,264b34b3b693de32c65e0d458a21ee29e68006d36fe30a97ec786917ef87c998,true,true,true,true,true,true,true,true,true,true,true,8,8,Fixed-seed random differential case.
random_0311,28,74ee150e9f015b168a3e95e686b1f28bb9e489507cbb7085d9a618e5c6cd403b,74ee150e9f015b168a3e95e686b1f28bb9e489507cbb7085d9a618e5c6cd403b,true,true,true,true,true,true,true,true,true,true,true,19,19,Fixed-seed random differential case.
random_0312,35,6a5189ec8265d83cce9d1f7c6a8bd70da3609ad74922bc293cd7ceef713b1024,6a5189ec8265d83cce9d1f7c6a8bd70da3609ad74922bc293cd7ceef713b1024,true,true,true,true,true,true,true,true,true,true,true,16,16,Fixed-seed random differential case.
random_0313,11,772b16832c884258cf09adc79bfd85e8ca4c49b6762bdfabe8a126b313be8cd9,772b16832c884258cf09adc79bfd85e8ca4c49b6762bdfabe8a126b313be8cd9,true,true,true,true,true,true,true,true,true,true,true,2,2,Fixed-seed random differential case.
random_0314,25,e4494a650e10eca5dd5f47d4c0acac5b7db0f527f30fa09cbb670cefb48c38d2,e4494a650e10eca5dd5f47d4c0acac5b7db0f527f30fa09cbb670cefb48c38d2,true,true,true,true,true,true,true,true,true,true,true,11,11,Fixed-seed random differential case.
random_0315,15,3c059c13bef049a4afceda9cace090ce857baa442c2ef7dca901d63316b186f4,3c059c13bef049a4afceda9cace090ce857baa442c2ef7dca901d63316b186f4,true,true,true,true,true,true,true,true,true,true,true,3,3,Fixed-seed random differential case.
random_0316,9,4edc10e3bc1eec25e1c2240e760d68a439763bdfcc95a4db21b8255d756ac533,4edc10e3bc1eec25e1c2240e760d68a439763bdfcc95a4db21b8255d756ac533,true,true,true,true,true,true,true,true,true,true,true,2,2,Fixed-seed random differential case.
random_0317,12,12507c8ca6afe4cfebf955001b7f1d91588a0f3d7344ad5294b83a5f863d9726,12507c8ca6afe4cfebf955001b7f1d91588a0f3d7344ad5294b83a5f863d9726,true,true,true,true,true,true,true,true,true,true,true,2,2,Fixed-seed random differential case.
random_0318,19,d2c5c670cd232ac7fcd7026c404849fd1d2c91a327a4b834e59c54795e9593f6,d2c5c670cd232ac7fcd7026c404849fd1d2c91a327a4b834e59c54795e9593f6,true,true,true,true,true,true,true,true,true,true,true,9,9,Fixed-seed random differential case.
random_0319,21,3957f9cdbb03a89f56b562e2f93ecdc2efc37f22371b67efeb50aaeabf61464c,3957f9cdbb03a89f56b562e2f93ecdc2efc37f22371b67efeb50aaeabf61464c,true,true,true,true,true,true,true,true,true,true,true,1,1,Fixed-seed random differential case.
random_0320,24,997dad06d8ae67bea701849c556eaf12eb0213231b76a70c43b6293613dc50c5,997dad06d8ae67bea701849c556eaf12eb0213231b76a70c43b6293613dc50c5,true,true,true,true,true,true,true,true,true,true,true,12,12,Fixed-seed random differential case.
random_0321,12,1c5418f34561f6b11588841844112799de4bf08dd226ee7641d0498a23e0f911,1c5418f34561f6b11588841844112799de4bf08dd226ee7641d0498a23e0f911,true,true,true,true,true,true,true,true,true,true,true,4,4,Fixed-seed random differential case.
random_0322,21,06161c3b44caf366a50fd6587b46fce54984c68eccf5b128f2e4fbb9f7477460,06161c3b44caf366a50fd6587b46fce54984c68eccf5b128f2e4fbb9f7477460,true,true,true,true,true,true,true,true,true,true,true,3,3,Fixed-seed random differential case.
random_0323,24,d14e29e531273071272e9201d2b059332ae960e5e05b6b8a51df7d0125156024,d14e29e531273071272e9201d2b059332ae960e5e05b6b8a51df7d0125156024,true,true,true,true,true,true,true,true,true,true,true,7,7,Fixed-seed random differential case.
random_0324,18,7f74a3c99953604c90316526d788f76855f63a6aa4b322c4cbf2a5794ab80245,7f74a3c99953604c90316526d788f76855f63a6aa4b322c4cbf2a5794ab80245,true,true,true,true,true,true,true,true,true,true,true,8,8,Fixed-seed random differential case.
random_0325,25,70c54a587ed450a9d528cf7c6527b2e4f5104385f007611c8f57a18cfd6b768a,70c54a587ed450a9d528cf7c6527b2e4f5104385f007611c8f57a18cfd6b768a,true,true,true,true,true,true,true,true,true,true,true,4,4,Fixed-seed random differential case.
random_0326,7,0e2db63e920d9eb855abfe3720dc89666f212749a2c0a5415f5ad95da276656f,0e2db63e920d9eb855abfe3720dc89666f212749a2c0a5415f5ad95da276656f,true,true,true,true,true,true,true,true,true,true,true,3,3,Fixed-seed random differential case.
random_0327,19,8b46ea1a174293ae365418e4bdde4d8e9cccfeb8408492d009a1aa48da45d59f,8b46ea1a174293ae365418e4bdde4d8e9cccfeb8408492d009a1aa48da45d59f,true,true,true,true,true,true,true,true,true,true,true,5,5,Fixed-seed random differential case.
random_0328,34,596bdba4ae30c28e27d92bd4224094e9410f902db4023aa10ead59ea737b566d,596bdba4ae30c28e27d92bd4224094e9410f902db4023aa10ead59ea737b566d,true,true,true,true,true,true,true,true,true,true,true,18,18,Fixed-seed random differential case.
random_0329,37,11767b3630fb5ff1d8f3e7f6d0a0a35a76089bece2b41cf10b3c03780f855f3b,11767b3630fb5ff1d8f3e7f6d0a0a35a76089bece2b41cf10b3c03780f855f3b,true,true,true,true,true,true,true,true,true,true,true,24,24,Fixed-seed random differential case.
random_0330,35,7fc9c32171c9aff29fc4272fed034d3d918779c42df44be92d2f6163a46e51a7,7fc9c32171c9aff29fc4272fed034d3d918779c42df44be92d2f6163a46e51a7,true,true,true,true,true,true,true,true,true,true,true,17,17,Fixed-seed random differential case.
random_0331,38,40e9176ec6033cc70b77d19f8e81d44cca2502e81b6eb3f6f09437bc48219daf,40e9176ec6033cc70b77d19f8e81d44cca2502e81b6eb3f6f09437bc48219daf,true,true,true,true,true,true,true,true,true,true,true,23,23,Fixed-seed random differential case.
random_0332,34,fa4a316b3ecae18014924cc48793e29d6135b38d38aefdbc55322f3fb35a06fc,fa4a316b3ecae18014924cc48793e29d6135b38d38aefdbc55322f3fb35a06fc,true,true,true,true,true,true,true,true,true,true,true,11,11,Fixed-seed random differential case.
random_0333,20,bd88b12f86baf540d243c6cfac84ed2296333263fbcc9bc396561cb6cfdf7c37,bd88b12f86baf540d243c6cfac84ed2296333263fbcc9bc396561cb6cfdf7c37,true,true,true,true,true,true,true,true,true,true,true,9,9,Fixed-seed random differential case.
random_0334,17,be27b810f3d18ef6a735252ad499dbd6279aa42073befe9494739c01b6f0b215,be27b810f3d18ef6a735252ad499dbd6279aa42073befe9494739c01b6f0b215,true,true,true,true,true,true,true,true,true,true,true,2,2,Fixed-seed random differential case.
random_0335,26,d1a285007c855a633e391dcfc87d40eddb03177ebce2729de4a257996ce74984,d1a285007c855a633e391dcfc87d40eddb03177ebce2729de4a257996ce74984,true,true,true,true,true,true,true,true,true,true,true,6,6,Fixed-seed random differential case.
random_0336,25,7a05699b7b63f58cf6beb20ca009cb419d31907891ad1a070a2816bdf7ad5527,7a05699b7b63f58cf6beb20ca009cb419d31907891ad1a070a2816bdf7ad5527,true,true,true,true,true,true,true,true,true,true,true,14,14,Fixed-seed random differential case.
random_0337,34,c982a2e90f507db1c23d5d864faed7afa55bb43e717845124a477f3cdaebc3f5,c982a2e90f507db1c23d5d864faed7afa55bb43e717845124a477f3cdaebc3f5,true,true,true,true,true,true,true,true,true,true,true,13,13,Fixed-seed random differential case.
random_0338,22,35783a5aa4b76cf0cdbfef032ea2df226c02db6eea862622e0520f243e27282a,35783a5aa4b76cf0cdbfef032ea2df226c02db6eea862622e0520f243e27282a,true,true,true,true,true,true,true,true,true,true,true,2,2,Fixed-seed random differential case.
random_0339,6,fe119ae76a861942311fe3fb8dfc9632ecefacef8c75c8d45256f79715bdc839,fe119ae76a861942311fe3fb8dfc9632ecefacef8c75c8d45256f79715bdc839,true,true,true,true,true,true,true,true,true,true,true,2,2,Fixed-seed random differential case.
random_0340,23,0d6767399709332f27b3cc072d37c738e67d8d75740eb8080d46a63bed74faea,0d6767399709332f27b3cc072d37c738e67d8d75740eb8080d46a63bed74faea,true,true,true,true,true,true,true,true,true,true,true,11,11,Fixed-seed random differential case.
random_0341,17,28fff080bfbae24c397c443357af0dfd31467672d2db1df3b1f41a578aff74ca,28fff080bfbae24c397c443357af0dfd31467672d2db1df3b1f41a578aff74ca,true,true,true,true,true,true,true,true,true,true,true,8,8,Fixed-seed random differential case.
random_0342,26,c4443fb1512e594b794c1ceb0e2895c2253773bdbc5daed6bcde6a1a5103f5d7,c4443fb1512e594b794c1ceb0e2895c2253773bdbc5daed6bcde6a1a5103f5d7,true,true,true,true,true,true,true,true,true,true,true,17,17,Fixed-seed random differential case.
random_0343,18,92338a6aadaf2b06a136794d393973a4d01b77de0f78ad44cab1f773426eb143,92338a6aadaf2b06a136794d393973a4d01b77de0f78ad44cab1f773426eb143,true,true,true,true,true,true,true,true,true,true,true,8,8,Fixed-seed random differential case.
random_0344,27,6ba26b37bd2c112f68b4ddaf582a388bf599773c0af582ad9ac7fc33a2e15758,6ba26b37bd2c112f68b4ddaf582a388bf599773c0af582ad9ac7fc33a2e15758,true,true,true,true,true,true,true,true,true,true,true,9,9,Fixed-seed random differential case.
random_0345,17,0ef01831e9e65d44354af5586538a1620b9867a8cd3740f0a710763847d76b71,0ef01831e9e65d44354af5586538a1620b9867a8cd3740f0a710763847d76b71,true,true,true,true,true,true,true,true,true,true,true,4,4,Fixed-seed random differential case.
random_0346,35,d203477b0a5125465c16dcf237f0360bc1df588b2073a058b440951a01e8154f,d203477b0a5125465c16dcf237f0360bc1df588b2073a058b440951a01e8154f,true,true,true,true,true,true,true,true,true,true,true,21,21,Fixed-seed random differential case.
random_0347,35,25cbe0f590247f55c1fef2a79c0eebea8e38e8311887879556c809ff77380a30,25cbe0f590247f55c1fef2a79c0eebea8e38e8311887879556c809ff77380a30,true,true,true,true,true,true,true,true,true,true,true,13,13,Fixed-seed random differential case.
random_0348,21,273fe732fe7325cb8a5aad368f721a79529f034a3674947da68c935e7c95e13d,273fe732fe7325cb8a5aad368f721a79529f034a3674947da68c935e7c95e13d,true,true,true,true,true,true,true,true,true,true,true,9,9,Fixed-seed random differential case.
random_0349,22,9a46a86a6ff519ca7d793105166533f72453e03ebe2bbfa4f3a24114abab2bc1,9a46a86a6ff519ca7d793105166533f72453e03ebe2bbfa4f3a24114abab2bc1,true,true,true,true,true,true,true,true,true,true,true,11,11,Fixed-seed random differential case.
random_0350,13,3f74580ed84bb832cbcb39b617981f13390dc2141c05b4c3f02b674814d23232,3f74580ed84bb832cbcb39b617981f13390dc2141c05b4c3f02b674814d23232,true,true,true,true,true,true,true,true,true,true,true,0,0,Fixed-seed random differential case.
random_0351,16,42315248b80275e28152d4e3da8c20f234205940b701729a82257bd46288993e,42315248b80275e28152d4e3da8c20f234205940b701729a82257bd46288993e,true,true,true,true,true,true,true,true,true,true,true,3,3,Fixed-seed random differential case.
random_0352,27,9d93f0de33e6c0eecb12b84499e23e1c9ab1d0fb1e0df5187b4f516acc2bac3d,9d93f0de33e6c0eecb12b84499e23e1c9ab1d0fb1e0df5187b4f516acc2bac3d,true,true,true,true,true,true,true,true,true,true,true,9,9,Fixed-seed random differential case.
random_0353,21,2a3ed2803a5963e4e4ee60c139e99eceff916d4d7947d397dca159b57e43ae28,2a3ed2803a5963e4e4ee60c139e99eceff916d4d7947d397dca159b57e43ae28,true,true,true,true,true,true,true,true,true,true,true,6,6,Fixed-seed random differential case.
random_0354,18,6f9cb0e3f4fae004687891fdf5e133488756e6f662f3e036b66d97e9e6c25792,6f9cb0e3f4fae004687891fdf5e133488756e6f662f3e036b66d97e9e6c25792,true,true,true,true,true,true,true,true,true,true,true,4,4,Fixed-seed random differential case.
random_0355,20,5f02e5481c6945a951ab392d4dcc33f748d44c745a2ea476a3e2be4866ad926e,5f02e5481c6945a951ab392d4dcc33f748d44c745a2ea476a3e2be4866ad926e,true,true,true,true,true,true,true,true,true,true,true,3,3,Fixed-seed random differential case.
random_0356,33,0549c21743b78e77b538f91cd90bf6d7a7d96c53bca8309c0e63181ed2b1a38c,0549c21743b78e77b538f91cd90bf6d7a7d96c53bca8309c0e63181ed2b1a38c,true,true,true,true,true,true,true,true,true,true,true,21,21,Fixed-seed random differential case.
random_0357,23,1914ea375c85a86f79026f7c1b12c42ddc81d5b3eda486dc695c66cff84d1f04,1914ea375c85a86f79026f7c1b12c42ddc81d5b3eda486dc695c66cff84d1f04,true,true,true,true,true,true,true,true,true,true,true,8,8,Fixed-seed random differential case.
random_0358,20,612b75ab341b85c72e04fb6b3193842b09fe98ba3a8d117d350519b8e118117d,612b75ab341b85c72e04fb6b3193842b09fe98ba3a8d117d350519b8e118117d,true,true,true,true,true,true,true,true,true,true,true,7,7,Fixed-seed random differential case.
random_0359,27,f223ac1547c5b7a679a58631834a8b63be542f77ef3f4d541c2421fdcf89f3d4,f223ac1547c5b7a679a58631834a8b63be542f77ef3f4d541c2421fdcf89f3d4,true,true,true,true,true,true,true,true,true,true,true,10,10,Fixed-seed random differential case.
random_0360,23,0806ad038016476c24381ab4d9ab325936fcc2827a49ce477cf5703e6c57ff04,0806ad038016476c24381ab4d9ab325936fcc2827a49ce477cf5703e6c57ff04,true,true,true,true,true,true,true,true,true,true,true,5,5,Fixed-seed random differential case.
random_0361,20,ff7b74a85c32cd94995376892b1f634fcdd4cd6edb0e9e6f3d0aab1365087667,ff7b74a85c32cd94995376892b1f634fcdd4cd6edb0e9e6f3d0aab1365087667,true,true,true,true,true,true,true,true,true,true,true,4,4,Fixed-seed random differential case.
random_0362,7,4a123842027b5f06896f37cd89376233034da027ae4202f93b723a30a5cf1f59,4a123842027b5f06896f37cd89376233034da027ae4202f93b723a30a5cf1f59,true,true,true,true,true,true,true,true,true,true,true,0,0,Fixed-seed random differential case.
random_0363,23,688cc74ac6821eec7e5436d698e94c2df5081ac3ff668aa038d9a1a5f66b3c6b,688cc74ac6821eec7e5436d698e94c2df5081ac3ff668aa038d9a1a5f66b3c6b,true,true,true,true,true,true,true,true,true,true,true,9,9,Fixed-seed random differential case.
random_0364,31,11a061d9d1bc44556bf977ef8dacf684f06c17bcf4c029a2b5a27ecdc970860b,11a061d9d1bc44556bf977ef8dacf684f06c17bcf4c029a2b5a27ecdc970860b,true,true,true,true,true,true,true,true,true,true,true,16,16,Fixed-seed random differential case.
random_0365,32,0b5b1aa18bc3ea32db697cd2ae83979c55442d07687dc5118b3723c317408c35,0b5b1aa18bc3ea32db697cd2ae83979c55442d07687dc5118b3723c317408c35,true,true,true,true,true,true,true,true,true,true,true,12,12,Fixed-seed random differential case.
random_0366,28,b5e290a09782ad71e27784231654165076f5554aec9ced13db05bbbac27dc377,b5e290a09782ad71e27784231654165076f5554aec9ced13db05bbbac27dc377,true,true,true,true,true,true,true,true,true,true,true,15,15,Fixed-seed random differential case.
random_0367,19,985074cba1c0a5af851e1b8cbcbc8846094304b7a01b417b9960b00ee99c53e7,985074cba1c0a5af851e1b8cbcbc8846094304b7a01b417b9960b00ee99c53e7,true,true,true,true,true,true,true,true,true,true,true,3,3,Fixed-seed random differential case.
random_0368,16,c8e396bb96e4c12c4b7eab65da8e1ae16c4a99759c31da9659956f78e6e69f2a,c8e396bb96e4c12c4b7eab65da8e1ae16c4a99759c31da9659956f78e6e69f2a,true,true,true,true,true,true,true,true,true,true,true,7,7,Fixed-seed random differential case.
random_0369,16,d375647a50ccfb7b5d4ed756d9c8efdd5bb88c97e64f7f5f94ba5621ed5f325b,d375647a50ccfb7b5d4ed756d9c8efdd5bb88c97e64f7f5f94ba5621ed5f325b,true,true,true,true,true,true,true,true,true,true,true,7,7,Fixed-seed random differential case.
random_0370,25,1b23c5863be622162c9d35ccacbfb5ce5b90661bd65a86642fac65e479bdda96,1b23c5863be622162c9d35ccacbfb5ce5b90661bd65a86642fac65e479bdda96,true,true,true,true,true,true,true,true,true,true,true,9,9,Fixed-seed random differential case.
random_0371,18,e739ba07a7cdb53975a4c8d87e60dfe6ebe81ca458d91424b428f83783b74ffa,e739ba07a7cdb53975a4c8d87e60dfe6ebe81ca458d91424b428f83783b74ffa,true,true,true,true,true,true,true,true,true,true,true,3,3,Fixed-seed random differential case.
random_0372,21,07bafbceb1b29ec9a7d6c3e4e6d7d15a52cc690948a5b6c7f3f9d3bb6efca3b3,07bafbceb1b29ec9a7d6c3e4e6d7d15a52cc690948a5b6c7f3f9d3bb6efca3b3,true,true,true,true,true,true,true,true,true,true,true,9,9,Fixed-seed random differential case.
random_0373,11,f337b4d7b76411a226f1203712cb08cc9dad9c7d4c307c4577abb8fc8946a4f0,f337b4d7b76411a226f1203712cb08cc9dad9c7d4c307c4577abb8fc8946a4f0,true,true,true,true,true,true,true,true,true,true,true,3,3,Fixed-seed random differential case.
random_0374,23,9b2508dfcf22c20bed51d5b60fb79792bfb00548df0bee16f44a2c5bb694f7c5,9b2508dfcf22c20bed51d5b60fb79792bfb00548df0bee16f44a2c5bb694f7c5,true,true,true,true,true,true,true,true,true,true,true,12,12,Fixed-seed random differential case.
random_0375,27,3cdabdb53fb10a49b4b00c0f3a61f4ce18c0497386f633fc066cc68df4d7e393,3cdabdb53fb10a49b4b00c0f3a61f4ce18c0497386f633fc066cc68df4d7e393,true,true,true,true,true,true,true,true,true,true,true,14,14,Fixed-seed random differential case.
random_0376,16,735880f5dcc81a7b1746cf69faab92027e6370ea4cd34bfd11ccaf98fe2e4fda,735880f5dcc81a7b1746cf69faab92027e6370ea4cd34bfd11ccaf98fe2e4fda,true,true,true,true,true,true,true,true,true,true,true,4,4,Fixed-seed random differential case.
random_0377,24,c2fcc45d223f37a3556578753113727b1f3c2b9cf68d6183907c6493444dd261,c2fcc45d223f37a3556578753113727b1f3c2b9cf68d6183907c6493444dd261,true,true,true,true,true,true,true,true,true,true,true,11,11,Fixed-seed random differential case.
random_0378,15,0e7e649898c930219a2fb681d4fcddc5a00c5fd6369532fd6b994c25a6dde5df,0e7e649898c930219a2fb681d4fcddc5a00c5fd6369532fd6b994c25a6dde5df,true,true,true,true,true,true,true,true,true,true,true,4,4,Fixed-seed random differential case.
random_0379,25,620e827e4d3ad1a422f4305155b9ce4aff66c71a9bd8f1ec28dfe609a71e410e,620e827e4d3ad1a422f4305155b9ce4aff66c71a9bd8f1ec28dfe609a71e410e,true,true,true,true,true,true,true,true,true,true,true,10,10,Fixed-seed random differential case.
random_0380,22,f3be7c06b7bca17cc239df2ab76cc3d843fe8e82e63f27222fb188bb023e4e32,f3be7c06b7bca17cc239df2ab76cc3d843fe8e82e63f27222fb188bb023e4e32,true,true,true,true,true,true,true,true,true,true,true,9,9,Fixed-seed random differential case.
random_0381,18,6f54bd8fb46b9cd9b5a41283f3f887e838a1f2bb7ea792668c3c6c4154f2f40e,6f54bd8fb46b9cd9b5a41283f3f887e838a1f2bb7ea792668c3c6c4154f2f40e,true,true,true,true,true,true,true,true,true,true,true,5,5,Fixed-seed random differential case.
random_0382,23,ebdc62528240f5bac06fb2d24df88b27624d5b4ce8361940acf268416b6a2c68,ebdc62528240f5bac06fb2d24df88b27624d5b4ce8361940acf268416b6a2c68,true,true,true,true,true,true,true,true,true,true,true,8,8,Fixed-seed random differential case.
random_0383,26,252b948df079b9705aacfe4527b1d22e3333ca62bb7e3fc13f2fd2f632e76550,252b948df079b9705aacfe4527b1d22e3333ca62bb7e3fc13f2fd2f632e76550,true,true,true,true,true,true,true,true,true,true,true,11,11,Fixed-seed random differential case.
random_0384,24,0b739591ad77422b5618aa545cfff06066a5acc80947f02df9b98c81d783ae8a,0b739591ad77422b5618aa545cfff06066a5acc80947f02df9b98c81d783ae8a,true,true,true,true,true,true,true,true,true,true,true,8,8,Fixed-seed random differential case.
random_0385,15,4f1d499944e69171bd76c93893a60066db52e35a67d806b694418d9827351178,4f1d499944e69171bd76c93893a60066db52e35a67d806b694418d9827351178,true,true,true,true,true,true,true,true,true,true,true,2,2,Fixed-seed random differential case.
random_0386,21,9b04ed400d41b3c04f92d014827e4ca58007b00d75c9e520511382a7488f568f,9b04ed400d41b3c04f92d014827e4ca58007b00d75c9e520511382a7488f568f,true,true,true,true,true,true,true,true,true,true,true,1,1,Fixed-seed random differential case.
random_0387,16,fbdb64eb454a56728589ddabbccfff0bf609f48c7aea52783799ae3db28ecc6c,fbdb64eb454a56728589ddabbccfff0bf609f48c7aea52783799ae3db28ecc6c,true,true,true,true,true,true,true,true,true,true,true,4,4,Fixed-seed random differential case.
random_0388,15,07876ead801c7d8b04631db2e2db822ff0717587c70d60d0723767398317dfc7,07876ead801c7d8b04631db2e2db822ff0717587c70d60d0723767398317dfc7,true,true,true,true,true,true,true,true,true,true,true,5,5,Fixed-seed random differential case.
random_0389,22,c0dbe60277bc4e7117e937c3500cdc7e89bcbedb072436896092b0a0f165dfa5,c0dbe60277bc4e7117e937c3500cdc7e89bcbedb072436896092b0a0f165dfa5,true,true,true,true,true,true,true,true,true,true,true,8,8,Fixed-seed random differential case.
random_0390,30,00ba7c301e19f7c5c42e6689d0dcb573049a222878037e8113bd33c3b61b37ab,00ba7c301e19f7c5c42e6689d0dcb573049a222878037e8113bd33c3b61b37ab,true,true,true,true,true,true,true,true,true,true,true,12,12,Fixed-seed random differential case.
random_0391,33,8af3126e1e7aee17e4637cfd02ecf7e6c1b0b957478233958bd034b2341809a2,8af3126e1e7aee17e4637cfd02ecf7e6c1b0b957478233958bd034b2341809a2,true,true,true,true,true,true,true,true,true,true,true,14,14,Fixed-seed random differential case.
random_0392,20,f6141146cd686a0da37a13aa9cd9cf3e6cb67c79d5f5d6473b5f68f469c460af,f6141146cd686a0da37a13aa9cd9cf3e6cb67c79d5f5d6473b5f68f469c460af,true,true,true,true,true,true,true,true,true,true,true,3,3,Fixed-seed random differential case.
random_0393,27,a60551276daeb57670a28b61c8662785db2d8437d88961774b5dba13698603b8,a60551276daeb57670a28b61c8662785db2d8437d88961774b5dba13698603b8,true,true,true,true,true,true,true,true,true,true,true,10,10,Fixed-seed random differential case.
random_0394,32,53da84e2874de3ae806cefc1e7fa0f97b66ba14c430124ff20437c5bd8008a6c,53da84e2874de3ae806cefc1e7fa0f97b66ba14c430124ff20437c5bd8008a6c,true,true,true,true,true,true,true,true,true,true,true,12,12,Fixed-seed random differential case.
random_0395,20,5adad0122c1512bf30f9d126323bd21c11e37100afaa38f43d7c2cad14d8072f,5adad0122c1512bf30f9d126323bd21c11e37100afaa38f43d7c2cad14d8072f,true,true,true,true,true,true,true,true,true,true,true,1,1,Fixed-seed random differential case.
random_0396,22,98f3f7058a927a7e3c52b5d02269d82e3e4158bc026f838e11e140b5b9e3dcd6,98f3f7058a927a7e3c52b5d02269d82e3e4158bc026f838e11e140b5b9e3dcd6,true,true,true,true,true,true,true,true,true,true,true,2,2,Fixed-seed random differential case.
random_0397,19,ee6bb5c312583492b48204abc1703c0ed73283fb5d07eceb322d3be86986c9cf,ee6bb5c312583492b48204abc1703c0ed73283fb5d07eceb322d3be86986c9cf,true,true,true,true,true,true,true,true,true,true,true,3,3,Fixed-seed random differential case.
random_0398,28,3a6aa9575d990f2b1c52be2073e1673a54d16b0a53a3ea8b2c0be90fc1484ee3,3a6aa9575d990f2b1c52be2073e1673a54d16b0a53a3ea8b2c0be90fc1484ee3,true,true,true,true,true,true,true,true,true,true,true,11,11,Fixed-seed random differential case.
random_0399,15,dfea96cdf84eae8a55b92fa5c3defeb978e68c53cf9a77f7da4c9d9cbdc601d6,dfea96cdf84eae8a55b92fa5c3defeb978e68c53cf9a77f7da4c9d9cbdc601d6,true,true,true,true,true,true,true,true,true,true,true,8,8,Fixed-seed random differential case.
random_0400,9,2423df43ddcfd2ebc1326d7678a90c33e1d8448a1f2afbbb401e7e84e1b72905,2423df43ddcfd2ebc1326d7678a90c33e1d8448a1f2afbbb401e7e84e1b72905,true,true,true,true,true,true,true,true,true,true,true,3,3,Fixed-seed random differential case.
random_0401,23,4e9a20f198fd2e89c6dcfcfb7682cbfd4ba307f840be52c2b22266ed0b20ece2,4e9a20f198fd2e89c6dcfcfb7682cbfd4ba307f840be52c2b22266ed0b20ece2,true,true,true,true,true,true,true,true,true,true,true,11,11,Fixed-seed random differential case.
random_0402,26,013a3d3244da24f4ef00c312b05d1e7910527a38dff7948ed37f4257202febfc,013a3d3244da24f4ef00c312b05d1e7910527a38dff7948ed37f4257202febfc,true,true,true,true,true,true,true,true,true,true,true,8,8,Fixed-seed random differential case.
random_0403,23,8ce5061e5bcb9b37eca803aaa85eab5227ac7a49b2e6885e11c2bb15634e6349,8ce5061e5bcb9b37eca803aaa85eab5227ac7a49b2e6885e11c2bb15634e6349,true,true,true,true,true,true,true,true,true,true,true,10,10,Fixed-seed random differential case.
random_0404,21,25541e27fe33f46edff1de997e199e280695f85056d6432e2b1fbcbc53596062,25541e27fe33f46edff1de997e199e280695f85056d6432e2b1fbcbc53596062,true,true,true,true,true,true,true,true,true,true,true,1,1,Fixed-seed random differential case.
random_0405,25,e2c15d786681236d94b3e06a7a6ac513ab3aee9e50b931ccd1c84292670f1c86,e2c15d786681236d94b3e06a7a6ac513ab3aee9e50b931ccd1c84292670f1c86,true,true,true,true,true,true,true,true,true,true,true,6,6,Fixed-seed random differential case.
random_0406,36,b71e724e3cfd296b939b7ee4ddf9201df673437cd4b9434eab1f9e1d4cb14e81,b71e724e3cfd296b939b7ee4ddf9201df673437cd4b9434eab1f9e1d4cb14e81,true,true,true,true,true,true,true,true,true,true,true,22,22,Fixed-seed random differential case.
random_0407,20,8a46861459888853a0a904707c40518f1aec95e536c2bf184608a8fe4428851a,8a46861459888853a0a904707c40518f1aec95e536c2bf184608a8fe4428851a,true,true,true,true,true,true,true,true,true,true,true,6,6,Fixed-seed random differential case.
random_0408,12,25d5f3ce143664a34ad826db2cbe3767e85a909ace858e974d913b6a48ce014f,25d5f3ce143664a34ad826db2cbe3767e85a909ace858e974d913b6a48ce014f,true,true,true,true,true,true,true,true,true,true,true,2,2,Fixed-seed random differential case.
random_0409,21,0c6b3d3a77e4cae3dcac46c75332d944dfa4681e4679e75f1a795bde7d19c9c9,0c6b3d3a77e4cae3dcac46c75332d944dfa4681e4679e75f1a795bde7d19c9c9,true,true,true,true,true,true,true,true,true,true,true,6,6,Fixed-seed random differential case.
random_0410,29,8a1a7f20dc6df065a217db20c229cdf18ce7779d625c9319971983224324f07c,8a1a7f20dc6df065a217db20c229cdf18ce7779d625c9319971983224324f07c,true,true,true,true,true,true,true,true,true,true,true,9,9,Fixed-seed random differential case.
random_0411,22,362ff061a92cb107734faa32087b4b619ff7ac54fb358100ca2e93abc80a7036,362ff061a92cb107734faa32087b4b619ff7ac54fb358100ca2e93abc80a7036,true,true,true,true,true,true,true,true,true,true,true,2,2,Fixed-seed random differential case.
random_0412,28,cb7a9aea95e4eedb6ffa69accf82f07f2e0a1bc7f863ca80a54b333eb21c4803,cb7a9aea95e4eedb6ffa69accf82f07f2e0a1bc7f863ca80a54b333eb21c4803,true,true,true,true,true,true,true,true,true,true,true,7,7,Fixed-seed random differential case.
random_0413,32,d83e5d33a95113df2ad0931d80167b743fe925b84a05c09e18d37d66dfa99f60,d83e5d33a95113df2ad0931d80167b743fe925b84a05c09e18d37d66dfa99f60,true,true,true,true,true,true,true,true,true,true,true,10,10,Fixed-seed random differential case.
random_0414,15,2f2641b6171e7a52c89b8229ab6e5d1ecf5d7de5b07fee0f92bad3d4e1161edb,2f2641b6171e7a52c89b8229ab6e5d1ecf5d7de5b07fee0f92bad3d4e1161edb,true,true,true,true,true,true,true,true,true,true,true,1,1,Fixed-seed random differential case.
random_0415,29,6e4b359585cbac03eaeaecfbaf467833c1a4585367ff09fb3938d9a0e9d7df1a,6e4b359585cbac03eaeaecfbaf467833c1a4585367ff09fb3938d9a0e9d7df1a,true,true,true,true,true,true,true,true,true,true,true,13,13,Fixed-seed random differential case.
random_0416,21,a314693af49d1a12854666395e9ce53fd579d426e4cfc0d7cc922cd7bde1e4fb,a314693af49d1a12854666395e9ce53fd579d426e4cfc0d7cc922cd7bde1e4fb,true,true,true,true,true,true,true,true,true,true,true,12,12,Fixed-seed random differential case.
random_0417,26,cbb63cd67c3c8ed52f3aad442f7bc0be91b1c2cfcc143dedf11e09f8de59da8e,cbb63cd67c3c8ed52f3aad442f7bc0be91b1c2cfcc143dedf11e09f8de59da8e,true,true,true,true,true,true,true,true,true,true,true,10,10,Fixed-seed random differential case.
random_0418,32,005ef61fcc98e454248a8f42ba31fb6fae3b775a1049c17133e52a3b73ed4e66,005ef61fcc98e454248a8f42ba31fb6fae3b775a1049c17133e52a3b73ed4e66,true,true,true,true,true,true,true,true,true,true,true,14,14,Fixed-seed random differential case.
random_0419,23,1bcc9d00ec02d84c85989c059f56b738946be8f886216767d2c8c8b3506e10da,1bcc9d00ec02d84c85989c059f56b738946be8f886216767d2c8c8b3506e10da,true,true,true,true,true,true,true,true,true,true,true,6,6,Fixed-seed random differential case.
random_0420,10,173117f4d890b696cddbffc1d89d0b7bc1566f9f822b5b9f108c010c1ed99e84,173117f4d890b696cddbffc1d89d0b7bc1566f9f822b5b9f108c010c1ed99e84,true,true,true,true,true,true,true,true,true,true,true,5,5,Fixed-seed random differential case.
random_0421,22,e114f34f4dc466e375793b064e2542ba0c6483616ff85b79664d1c49b723aa7e,e114f34f4dc466e375793b064e2542ba0c6483616ff85b79664d1c49b723aa7e,true,true,true,true,true,true,true,true,true,true,true,15,15,Fixed-seed random differential case.
random_0422,11,4f405fa22c2dd2f6d1a8c84407466e3c896d9b1e75eb1fae6e6a69a350c4b8a3,4f405fa22c2dd2f6d1a8c84407466e3c896d9b1e75eb1fae6e6a69a350c4b8a3,true,true,true,true,true,true,true,true,true,true,true,1,1,Fixed-seed random differential case.
random_0423,24,2f260197097ee9362d1b83113db12b9a9295a7e80e6692eb94491de79ede9b10,2f260197097ee9362d1b83113db12b9a9295a7e80e6692eb94491de79ede9b10,true,true,true,true,true,true,true,true,true,true,true,12,12,Fixed-seed random differential case.
random_0424,38,d95023782fd1208e99f5c308ed1cbf7451a37c9aca81234caad1d4b9fa2f722b,d95023782fd1208e99f5c308ed1cbf7451a37c9aca81234caad1d4b9fa2f722b,true,true,true,true,true,true,true,true,true,true,true,13,13,Fixed-seed random differential case.
random_0425,22,0f51c45e413fae7a99ab31981f666597c7f2b8656a49e66226ebc607547ec4e3,0f51c45e413fae7a99ab31981f666597c7f2b8656a49e66226ebc607547ec4e3,true,true,true,true,true,true,true,true,true,true,true,8,8,Fixed-seed random differential case.
random_0426,19,f331d47b4e28662fa2b40eb4007a2a42c4743962211d47c32abc443ee3bdc693,f331d47b4e28662fa2b40eb4007a2a42c4743962211d47c32abc443ee3bdc693,true,true,true,true,true,true,true,true,true,true,true,4,4,Fixed-seed random differential case.
random_0427,29,7dc82322e9aa82dd64a754c88d42f2258f204b48654d3d54178fcf4b40896fbd,7dc82322e9aa82dd64a754c88d42f2258f204b48654d3d54178fcf4b40896fbd,true,true,true,true,true,true,true,true,true,true,true,7,7,Fixed-seed random differential case.
random_0428,19,899f679b96ca82812edf83de5a00b2929e3658aac94d7cbb8fa672de9a4f8a82,899f679b96ca82812edf83de5a00b2929e3658aac94d7cbb8fa672de9a4f8a82,true,true,true,true,true,true,true,true,true,true,true,7,7,Fixed-seed random differential case.
random_0429,17,24731c3ce0178c25a882619ff1d3fd13bfebb3cad2527fbc780dca4797164065,24731c3ce0178c25a882619ff1d3fd13bfebb3cad2527fbc780dca4797164065,true,true,true,true,true,true,true,true,true,true,true,3,3,Fixed-seed random differential case.
random_0430,30,78556bfbb51b58f497ededbe1524af06e240b2d51886bf14a881122e45ad10fb,78556bfbb51b58f497ededbe1524af06e240b2d51886bf14a881122e45ad10fb,true,true,true,true,true,true,true,true,true,true,true,16,16,Fixed-seed random differential case.
random_0431,32,b1b94c09c397c7023679306526d48690dadb68486576bc3b5cbeb9fbc52a492f,b1b94c09c397c7023679306526d48690dadb68486576bc3b5cbeb9fbc52a492f,true,true,true,true,true,true,true,true,true,true,true,11,11,Fixed-seed random differential case.
random_0432,32,0093b7dfd52abb3a907ac13a778388c79ea4ac7f8a872415d6f0eb6ab29cb759,0093b7dfd52abb3a907ac13a778388c79ea4ac7f8a872415d6f0eb6ab29cb759,true,true,true,true,true,true,true,true,true,true,true,15,15,Fixed-seed random differential case.
random_0433,13,cb6e09a3cc1b0993ff5ffdfb947660c2742b692e51b9a9535457c0035c8bc003,cb6e09a3cc1b0993ff5ffdfb947660c2742b692e51b9a9535457c0035c8bc003,true,true,true,true,true,true,true,true,true,true,true,6,6,Fixed-seed random differential case.
random_0434,19,a48bb3990d8ec3594b6946bfe193bcae4367654be9ee1b7db71fa7d0a7960155,a48bb3990d8ec3594b6946bfe193bcae4367654be9ee1b7db71fa7d0a7960155,true,true,true,true,true,true,true,true,true,true,true,4,4,Fixed-seed random differential case.
random_0435,26,c5935334c8bde19fa62240fc4e0939dbc0d93c9d2b3792f3a59074acbebf578b,c5935334c8bde19fa62240fc4e0939dbc0d93c9d2b3792f3a59074acbebf578b,true,true,true,true,true,true,true,true,true,true,true,11,11,Fixed-seed random differential case.
random_0436,7,9d91a502f63c20cc4a5042b70273b43c8a51711ca148bac492e03319cc2170a5,9d91a502f63c20cc4a5042b70273b43c8a51711ca148bac492e03319cc2170a5,true,true,true,true,true,true,true,true,true,true,true,0,0,Fixed-seed random differential case.
random_0437,25,4101c95ee635268edd5cec8528a0b80eb7557a0890eef30a33e5d2027638e99b,4101c95ee635268edd5cec8528a0b80eb7557a0890eef30a33e5d2027638e99b,true,true,true,true,true,true,true,true,true,true,true,8,8,Fixed-seed random differential case.
random_0438,5,89cc399889450af6dae623878e128f100f7ce6e8c3f454335955a8d654b17d93,89cc399889450af6dae623878e128f100f7ce6e8c3f454335955a8d654b17d93,true,true,true,true,true,true,true,true,true,true,true,2,2,Fixed-seed random differential case.
random_0439,26,37eb2b33672c3a863f54878b626ebcc42b5a1b1c1e6c908708f7547b06a16d9f,37eb2b33672c3a863f54878b626ebcc42b5a1b1c1e6c908708f7547b06a16d9f,true,true,true,true,true,true,true,true,true,true,true,6,6,Fixed-seed random differential case.
random_0440,23,2fd0959f5452aaeff9a3d6eaa1eaa87af530da281f1a34bf4f16cdd901735ae4,2fd0959f5452aaeff9a3d6eaa1eaa87af530da281f1a34bf4f16cdd901735ae4,true,true,true,true,true,true,true,true,true,true,true,8,8,Fixed-seed random differential case.
random_0441,5,730529ae262623b94eeb3bf921c9fb3104dc58aeef4fb541698f268e33e799e1,730529ae262623b94eeb3bf921c9fb3104dc58aeef4fb541698f268e33e799e1,true,true,true,true,true,true,true,true,true,true,true,4,4,Fixed-seed random differential case.
random_0442,33,d64ed5e3d49519a18125b96150f3daa1efd4162da02f5826d5bd2d7e2ec641bd,d64ed5e3d49519a18125b96150f3daa1efd4162da02f5826d5bd2d7e2ec641bd,true,true,true,true,true,true,true,true,true,true,true,12,12,Fixed-seed random differential case.
random_0443,10,94b3f989a82d2415f35291ff4d3f6c76d95d14f5b9d7636b8e3c62a47d6d18e8,94b3f989a82d2415f35291ff4d3f6c76d95d14f5b9d7636b8e3c62a47d6d18e8,true,true,true,true,true,true,true,true,true,true,true,2,2,Fixed-seed random differential case.
random_0444,28,fb9bfb877b4676225a267b5c38765c24e4ba64e795186f637eff16eec50c86e1,fb9bfb877b4676225a267b5c38765c24e4ba64e795186f637eff16eec50c86e1,true,true,true,true,true,true,true,true,true,true,true,7,7,Fixed-seed random differential case.
random_0445,10,3a29a5c83e2893a777f42dc39c87f94bb098c7a8afa69c8cd6ac66519a2e8791,3a29a5c83e2893a777f42dc39c87f94bb098c7a8afa69c8cd6ac66519a2e8791,true,true,true,true,true,true,true,true,true,true,true,2,2,Fixed-seed random differential case.
random_0446,13,09259c7080805c5f20400a20b43500c0f5d80a2f700a678519093a2795449618,09259c7080805c5f20400a20b43500c0f5d80a2f700a678519093a2795449618,true,true,true,true,true,true,true,true,true,true,true,1,1,Fixed-seed random differential case.
random_0447,22,ac8c5d3aa582797a68963e280c01c808cfa182e47ff32a4db7d62c3b90257f0a,ac8c5d3aa582797a68963e280c01c808cfa182e47ff32a4db7d62c3b90257f0a,true,true,true,true,true,true,true,true,true,true,true,6,6,Fixed-seed random differential case.
random_0448,11,a7d7e73f89d93affa6d252f17090181ce63ee8e8b6e9dc8a194d7c5ee6061bee,a7d7e73f89d93affa6d252f17090181ce63ee8e8b6e9dc8a194d7c5ee6061bee,true,true,true,true,true,true,true,true,true,true,true,2,2,Fixed-seed random differential case.
random_0449,18,58447f9a65cbeaf0a3d43c9f73989e121382278300442f4d5edfe3a7fc0e162d,58447f9a65cbeaf0a3d43c9f73989e121382278300442f4d5edfe3a7fc0e162d,true,true,true,true,true,true,true,true,true,true,true,11,11,Fixed-seed random differential case.
random_0450,17,a2e973cfda478ce408e3c30c256d513c58c25fe0f11977635d7b91aaeea68ce0,a2e973cfda478ce408e3c30c256d513c58c25fe0f11977635d7b91aaeea68ce0,true,true,true,true,true,true,true,true,true,true,true,5,5,Fixed-seed random differential case.
random_0451,34,7b1db7ece2be7a5dd67cd95f585d0a30e97150ba0f884a2b4e38a70b40dde864,7b1db7ece2be7a5dd67cd95f585d0a30e97150ba0f884a2b4e38a70b40dde864,true,true,true,true,true,true,true,true,true,true,true,15,15,Fixed-seed random differential case.
random_0452,25,3ffa30a31a66da68c4ee62686f753806658473ffc4bb52b82923bef65b3426cd,3ffa30a31a66da68c4ee62686f753806658473ffc4bb52b82923bef65b3426cd,true,true,true,true,true,true,true,true,true,true,true,9,9,Fixed-seed random differential case.
random_0453,26,1dd46f8148145b19cc045a50a51fb2dbdbf65ebe45ba02f046c33623e61b5ff5,1dd46f8148145b19cc045a50a51fb2dbdbf65ebe45ba02f046c33623e61b5ff5,true,true,true,true,true,true,true,true,true,true,true,15,15,Fixed-seed random differential case.
random_0454,18,91c5474df4643070d782db866c2fd634a127c57a463d6672c070691b08dcf340,91c5474df4643070d782db866c2fd634a127c57a463d6672c070691b08dcf340,true,true,true,true,true,true,true,true,true,true,true,10,10,Fixed-seed random differential case.
random_0455,9,698d5f884c546608816a7f8455c97b3fb83c78ec9279c4f9a71f7bd5a87b58da,698d5f884c546608816a7f8455c97b3fb83c78ec9279c4f9a71f7bd5a87b58da,true,true,true,true,true,true,true,true,true,true,true,3,3,Fixed-seed random differential case.
random_0456,26,5544256d1a9a62639a79120dd3c869fcf9ef031069edd65dd67015d871dc8b58,5544256d1a9a62639a79120dd3c869fcf9ef031069edd65dd67015d871dc8b58,true,true,true,true,true,true,true,true,true,true,true,9,9,Fixed-seed random differential case.
random_0457,19,5eedd8c39fa520125d6d1c403cbb76fb974fee5de9e3ebf3240dd48fb739fb74,5eedd8c39fa520125d6d1c403cbb76fb974fee5de9e3ebf3240dd48fb739fb74,true,true,true,true,true,true,true,true,true,true,true,6,6,Fixed-seed random differential case.
random_0458,17,61c93997a429be2b6c041d567673bb0a0d57def1ac23ddaf4d804e02b63594e6,61c93997a429be2b6c041d567673bb0a0d57def1ac23ddaf4d804e02b63594e6,true,true,true,true,true,true,true,true,true,true,true,8,8,Fixed-seed random differential case.
random_0459,12,d10984681eb88040aa14bbd9f24b7eab149a296b25e2f09e7ede27862ed43024,d10984681eb88040aa14bbd9f24b7eab149a296b25e2f09e7ede27862ed43024,true,true,true,true,true,true,true,true,true,true,true,6,6,Fixed-seed random differential case.
random_0460,12,3895c290d09a1143c6f2519714c15db7e4e9fe1752dff42eb6653eb1a69545d4,3895c290d09a1143c6f2519714c15db7e4e9fe1752dff42eb6653eb1a69545d4,true,true,true,true,true,true,true,true,true,true,true,4,4,Fixed-seed random differential case.
random_0461,35,679129ffa72e2de217bb68d4db959ea0eddbf2a9b3099ad06c83ae425c4dbc55,679129ffa72e2de217bb68d4db959ea0eddbf2a9b3099ad06c83ae425c4dbc55,true,true,true,true,true,true,true,true,true,true,true,19,19,Fixed-seed random differential case.
random_0462,34,956cd9ef22985f1bc61e9f5fed02b3147f50b7257a741402f35d261a2da24e18,956cd9ef22985f1bc61e9f5fed02b3147f50b7257a741402f35d261a2da24e18,true,true,true,true,true,true,true,true,true,true,true,12,12,Fixed-seed random differential case.
random_0463,21,074680718f3b3eb2e36c0c31e6b6e4400f04c3f78775c3c6b617361bed1398af,074680718f3b3eb2e36c0c31e6b6e4400f04c3f78775c3c6b617361bed1398af,true,true,true,true,true,true,true,true,true,true,true,10,10,Fixed-seed random differential case.
random_0464,29,08beac206c60cdc88366ecd66fa5e5014b0cd09b769547b9848eea076977842f,08beac206c60cdc88366ecd66fa5e5014b0cd09b769547b9848eea076977842f,true,true,true,true,true,true,true,true,true,true,true,5,5,Fixed-seed random differential case.
random_0465,23,b82f3b24b62c63304f0ce9749c4f1660bf713e781b1c0c6d16c4d860e7971db5,b82f3b24b62c63304f0ce9749c4f1660bf713e781b1c0c6d16c4d860e7971db5,true,true,true,true,true,true,true,true,true,true,true,7,7,Fixed-seed random differential case.
random_0466,25,642529258af81be95855f5afe5498f02a287d8549e5c3b1c30e63cfceec7cef6,642529258af81be95855f5afe5498f02a287d8549e5c3b1c30e63cfceec7cef6,true,true,true,true,true,true,true,true,true,true,true,5,5,Fixed-seed random differential case.
random_0467,20,7beae624ee595d75f59b3a3e038aa1327f5c1bb9ac44a84b9d2e3779aae19e83,7beae624ee595d75f59b3a3e038aa1327f5c1bb9ac44a84b9d2e3779aae19e83,true,true,true,true,true,true,true,true,true,true,true,7,7,Fixed-seed random differential case.
random_0468,24,956be60c7476e5e29e306fc98a32aaf32037f786083ba17ce5c1b258fc405603,956be60c7476e5e29e306fc98a32aaf32037f786083ba17ce5c1b258fc405603,true,true,true,true,true,true,true,true,true,true,true,11,11,Fixed-seed random differential case.
random_0469,6,3d5d5943dfb879411df9cb10baecc803eb4baef833493dc8eb895c767515b1a5,3d5d5943dfb879411df9cb10baecc803eb4baef833493dc8eb895c767515b1a5,true,true,true,true,true,true,true,true,true,true,true,1,1,Fixed-seed random differential case.
random_0470,29,35672ecbedd74e4b351e8927ce599af37fd0923da5c40a1ddb8ef636a2832c38,35672ecbedd74e4b351e8927ce599af37fd0923da5c40a1ddb8ef636a2832c38,true,true,true,true,true,true,true,true,true,true,true,14,14,Fixed-seed random differential case.
random_0471,13,c9f2319780a9cc5a40920225dcbafed699fbb00178f98eeead41525ed869ecd2,c9f2319780a9cc5a40920225dcbafed699fbb00178f98eeead41525ed869ecd2,true,true,true,true,true,true,true,true,true,true,true,2,2,Fixed-seed random differential case.
random_0472,13,fbea1ecb7108dc866b2e1e6005e7e3b29e97cb65d119dfed4928f862d721b8cd,fbea1ecb7108dc866b2e1e6005e7e3b29e97cb65d119dfed4928f862d721b8cd,true,true,true,true,true,true,true,true,true,true,true,2,2,Fixed-seed random differential case.
random_0473,29,342b12206f1f3467ed161afa5312fdf762bdac8c3d170cb233be3133e051bb9c,342b12206f1f3467ed161afa5312fdf762bdac8c3d170cb233be3133e051bb9c,true,true,true,true,true,true,true,true,true,true,true,2,2,Fixed-seed random differential case.
random_0474,38,9302bf88a69a3580f4d3b0fad581cb0faf60bcd0b6ece80a32ac02eeceaccc51,9302bf88a69a3580f4d3b0fad581cb0faf60bcd0b6ece80a32ac02eeceaccc51,true,true,true,true,true,true,true,true,true,true,true,26,26,Fixed-seed random differential case.
random_0475,24,4be9b481710308a1615f70514f780d86e2a8e84091aa703ced45a8f53c01bd74,4be9b481710308a1615f70514f780d86e2a8e84091aa703ced45a8f53c01bd74,true,true,true,true,true,true,true,true,true,true,true,11,11,Fixed-seed random differential case.
random_0476,12,28d1d68df26f8b61a7e690aa7f62cc8597e1559f646cd8250bb005e5d8eb8e37,28d1d68df26f8b61a7e690aa7f62cc8597e1559f646cd8250bb005e5d8eb8e37,true,true,true,true,true,true,true,true,true,true,true,8,8,Fixed-seed random differential case.
random_0477,30,09526858b954ffbc261a17608e45311e6ffa9a3a60846d4c1b076cda546ddcaa,09526858b954ffbc261a17608e45311e6ffa9a3a60846d4c1b076cda546ddcaa,true,true,true,true,true,true,true,true,true,true,true,11,11,Fixed-seed random differential case.
random_0478,20,3efd44cdd26e0f4da0cd129df167b4e706a26339403aff8950ebf48e4562da00,3efd44cdd26e0f4da0cd129df167b4e706a26339403aff8950ebf48e4562da00,true,true,true,true,true,true,true,true,true,true,true,9,9,Fixed-seed random differential case.
random_0479,25,d714e5255b6dce85911d5a957aacb6455233d55b4202ac496e62735615372a41,d714e5255b6dce85911d5a957aacb6455233d55b4202ac496e62735615372a41,true,true,true,true,true,true,true,true,true,true,true,13,13,Fixed-seed random differential case.
random_0480,37,435e7f0d733cab4dc7f4ae2c56dcbe508b046670292da07c105470add61e1da8,435e7f0d733cab4dc7f4ae2c56dcbe508b046670292da07c105470add61e1da8,true,true,true,true,true,true,true,true,true,true,true,14,14,Fixed-seed random differential case.
random_0481,17,594f0ef3ad6286e2688c58618e9c2868227571a7932e4a53a81225e2b5a7bd0a,594f0ef3ad6286e2688c58618e9c2868227571a7932e4a53a81225e2b5a7bd0a,true,true,true,true,true,true,true,true,true,true,true,2,2,Fixed-seed random differential case.
random_0482,24,84e115054f03aa648ed5b33c7cbcab0f4163c48910b5f575696c61746a68477c,84e115054f03aa648ed5b33c7cbcab0f4163c48910b5f575696c61746a68477c,true,true,true,true,true,true,true,true,true,true,true,6,6,Fixed-seed random differential case.
random_0483,24,a70a7d081545a02141ab76cc2f0d941f97cabfbc2fdb2dcf445549a569fb2bed,a70a7d081545a02141ab76cc2f0d941f97cabfbc2fdb2dcf445549a569fb2bed,true,true,true,true,true,true,true,true,true,true,true,8,8,Fixed-seed random differential case.
random_0484,13,b5784edbd3bbf5651ab8abac780f24bf0eaacaf14e0615f1564a7dfb3a0c10e1,b5784edbd3bbf5651ab8abac780f24bf0eaacaf14e0615f1564a7dfb3a0c10e1,true,true,true,true,true,true,true,true,true,true,true,8,8,Fixed-seed random differential case.
random_0485,31,852c25df9d5e6c0497bb6e62ea9bb3ae3116cb5e03a7241607a4be86224746b2,852c25df9d5e6c0497bb6e62ea9bb3ae3116cb5e03a7241607a4be86224746b2,true,true,true,true,true,true,true,true,true,true,true,7,7,Fixed-seed random differential case.
random_0486,29,331482b20ef916437677b1f118dfafbede4d16efea11d5fa2a4ef559b42076b7,331482b20ef916437677b1f118dfafbede4d16efea11d5fa2a4ef559b42076b7,true,true,true,true,true,true,true,true,true,true,true,8,8,Fixed-seed random differential case.
random_0487,32,920d1e39989c4ca3fd64919581400c1ea0ca8d522b82a72191b038a1551690da,920d1e39989c4ca3fd64919581400c1ea0ca8d522b82a72191b038a1551690da,true,true,true,true,true,true,true,true,true,true,true,14,14,Fixed-seed random differential case.
random_0488,19,adc0464d3fae1a2ee020c6d0be71256b9aa1b62db23dd0daf767f9eee30882b2,adc0464d3fae1a2ee020c6d0be71256b9aa1b62db23dd0daf767f9eee30882b2,true,true,true,true,true,true,true,true,true,true,true,6,6,Fixed-seed random differential case.
random_0489,24,55745f492085723236d4dcdbfb5a511045d892331d41cea548f724253ee59339,55745f492085723236d4dcdbfb5a511045d892331d41cea548f724253ee59339,true,true,true,true,true,true,true,true,true,true,true,2,2,Fixed-seed random differential case.
random_0490,12,ecee563e2f21e726ce3107a0e4a4fefdfbb65562e4364e2ee96a0eaa3fa59158,ecee563e2f21e726ce3107a0e4a4fefdfbb65562e4364e2ee96a0eaa3fa59158,true,true,true,true,true,true,true,true,true,true,true,8,8,Fixed-seed random differential case.
random_0491,28,06f572bb32b0cc8323c81bb1726ad6e2ede05941bd1b1ea5318cf6928669175f,06f572bb32b0cc8323c81bb1726ad6e2ede05941bd1b1ea5318cf6928669175f,true,true,true,true,true,true,true,true,true,true,true,12,12,Fixed-seed random differential case.
random_0492,13,ddc5419a0e90f5393d1e6c51cde4f5f4a7643c1ea01382e463db971684f5e557,ddc5419a0e90f5393d1e6c51cde4f5f4a7643c1ea01382e463db971684f5e557,true,true,true,true,true,true,true,true,true,true,true,3,3,Fixed-seed random differential case.
random_0493,20,c630a87a964f96c54e2852bbd718f25c090049bdf91c941605c0c5c1247c3cfa,c630a87a964f96c54e2852bbd718f25c090049bdf91c941605c0c5c1247c3cfa,true,true,true,true,true,true,true,true,true,true,true,6,6,Fixed-seed random differential case.
random_0494,36,bbb4b59c09aef9e3b746e58bc97227389068264861ba1494c66e2a1096c50d76,bbb4b59c09aef9e3b746e58bc97227389068264861ba1494c66e2a1096c50d76,true,true,true,true,true,true,true,true,true,true,true,14,14,Fixed-seed random differential case.
random_0495,20,c115935e288ba5117392948df9bbd0e2bb00624e6084fb3aebe9ce11f3f2f5c8,c115935e288ba5117392948df9bbd0e2bb00624e6084fb3aebe9ce11f3f2f5c8,true,true,true,true,true,true,true,true,true,true,true,7,7,Fixed-seed random differential case.
random_0496,17,aa0d5bd97c914cf8a5eaf3d53ce3ed94c0d4bd0c8d7c66ebbc17c5748ec2a109,aa0d5bd97c914cf8a5eaf3d53ce3ed94c0d4bd0c8d7c66ebbc17c5748ec2a109,true,true,true,true,true,true,true,true,true,true,true,5,5,Fixed-seed random differential case.
random_0497,15,7c29a796bac3dbb820f935337fa67d12021b745ba772c862a90fc1bc94e0900b,7c29a796bac3dbb820f935337fa67d12021b745ba772c862a90fc1bc94e0900b,true,true,true,true,true,true,true,true,true,true,true,9,9,Fixed-seed random differential case.
random_0498,20,89feebd50a24c68a95006be7336bb00e333654f085f47795c53ab8528bab6d82,89feebd50a24c68a95006be7336bb00e333654f085f47795c53ab8528bab6d82,true,true,true,true,true,true,true,true,true,true,true,1,1,Fixed-seed random differential case.
random_0499,37,64ec0a3edb0405cf6698661cd96f88778b1160cdf05d66af1ebab78dd6a1d0c8,64ec0a3edb0405cf6698661cd96f88778b1160cdf05d66af1ebab78dd6a1d0c8,true,true,true,true,true,true,true,true,true,true,true,15,15,Fixed-seed random differential case.
random_0500,23,2abcb10d36113d7f43abe3ff9d1888ed144dc86598970bdf227ee8bff99d4821,2abcb10d36113d7f43abe3ff9d1888ed144dc86598970bdf227ee8bff99d4821,true,true,true,true,true,true,true,true,true,true,true,5,5,Fixed-seed random differential case.
random_0501,19,164da36c8e659d53ae3a130fe02937d5178248d4ac0d99af803620baef73acfe,164da36c8e659d53ae3a130fe02937d5178248d4ac0d99af803620baef73acfe,true,true,true,true,true,true,true,true,true,true,true,7,7,Fixed-seed random differential case.
random_0502,24,e419652047ada7d0d426b87bd4fe08b1e1c9fb10de026b1dc80462fcdd409b7e,e419652047ada7d0d426b87bd4fe08b1e1c9fb10de026b1dc80462fcdd409b7e,true,true,true,true,true,true,true,true,true,true,true,10,10,Fixed-seed random differential case.
random_0503,37,067a242dc6d20ee8b082d11d601711270ebdc1d3842bcc71151c6b57be1d451c,067a242dc6d20ee8b082d11d601711270ebdc1d3842bcc71151c6b57be1d451c,true,true,true,true,true,true,true,true,true,true,true,28,28,Fixed-seed random differential case.
random_0504,28,7f372e9cd8a0ed1e5026d635c4488ef654ba5890476d11d7ec56d6ab8cba5197,7f372e9cd8a0ed1e5026d635c4488ef654ba5890476d11d7ec56d6ab8cba5197,true,true,true,true,true,true,true,true,true,true,true,10,10,Fixed-seed random differential case.
random_0505,30,2474eae1e751e85deb121414077047cfc2e8563ca48fc714708ab7ffd4cd9df8,2474eae1e751e85deb121414077047cfc2e8563ca48fc714708ab7ffd4cd9df8,true,true,true,true,true,true,true,true,true,true,true,13,13,Fixed-seed random differential case.
random_0506,17,fc719cd5b1b30160371b6cd62a976f935d13013d49df53a07d3732ac182cf2c0,fc719cd5b1b30160371b6cd62a976f935d13013d49df53a07d3732ac182cf2c0,true,true,true,true,true,true,true,true,true,true,true,3,3,Fixed-seed random differential case.
random_0507,33,279c21093c67d2c928a53f77da52660690b5a6ce0f95f463a2c0c1af3b737cdb,279c21093c67d2c928a53f77da52660690b5a6ce0f95f463a2c0c1af3b737cdb,true,true,true,true,true,true,true,true,true,true,true,5,5,Fixed-seed random differential case.
random_0508,24,46b817d2c4675a3ada477c0609571095a3c6413b051ab77b5c77990b1f458daa,46b817d2c4675a3ada477c0609571095a3c6413b051ab77b5c77990b1f458daa,true,true,true,true,true,true,true,true,true,true,true,9,9,Fixed-seed random differential case.
random_0509,28,d31b6774c3488f16054b4e9dc9419cae8b938de2853803e9ff07dc868e0402e8,d31b6774c3488f16054b4e9dc9419cae8b938de2853803e9ff07dc868e0402e8,true,true,true,true,true,true,true,true,true,true,true,14,14,Fixed-seed random differential case.
random_0510,19,9270392fb0d2afb356adc7c0eef705bbeffabb51b54ac8cac7b3594d06552403,9270392fb0d2afb356adc7c0eef705bbeffabb51b54ac8cac7b3594d06552403,true,true,true,true,true,true,true,true,true,true,true,3,3,Fixed-seed random differential case.
random_0511,22,aef4db24a5311113c6c42efe1eb9b3dbe4b7d535693ecc9cc4398aa027837a60,aef4db24a5311113c6c42efe1eb9b3dbe4b7d535693ecc9cc4398aa027837a60,true,true,true,true,true,true,true,true,true,true,true,7,7,Fixed-seed random differential case.
random_0512,12,287c4930be7aab59642a6c39eb8539205217d70a779528197925175ffd13057a,287c4930be7aab59642a6c39eb8539205217d70a779528197925175ffd13057a,true,true,true,true,true,true,true,true,true,true,true,5,5,Fixed-seed random differential case.
random_0513,6,8e296a1e193c5f0f851a1de3ca983e5286c1f80ea55d495eb4574773ed6cd9b5,8e296a1e193c5f0f851a1de3ca983e5286c1f80ea55d495eb4574773ed6cd9b5,true,true,true,true,true,true,true,true,true,true,true,1,1,Fixed-seed random differential case.
random_0514,32,47add80f7aa915055f2e74ec32fd107aa27ac570f7e0448259db8efca794f428,47add80f7aa915055f2e74ec32fd107aa27ac570f7e0448259db8efca794f428,true,true,true,true,true,true,true,true,true,true,true,10,10,Fixed-seed random differential case.
random_0515,19,8f83b4a7bbbe3c9f12b2fd0be3c69b8ef3dcc234f9cbc88ad1466260c0cd07a4,8f83b4a7bbbe3c9f12b2fd0be3c69b8ef3dcc234f9cbc88ad1466260c0cd07a4,true,true,true,true,true,true,true,true,true,true,true,0,0,Fixed-seed random differential case.
random_0516,19,2a6e666ddc29ccb6253cae39f54ac7c3896f7ed58ee60ed3040f58ad7c0a690f,2a6e666ddc29ccb6253cae39f54ac7c3896f7ed58ee60ed3040f58ad7c0a690f,true,true,true,true,true,true,true,true,true,true,true,5,5,Fixed-seed random differential case.
random_0517,4,8299fa72db06b8a2965813625e1dfe38469f4897f1c254a6d631892d0e164669,8299fa72db06b8a2965813625e1dfe38469f4897f1c254a6d631892d0e164669,true,true,true,true,true,true,true,true,true,true,true,3,3,Fixed-seed random differential case.
random_0518,20,322a9a02ba3cee34d093c92821e84527a699ec820e2d4ff8cc5f64ff6174b404,322a9a02ba3cee34d093c92821e84527a699ec820e2d4ff8cc5f64ff6174b404,true,true,true,true,true,true,true,true,true,true,true,9,9,Fixed-seed random differential case.
random_0519,39,1a5641c9038d409bc596492e75aa027828a8ea0d550f4377b01d30c667254510,1a5641c9038d409bc596492e75aa027828a8ea0d550f4377b01d30c667254510,true,true,true,true,true,true,true,true,true,true,true,24,24,Fixed-seed random differential case.
random_0520,26,49ddd030db9f67b99fe73d6cdebd876fe9221be39296cbb47aeed86d6c1e2105,49ddd030db9f67b99fe73d6cdebd876fe9221be39296cbb47aeed86d6c1e2105,true,true,true,true,true,true,true,true,true,true,true,9,9,Fixed-seed random differential case.
random_0521,29,30816c7a29411aa46d6fcd417366eb32d2cda0d25afe61cb00aa05665effcf09,30816c7a29411aa46d6fcd417366eb32d2cda0d25afe61cb00aa05665effcf09,true,true,true,true,true,true,true,true,true,true,true,7,7,Fixed-seed random differential case.
random_0522,13,cd0a76f2a9140caf1d9ce88a64a117f29a83dc3420e8dd88dd4cd0fc70093f2b,cd0a76f2a9140caf1d9ce88a64a117f29a83dc3420e8dd88dd4cd0fc70093f2b,true,true,true,true,true,true,true,true,true,true,true,1,1,Fixed-seed random differential case.
random_0523,27,f49fe3484bc2bea98b20e21b42eebbe8acb1ab422d5c7f150a1dd19165eda776,f49fe3484bc2bea98b20e21b42eebbe8acb1ab422d5c7f150a1dd19165eda776,true,true,true,true,true,true,true,true,true,true,true,11,11,Fixed-seed random differential case.
random_0524,21,a2617a26a07d1ce0f3c71bd7f9fb9fb8ea2e9dcaecbdfcfc34dd6be72a2982e2,a2617a26a07d1ce0f3c71bd7f9fb9fb8ea2e9dcaecbdfcfc34dd6be72a2982e2,true,true,true,true,true,true,true,true,true,true,true,1,1,Fixed-seed random differential case.
random_0525,32,57d67edf1a5aaf6a818bbf91bdc8cac741f217a8c9fd328f00e0741c2cad7b13,57d67edf1a5aaf6a818bbf91bdc8cac741f217a8c9fd328f00e0741c2cad7b13,true,true,true,true,true,true,true,true,true,true,true,11,11,Fixed-seed random differential case.
random_0526,18,bbbf0d2eff02cc519253b730cf133b2c357e5e7132440a337a060f2dbabe43f4,bbbf0d2eff02cc519253b730cf133b2c357e5e7132440a337a060f2dbabe43f4,true,true,true,true,true,true,true,true,true,true,true,4,4,Fixed-seed random differential case.
random_0527,23,18dd10c267380ddeb02cfaeb8b3c8cb3387fdc3e6e170d318493480960b05184,18dd10c267380ddeb02cfaeb8b3c8cb3387fdc3e6e170d318493480960b05184,true,true,true,true,true,true,true,true,true,true,true,3,3,Fixed-seed random differential case.
random_0528,31,d65da33f1946a3c2bc1abf1cc6a48c4a57c83438b86d252e2e428a526b84a7b9,d65da33f1946a3c2bc1abf1cc6a48c4a57c83438b86d252e2e428a526b84a7b9,true,true,true,true,true,true,true,true,true,true,true,13,13,Fixed-seed random differential case.
random_0529,16,57a454cd3730f6bdf740c2a2197438a53c2a657fe527af70d380aff976c16424,57a454cd3730f6bdf740c2a2197438a53c2a657fe527af70d380aff976c16424,true,true,true,true,true,true,true,true,true,true,true,7,7,Fixed-seed random differential case.
random_0530,7,ff7e2ad978e527b520949f430fad397e4fa726248bfa4ed31d72ee5ea359f0a3,ff7e2ad978e527b520949f430fad397e4fa726248bfa4ed31d72ee5ea359f0a3,true,true,true,true,true,true,true,true,true,true,true,1,1,Fixed-seed random differential case.
random_0531,35,686100164bdbf5eb32f34b71e417236c887f70fa652d467255db3f634fd88282,686100164bdbf5eb32f34b71e417236c887f70fa652d467255db3f634fd88282,true,true,true,true,true,true,true,true,true,true,true,15,15,Fixed-seed random differential case.
random_0532,12,07fde898b72999d8e512b0fe9381515ae74cd180a7cc8ae9399f53a17c8544ef,07fde898b72999d8e512b0fe9381515ae74cd180a7cc8ae9399f53a17c8544ef,true,true,true,true,true,true,true,true,true,true,true,0,0,Fixed-seed random differential case.
random_0533,8,c5b369a985099ad8e7bf0e2c7227013ecb29fccf13965a0fb08661bdc9f6e3c8,c5b369a985099ad8e7bf0e2c7227013ecb29fccf13965a0fb08661bdc9f6e3c8,true,true,true,true,true,true,true,true,true,true,true,3,3,Fixed-seed random differential case.
random_0534,15,5f142bee6c89b0b3136abb107fe5e0bb73da789e782bdabd8973a90fc12e2c8c,5f142bee6c89b0b3136abb107fe5e0bb73da789e782bdabd8973a90fc12e2c8c,true,true,true,true,true,true,true,true,true,true,true,4,4,Fixed-seed random differential case.
random_0535,14,6e2f1f3676ada576fa5481eaed3748db46545a6b31f85050fb60166643c891d8,6e2f1f3676ada576fa5481eaed3748db46545a6b31f85050fb60166643c891d8,true,true,true,true,true,true,true,true,true,true,true,3,3,Fixed-seed random differential case.
random_0536,17,df5b5d968ca3c539748f866725468277fcb21a2941eea518abf16c67d62186ce,df5b5d968ca3c539748f866725468277fcb21a2941eea518abf16c67d62186ce,true,true,true,true,true,true,true,true,true,true,true,10,10,Fixed-seed random differential case.
random_0537,16,a5332da20eed10d8b96b2fa396e535681f8f611efba2ec3ad12567714a108306,a5332da20eed10d8b96b2fa396e535681f8f611efba2ec3ad12567714a108306,true,true,true,true,true,true,true,true,true,true,true,5,5,Fixed-seed random differential case.
random_0538,20,53e40ebc7686329d9c08fd69758fec8cce5b90048b449c59ee96cddecf48c184,53e40ebc7686329d9c08fd69758fec8cce5b90048b449c59ee96cddecf48c184,true,true,true,true,true,true,true,true,true,true,true,3,3,Fixed-seed random differential case.
random_0539,18,7664f412fb2ed272ac3a81aed006d2c6dd3c98becfe2b513afd15dab0c1c9e58,7664f412fb2ed272ac3a81aed006d2c6dd3c98becfe2b513afd15dab0c1c9e58,true,true,true,true,true,true,true,true,true,true,true,5,5,Fixed-seed random differential case.
random_0540,29,3933564efbdab90a6a20f420dc700cb9a7350444e07a3aba99d87be092ce68d8,3933564efbdab90a6a20f420dc700cb9a7350444e07a3aba99d87be092ce68d8,true,true,true,true,true,true,true,true,true,true,true,15,15,Fixed-seed random differential case.
random_0541,25,b7f901bf2dab5d029df66c62c40f20cc641edbcb2603cb96232dde3a3e4313e4,b7f901bf2dab5d029df66c62c40f20cc641edbcb2603cb96232dde3a3e4313e4,true,true,true,true,true,true,true,true,true,true,true,9,9,Fixed-seed random differential case.
random_0542,17,ff8b3dbfa515e7ffe7e95c9e31e90975e48efd105fb4aba8c4d7285a46df9e1b,ff8b3dbfa515e7ffe7e95c9e31e90975e48efd105fb4aba8c4d7285a46df9e1b,true,true,true,true,true,true,true,true,true,true,true,6,6,Fixed-seed random differential case.
random_0543,9,41312f38efe8efe714b2544f726a6ba6a654d8bc2a77cf645846143b65480684,41312f38efe8efe714b2544f726a6ba6a654d8bc2a77cf645846143b65480684,true,true,true,true,true,true,true,true,true,true,true,2,2,Fixed-seed random differential case.
random_0544,37,6329d924938f7a4f95747a1fabc41f0f12fc44df656f0febd6ae5cc31b001eaa,6329d924938f7a4f95747a1fabc41f0f12fc44df656f0febd6ae5cc31b001eaa,true,true,true,true,true,true,true,true,true,true,true,16,16,Fixed-seed random differential case.
random_0545,35,e3f44fe9a2b41300bf6c0d48876ba0c470944a2e2f76acc8dc01b3050efe66fc,e3f44fe9a2b41300bf6c0d48876ba0c470944a2e2f76acc8dc01b3050efe66fc,true,true,true,true,true,true,true,true,true,true,true,11,11,Fixed-seed random differential case.
random_0546,13,0f0b5302f2eefbe9bc56424455b3ab56ed5b677a1ef4159914312aee5bf4bef3,0f0b5302f2eefbe9bc56424455b3ab56ed5b677a1ef4159914312aee5bf4bef3,true,true,true,true,true,true,true,true,true,true,true,6,6,Fixed-seed random differential case.
random_0547,11,cef8e8c64d43fd467ce4f38345af051ab2e9d4e7695727a6a24e8fd755db51f4,cef8e8c64d43fd467ce4f38345af051ab2e9d4e7695727a6a24e8fd755db51f4,true,true,true,true,true,true,true,true,true,true,true,7,7,Fixed-seed random differential case.
random_0548,28,efc6972e141f46c1a83b2807821320f3ca6ea295289f0d68f4161d16afa2b0e1,efc6972e141f46c1a83b2807821320f3ca6ea295289f0d68f4161d16afa2b0e1,true,true,true,true,true,true,true,true,true,true,true,16,16,Fixed-seed random differential case.
random_0549,19,3df5f30b4409b7360673b1d5247f9af1fb5bd2e94d4545c4e1504d5c6e8f3f01,3df5f30b4409b7360673b1d5247f9af1fb5bd2e94d4545c4e1504d5c6e8f3f01,true,true,true,true,true,true,true,true,true,true,true,6,6,Fixed-seed random differential case.
random_0550,21,714eb4bb945f902ee964aafa2732caae4907817049725852353488309807b8b4,714eb4bb945f902ee964aafa2732caae4907817049725852353488309807b8b4,true,true,true,true,true,true,true,true,true,true,true,10,10,Fixed-seed random differential case.
random_0551,14,f1c37a9f90a7222c046c804d49bbf379f4e852ae32cf2cae993f4f148638fa9b,f1c37a9f90a7222c046c804d49bbf379f4e852ae32cf2cae993f4f148638fa9b,true,true,true,true,true,true,true,true,true,true,true,8,8,Fixed-seed random differential case.
random_0552,37,a7547779c5e3c0cbe215304b02a3f8f72831dcaade99421406baba7aa10b8db9,a7547779c5e3c0cbe215304b02a3f8f72831dcaade99421406baba7aa10b8db9,true,true,true,true,true,true,true,true,true,true,true,16,16,Fixed-seed random differential case.
random_0553,22,62abe30cbe53db6e92b1688a0bfd3eecdf2dbc7c42a0eea0b38cf0833771f4af,62abe30cbe53db6e92b1688a0bfd3eecdf2dbc7c42a0eea0b38cf0833771f4af,true,true,true,true,true,true,true,true,true,true,true,7,7,Fixed-seed random differential case.
random_0554,20,5184efe2ada5247a9bc761ca22f3b77bb03d0df63415d7ed0d221f962f19138d,5184efe2ada5247a9bc761ca22f3b77bb03d0df63415d7ed0d221f962f19138d,true,true,true,true,true,true,true,true,true,true,true,11,11,Fixed-seed random differential case.
random_0555,17,03ab0cd0a2cb00d48f5345939a7312a4c7c188e2bce2930613bd38f367d34dcb,03ab0cd0a2cb00d48f5345939a7312a4c7c188e2bce2930613bd38f367d34dcb,true,true,true,true,true,true,true,true,true,true,true,1,1,Fixed-seed random differential case.
random_0556,38,2dc109fbeb961228de2597ec8c969172706cdfac65fc50ee1b0ba0a2aeb520c0,2dc109fbeb961228de2597ec8c969172706cdfac65fc50ee1b0ba0a2aeb520c0,true,true,true,true,true,true,true,true,true,true,true,23,23,Fixed-seed random differential case.
random_0557,18,89a7eaf518521c190deca46b3d3cae73d30906cb036dc2ec69f8ce8e909995e3,89a7eaf518521c190deca46b3d3cae73d30906cb036dc2ec69f8ce8e909995e3,true,true,true,true,true,true,true,true,true,true,true,3,3,Fixed-seed random differential case.
random_0558,31,aece160ec8ee97faff6cd8f37f0ce77fba0f159614d86c6b70738991951a54fa,aece160ec8ee97faff6cd8f37f0ce77fba0f159614d86c6b70738991951a54fa,true,true,true,true,true,true,true,true,true,true,true,16,16,Fixed-seed random differential case.
random_0559,23,4c3a79bfe970de56b5a7aff7d84b762e2bfebe8f4203efd9d82cf869e7971862,4c3a79bfe970de56b5a7aff7d84b762e2bfebe8f4203efd9d82cf869e7971862,true,true,true,true,true,true,true,true,true,true,true,6,6,Fixed-seed random differential case.
random_0560,36,41f42325cb6f79b5e85143b29e2c3a1dc072a3caa632a52ad4efebef93cd79fd,41f42325cb6f79b5e85143b29e2c3a1dc072a3caa632a52ad4efebef93cd79fd,true,true,true,true,true,true,true,true,true,true,true,13,13,Fixed-seed random differential case.
random_0561,30,8a24df173dbe2e88a73fa5a5dfea69c69093e9e0cb5e2374b20e6fa3e7128877,8a24df173dbe2e88a73fa5a5dfea69c69093e9e0cb5e2374b20e6fa3e7128877,true,true,true,true,true,true,true,true,true,true,true,17,17,Fixed-seed random differential case.
random_0562,32,d6b52f552ec76b3640ccb2363cff7ef83e9b5b8bf63c0be0c682777c8d44b06c,d6b52f552ec76b3640ccb2363cff7ef83e9b5b8bf63c0be0c682777c8d44b06c,true,true,true,true,true,true,true,true,true,true,true,12,12,Fixed-seed random differential case.
random_0563,27,6ea3925e4825a3f0c7ea40c07caddc3bc460dd25da84452064825a7daa02b51c,6ea3925e4825a3f0c7ea40c07caddc3bc460dd25da84452064825a7daa02b51c,true,true,true,true,true,true,true,true,true,true,true,12,12,Fixed-seed random differential case.
random_0564,29,a723c818a0bfab4dfb18bfd93d9a1ab380d7c7a7bcd3611feca623d2570ac1f5,a723c818a0bfab4dfb18bfd93d9a1ab380d7c7a7bcd3611feca623d2570ac1f5,true,true,true,true,true,true,true,true,true,true,true,11,11,Fixed-seed random differential case.
random_0565,17,29dabe58d8466d55193b4df62aa208c1b893ece492bc85b18b5d7a1e950e7422,29dabe58d8466d55193b4df62aa208c1b893ece492bc85b18b5d7a1e950e7422,true,true,true,true,true,true,true,true,true,true,true,5,5,Fixed-seed random differential case.
random_0566,6,f70b7ad8defd060e53d9bb7853d96ab532a3016ef63140768a32552861fdb594,f70b7ad8defd060e53d9bb7853d96ab532a3016ef63140768a32552861fdb594,true,true,true,true,true,true,true,true,true,true,true,2,2,Fixed-seed random differential case.
random_0567,14,07db97a37d541be7ed2e25b39f7e8f2b7d6f182c7191ee6e6999b5c3efb5e4e6,07db97a37d541be7ed2e25b39f7e8f2b7d6f182c7191ee6e6999b5c3efb5e4e6,true,true,true,true,true,true,true,true,true,true,true,3,3,Fixed-seed random differential case.
random_0568,25,255f069db9c7e63b2d0bc4a233ef58574d003b0a022d51d91174029051c3bc90,255f069db9c7e63b2d0bc4a233ef58574d003b0a022d51d91174029051c3bc90,true,true,true,true,true,true,true,true,true,true,true,15,15,Fixed-seed random differential case.
random_0569,16,f7855bc1680e7fcec63a2e9434a947fe11b3bd8582157bb5a2a97a57d08f194b,f7855bc1680e7fcec63a2e9434a947fe11b3bd8582157bb5a2a97a57d08f194b,true,true,true,true,true,true,true,true,true,true,true,8,8,Fixed-seed random differential case.
random_0570,36,72c972c452edc3575f0402cffa0174de2d4d707c89237c8a058ed446429c9bf6,72c972c452edc3575f0402cffa0174de2d4d707c89237c8a058ed446429c9bf6,true,true,true,true,true,true,true,true,true,true,true,17,17,Fixed-seed random differential case.
random_0571,16,18ad1c0fa188e93310a7a2cc96a8f4aa32e5adc2466892450ba748100e9bea6d,18ad1c0fa188e93310a7a2cc96a8f4aa32e5adc2466892450ba748100e9bea6d,true,true,true,true,true,true,true,true,true,true,true,9,9,Fixed-seed random differential case.
random_0572,20,0092d943fd53f230b4bea503618df730ac813ad5f59ca49674f18c0951945f71,0092d943fd53f230b4bea503618df730ac813ad5f59ca49674f18c0951945f71,true,true,true,true,true,true,true,true,true,true,true,3,3,Fixed-seed random differential case.
random_0573,21,735f3feb843ea339628c716196cfd52c3459c12db88e34d14125205156fd1839,735f3feb843ea339628c716196cfd52c3459c12db88e34d14125205156fd1839,true,true,true,true,true,true,true,true,true,true,true,4,4,Fixed-seed random differential case.
random_0574,20,2391d1be4956f971f69b0df5c299c4558e6bdd75599e227d425adc2dcd265e9b,2391d1be4956f971f69b0df5c299c4558e6bdd75599e227d425adc2dcd265e9b,true,true,true,true,true,true,true,true,true,true,true,15,15,Fixed-seed random differential case.
random_0575,20,ff0b9f3016082b9b4eb88fe0c6c81b9208a270dae450e747bfd4727b51157ae7,ff0b9f3016082b9b4eb88fe0c6c81b9208a270dae450e747bfd4727b51157ae7,true,true,true,true,true,true,true,true,true,true,true,6,6,Fixed-seed random differential case.
random_0576,28,323808aebcbe2bdc987c23df7717276c9fc2a85448aa0108aaff3545e04f0dfe,323808aebcbe2bdc987c23df7717276c9fc2a85448aa0108aaff3545e04f0dfe,true,true,true,true,true,true,true,true,true,true,true,4,4,Fixed-seed random differential case.
random_0577,9,e1d9124db021e264d945e9a916517da3f96cce0be23c9b6a9569d5e6f31d6f69,e1d9124db021e264d945e9a916517da3f96cce0be23c9b6a9569d5e6f31d6f69,true,true,true,true,true,true,true,true,true,true,true,1,1,Fixed-seed random differential case.
random_0578,21,50ac71695bd397ab3aa7f687c033c48790112aeafc9aae161f772ba37e475ca0,50ac71695bd397ab3aa7f687c033c48790112aeafc9aae161f772ba37e475ca0,true,true,true,true,true,true,true,true,true,true,true,9,9,Fixed-seed random differential case.
random_0579,37,dcc3fbf82074fe556a0b05ee834558109a1a192c0387fb03e5acc4581d48be14,dcc3fbf82074fe556a0b05ee834558109a1a192c0387fb03e5acc4581d48be14,true,true,true,true,true,true,true,true,true,true,true,22,22,Fixed-seed random differential case.
random_0580,24,cda0a0b3b528c2690d88186d76c0b3463f79d79617ffdfed6fd95d5287482e62,cda0a0b3b528c2690d88186d76c0b3463f79d79617ffdfed6fd95d5287482e62,true,true,true,true,true,true,true,true,true,true,true,11,11,Fixed-seed random differential case.
random_0581,34,46da8f25071e2616d268daf986147c55c27fc504d8ec25558540159e1228d4ce,46da8f25071e2616d268daf986147c55c27fc504d8ec25558540159e1228d4ce,true,true,true,true,true,true,true,true,true,true,true,20,20,Fixed-seed random differential case.
random_0582,19,6c0679bd92d22d0437b4a21695e53f3584f49104b2a5dc81ad28921b47316b99,6c0679bd92d22d0437b4a21695e53f3584f49104b2a5dc81ad28921b47316b99,true,true,true,true,true,true,true,true,true,true,true,7,7,Fixed-seed random differential case.
random_0583,26,20906b0ca783ce6e1f7d9e4afb6c175614b68b6834de684d8f84af1ea5135586,20906b0ca783ce6e1f7d9e4afb6c175614b68b6834de684d8f84af1ea5135586,true,true,true,true,true,true,true,true,true,true,true,14,14,Fixed-seed random differential case.
random_0584,30,8b64fe0b56ccbe097794984cb90c0bc90329c0cad18324b5b859cbd3d625ea43,8b64fe0b56ccbe097794984cb90c0bc90329c0cad18324b5b859cbd3d625ea43,true,true,true,true,true,true,true,true,true,true,true,10,10,Fixed-seed random differential case.
random_0585,17,1a62c4fd384baadf60ef0cb13ff89d3754cf54683a40fffb735efda22c9a18f1,1a62c4fd384baadf60ef0cb13ff89d3754cf54683a40fffb735efda22c9a18f1,true,true,true,true,true,true,true,true,true,true,true,3,3,Fixed-seed random differential case.
random_0586,21,c1bb49f178eca71aec96f8b968ed4235cb8dd603dda4c8e7d0549d22d9410aa3,c1bb49f178eca71aec96f8b968ed4235cb8dd603dda4c8e7d0549d22d9410aa3,true,true,true,true,true,true,true,true,true,true,true,10,10,Fixed-seed random differential case.
random_0587,34,e3da3e349072581badd875f502a8e05eeedea078db6fc8c0c45fc17b26bd7e2a,e3da3e349072581badd875f502a8e05eeedea078db6fc8c0c45fc17b26bd7e2a,true,true,true,true,true,true,true,true,true,true,true,18,18,Fixed-seed random differential case.
random_0588,19,c5af5d3bdb9d8ef69fbb17e6dadfd235c8c7dd9875067068957d89d8ecddfa92,c5af5d3bdb9d8ef69fbb17e6dadfd235c8c7dd9875067068957d89d8ecddfa92,true,true,true,true,true,true,true,true,true,true,true,7,7,Fixed-seed random differential case.
random_0589,33,feb7b8719c65f08df52aa2f749239a9b2d1d723664b14b47074e2941e88654f4,feb7b8719c65f08df52aa2f749239a9b2d1d723664b14b47074e2941e88654f4,true,true,true,true,true,true,true,true,true,true,true,13,13,Fixed-seed random differential case.
random_0590,15,b775e4c8b537d367f4352575dc32e91318f7ac711788b626a313d42022b0624f,b775e4c8b537d367f4352575dc32e91318f7ac711788b626a313d42022b0624f,true,true,true,true,true,true,true,true,true,true,true,5,5,Fixed-seed random differential case.
random_0591,21,f2afe0d68d1feadf5e3884a7a3c74253c8b6b7fa90899b75fe9cc6591747d137,f2afe0d68d1feadf5e3884a7a3c74253c8b6b7fa90899b75fe9cc6591747d137,true,true,true,true,true,true,true,true,true,true,true,8,8,Fixed-seed random differential case.
random_0592,31,eadd5a492ac85c82cdb9f69cca642b79ed929f1cecbcf12bcb48674b1858b592,eadd5a492ac85c82cdb9f69cca642b79ed929f1cecbcf12bcb48674b1858b592,true,true,true,true,true,true,true,true,true,true,true,9,9,Fixed-seed random differential case.
random_0593,27,4794320bb81fc9aac3380db08adaa4eafec55fbf3c7e67e27fb5987f44c69e28,4794320bb81fc9aac3380db08adaa4eafec55fbf3c7e67e27fb5987f44c69e28,true,true,true,true,true,true,true,true,true,true,true,14,14,Fixed-seed random differential case.
random_0594,36,367b69c4a6eae3b14c1edf68dacbe6fe29bcc07dcb3da95f900a1a757a770da7,367b69c4a6eae3b14c1edf68dacbe6fe29bcc07dcb3da95f900a1a757a770da7,true,true,true,true,true,true,true,true,true,true,true,10,10,Fixed-seed random differential case.
random_0595,18,a23c60fb943477d2e1976ace1f8cb459b103a6d51c853e1360672a0a9fa7aaf9,a23c60fb943477d2e1976ace1f8cb459b103a6d51c853e1360672a0a9fa7aaf9,true,true,true,true,true,true,true,true,true,true,true,5,5,Fixed-seed random differential case.
random_0596,25,665e5cf04768fd2f4776b03cc3c784291f586842b6529f1c7e60af26827f35b1,665e5cf04768fd2f4776b03cc3c784291f586842b6529f1c7e60af26827f35b1,true,true,true,true,true,true,true,true,true,true,true,8,8,Fixed-seed random differential case.
random_0597,20,90bd98cd4f7a8dcd210d17d601d7fae7787f7be6d866b591b25551f38c720b8d,90bd98cd4f7a8dcd210d17d601d7fae7787f7be6d866b591b25551f38c720b8d,true,true,true,true,true,true,true,true,true,true,true,5,5,Fixed-seed random differential case.
random_0598,11,02664607ab237b8bd823e4bee17d9646db2c153a9b84762281308a5749f42996,02664607ab237b8bd823e4bee17d9646db2c153a9b84762281308a5749f42996,true,true,true,true,true,true,true,true,true,true,true,2,2,Fixed-seed random differential case.
random_0599,21,bda075133102ab69b1173ea93ad6ac0007e901f55943266fb10cf5e4490a3610,bda075133102ab69b1173ea93ad6ac0007e901f55943266fb10cf5e4490a3610,true,true,true,true,true,true,true,true,true,true,true,12,12,Fixed-seed random differential case.
random_0600,31,17007e601a6ab88485f32ac3f92f091408c1cd1573a494341bb9fbec31bbd003,17007e601a6ab88485f32ac3f92f091408c1cd1573a494341bb9fbec31bbd003,true,true,true,true,true,true,true,true,true,true,true,12,12,Fixed-seed random differential case.
random_0601,26,562903932aa52d2ee5cd0e213bff41c93f25f67d4d8c278f2e76a6b082fb7ac5,562903932aa52d2ee5cd0e213bff41c93f25f67d4d8c278f2e76a6b082fb7ac5,true,true,true,true,true,true,true,true,true,true,true,10,10,Fixed-seed random differential case.
random_0602,29,c8528fc7d4d2ed952d4a1980d61c5b4b257e06175363fb6bec8131a01a3a68bc,c8528fc7d4d2ed952d4a1980d61c5b4b257e06175363fb6bec8131a01a3a68bc,true,true,true,true,true,true,true,true,true,true,true,6,6,Fixed-seed random differential case.
random_0603,25,fc5af58510f6337498225dab2f01c4b2da34e95641ddd8acdc43b76e54c3343d,fc5af58510f6337498225dab2f01c4b2da34e95641ddd8acdc43b76e54c3343d,true,true,true,true,true,true,true,true,true,true,true,14,14,Fixed-seed random differential case.
random_0604,23,1c6471f96a8ab6d1cf447164710f97d9fa7304e34ca17ead9b9f38fcbe306ae0,1c6471f96a8ab6d1cf447164710f97d9fa7304e34ca17ead9b9f38fcbe306ae0,true,true,true,true,true,true,true,true,true,true,true,4,4,Fixed-seed random differential case.
random_0605,27,a5f8f889b71b34011e1c218dde3a2ebe1121170739d6f7bb485dad88f8a4b290,a5f8f889b71b34011e1c218dde3a2ebe1121170739d6f7bb485dad88f8a4b290,true,true,true,true,true,true,true,true,true,true,true,6,6,Fixed-seed random differential case.
random_0606,12,196f41ca75e59a1aea6e39042b3fe8794bdcde278adf8752f06a69325d4372d9,196f41ca75e59a1aea6e39042b3fe8794bdcde278adf8752f06a69325d4372d9,true,true,true,true,true,true,true,true,true,true,true,4,4,Fixed-seed random differential case.
random_0607,26,b2decdd6829eefb82ee77046d5c9697e15219fd618fc6017b24f5e59dc0bafc7,b2decdd6829eefb82ee77046d5c9697e15219fd618fc6017b24f5e59dc0bafc7,true,true,true,true,true,true,true,true,true,true,true,4,4,Fixed-seed random differential case.
random_0608,20,4e3d2faebcffd56d813a5c45411ef25a92895417695c9b6ad1ec6419aa108b27,4e3d2faebcffd56d813a5c45411ef25a92895417695c9b6ad1ec6419aa108b27,true,true,true,true,true,true,true,true,true,true,true,3,3,Fixed-seed random differential case.
random_0609,21,05a600e85aa40139ebdf1f1ea2ebdfbea9a884cc3cd21d533849cfe260379d9f,05a600e85aa40139ebdf1f1ea2ebdfbea9a884cc3cd21d533849cfe260379d9f,true,true,true,true,true,true,true,true,true,true,true,3,3,Fixed-seed random differential case.
random_0610,25,c0cc79d8cdadd014672ffbeb5c75521e06eaf682f0ce9ea6212014d9e282c261,c0cc79d8cdadd014672ffbeb5c75521e06eaf682f0ce9ea6212014d9e282c261,true,true,true,true,true,true,true,true,true,true,true,10,10,Fixed-seed random differential case.
random_0611,12,96475f35772a87d34acedf011280493426d88f7ec7af9987ed1f0a7534bff85d,96475f35772a87d34acedf011280493426d88f7ec7af9987ed1f0a7534bff85d,true,true,true,true,true,true,true,true,true,true,true,3,3,Fixed-seed random differential case.
random_0612,31,49edafcb55a40f7f0ec688715e8a7dfc93ef1bd7fa81c8f7f83345ea3ec5030f,49edafcb55a40f7f0ec688715e8a7dfc93ef1bd7fa81c8f7f83345ea3ec5030f,true,true,true,true,true,true,true,true,true,true,true,13,13,Fixed-seed random differential case.
random_0613,18,a4e3db8a9397aa4ccaa38baed404a2d38903c33eef388a91de5c22ae1b842d3c,a4e3db8a9397aa4ccaa38baed404a2d38903c33eef388a91de5c22ae1b842d3c,true,true,true,true,true,true,true,true,true,true,true,10,10,Fixed-seed random differential case.
random_0614,17,200572a7b5718716672646adf9b1e810854776967b42fad4e4632c51b8013304,200572a7b5718716672646adf9b1e810854776967b42fad4e4632c51b8013304,true,true,true,true,true,true,true,true,true,true,true,7,7,Fixed-seed random differential case.
random_0615,19,6e2490128116fe43d594a064b22096b4f07f8ea3e25b04caf62404ca1d968ea5,6e2490128116fe43d594a064b22096b4f07f8ea3e25b04caf62404ca1d968ea5,true,true,true,true,true,true,true,true,true,true,true,7,7,Fixed-seed random differential case.
random_0616,20,3750a5df42724bc16508a1866da235fa466cd092d69efdd2bcb22a8bc0b09020,3750a5df42724bc16508a1866da235fa466cd092d69efdd2bcb22a8bc0b09020,true,true,true,true,true,true,true,true,true,true,true,2,2,Fixed-seed random differential case.
random_0617,26,34c0aee5f1adc65d72ff6c054b84fa80d55864befcbc19e2f0d5b9287429e618,34c0aee5f1adc65d72ff6c054b84fa80d55864befcbc19e2f0d5b9287429e618,true,true,true,true,true,true,true,true,true,true,true,11,11,Fixed-seed random differential case.
random_0618,26,145b7e73e39fafa0ba04ed160616ecc0df6f00f2a4cf199dd2d18a4988ca8c21,145b7e73e39fafa0ba04ed160616ecc0df6f00f2a4cf199dd2d18a4988ca8c21,true,true,true,true,true,true,true,true,true,true,true,7,7,Fixed-seed random differential case.
random_0619,27,15ab14126418ecf32f850310ddaa24b3da0ba8fe0d8f2a93dde106d769f629bb,15ab14126418ecf32f850310ddaa24b3da0ba8fe0d8f2a93dde106d769f629bb,true,true,true,true,true,true,true,true,true,true,true,17,17,Fixed-seed random differential case.
random_0620,30,0aa5627820ce92b10dace60c94ed42fe6678f10ccbcd802c65b2424634f54538,0aa5627820ce92b10dace60c94ed42fe6678f10ccbcd802c65b2424634f54538,true,true,true,true,true,true,true,true,true,true,true,14,14,Fixed-seed random differential case.
random_0621,22,e85815893db146b2fc0ca490b4098455f18428d24929b7e37a633f29490b672e,e85815893db146b2fc0ca490b4098455f18428d24929b7e37a633f29490b672e,true,true,true,true,true,true,true,true,true,true,true,2,2,Fixed-seed random differential case.
random_0622,23,efc191b9cb2c91d23d1663e53610044e975a221c3586e95357a515bcca88e83f,efc191b9cb2c91d23d1663e53610044e975a221c3586e95357a515bcca88e83f,true,true,true,true,true,true,true,true,true,true,true,10,10,Fixed-seed random differential case.
random_0623,21,f03a7eb175a834f2d5b192f87ea15b1ec4e451e2a777bf9c8d32dd788c3aa869,f03a7eb175a834f2d5b192f87ea15b1ec4e451e2a777bf9c8d32dd788c3aa869,true,true,true,true,true,true,true,true,true,true,true,8,8,Fixed-seed random differential case.
random_0624,32,f29ff94f0a78dce4a0511ab198fa29d2b6c5a976b47f2e92a44a314c983a3322,f29ff94f0a78dce4a0511ab198fa29d2b6c5a976b47f2e92a44a314c983a3322,true,true,true,true,true,true,true,true,true,true,true,8,8,Fixed-seed random differential case.
random_0625,36,674950358148c9318a3d27fb4e20b0fc36e702848971f9369105346889841715,674950358148c9318a3d27fb4e20b0fc36e702848971f9369105346889841715,true,true,true,true,true,true,true,true,true,true,true,14,14,Fixed-seed random differential case.
random_0626,20,0e885f961a76801071f8009fde186d18937b88728bcd9e049880bdfe4d5c6d2c,0e885f961a76801071f8009fde186d18937b88728bcd9e049880bdfe4d5c6d2c,true,true,true,true,true,true,true,true,true,true,true,4,4,Fixed-seed random differential case.
random_0627,26,fbb52e7ee1025817e475ba12ca33ce3d8b5430dcc5d16da79fb7edea5c99495a,fbb52e7ee1025817e475ba12ca33ce3d8b5430dcc5d16da79fb7edea5c99495a,true,true,true,true,true,true,true,true,true,true,true,13,13,Fixed-seed random differential case.
random_0628,23,3edc4513417c05ac5d7d9aecf72fd38a63f33e57176c038467a66cd70744072f,3edc4513417c05ac5d7d9aecf72fd38a63f33e57176c038467a66cd70744072f,true,true,true,true,true,true,true,true,true,true,true,2,2,Fixed-seed random differential case.
random_0629,6,0acec334184ad4cc10f85e67f55c0043d9e0dd1a3b00a504a0c7a3a8e80cef62,0acec334184ad4cc10f85e67f55c0043d9e0dd1a3b00a504a0c7a3a8e80cef62,true,true,true,true,true,true,true,true,true,true,true,3,3,Fixed-seed random differential case.
random_0630,7,62f9f3336b30bfaeacc153620b083e2d8bad3adc901888300bddf7078688da50,62f9f3336b30bfaeacc153620b083e2d8bad3adc901888300bddf7078688da50,true,true,true,true,true,true,true,true,true,true,true,0,0,Fixed-seed random differential case.
random_0631,29,c00cb5ddc0e412c710b623f6db69c7e0e978561e8262663a01ad839d6d6c13d3,c00cb5ddc0e412c710b623f6db69c7e0e978561e8262663a01ad839d6d6c13d3,true,true,true,true,true,true,true,true,true,true,true,10,10,Fixed-seed random differential case.
random_0632,23,5110d7085e1ee9c79ba24c15ac1fbe9ca5850b84fb0daaebd82b381f9a53512b,5110d7085e1ee9c79ba24c15ac1fbe9ca5850b84fb0daaebd82b381f9a53512b,true,true,true,true,true,true,true,true,true,true,true,6,6,Fixed-seed random differential case.
random_0633,18,f43e70d27019efe004fd9c0ad8e6faaebdf470fbb56629c1f28788bee191f4c8,f43e70d27019efe004fd9c0ad8e6faaebdf470fbb56629c1f28788bee191f4c8,true,true,true,true,true,true,true,true,true,true,true,7,7,Fixed-seed random differential case.
random_0634,17,4fda93dd3f591630168e9a160e2b365cbd663219544ecebd553e37bdeb024d86,4fda93dd3f591630168e9a160e2b365cbd663219544ecebd553e37bdeb024d86,true,true,true,true,true,true,true,true,true,true,true,3,3,Fixed-seed random differential case.
random_0635,15,e7dd4c2f30691fe157405f7a68cc7d0d0637be20cb5615f6e162691913aa07e6,e7dd4c2f30691fe157405f7a68cc7d0d0637be20cb5615f6e162691913aa07e6,true,true,true,true,true,true,true,true,true,true,true,6,6,Fixed-seed random differential case.
random_0636,14,f184fd3cc88a3d19c3060dadb8cd3dee3c8663d85550522f8d32ce6136f8ce7e,f184fd3cc88a3d19c3060dadb8cd3dee3c8663d85550522f8d32ce6136f8ce7e,true,true,true,true,true,true,true,true,true,true,true,3,3,Fixed-seed random differential case.
random_0637,21,b065710cd41dc909c13dc61f597ca66d530d0a0a7530ff22992369a41726136b,b065710cd41dc909c13dc61f597ca66d530d0a0a7530ff22992369a41726136b,true,true,true,true,true,true,true,true,true,true,true,5,5,Fixed-seed random differential case.
random_0638,36,1ecf0216d5a4b4eef68136245c4e85d5b70df115a55872dfebbdb836e8d0e51b,1ecf0216d5a4b4eef68136245c4e85d5b70df115a55872dfebbdb836e8d0e51b,true,true,true,true,true,true,true,true,true,true,true,14,14,Fixed-seed random differential case.
random_0639,14,0bda9985abddda5a7c7c78e27025f1e5ddc3df86755542df06d953443ccae114,0bda9985abddda5a7c7c78e27025f1e5ddc3df86755542df06d953443ccae114,true,true,true,true,true,true,true,true,true,true,true,10,10,Fixed-seed random differential case.
random_0640,27,8f09577ac09bbb4fc5416a4efeb94dba3f1fe5d3542ab33ca3147a96c558d3e6,8f09577ac09bbb4fc5416a4efeb94dba3f1fe5d3542ab33ca3147a96c558d3e6,true,true,true,true,true,true,true,true,true,true,true,9,9,Fixed-seed random differential case.
random_0641,27,1a7e750abb3af643d364c7f29fb6c9c10554556896e62c2513b0cc812b98b81a,1a7e750abb3af643d364c7f29fb6c9c10554556896e62c2513b0cc812b98b81a,true,true,true,true,true,true,true,true,true,true,true,16,16,Fixed-seed random differential case.
random_0642,28,9479cf19d2af18495ba939987e4312e668ad41c10232978524943c145815a86d,9479cf19d2af18495ba939987e4312e668ad41c10232978524943c145815a86d,true,true,true,true,true,true,true,true,true,true,true,10,10,Fixed-seed random differential case.
random_0643,27,8dec3a8db7957b2444e819c459671e49c9a75462ff7e4f8517488ca2ee3b047f,8dec3a8db7957b2444e819c459671e49c9a75462ff7e4f8517488ca2ee3b047f,true,true,true,true,true,true,true,true,true,true,true,18,18,Fixed-seed random differential case.
random_0644,27,59a47b426762a83fc3cfd1c10a043006fc099d474970988ab0f2faf4bbc158c7,59a47b426762a83fc3cfd1c10a043006fc099d474970988ab0f2faf4bbc158c7,true,true,true,true,true,true,true,true,true,true,true,13,13,Fixed-seed random differential case.
random_0645,37,b6ef7bcae903fd4e4c07fd19f2df44f0271ac1d054bd0e557cd13d57844d3ad2,b6ef7bcae903fd4e4c07fd19f2df44f0271ac1d054bd0e557cd13d57844d3ad2,true,true,true,true,true,true,true,true,true,true,true,16,16,Fixed-seed random differential case.
random_0646,29,f4d3896ce3a4ab529cbac356b4f9f4ab0ce14887f6790007189e2e7d9e6edb30,f4d3896ce3a4ab529cbac356b4f9f4ab0ce14887f6790007189e2e7d9e6edb30,true,true,true,true,true,true,true,true,true,true,true,15,15,Fixed-seed random differential case.
random_0647,22,483fe3b29b18532af639e44200bcff496534fd6b010a77e75726ef2a9814829a,483fe3b29b18532af639e44200bcff496534fd6b010a77e75726ef2a9814829a,true,true,true,true,true,true,true,true,true,true,true,10,10,Fixed-seed random differential case.
random_0648,21,1381be16238e36b69091bc12e438847a972d04e6ea5a39914eae3d0e181b78b2,1381be16238e36b69091bc12e438847a972d04e6ea5a39914eae3d0e181b78b2,true,true,true,true,true,true,true,true,true,true,true,5,5,Fixed-seed random differential case.
random_0649,13,7353d1cc1d7ed9ae46be42f3cf799c4cd284e9b59457437aa57198e6a2b88f58,7353d1cc1d7ed9ae46be42f3cf799c4cd284e9b59457437aa57198e6a2b88f58,true,true,true,true,true,true,true,true,true,true,true,2,2,Fixed-seed random differential case.
random_0650,18,8ede1dcf8425a565de707b1eb03236f00e5000248c0f237925e2a5b38639a027,8ede1dcf8425a565de707b1eb03236f00e5000248c0f237925e2a5b38639a027,true,true,true,true,true,true,true,true,true,true,true,7,7,Fixed-seed random differential case.
random_0651,25,af3283cf96277bfadd356487e17a7acb4d261cfa371e8e17b03755c8a1a3f4da,af3283cf96277bfadd356487e17a7acb4d261cfa371e8e17b03755c8a1a3f4da,true,true,true,true,true,true,true,true,true,true,true,6,6,Fixed-seed random differential case.
random_0652,6,f21d177906b550d0ed1d135d2004fcb1fd6ecccb6d8953c6b7a48a8c50551e77,f21d177906b550d0ed1d135d2004fcb1fd6ecccb6d8953c6b7a48a8c50551e77,true,true,true,true,true,true,true,true,true,true,true,0,0,Fixed-seed random differential case.
random_0653,8,bb9fd011cd7da3efcee0cbc97c69f4c61cab53e3ab0770806978359d3f23dfd6,bb9fd011cd7da3efcee0cbc97c69f4c61cab53e3ab0770806978359d3f23dfd6,true,true,true,true,true,true,true,true,true,true,true,3,3,Fixed-seed random differential case.
random_0654,26,ab78c8724bc67b29235a16cef432cbc8a010a5f962595cbbab901ea06e8079ad,ab78c8724bc67b29235a16cef432cbc8a010a5f962595cbbab901ea06e8079ad,true,true,true,true,true,true,true,true,true,true,true,8,8,Fixed-seed random differential case.
random_0655,22,bdc38afdf172dca488b7e9ecadd2c2d5702c0db2c25e973ff36257ea4ed24778,bdc38afdf172dca488b7e9ecadd2c2d5702c0db2c25e973ff36257ea4ed24778,true,true,true,true,true,true,true,true,true,true,true,2,2,Fixed-seed random differential case.
random_0656,20,64691deb20a7298dcfa0b282878523d90146deb7294910f8a797642f8e37a1bb,64691deb20a7298dcfa0b282878523d90146deb7294910f8a797642f8e37a1bb,true,true,true,true,true,true,true,true,true,true,true,12,12,Fixed-seed random differential case.
random_0657,24,30c6d5994903f9076ad7cf29535faa668a01fcb245ebe120815057bf2f5e9aed,30c6d5994903f9076ad7cf29535faa668a01fcb245ebe120815057bf2f5e9aed,true,true,true,true,true,true,true,true,true,true,true,5,5,Fixed-seed random differential case.
random_0658,26,6d6421513df1002dc7b1d202c0a662825017101b15549479469c43406616fa07,6d6421513df1002dc7b1d202c0a662825017101b15549479469c43406616fa07,true,true,true,true,true,true,true,true,true,true,true,6,6,Fixed-seed random differential case.
random_0659,27,20df1b3664d15f717d8fa70b88b0d4b182f2ee927fe3f3bebf9887bd8485bfbf,20df1b3664d15f717d8fa70b88b0d4b182f2ee927fe3f3bebf9887bd8485bfbf,true,true,true,true,true,true,true,true,true,true,true,5,5,Fixed-seed random differential case.
random_0660,27,2b2966c61b9fee772b0ebfdcd90bd5fb06c010c24f8aea65514985628069afc5,2b2966c61b9fee772b0ebfdcd90bd5fb06c010c24f8aea65514985628069afc5,true,true,true,true,true,true,true,true,true,true,true,10,10,Fixed-seed random differential case.
random_0661,16,09ff4f749c3015395aa43b39bce0f1328411ed01d08fe0f425b80b66be724018,09ff4f749c3015395aa43b39bce0f1328411ed01d08fe0f425b80b66be724018,true,true,true,true,true,true,true,true,true,true,true,3,3,Fixed-seed random differential case.
random_0662,22,f253505e678c85beaad2f705654c47caa69ef384cf68a854b680ae3c9876ac79,f253505e678c85beaad2f705654c47caa69ef384cf68a854b680ae3c9876ac79,true,true,true,true,true,true,true,true,true,true,true,3,3,Fixed-seed random differential case.
random_0663,21,d95bd300fcc8e45c947e86b887431fd4d9302435ac48678e60da465a0b6dbaa2,d95bd300fcc8e45c947e86b887431fd4d9302435ac48678e60da465a0b6dbaa2,true,true,true,true,true,true,true,true,true,true,true,10,10,Fixed-seed random differential case.
random_0664,30,37c43b695f4b5d3ff663096e8b1a872aca5505293db6f1d18cacd7355e660a19,37c43b695f4b5d3ff663096e8b1a872aca5505293db6f1d18cacd7355e660a19,true,true,true,true,true,true,true,true,true,true,true,16,16,Fixed-seed random differential case.
random_0665,16,307736f8c00aa326b3fe548a8228dd5b263f08aeaf96decddb8638a6c673b65d,307736f8c00aa326b3fe548a8228dd5b263f08aeaf96decddb8638a6c673b65d,true,true,true,true,true,true,true,true,true,true,true,1,1,Fixed-seed random differential case.
random_0666,37,01fedf49916c393d6a114f1b43f59c6bd702657b4387e91b82bec8bcb30a18b4,01fedf49916c393d6a114f1b43f59c6bd702657b4387e91b82bec8bcb30a18b4,true,true,true,true,true,true,true,true,true,true,true,16,16,Fixed-seed random differential case.
random_0667,18,b27a824e04dafa6c0d568c3942f4e80a0774836bbe95b99a0c676844fc8f478f,b27a824e04dafa6c0d568c3942f4e80a0774836bbe95b99a0c676844fc8f478f,true,true,true,true,true,true,true,true,true,true,true,7,7,Fixed-seed random differential case.
random_0668,17,55128245e866a2c494cf48d3113892097bb33c2d08685d03a1c6a6bc6d72df9f,55128245e866a2c494cf48d3113892097bb33c2d08685d03a1c6a6bc6d72df9f,true,true,true,true,true,true,true,true,true,true,true,5,5,Fixed-seed random differential case.
random_0669,19,896ab9fa9e4517a0084d1a2d4e8723370c65c471e0f9164eab97fac1ab5994ba,896ab9fa9e4517a0084d1a2d4e8723370c65c471e0f9164eab97fac1ab5994ba,true,true,true,true,true,true,true,true,true,true,true,2,2,Fixed-seed random differential case.
random_0670,15,df983d2dfc44c8ace389050489fb01adaebb3594d30bab22af15c4c004b0e9dd,df983d2dfc44c8ace389050489fb01adaebb3594d30bab22af15c4c004b0e9dd,true,true,true,true,true,true,true,true,true,true,true,5,5,Fixed-seed random differential case.
random_0671,30,d3d5be5dc9f9bfd8a16bb0d02e0b2a71e28fbcf83f75abc2044a03666241db14,d3d5be5dc9f9bfd8a16bb0d02e0b2a71e28fbcf83f75abc2044a03666241db14,true,true,true,true,true,true,true,true,true,true,true,12,12,Fixed-seed random differential case.
random_0672,23,56f815f430b1ee81d08748377bb3e1b3889837711593e6fbbc47e7d89137085e,56f815f430b1ee81d08748377bb3e1b3889837711593e6fbbc47e7d89137085e,true,true,true,true,true,true,true,true,true,true,true,15,15,Fixed-seed random differential case.
random_0673,23,966b7a01f9fc4144332d30afec996445e560440889e4873dc853199bee3ca88e,966b7a01f9fc4144332d30afec996445e560440889e4873dc853199bee3ca88e,true,true,true,true,true,true,true,true,true,true,true,6,6,Fixed-seed random differential case.
random_0674,30,ee89fc34df9dff885d6172cba6d74fe72e8c68438ccc4158be06f8340a208e3f,ee89fc34df9dff885d6172cba6d74fe72e8c68438ccc4158be06f8340a208e3f,true,true,true,true,true,true,true,true,true,true,true,7,7,Fixed-seed random differential case.
random_0675,26,9119b1eb55d053b295d6eb642028df8809e7042933e92a6f510c593ffde08b31,9119b1eb55d053b295d6eb642028df8809e7042933e92a6f510c593ffde08b31,true,true,true,true,true,true,true,true,true,true,true,12,12,Fixed-seed random differential case.
random_0676,23,f9b13aa652818091fb60d9e4cf38fd2a93bce3dccbd21d654517fdbe0903f05a,f9b13aa652818091fb60d9e4cf38fd2a93bce3dccbd21d654517fdbe0903f05a,true,true,true,true,true,true,true,true,true,true,true,2,2,Fixed-seed random differential case.
random_0677,10,ff674a5cbfb69959c76a2ce3e9197522bf88ad61e9828a3baba97f3cd69b09dc,ff674a5cbfb69959c76a2ce3e9197522bf88ad61e9828a3baba97f3cd69b09dc,true,true,true,true,true,true,true,true,true,true,true,5,5,Fixed-seed random differential case.
random_0678,19,2221accb5be3a6573b815d8bfcf916344883ba51de7be30a47f3eecaaea74650,2221accb5be3a6573b815d8bfcf916344883ba51de7be30a47f3eecaaea74650,true,true,true,true,true,true,true,true,true,true,true,10,10,Fixed-seed random differential case.
random_0679,9,58320ae20f930fa0523edd86af52b2c9ca80628c355688dd7afa61e4d996ce96,58320ae20f930fa0523edd86af52b2c9ca80628c355688dd7afa61e4d996ce96,true,true,true,true,true,true,true,true,true,true,true,0,0,Fixed-seed random differential case.
random_0680,7,38a1c8112034c77391152c0d12b55be68f98d20fc1ec149d428708a59ca45554,38a1c8112034c77391152c0d12b55be68f98d20fc1ec149d428708a59ca45554,true,true,true,true,true,true,true,true,true,true,true,4,4,Fixed-seed random differential case.
random_0681,25,2dd7cb50ed0179f61e4c513eed4f3c361ab07b96090cb72cded09e99f6361b77,2dd7cb50ed0179f61e4c513eed4f3c361ab07b96090cb72cded09e99f6361b77,true,true,true,true,true,true,true,true,true,true,true,10,10,Fixed-seed random differential case.
random_0682,26,f73b7955b62c8199a71ecda29037d2b130e41522b9ddfa0c148765bcbc6bd888,f73b7955b62c8199a71ecda29037d2b130e41522b9ddfa0c148765bcbc6bd888,true,true,true,true,true,true,true,true,true,true,true,8,8,Fixed-seed random differential case.
random_0683,26,c096cbc8887c5ec546d8ed1871ad0ceda70dbc6106e142c062c2bdc556993d6a,c096cbc8887c5ec546d8ed1871ad0ceda70dbc6106e142c062c2bdc556993d6a,true,true,true,true,true,true,true,true,true,true,true,8,8,Fixed-seed random differential case.
random_0684,12,0469fdd0ef322f1873e1ff0f9287a74043ca18a5e5ed93ca814214e2258bb100,0469fdd0ef322f1873e1ff0f9287a74043ca18a5e5ed93ca814214e2258bb100,true,true,true,true,true,true,true,true,true,true,true,6,6,Fixed-seed random differential case.
random_0685,22,7c188f808fe6ec9e06e8290df77864f584fe84e37e39d7c4ae858899399e1679,7c188f808fe6ec9e06e8290df77864f584fe84e37e39d7c4ae858899399e1679,true,true,true,true,true,true,true,true,true,true,true,9,9,Fixed-seed random differential case.
random_0686,23,2ba3556fe294080127f18f7fe9bdfc143903106e2e6387cda5851a043c9afc15,2ba3556fe294080127f18f7fe9bdfc143903106e2e6387cda5851a043c9afc15,true,true,true,true,true,true,true,true,true,true,true,11,11,Fixed-seed random differential case.
random_0687,11,8d4ed750d9474e58770c1d79abd52864232415a2b03ec383d5e41f5283ab2a5f,8d4ed750d9474e58770c1d79abd52864232415a2b03ec383d5e41f5283ab2a5f,true,true,true,true,true,true,true,true,true,true,true,4,4,Fixed-seed random differential case.
random_0688,25,882602314c0837fa63ab455990a300f9b3f454b0637b19faf9df1e6febdf6c6a,882602314c0837fa63ab455990a300f9b3f454b0637b19faf9df1e6febdf6c6a,true,true,true,true,true,true,true,true,true,true,true,9,9,Fixed-seed random differential case.
random_0689,26,62b1f53af2ea7206f740c0d3264c6c59ff7fcb60fbd92167e177ca1fd5d76330,62b1f53af2ea7206f740c0d3264c6c59ff7fcb60fbd92167e177ca1fd5d76330,true,true,true,true,true,true,true,true,true,true,true,10,10,Fixed-seed random differential case.
random_0690,12,2ad914e11f6055d259f8f42de0a408fd23e04b0846dfdbb8f001a2bc4ba6846c,2ad914e11f6055d259f8f42de0a408fd23e04b0846dfdbb8f001a2bc4ba6846c,true,true,true,true,true,true,true,true,true,true,true,1,1,Fixed-seed random differential case.
random_0691,13,b4c512cd1335f3e054af6afcb124384972d0ac74776afe9ba6c04c167ffd00dc,b4c512cd1335f3e054af6afcb124384972d0ac74776afe9ba6c04c167ffd00dc,true,true,true,true,true,true,true,true,true,true,true,5,5,Fixed-seed random differential case.
random_0692,19,5c96b487e17450083d51ec538f1ab138441ebec9ca31fbaea49dd5c1c89f1160,5c96b487e17450083d51ec538f1ab138441ebec9ca31fbaea49dd5c1c89f1160,true,true,true,true,true,true,true,true,true,true,true,3,3,Fixed-seed random differential case.
random_0693,11,915d205ed46762553768299b961f032f05bcc14717b5beb12c7c7f904b2f2da6,915d205ed46762553768299b961f032f05bcc14717b5beb12c7c7f904b2f2da6,true,true,true,true,true,true,true,true,true,true,true,4,4,Fixed-seed random differential case.
random_0694,31,03dc636a4d640e8a0304355ac3408deb110aa08ff302297773455ca99e8fa0fc,03dc636a4d640e8a0304355ac3408deb110aa08ff302297773455ca99e8fa0fc,true,true,true,true,true,true,true,true,true,true,true,6,6,Fixed-seed random differential case.
random_0695,11,80c23052201077bdda0856cb204035fd6792321d0fa05d4c951eca13a3a9cf0a,80c23052201077bdda0856cb204035fd6792321d0fa05d4c951eca13a3a9cf0a,true,true,true,true,true,true,true,true,true,true,true,4,4,Fixed-seed random differential case.
random_0696,16,0b8311e40a4c1039dddf1c165c5e47cf15ec404a892091d166329ff6dd1827e5,0b8311e40a4c1039dddf1c165c5e47cf15ec404a892091d166329ff6dd1827e5,true,true,true,true,true,true,true,true,true,true,true,5,5,Fixed-seed random differential case.
random_0697,17,b061be7f933033316e296b7a312c0c0c5aaf7dc59cdc5767f01d6394036bf3ed,b061be7f933033316e296b7a312c0c0c5aaf7dc59cdc5767f01d6394036bf3ed,true,true,true,true,true,true,true,true,true,true,true,9,9,Fixed-seed random differential case.
random_0698,26,ff80f45d29d2a75c3e4652bf67323129efd5f276b67bcb62df4ab7d864a16438,ff80f45d29d2a75c3e4652bf67323129efd5f276b67bcb62df4ab7d864a16438,true,true,true,true,true,true,true,true,true,true,true,14,14,Fixed-seed random differential case.
random_0699,35,fee1ac8beb64c3f45e9c9c3373f7811e77f98d916a4eff8ee8ed9e438f333627,fee1ac8beb64c3f45e9c9c3373f7811e77f98d916a4eff8ee8ed9e438f333627,true,true,true,true,true,true,true,true,true,true,true,9,9,Fixed-seed random differential case.
random_0700,17,b7e7cb3c6b80c0bc5985b2888c369c491643e374fcf551bbf4858d4d865cba6d,b7e7cb3c6b80c0bc5985b2888c369c491643e374fcf551bbf4858d4d865cba6d,true,true,true,true,true,true,true,true,true,true,true,1,1,Fixed-seed random differential case.
random_0701,13,3c7b21cd00d979188ec8abc65ffb1cd7d7dbf212e6bf05d06475eebdeedffda0,3c7b21cd00d979188ec8abc65ffb1cd7d7dbf212e6bf05d06475eebdeedffda0,true,true,true,true,true,true,true,true,true,true,true,1,1,Fixed-seed random differential case.
random_0702,23,93da31c708afffe0912b7200fcacee01b55a1ba5fb1e90bfd924c9a1643335f9,93da31c708afffe0912b7200fcacee01b55a1ba5fb1e90bfd924c9a1643335f9,true,true,true,true,true,true,true,true,true,true,true,7,7,Fixed-seed random differential case.
random_0703,28,1eab296143ae13872516827d6e3bb651226cba59d244ea9dec8be39728d7ad49,1eab296143ae13872516827d6e3bb651226cba59d244ea9dec8be39728d7ad49,true,true,true,true,true,true,true,true,true,true,true,12,12,Fixed-seed random differential case.
random_0704,29,81eefab9c76c3a24cb338818ed01bbaf633d76147dcca75f714f9df729e5f55e,81eefab9c76c3a24cb338818ed01bbaf633d76147dcca75f714f9df729e5f55e,true,true,true,true,true,true,true,true,true,true,true,16,16,Fixed-seed random differential case.
random_0705,4,ce3e178eb120f462c5ce669e871386bbdff9c75102ebdb74d98097701341d4dc,ce3e178eb120f462c5ce669e871386bbdff9c75102ebdb74d98097701341d4dc,true,true,true,true,true,true,true,true,true,true,true,0,0,Fixed-seed random differential case.
random_0706,17,9d5a3db44c623f01df1b3831ed448ae5d4c55cbae8d280d97cc9fdf9daf00b0d,9d5a3db44c623f01df1b3831ed448ae5d4c55cbae8d280d97cc9fdf9daf00b0d,true,true,true,true,true,true,true,true,true,true,true,5,5,Fixed-seed random differential case.
random_0707,32,07fa8b9d8dd67ef41068ffc0ff53fa9b6d7b990abd53b2706ba52b72b5760ae2,07fa8b9d8dd67ef41068ffc0ff53fa9b6d7b990abd53b2706ba52b72b5760ae2,true,true,true,true,true,true,true,true,true,true,true,13,13,Fixed-seed random differential case.
random_0708,31,5d0c03f8a8da3fa653a3992291ef418871d17c7dc7e9e26fc1239cba997d4745,5d0c03f8a8da3fa653a3992291ef418871d17c7dc7e9e26fc1239cba997d4745,true,true,true,true,true,true,true,true,true,true,true,14,14,Fixed-seed random differential case.
random_0709,23,cc8f6da0fe80ffe7ec39c8d2fdb1bd78d1d1760d51e6128ebe4f609342bcc8e2,cc8f6da0fe80ffe7ec39c8d2fdb1bd78d1d1760d51e6128ebe4f609342bcc8e2,true,true,true,true,true,true,true,true,true,true,true,1,1,Fixed-seed random differential case.
random_0710,12,330f256377a254f51379d09cacd069d626caf74463a0a251bad3ffcf0e5ea473,330f256377a254f51379d09cacd069d626caf74463a0a251bad3ffcf0e5ea473,true,true,true,true,true,true,true,true,true,true,true,2,2,Fixed-seed random differential case.
random_0711,13,6c604a8c7862943407ec0c92be1fec41b453989cd8df40040c52a7a3e1f45b9c,6c604a8c7862943407ec0c92be1fec41b453989cd8df40040c52a7a3e1f45b9c,true,true,true,true,true,true,true,true,true,true,true,3,3,Fixed-seed random differential case.
random_0712,22,22446aa09d1fd03c8381d804fc179784a9a6b2294ebefd17b05c8f6bf1ba9067,22446aa09d1fd03c8381d804fc179784a9a6b2294ebefd17b05c8f6bf1ba9067,true,true,true,true,true,true,true,true,true,true,true,8,8,Fixed-seed random differential case.
random_0713,26,15d0aff7c1891ace51560ea30dcc0230bb8ec241cd2e67dc3a65f4e0b78792b3,15d0aff7c1891ace51560ea30dcc0230bb8ec241cd2e67dc3a65f4e0b78792b3,true,true,true,true,true,true,true,true,true,true,true,12,12,Fixed-seed random differential case.
random_0714,17,215bc867184898955b585554478ae0812b448dee3e8c9f333041237d25ddbca7,215bc867184898955b585554478ae0812b448dee3e8c9f333041237d25ddbca7,true,true,true,true,true,true,true,true,true,true,true,6,6,Fixed-seed random differential case.
random_0715,20,466e6ffe2e9d34b45cb69dcbad0c0dc167e52178df6e43339ee4f1918da34706,466e6ffe2e9d34b45cb69dcbad0c0dc167e52178df6e43339ee4f1918da34706,true,true,true,true,true,true,true,true,true,true,true,9,9,Fixed-seed random differential case.
random_0716,21,219c5674ffb53115e4da0effa0b6b357398274e9a8d73f47353e236792e58aca,219c5674ffb53115e4da0effa0b6b357398274e9a8d73f47353e236792e58aca,true,true,true,true,true,true,true,true,true,true,true,3,3,Fixed-seed random differential case.
random_0717,24,ae64982fa91bc6339504a27e986a1cc4a340acfef40e0b99211a9d9d5a8cd364,ae64982fa91bc6339504a27e986a1cc4a340acfef40e0b99211a9d9d5a8cd364,true,true,true,true,true,true,true,true,true,true,true,2,2,Fixed-seed random differential case.
random_0718,14,f822c0e19a0b7ff5cd3f08126b40181dfa99fd0843624fd949b31fb790e4e7b5,f822c0e19a0b7ff5cd3f08126b40181dfa99fd0843624fd949b31fb790e4e7b5,true,true,true,true,true,true,true,true,true,true,true,3,3,Fixed-seed random differential case.
random_0719,28,98aceac22b53a58a1a80ad681d67b704df750211123e4a64bfb1a11c217dce6f,98aceac22b53a58a1a80ad681d67b704df750211123e4a64bfb1a11c217dce6f,true,true,true,true,true,true,true,true,true,true,true,13,13,Fixed-seed random differential case.
random_0720,29,ecb8b364d98f263f50685dc4a2095a8a7221ee7d4ccd9905a6a13663a6ae5733,ecb8b364d98f263f50685dc4a2095a8a7221ee7d4ccd9905a6a13663a6ae5733,true,true,true,true,true,true,true,true,true,true,true,15,15,Fixed-seed random differential case.
random_0721,15,518a0d87e1cecdc47aa39e4cb65214dd7353a0c7f2dbb273b483ae1301ad592f,518a0d87e1cecdc47aa39e4cb65214dd7353a0c7f2dbb273b483ae1301ad592f,true,true,true,true,true,true,true,true,true,true,true,1,1,Fixed-seed random differential case.
random_0722,14,7169058ea1764181fcf72c07a2f3da5d0f82d5d421cf3eff36394ef0961e46f8,7169058ea1764181fcf72c07a2f3da5d0f82d5d421cf3eff36394ef0961e46f8,true,true,true,true,true,true,true,true,true,true,true,4,4,Fixed-seed random differential case.
random_0723,16,25c1e2c925ac216d0af0c4b5ad917beb1f93bf763afa0b79b1bf2475b94a721b,25c1e2c925ac216d0af0c4b5ad917beb1f93bf763afa0b79b1bf2475b94a721b,true,true,true,true,true,true,true,true,true,true,true,4,4,Fixed-seed random differential case.
random_0724,7,41ac225e2527cb1a4a19f97b490d267043433d76a265c8f5db7a7d779e53a6a5,41ac225e2527cb1a4a19f97b490d267043433d76a265c8f5db7a7d779e53a6a5,true,true,true,true,true,true,true,true,true,true,true,1,1,Fixed-seed random differential case.
random_0725,19,4548934f35074819a82bd2e5043e25294e39a845ac55e1b832a86cfbffe50f40,4548934f35074819a82bd2e5043e25294e39a845ac55e1b832a86cfbffe50f40,true,true,true,true,true,true,true,true,true,true,true,3,3,Fixed-seed random differential case.
random_0726,33,446673ba7b8c9018ce319b5ef51496af44f9049e660c8d3b362f3ca9a1741583,446673ba7b8c9018ce319b5ef51496af44f9049e660c8d3b362f3ca9a1741583,true,true,true,true,true,true,true,true,true,true,true,12,12,Fixed-seed random differential case.
random_0727,18,ed01e15012dbdb4e5e7f68911e01da12765cf14c6eb86aecb329170e32ba9341,ed01e15012dbdb4e5e7f68911e01da12765cf14c6eb86aecb329170e32ba9341,true,true,true,true,true,true,true,true,true,true,true,6,6,Fixed-seed random differential case.
random_0728,20,84e57c647d46c011aee10e41ddee78fac2d6f8c37f5e5e2f9d44ce3a9b20266c,84e57c647d46c011aee10e41ddee78fac2d6f8c37f5e5e2f9d44ce3a9b20266c,true,true,true,true,true,true,true,true,true,true,true,8,8,Fixed-seed random differential case.
random_0729,14,2e9e55f821607754026a6a17380d350aea34d6340219094d91162331588f31e3,2e9e55f821607754026a6a17380d350aea34d6340219094d91162331588f31e3,true,true,true,true,true,true,true,true,true,true,true,2,2,Fixed-seed random differential case.
random_0730,19,f16f5fd7afc313543cc984f653a1d3ff1b9252fd23a39f017d2b6c00def5b42d,f16f5fd7afc313543cc984f653a1d3ff1b9252fd23a39f017d2b6c00def5b42d,true,true,true,true,true,true,true,true,true,true,true,2,2,Fixed-seed random differential case.
random_0731,24,acb1f1fddd155a821f1132edafb6192e265990107733adfda9f485609e405895,acb1f1fddd155a821f1132edafb6192e265990107733adfda9f485609e405895,true,true,true,true,true,true,true,true,true,true,true,4,4,Fixed-seed random differential case.
random_0732,25,351d3abc7428696ad0a1219bd7f63fb6c92b2ac5c0b93a8ca1501ea803362ca6,351d3abc7428696ad0a1219bd7f63fb6c92b2ac5c0b93a8ca1501ea803362ca6,true,true,true,true,true,true,true,true,true,true,true,7,7,Fixed-seed random differential case.
random_0733,23,9605fcccffa207173e61c3c138b1b9e734e68ca1a42da754526db6db909e46ff,9605fcccffa207173e61c3c138b1b9e734e68ca1a42da754526db6db909e46ff,true,true,true,true,true,true,true,true,true,true,true,7,7,Fixed-seed random differential case.
random_0734,20,86f6d575eb63695ee128e7eb70ad6ad2c4e1f2c12cd9d2c6b76ce2e3a1ee2507,86f6d575eb63695ee128e7eb70ad6ad2c4e1f2c12cd9d2c6b76ce2e3a1ee2507,true,true,true,true,true,true,true,true,true,true,true,4,4,Fixed-seed random differential case.
random_0735,18,12b7cbb18088e4066b78be529cbf866885b85237841c5ea10115a17f3e74d34f,12b7cbb18088e4066b78be529cbf866885b85237841c5ea10115a17f3e74d34f,true,true,true,true,true,true,true,true,true,true,true,7,7,Fixed-seed random differential case.
random_0736,23,2b19794e68648e47c85615fa8c43073930950df5794ab7b67e7177a00e5b5e99,2b19794e68648e47c85615fa8c43073930950df5794ab7b67e7177a00e5b5e99,true,true,true,true,true,true,true,true,true,true,true,4,4,Fixed-seed random differential case.
random_0737,30,00437ca614f706c180421652beb19bb02f2cdcbca414a89a6b233bc103e5a2bc,00437ca614f706c180421652beb19bb02f2cdcbca414a89a6b233bc103e5a2bc,true,true,true,true,true,true,true,true,true,true,true,9,9,Fixed-seed random differential case.
random_0738,26,8984ccb883fc0a5239f5cd7fee8508497870e33229206f24c589fc05a7c80565,8984ccb883fc0a5239f5cd7fee8508497870e33229206f24c589fc05a7c80565,true,true,true,true,true,true,true,true,true,true,true,18,18,Fixed-seed random differential case.
random_0739,18,9bd8fc6f063499ca545441f7e8367c1bd3b63c0ce8fc857faa7a54826206baab,9bd8fc6f063499ca545441f7e8367c1bd3b63c0ce8fc857faa7a54826206baab,true,true,true,true,true,true,true,true,true,true,true,8,8,Fixed-seed random differential case.
random_0740,17,147d67bbb0b4cefaad86a90b4baaf58ee76133d9ceb61576edfd8ef75ea624bb,147d67bbb0b4cefaad86a90b4baaf58ee76133d9ceb61576edfd8ef75ea624bb,true,true,true,true,true,true,true,true,true,true,true,6,6,Fixed-seed random differential case.
random_0741,27,ee74ed2b302918f1eddbfb1831efd9369d5da64d815f28c8ffb32c0a5bcd39db,ee74ed2b302918f1eddbfb1831efd9369d5da64d815f28c8ffb32c0a5bcd39db,true,true,true,true,true,true,true,true,true,true,true,11,11,Fixed-seed random differential case.
random_0742,10,0f9b59a2adc47bfca1234310477bae27f080894eb34e090db07034ad4b9d1eeb,0f9b59a2adc47bfca1234310477bae27f080894eb34e090db07034ad4b9d1eeb,true,true,true,true,true,true,true,true,true,true,true,1,1,Fixed-seed random differential case.
random_0743,16,8dc7dfcf7585d46c7f7c917b995701f334c9589d89d39b19f4ea0b49c1685e63,8dc7dfcf7585d46c7f7c917b995701f334c9589d89d39b19f4ea0b49c1685e63,true,true,true,true,true,true,true,true,true,true,true,7,7,Fixed-seed random differential case.
random_0744,33,589a5c3535ae8cdb2806fbe20025b87b36e3a33159de8eb43bb86638dcc3c25e,589a5c3535ae8cdb2806fbe20025b87b36e3a33159de8eb43bb86638dcc3c25e,true,true,true,true,true,true,true,true,true,true,true,21,21,Fixed-seed random differential case.
random_0745,26,e03f0bfb9c4e0415131def71adcd1ec4cf08064fe641eea71dff856bcee02371,e03f0bfb9c4e0415131def71adcd1ec4cf08064fe641eea71dff856bcee02371,true,true,true,true,true,true,true,true,true,true,true,8,8,Fixed-seed random differential case.
random_0746,31,b5a63274fd856fa892eea103bbda12c9a03b1595b929ab319988693fd4407d37,b5a63274fd856fa892eea103bbda12c9a03b1595b929ab319988693fd4407d37,true,true,true,true,true,true,true,true,true,true,true,12,12,Fixed-seed random differential case.
random_0747,34,76346b28ac21aac391163767f8771a3beb14eea4a6c5fef76c3ffd3d9eef9226,76346b28ac21aac391163767f8771a3beb14eea4a6c5fef76c3ffd3d9eef9226,true,true,true,true,true,true,true,true,true,true,true,16,16,Fixed-seed random differential case.
random_0748,34,616ada8b35cf3d3bd3fe136036ae7e44f3d8dcad2e2453f9d4316bbb8eabbf65,616ada8b35cf3d3bd3fe136036ae7e44f3d8dcad2e2453f9d4316bbb8eabbf65,true,true,true,true,true,true,true,true,true,true,true,9,9,Fixed-seed random differential case.
random_0749,12,03eae5608650ce777c5bfa1f054e78f90f89ae60cfca5074d434b4ae72890182,03eae5608650ce777c5bfa1f054e78f90f89ae60cfca5074d434b4ae72890182,true,true,true,true,true,true,true,true,true,true,true,8,8,Fixed-seed random differential case.
random_0750,20,db3f496577bda9861e525868cf5709f7cc11ae86bff90945e580c44cb6681cca,db3f496577bda9861e525868cf5709f7cc11ae86bff90945e580c44cb6681cca,true,true,true,true,true,true,true,true,true,true,true,2,2,Fixed-seed random differential case.
random_0751,19,cebf093a3fa7b7106c3c9a84f7941fa11557522255475b28716fa0b8d292d270,cebf093a3fa7b7106c3c9a84f7941fa11557522255475b28716fa0b8d292d270,true,true,true,true,true,true,true,true,true,true,true,14,14,Fixed-seed random differential case.
random_0752,16,657eaadbb37eae996e3c9ca5dc840340be7a57fc82ce05115e9d7e6c54645b08,657eaadbb37eae996e3c9ca5dc840340be7a57fc82ce05115e9d7e6c54645b08,true,true,true,true,true,true,true,true,true,true,true,6,6,Fixed-seed random differential case.
random_0753,35,eb23f1682a246cdefcf6a259828da6213cbdb18da93b3dd7b9cc5ec7fad621fa,eb23f1682a246cdefcf6a259828da6213cbdb18da93b3dd7b9cc5ec7fad621fa,true,true,true,true,true,true,true,true,true,true,true,14,14,Fixed-seed random differential case.
random_0754,7,6bb5383170268e26a5523d8e3af75b2f47fecf63476cd7fa4a909290a93db319,6bb5383170268e26a5523d8e3af75b2f47fecf63476cd7fa4a909290a93db319,true,true,true,true,true,true,true,true,true,true,true,5,5,Fixed-seed random differential case.
random_0755,32,5464272a5d1780ee8afb1a5e64d6764da5cbac5f2e8fa3389edb1c2989d2d42b,5464272a5d1780ee8afb1a5e64d6764da5cbac5f2e8fa3389edb1c2989d2d42b,true,true,true,true,true,true,true,true,true,true,true,8,8,Fixed-seed random differential case.
random_0756,23,717dadc79682796ca1ded7164aaf9acce02d4737cda9353403889b247e16e5d7,717dadc79682796ca1ded7164aaf9acce02d4737cda9353403889b247e16e5d7,true,true,true,true,true,true,true,true,true,true,true,9,9,Fixed-seed random differential case.
random_0757,14,bb345e2f62afaa33530c556223a6b4e88e28af07b11c3832340d1d8f28b72f6b,bb345e2f62afaa33530c556223a6b4e88e28af07b11c3832340d1d8f28b72f6b,true,true,true,true,true,true,true,true,true,true,true,3,3,Fixed-seed random differential case.
random_0758,32,e2d48ab29f127b8a0461bdbc38ee9af97749eae07042cbabe279172a42053d05,e2d48ab29f127b8a0461bdbc38ee9af97749eae07042cbabe279172a42053d05,true,true,true,true,true,true,true,true,true,true,true,10,10,Fixed-seed random differential case.
random_0759,11,c2f352545d1292289fc3fe4efffda813b4fc6e75285545ff8a65af528b68a58d,c2f352545d1292289fc3fe4efffda813b4fc6e75285545ff8a65af528b68a58d,true,true,true,true,true,true,true,true,true,true,true,6,6,Fixed-seed random differential case.
random_0760,28,a5854d8d611507602b5e277a08306c2081bfea3d3c8f310aea2c8f571e5e1b37,a5854d8d611507602b5e277a08306c2081bfea3d3c8f310aea2c8f571e5e1b37,true,true,true,true,true,true,true,true,true,true,true,11,11,Fixed-seed random differential case.
random_0761,19,691805e28a8c381f5e52c30449ccfb3f6ab9553b409b19a5683d0ff9d7a69b77,691805e28a8c381f5e52c30449ccfb3f6ab9553b409b19a5683d0ff9d7a69b77,true,true,true,true,true,true,true,true,true,true,true,6,6,Fixed-seed random differential case.
random_0762,25,3c93728eba9e2572976f2f05a070930cdea1a9ec071a65354ecfcc1ed032505f,3c93728eba9e2572976f2f05a070930cdea1a9ec071a65354ecfcc1ed032505f,true,true,true,true,true,true,true,true,true,true,true,9,9,Fixed-seed random differential case.
random_0763,17,5365149cdb727418471878a5fd2f2641f2759a8f0b48ce13269b3dc66205d1b1,5365149cdb727418471878a5fd2f2641f2759a8f0b48ce13269b3dc66205d1b1,true,true,true,true,true,true,true,true,true,true,true,8,8,Fixed-seed random differential case.
random_0764,36,a040cbfd6faffcf5a0c6fd45fdbe37ff2b3b029bbb2000cec1c2ac4ee0ea9645,a040cbfd6faffcf5a0c6fd45fdbe37ff2b3b029bbb2000cec1c2ac4ee0ea9645,true,true,true,true,true,true,true,true,true,true,true,13,13,Fixed-seed random differential case.
random_0765,19,5880f6d3e47c651707bd5d048d6a56d2fa7390eb495fc794c488ac526280301a,5880f6d3e47c651707bd5d048d6a56d2fa7390eb495fc794c488ac526280301a,true,true,true,true,true,true,true,true,true,true,true,11,11,Fixed-seed random differential case.
random_0766,4,2e1672004317b69d6e176ee91e0a8c395999425910a0c9df7d434a82e1f5fc3f,2e1672004317b69d6e176ee91e0a8c395999425910a0c9df7d434a82e1f5fc3f,true,true,true,true,true,true,true,true,true,true,true,1,1,Fixed-seed random differential case.
random_0767,22,1a83e63c844482ff5e39a0ac1300a4e1ddc2d4c26bab10f94a24b1b4e55e73f2,1a83e63c844482ff5e39a0ac1300a4e1ddc2d4c26bab10f94a24b1b4e55e73f2,true,true,true,true,true,true,true,true,true,true,true,7,7,Fixed-seed random differential case.
random_0768,15,42ecdc420122801ffd73576fc1ac7fb068ca0f1927406890a3cf993c417568d6,42ecdc420122801ffd73576fc1ac7fb068ca0f1927406890a3cf993c417568d6,true,true,true,true,true,true,true,true,true,true,true,3,3,Fixed-seed random differential case.
random_0769,30,528e8d8068ec5ce19251705ac7e6a950496cf2483b9d4243de143936284eac04,528e8d8068ec5ce19251705ac7e6a950496cf2483b9d4243de143936284eac04,true,true,true,true,true,true,true,true,true,true,true,13,13,Fixed-seed random differential case.
random_0770,31,e0f185bad3dc3d38223d17b781129ada31526fa240161c04eea8095ad51a29b5,e0f185bad3dc3d38223d17b781129ada31526fa240161c04eea8095ad51a29b5,true,true,true,true,true,true,true,true,true,true,true,16,16,Fixed-seed random differential case.
random_0771,18,48145b8f98577cc37c061eadddc3d0471e702968bb00245044eb0e0398c9a8e3,48145b8f98577cc37c061eadddc3d0471e702968bb00245044eb0e0398c9a8e3,true,true,true,true,true,true,true,true,true,true,true,5,5,Fixed-seed random differential case.
random_0772,14,4ec9acb8def7c2f2b48aba4d8e23aa3a06b26525db16ea54735c5ea41bc7f628,4ec9acb8def7c2f2b48aba4d8e23aa3a06b26525db16ea54735c5ea41bc7f628,true,true,true,true,true,true,true,true,true,true,true,6,6,Fixed-seed random differential case.
random_0773,21,6a3fcfa45213bff50c22b85f98fd9c6bfa223ea114c768167e288e95607eea04,6a3fcfa45213bff50c22b85f98fd9c6bfa223ea114c768167e288e95607eea04,true,true,true,true,true,true,true,true,true,true,true,9,9,Fixed-seed random differential case.
random_0774,36,6ed59fb316c91f5cae31520a6c2373ada38478dce983250d1695af580574636d,6ed59fb316c91f5cae31520a6c2373ada38478dce983250d1695af580574636d,true,true,true,true,true,true,true,true,true,true,true,15,15,Fixed-seed random differential case.
random_0775,21,f10363c10f54b50eccbb09884100074dc1ed566e9f22a6ab3f287564197adfa7,f10363c10f54b50eccbb09884100074dc1ed566e9f22a6ab3f287564197adfa7,true,true,true,true,true,true,true,true,true,true,true,12,12,Fixed-seed random differential case.
random_0776,30,b1eaef8a60d4851480f030ea0700a22d515be884f79e1f4129b7238312eca2d3,b1eaef8a60d4851480f030ea0700a22d515be884f79e1f4129b7238312eca2d3,true,true,true,true,true,true,true,true,true,true,true,6,6,Fixed-seed random differential case.
random_0777,10,3556320534212f8d1aea0a8042b42551d44cc7240f07767ad03fa2d9137d0d4d,3556320534212f8d1aea0a8042b42551d44cc7240f07767ad03fa2d9137d0d4d,true,true,true,true,true,true,true,true,true,true,true,0,0,Fixed-seed random differential case.
random_0778,16,6b88f28019b9f2484341909cbea145e0ddac1b1a953241d73bbf30f1253ba408,6b88f28019b9f2484341909cbea145e0ddac1b1a953241d73bbf30f1253ba408,true,true,true,true,true,true,true,true,true,true,true,7,7,Fixed-seed random differential case.
random_0779,13,3959271acb1c3e96664d438efbf99d3538d76890b64bf9bd67bb47599e278d2d,3959271acb1c3e96664d438efbf99d3538d76890b64bf9bd67bb47599e278d2d,true,true,true,true,true,true,true,true,true,true,true,8,8,Fixed-seed random differential case.
random_0780,25,157fa4ab1da80f5f1877ceb9ab4b9f97cd200f4f05cd503de4c4b79b402b411c,157fa4ab1da80f5f1877ceb9ab4b9f97cd200f4f05cd503de4c4b79b402b411c,true,true,true,true,true,true,true,true,true,true,true,13,13,Fixed-seed random differential case.
random_0781,17,762ec2b327317787280c79b26cc500e37fd97a002ad65f7772c54f8d371cbb7d,762ec2b327317787280c79b26cc500e37fd97a002ad65f7772c54f8d371cbb7d,true,true,true,true,true,true,true,true,true,true,true,6,6,Fixed-seed random differential case.
random_0782,18,021f023989f9ea7b06af0204721035dffc731e1d2bbf6a0872a2b011b5e3de2f,021f023989f9ea7b06af0204721035dffc731e1d2bbf6a0872a2b011b5e3de2f,true,true,true,true,true,true,true,true,true,true,true,12,12,Fixed-seed random differential case.
random_0783,22,195385e88c17da0fad1790aa51f02290f08c1459a4671d77d8c0439ec33d4762,195385e88c17da0fad1790aa51f02290f08c1459a4671d77d8c0439ec33d4762,true,true,true,true,true,true,true,true,true,true,true,11,11,Fixed-seed random differential case.
random_0784,28,357ce2370b8eff76f48868d995204cd352b49e59a05bfa741d5ff3849b4b669a,357ce2370b8eff76f48868d995204cd352b49e59a05bfa741d5ff3849b4b669a,true,true,true,true,true,true,true,true,true,true,true,10,10,Fixed-seed random differential case.
random_0785,21,57c6d329dd654442d116bf54ebd9bf2fe055f6a92fcb3c55fe620ad55d8c1a34,57c6d329dd654442d116bf54ebd9bf2fe055f6a92fcb3c55fe620ad55d8c1a34,true,true,true,true,true,true,true,true,true,true,true,12,12,Fixed-seed random differential case.
random_0786,18,d3f3212eef0e27d008c3411eb7f76e1387a28f461753139a9afccb18c6865a3b,d3f3212eef0e27d008c3411eb7f76e1387a28f461753139a9afccb18c6865a3b,true,true,true,true,true,true,true,true,true,true,true,0,0,Fixed-seed random differential case.
random_0787,19,dd6565c32a2d9642e1113a53b543617712557c52d149e47be98c7a5cce38ed7d,dd6565c32a2d9642e1113a53b543617712557c52d149e47be98c7a5cce38ed7d,true,true,true,true,true,true,true,true,true,true,true,5,5,Fixed-seed random differential case.
random_0788,4,3d47e7e086905330ad8187913ac4d572b6b27d26770f7d989798eb6abf4fb1ec,3d47e7e086905330ad8187913ac4d572b6b27d26770f7d989798eb6abf4fb1ec,true,true,true,true,true,true,true,true,true,true,true,0,0,Fixed-seed random differential case.
random_0789,21,9a55b0d140130a6b608b45fc4a1b76c65635851b6ab399c4c45e5bb008c80a49,9a55b0d140130a6b608b45fc4a1b76c65635851b6ab399c4c45e5bb008c80a49,true,true,true,true,true,true,true,true,true,true,true,8,8,Fixed-seed random differential case.
random_0790,36,7b025c4acdac8e42f67bd0553b83f49333350702224df9b8fdbed1f1061661f3,7b025c4acdac8e42f67bd0553b83f49333350702224df9b8fdbed1f1061661f3,true,true,true,true,true,true,true,true,true,true,true,11,11,Fixed-seed random differential case.
random_0791,18,c5d0fbbdea92907f0ea16f91bf2a46d4850af491dc413af7871823e6a0f3a0ac,c5d0fbbdea92907f0ea16f91bf2a46d4850af491dc413af7871823e6a0f3a0ac,true,true,true,true,true,true,true,true,true,true,true,6,6,Fixed-seed random differential case.
random_0792,31,aa73b0da41beea1d3f26d2d918b1b4d9fea6f6912689a12b0a7d9e8f7cfea0b5,aa73b0da41beea1d3f26d2d918b1b4d9fea6f6912689a12b0a7d9e8f7cfea0b5,true,true,true,true,true,true,true,true,true,true,true,16,16,Fixed-seed random differential case.
random_0793,24,3db7ff3d1abed1dda30ffab1c5a9ff40b969392e26772236b83d5deba94a7bbe,3db7ff3d1abed1dda30ffab1c5a9ff40b969392e26772236b83d5deba94a7bbe,true,true,true,true,true,true,true,true,true,true,true,4,4,Fixed-seed random differential case.
random_0794,11,8a9d323a6ba460ed07b07e6af5f00d4ae12506712579eb921b14612a4a2f5790,8a9d323a6ba460ed07b07e6af5f00d4ae12506712579eb921b14612a4a2f5790,true,true,true,true,true,true,true,true,true,true,true,3,3,Fixed-seed random differential case.
random_0795,10,b32cf3f927c708046a0dfd68a0d3c179e33db5a2aaf88be0cd098d4256bb5920,b32cf3f927c708046a0dfd68a0d3c179e33db5a2aaf88be0cd098d4256bb5920,true,true,true,true,true,true,true,true,true,true,true,2,2,Fixed-seed random differential case.
random_0796,10,e5a885c8ce27ede5ebe50596a0b6fbe562ec28b77ed26a6f2034474ad6bd6288,e5a885c8ce27ede5ebe50596a0b6fbe562ec28b77ed26a6f2034474ad6bd6288,true,true,true,true,true,true,true,true,true,true,true,5,5,Fixed-seed random differential case.
random_0797,23,4f3c7e16ad4374447c79f4264676b74ed1c6047318e18e1afeb734facdc5b2ef,4f3c7e16ad4374447c79f4264676b74ed1c6047318e18e1afeb734facdc5b2ef,true,true,true,true,true,true,true,true,true,true,true,5,5,Fixed-seed random differential case.
random_0798,24,5a76e4f147c6be5354598423bd6e84e4b020635fd1200342affaf3417de67278,5a76e4f147c6be5354598423bd6e84e4b020635fd1200342affaf3417de67278,true,true,true,true,true,true,true,true,true,true,true,16,16,Fixed-seed random differential case.
random_0799,26,793432762b5759aab7528f8ce05eaf49f75a9ae416be27ff4d02c7ffc4cb806b,793432762b5759aab7528f8ce05eaf49f75a9ae416be27ff4d02c7ffc4cb806b,true,true,true,true,true,true,true,true,true,true,true,8,8,Fixed-seed random differential case.
random_0800,26,c12352d69c79574843a280230bfb7aa4d8ba7f8efdc7a23c82a7de8c73e5b967,c12352d69c79574843a280230bfb7aa4d8ba7f8efdc7a23c82a7de8c73e5b967,true,true,true,true,true,true,true,true,true,true,true,12,12,Fixed-seed random differential case.
random_0801,20,3875abe37321b9fc34c10b43138618124fe95fe2238bcbb296a699d5a30e9f40,3875abe37321b9fc34c10b43138618124fe95fe2238bcbb296a699d5a30e9f40,true,true,true,true,true,true,true,true,true,true,true,12,12,Fixed-seed random differential case.
random_0802,27,73886a94ae32345ed0637de184ca73bcc4b46f7010a2339430a5f551d0e9fdcc,73886a94ae32345ed0637de184ca73bcc4b46f7010a2339430a5f551d0e9fdcc,true,true,true,true,true,true,true,true,true,true,true,22,22,Fixed-seed random differential case.
random_0803,24,2cbd623e5ea706abfbfdab640bf1ba5ffc0700d868b79f71e99135e6a203c5de,2cbd623e5ea706abfbfdab640bf1ba5ffc0700d868b79f71e99135e6a203c5de,true,true,true,true,true,true,true,true,true,true,true,6,6,Fixed-seed random differential case.
random_0804,18,d61631183e3cee3bfcba6743bac3dcba8b89f8054fb5194ce96b302200a9f843,d61631183e3cee3bfcba6743bac3dcba8b89f8054fb5194ce96b302200a9f843,true,true,true,true,true,true,true,true,true,true,true,6,6,Fixed-seed random differential case.
random_0805,34,53f5cb2790cb51d3de2d325f1ef33dc98f1fbb6249a4bcc5cb01d6b69580611a,53f5cb2790cb51d3de2d325f1ef33dc98f1fbb6249a4bcc5cb01d6b69580611a,true,true,true,true,true,true,true,true,true,true,true,9,9,Fixed-seed random differential case.
random_0806,27,e3a6447b958f0ffdc863569709c80d61dc0ede326aa65290a805bd1016c739ac,e3a6447b958f0ffdc863569709c80d61dc0ede326aa65290a805bd1016c739ac,true,true,true,true,true,true,true,true,true,true,true,11,11,Fixed-seed random differential case.
random_0807,14,a2fb4d2f70a7f77b91dbcbe9fdc8296fea58f0a11642cf9661df945973dd44ee,a2fb4d2f70a7f77b91dbcbe9fdc8296fea58f0a11642cf9661df945973dd44ee,true,true,true,true,true,true,true,true,true,true,true,4,4,Fixed-seed random differential case.
random_0808,21,1e88edc54a433dbe5410c6004eac944e1e87cd1aa349143209d5aec700026613,1e88edc54a433dbe5410c6004eac944e1e87cd1aa349143209d5aec700026613,true,true,true,true,true,true,true,true,true,true,true,11,11,Fixed-seed random differential case.
random_0809,35,ff2d21507515e377ce66f558b01046e0108ed7df3b9b7ace150dad6c94a2d862,ff2d21507515e377ce66f558b01046e0108ed7df3b9b7ace150dad6c94a2d862,true,true,true,true,true,true,true,true,true,true,true,11,11,Fixed-seed random differential case.
random_0810,18,edf0cc2d743e949a30cb3ec669b590bdaf24225d1db85289f10e4f795950651e,edf0cc2d743e949a30cb3ec669b590bdaf24225d1db85289f10e4f795950651e,true,true,true,true,true,true,true,true,true,true,true,1,1,Fixed-seed random differential case.
random_0811,11,d057066e3bcc76533cf0fbe12aff7f754259cb7d418278142386e4af7391256b,d057066e3bcc76533cf0fbe12aff7f754259cb7d418278142386e4af7391256b,true,true,true,true,true,true,true,true,true,true,true,1,1,Fixed-seed random differential case.
random_0812,18,6ea7b494fe3a12914c3105e713cfe898cf9a439eb62844b2461138b5b27deb4f,6ea7b494fe3a12914c3105e713cfe898cf9a439eb62844b2461138b5b27deb4f,true,true,true,true,true,true,true,true,true,true,true,2,2,Fixed-seed random differential case.
random_0813,24,b2c0e704cbebd84e4d08c7eeb2a67391f9f99168e7bb5e77a789605a19d40761,b2c0e704cbebd84e4d08c7eeb2a67391f9f99168e7bb5e77a789605a19d40761,true,true,true,true,true,true,true,true,true,true,true,15,15,Fixed-seed random differential case.
random_0814,21,0829a0776111c41f09ae0c3675c45cc7e3e5381fa30948e5603ce2d5b6c685f3,0829a0776111c41f09ae0c3675c45cc7e3e5381fa30948e5603ce2d5b6c685f3,true,true,true,true,true,true,true,true,true,true,true,7,7,Fixed-seed random differential case.
random_0815,37,97f8b9c59536e60de454f71d931849c932f22394b62ed264a96055fe01ed997b,97f8b9c59536e60de454f71d931849c932f22394b62ed264a96055fe01ed997b,true,true,true,true,true,true,true,true,true,true,true,10,10,Fixed-seed random differential case.
random_0816,17,aba27b37fbc85a19d01e989d74e01fd8e452f565a13cb94c4401a3c40a30df0f,aba27b37fbc85a19d01e989d74e01fd8e452f565a13cb94c4401a3c40a30df0f,true,true,true,true,true,true,true,true,true,true,true,5,5,Fixed-seed random differential case.
random_0817,19,1bb23763ace3c4ec7823169939ee0d47f42e4e6deb1a706b565b94652ec1a929,1bb23763ace3c4ec7823169939ee0d47f42e4e6deb1a706b565b94652ec1a929,true,true,true,true,true,true,true,true,true,true,true,7,7,Fixed-seed random differential case.
random_0818,30,21603a44c95e476b4116e440335cf355499bfafb868e2b80e07dafff549a9564,21603a44c95e476b4116e440335cf355499bfafb868e2b80e07dafff549a9564,true,true,true,true,true,true,true,true,true,true,true,11,11,Fixed-seed random differential case.
random_0819,19,e7fd7136d024fb2df5bd42d581370a0d47234d16cf27d04274e404ee59d1ba1e,e7fd7136d024fb2df5bd42d581370a0d47234d16cf27d04274e404ee59d1ba1e,true,true,true,true,true,true,true,true,true,true,true,2,2,Fixed-seed random differential case.
random_0820,11,a9c46d7d5dea8953753d73b2bc11800b11aa1d8d1f02694bf74e95804a102f68,a9c46d7d5dea8953753d73b2bc11800b11aa1d8d1f02694bf74e95804a102f68,true,true,true,true,true,true,true,true,true,true,true,4,4,Fixed-seed random differential case.
random_0821,34,2ffd18aaec5549a35e0ae6ba1f069a35ceddcf5cf02d1a05edce54699f38cee5,2ffd18aaec5549a35e0ae6ba1f069a35ceddcf5cf02d1a05edce54699f38cee5,true,true,true,true,true,true,true,true,true,true,true,12,12,Fixed-seed random differential case.
random_0822,28,3713b44b8e0dc079e7215280be535a5bffa55bbba93de42833d2603a5162201f,3713b44b8e0dc079e7215280be535a5bffa55bbba93de42833d2603a5162201f,true,true,true,true,true,true,true,true,true,true,true,17,17,Fixed-seed random differential case.
random_0823,24,0e3680595837687b019c847c8dc4455f058cdd7bab37a080075cf03006d9bcf2,0e3680595837687b019c847c8dc4455f058cdd7bab37a080075cf03006d9bcf2,true,true,true,true,true,true,true,true,true,true,true,7,7,Fixed-seed random differential case.
random_0824,20,1289789525335cbe2a94c273e518b54d8bd89167f96d4886776b1b5ee83512ad,1289789525335cbe2a94c273e518b54d8bd89167f96d4886776b1b5ee83512ad,true,true,true,true,true,true,true,true,true,true,true,4,4,Fixed-seed random differential case.
random_0825,22,64248b5412694c02bc41831d9828129cfe89d00b26a58f79f3564fba2cbf4f7d,64248b5412694c02bc41831d9828129cfe89d00b26a58f79f3564fba2cbf4f7d,true,true,true,true,true,true,true,true,true,true,true,2,2,Fixed-seed random differential case.
random_0826,10,c0402f3d82f063ff59442b4464ad02757afb090358d135988c3d704ef10361c7,c0402f3d82f063ff59442b4464ad02757afb090358d135988c3d704ef10361c7,true,true,true,true,true,true,true,true,true,true,true,2,2,Fixed-seed random differential case.
random_0827,7,acf0e55984a2e197614deaa95040228a1b6058131910d316a6fa6d16b7798ea1,acf0e55984a2e197614deaa95040228a1b6058131910d316a6fa6d16b7798ea1,true,true,true,true,true,true,true,true,true,true,true,1,1,Fixed-seed random differential case.
random_0828,12,127ec47353b5db98f0983d7ee975993c9b5bbfe7b38115a5c25a769912d4e799,127ec47353b5db98f0983d7ee975993c9b5bbfe7b38115a5c25a769912d4e799,true,true,true,true,true,true,true,true,true,true,true,3,3,Fixed-seed random differential case.
random_0829,23,69eb0408f3f537c9cd5e852024c2a29d2144620100a83917e3a9d7403e48f4b2,69eb0408f3f537c9cd5e852024c2a29d2144620100a83917e3a9d7403e48f4b2,true,true,true,true,true,true,true,true,true,true,true,5,5,Fixed-seed random differential case.
random_0830,39,9046a65a2e3fac8b1fdf9615bcf2f13611783f3c4169e4df147c3ea48a308767,9046a65a2e3fac8b1fdf9615bcf2f13611783f3c4169e4df147c3ea48a308767,true,true,true,true,true,true,true,true,true,true,true,14,14,Fixed-seed random differential case.
random_0831,25,4d346bbc9b9641e0286a7e60da5ca20cc0bf50d5bdfc9e708339774c789d84d6,4d346bbc9b9641e0286a7e60da5ca20cc0bf50d5bdfc9e708339774c789d84d6,true,true,true,true,true,true,true,true,true,true,true,10,10,Fixed-seed random differential case.
random_0832,18,9f06805a1fa9c1c8a4452c7eccbd3492524cad376bcefd6a6f425bcde948cf96,9f06805a1fa9c1c8a4452c7eccbd3492524cad376bcefd6a6f425bcde948cf96,true,true,true,true,true,true,true,true,true,true,true,6,6,Fixed-seed random differential case.
random_0833,29,6d30f01fdfb9a574f68c9838044498acc0a821188923f697a7f84c4b4ae4df7d,6d30f01fdfb9a574f68c9838044498acc0a821188923f697a7f84c4b4ae4df7d,true,true,true,true,true,true,true,true,true,true,true,11,11,Fixed-seed random differential case.
random_0834,20,62efce626d011cac74f7c3833381b84021dddd4b1973a3c02de04fff614885c3,62efce626d011cac74f7c3833381b84021dddd4b1973a3c02de04fff614885c3,true,true,true,true,true,true,true,true,true,true,true,11,11,Fixed-seed random differential case.
random_0835,22,410ece87332f4626c975c37646d30d9bc6a34838c87c5513a231b6cabce0dde4,410ece87332f4626c975c37646d30d9bc6a34838c87c5513a231b6cabce0dde4,true,true,true,true,true,true,true,true,true,true,true,12,12,Fixed-seed random differential case.
random_0836,18,196a5266c7fe6ed5acce94ff347139fbf482be821151844d004416cdbf32444e,196a5266c7fe6ed5acce94ff347139fbf482be821151844d004416cdbf32444e,true,true,true,true,true,true,true,true,true,true,true,10,10,Fixed-seed random differential case.
random_0837,35,83d973dadd5c6db6183cfc3286c655d3d6901e1f67e7a5b7b320450cca7fde47,83d973dadd5c6db6183cfc3286c655d3d6901e1f67e7a5b7b320450cca7fde47,true,true,true,true,true,true,true,true,true,true,true,15,15,Fixed-seed random differential case.
random_0838,31,95e63227a1e715afe832272606bcb5253941ea62079367c32da3bb992f4396ca,95e63227a1e715afe832272606bcb5253941ea62079367c32da3bb992f4396ca,true,true,true,true,true,true,true,true,true,true,true,21,21,Fixed-seed random differential case.
random_0839,21,ec74539768c7229c32ceb06c155424431d46cde07ee59291ea865d558bf3ae61,ec74539768c7229c32ceb06c155424431d46cde07ee59291ea865d558bf3ae61,true,true,true,true,true,true,true,true,true,true,true,9,9,Fixed-seed random differential case.
random_0840,34,39d3d4eea33818457585316690560a8bc95e1f8bef82799b5a947923a3f6f375,39d3d4eea33818457585316690560a8bc95e1f8bef82799b5a947923a3f6f375,true,true,true,true,true,true,true,true,true,true,true,14,14,Fixed-seed random differential case.
random_0841,13,1210caa59f4a4546085f71ecf9be2d4967f84747f0f99ab4ceffe359e89aed07,1210caa59f4a4546085f71ecf9be2d4967f84747f0f99ab4ceffe359e89aed07,true,true,true,true,true,true,true,true,true,true,true,4,4,Fixed-seed random differential case.
random_0842,12,c059dd08a4f359e5c43f0c3be692c8002581a653a09408873f17efb705091552,c059dd08a4f359e5c43f0c3be692c8002581a653a09408873f17efb705091552,true,true,true,true,true,true,true,true,true,true,true,8,8,Fixed-seed random differential case.
random_0843,35,24fde87218fd75159a66b5d3376e3481542ddc837195f0565fc3615162a72d0d,24fde87218fd75159a66b5d3376e3481542ddc837195f0565fc3615162a72d0d,true,true,true,true,true,true,true,true,true,true,true,13,13,Fixed-seed random differential case.
random_0844,12,e4a4c402e05812f79db955bc0b7683e39f9778f3a2ecb48214ee900de5da929e,e4a4c402e05812f79db955bc0b7683e39f9778f3a2ecb48214ee900de5da929e,true,true,true,true,true,true,true,true,true,true,true,3,3,Fixed-seed random differential case.
random_0845,20,db0edfdc40a1414b9d51f68dd526469b296405b8ac41930388ca64abb3af5067,db0edfdc40a1414b9d51f68dd526469b296405b8ac41930388ca64abb3af5067,true,true,true,true,true,true,true,true,true,true,true,3,3,Fixed-seed random differential case.
random_0846,17,5c7fad208d8dac3d031ca8ed2da92c372fdde070cbbacd50f45896d2538f6abb,5c7fad208d8dac3d031ca8ed2da92c372fdde070cbbacd50f45896d2538f6abb,true,true,true,true,true,true,true,true,true,true,true,1,1,Fixed-seed random differential case.
random_0847,20,f81a8423d51b58608ba4bc993d33703130c4da464ac1e29ca83abaae8c9586dc,f81a8423d51b58608ba4bc993d33703130c4da464ac1e29ca83abaae8c9586dc,true,true,true,true,true,true,true,true,true,true,true,7,7,Fixed-seed random differential case.
random_0848,17,f12d68c6bdc7aacfa1c3fd09f1bbed1c818621bf474fcc6882ffa47e423170be,f12d68c6bdc7aacfa1c3fd09f1bbed1c818621bf474fcc6882ffa47e423170be,true,true,true,true,true,true,true,true,true,true,true,1,1,Fixed-seed random differential case.
random_0849,17,6ec0cfc918915787058bcaaf1c7f38793b3aa39b1b55b2f06293dbb210a86d69,6ec0cfc918915787058bcaaf1c7f38793b3aa39b1b55b2f06293dbb210a86d69,true,true,true,true,true,true,true,true,true,true,true,7,7,Fixed-seed random differential case.
random_0850,30,6e131f591ad3299ea9f51338ac0f21cd985f8e4d7c7af74d88a6e69fd680df5c,6e131f591ad3299ea9f51338ac0f21cd985f8e4d7c7af74d88a6e69fd680df5c,true,true,true,true,true,true,true,true,true,true,true,14,14,Fixed-seed random differential case.
random_0851,18,a738c763ec985c2e0f1199fad6f96567894771edac5802668c3446442e0e6aaa,a738c763ec985c2e0f1199fad6f96567894771edac5802668c3446442e0e6aaa,true,true,true,true,true,true,true,true,true,true,true,11,11,Fixed-seed random differential case.
random_0852,13,895c5f5773041d7bdf58bc936c50edf93e9f0821cc5faae52b2a123c3e31ed7e,895c5f5773041d7bdf58bc936c50edf93e9f0821cc5faae52b2a123c3e31ed7e,true,true,true,true,true,true,true,true,true,true,true,8,8,Fixed-seed random differential case.
random_0853,18,d133115161799f0b09e6f15c3fbe4feb963de09934bb0c9f14975716e34667dd,d133115161799f0b09e6f15c3fbe4feb963de09934bb0c9f14975716e34667dd,true,true,true,true,true,true,true,true,true,true,true,4,4,Fixed-seed random differential case.
random_0854,15,4944167448f3e34044513615c5fdfcae8cdc39a7e66aef1ebd67d90700cf8bd8,4944167448f3e34044513615c5fdfcae8cdc39a7e66aef1ebd67d90700cf8bd8,true,true,true,true,true,true,true,true,true,true,true,3,3,Fixed-seed random differential case.
random_0855,16,12cce2873078f02013bd7af0b663dd5c4bfc290a3a883bb4b34fa92ef2e1a201,12cce2873078f02013bd7af0b663dd5c4bfc290a3a883bb4b34fa92ef2e1a201,true,true,true,true,true,true,true,true,true,true,true,2,2,Fixed-seed random differential case.
random_0856,23,c9ee3732b881758f75c1a4a28de4027a8c03dfc26a93cc0e8346797c2f19a243,c9ee3732b881758f75c1a4a28de4027a8c03dfc26a93cc0e8346797c2f19a243,true,true,true,true,true,true,true,true,true,true,true,5,5,Fixed-seed random differential case.
random_0857,20,a722b29f9cd10d8ba6ccf6761779272bae708a803e947feb9a8fb6570ec5d8e3,a722b29f9cd10d8ba6ccf6761779272bae708a803e947feb9a8fb6570ec5d8e3,true,true,true,true,true,true,true,true,true,true,true,5,5,Fixed-seed random differential case.
random_0858,28,4a6aa9d2c32936b79ebb1ce8bacac8a1addc649a6ff864cbe7632735a2d8816a,4a6aa9d2c32936b79ebb1ce8bacac8a1addc649a6ff864cbe7632735a2d8816a,true,true,true,true,true,true,true,true,true,true,true,9,9,Fixed-seed random differential case.
random_0859,28,f67bf9641643b67d09d96894181707544899fb5d5dc7f5fae55f9c3927b3cd6f,f67bf9641643b67d09d96894181707544899fb5d5dc7f5fae55f9c3927b3cd6f,true,true,true,true,true,true,true,true,true,true,true,12,12,Fixed-seed random differential case.
random_0860,7,2591c603f8403657e448f3f9019e85d545aca3fca235d02af3b5248425455ac3,2591c603f8403657e448f3f9019e85d545aca3fca235d02af3b5248425455ac3,true,true,true,true,true,true,true,true,true,true,true,3,3,Fixed-seed random differential case.
random_0861,4,3b5c28879823a013e502efc85000fb4024346df8733048137d1c76b40b008ce4,3b5c28879823a013e502efc85000fb4024346df8733048137d1c76b40b008ce4,true,true,true,true,true,true,true,true,true,true,true,1,1,Fixed-seed random differential case.
random_0862,20,b49e92d8723871fdfd00a601bc3342b36e686264128d9f866d6d86aebfadae3a,b49e92d8723871fdfd00a601bc3342b36e686264128d9f866d6d86aebfadae3a,true,true,true,true,true,true,true,true,true,true,true,2,2,Fixed-seed random differential case.
random_0863,21,35a32d1733dc97e8f8032abcd54a5de8dc472e0305ba604ba51ef5c877b7eaf1,35a32d1733dc97e8f8032abcd54a5de8dc472e0305ba604ba51ef5c877b7eaf1,true,true,true,true,true,true,true,true,true,true,true,2,2,Fixed-seed random differential case.
random_0864,16,ca83703a7e5149dcfaad7b18e343b75b2841d56576b2539095d527ce1555b561,ca83703a7e5149dcfaad7b18e343b75b2841d56576b2539095d527ce1555b561,true,true,true,true,true,true,true,true,true,true,true,6,6,Fixed-seed random differential case.
random_0865,24,ebd75592e13224b7e7492108f59c8b83c699230d1ea192fa78a70a0bdc4dff03,ebd75592e13224b7e7492108f59c8b83c699230d1ea192fa78a70a0bdc4dff03,true,true,true,true,true,true,true,true,true,true,true,9,9,Fixed-seed random differential case.
random_0866,28,bb46acb23429082038fba6cca04c0a071dfeb351d30a5f44a9b6991f024ff001,bb46acb23429082038fba6cca04c0a071dfeb351d30a5f44a9b6991f024ff001,true,true,true,true,true,true,true,true,true,true,true,6,6,Fixed-seed random differential case.
random_0867,26,1f03e2952e1b7a768d96fa8c2cd2d5c76c7d47412f0c2a2c79add7e473de07bb,1f03e2952e1b7a768d96fa8c2cd2d5c76c7d47412f0c2a2c79add7e473de07bb,true,true,true,true,true,true,true,true,true,true,true,7,7,Fixed-seed random differential case.
random_0868,9,31827512d674fc6ae91d18a270b418422c6d5265365e3ce3d5629a8a6e483f0d,31827512d674fc6ae91d18a270b418422c6d5265365e3ce3d5629a8a6e483f0d,true,true,true,true,true,true,true,true,true,true,true,5,5,Fixed-seed random differential case.
random_0869,34,29547ad1a0c7cc2e16678c5dbd907a35162ddb79a85a45ed4b718a148f0e7acd,29547ad1a0c7cc2e16678c5dbd907a35162ddb79a85a45ed4b718a148f0e7acd,true,true,true,true,true,true,true,true,true,true,true,14,14,Fixed-seed random differential case.
random_0870,25,84d48d9fb69e64ecf91206924dcfb6b0ca74bb6adecb7ad82e8fd85a067efb8a,84d48d9fb69e64ecf91206924dcfb6b0ca74bb6adecb7ad82e8fd85a067efb8a,true,true,true,true,true,true,true,true,true,true,true,12,12,Fixed-seed random differential case.
random_0871,18,8e065da438f2fbfe1846ace5ff1e2c9f40514ab055d2da3abf2ee11555db07b9,8e065da438f2fbfe1846ace5ff1e2c9f40514ab055d2da3abf2ee11555db07b9,true,true,true,true,true,true,true,true,true,true,true,3,3,Fixed-seed random differential case.
random_0872,21,285113acbf790d0fc854779c9942e503aeddda558d2b14a425834e778bcc0c7b,285113acbf790d0fc854779c9942e503aeddda558d2b14a425834e778bcc0c7b,true,true,true,true,true,true,true,true,true,true,true,6,6,Fixed-seed random differential case.
random_0873,14,2ebe0d16e0cd9c0ff1c5ae061d9156a18378f1f5a419ed3127ea64940f59e144,2ebe0d16e0cd9c0ff1c5ae061d9156a18378f1f5a419ed3127ea64940f59e144,true,true,true,true,true,true,true,true,true,true,true,3,3,Fixed-seed random differential case.
random_0874,10,dc2c10c9196187d26a363570ea71798bb315283e9500a7e78f6623f5c897d045,dc2c10c9196187d26a363570ea71798bb315283e9500a7e78f6623f5c897d045,true,true,true,true,true,true,true,true,true,true,true,0,0,Fixed-seed random differential case.
random_0875,20,ecb673b11a1e6571c55ef34549c068306ea2789ba2460bab7c4fe7ab5a2ef97e,ecb673b11a1e6571c55ef34549c068306ea2789ba2460bab7c4fe7ab5a2ef97e,true,true,true,true,true,true,true,true,true,true,true,0,0,Fixed-seed random differential case.
random_0876,23,fa0f0313e209e427a6e54cf2380f1e7f90a14756ef9b84c025295a67015df8f5,fa0f0313e209e427a6e54cf2380f1e7f90a14756ef9b84c025295a67015df8f5,true,true,true,true,true,true,true,true,true,true,true,4,4,Fixed-seed random differential case.
random_0877,38,4aa293f70088b0abd24da1c2df141933168aca0c2d0c9c66ac126ccb3837ea3d,4aa293f70088b0abd24da1c2df141933168aca0c2d0c9c66ac126ccb3837ea3d,true,true,true,true,true,true,true,true,true,true,true,17,17,Fixed-seed random differential case.
random_0878,28,a6c8a0bf4600f75fb7cace823c3280b9c2ee71fbb136bbc3df65004bba096b7d,a6c8a0bf4600f75fb7cace823c3280b9c2ee71fbb136bbc3df65004bba096b7d,true,true,true,true,true,true,true,true,true,true,true,6,6,Fixed-seed random differential case.
random_0879,9,ddc550a58f898a8c44cfaa3162f24a098a994347dbf3f58afeb152f9f2aca128,ddc550a58f898a8c44cfaa3162f24a098a994347dbf3f58afeb152f9f2aca128,true,true,true,true,true,true,true,true,true,true,true,1,1,Fixed-seed random differential case.
random_0880,23,b1bc07cb80b56dd414d547c5cbbb76d6e56cd25cbe8073b248ae1bca0ffb760b,b1bc07cb80b56dd414d547c5cbbb76d6e56cd25cbe8073b248ae1bca0ffb760b,true,true,true,true,true,true,true,true,true,true,true,6,6,Fixed-seed random differential case.
random_0881,5,781b2cd0c92d682784eff759600d1c203f2f3b3da3b7721e47c1af572c68d8fd,781b2cd0c92d682784eff759600d1c203f2f3b3da3b7721e47c1af572c68d8fd,true,true,true,true,true,true,true,true,true,true,true,0,0,Fixed-seed random differential case.
random_0882,31,0bde1dbcf6e7769c26d6be891ac0ec6e20d9ac38fbb68491ad0a5880d0e75a72,0bde1dbcf6e7769c26d6be891ac0ec6e20d9ac38fbb68491ad0a5880d0e75a72,true,true,true,true,true,true,true,true,true,true,true,12,12,Fixed-seed random differential case.
random_0883,8,306b5baff0cbc96b6ca47f68ec6fa3b358f672c2a88973404ab8a09e8d07f63f,306b5baff0cbc96b6ca47f68ec6fa3b358f672c2a88973404ab8a09e8d07f63f,true,true,true,true,true,true,true,true,true,true,true,4,4,Fixed-seed random differential case.
random_0884,17,03bd43b27af853cc737f835fe9ed0652da27a29b2e2339f93ede5791b630c25f,03bd43b27af853cc737f835fe9ed0652da27a29b2e2339f93ede5791b630c25f,true,true,true,true,true,true,true,true,true,true,true,1,1,Fixed-seed random differential case.
random_0885,16,a0999b671567fc4689a7def2e67709c45cc5c39057f60303502a69e3ee6e0cec,a0999b671567fc4689a7def2e67709c45cc5c39057f60303502a69e3ee6e0cec,true,true,true,true,true,true,true,true,true,true,true,5,5,Fixed-seed random differential case.
random_0886,19,c6e5b77cd308fe350821d44823b81524a0f0f78499bc0e8c9ce2616e66493f3b,c6e5b77cd308fe350821d44823b81524a0f0f78499bc0e8c9ce2616e66493f3b,true,true,true,true,true,true,true,true,true,true,true,10,10,Fixed-seed random differential case.
random_0887,28,8e2f7421ce2f4cc15dadfaf839d111694dc899087a9a33f9f4f7f6e1dba17f30,8e2f7421ce2f4cc15dadfaf839d111694dc899087a9a33f9f4f7f6e1dba17f30,true,true,true,true,true,true,true,true,true,true,true,13,13,Fixed-seed random differential case.
random_0888,28,22413a4fc67674135f62762095cce7a90fc48df5cf1c9083682efc4d5a580513,22413a4fc67674135f62762095cce7a90fc48df5cf1c9083682efc4d5a580513,true,true,true,true,true,true,true,true,true,true,true,11,11,Fixed-seed random differential case.
random_0889,24,c4c2ce06369671f854eea14120c394400c9243f3b87f20f2cb994061a4f07b65,c4c2ce06369671f854eea14120c394400c9243f3b87f20f2cb994061a4f07b65,true,true,true,true,true,true,true,true,true,true,true,17,17,Fixed-seed random differential case.
random_0890,3,07e1b826bb58bab86ff1e6a1d68dd10726dab76f9afde9c6f3cd29678be431f6,07e1b826bb58bab86ff1e6a1d68dd10726dab76f9afde9c6f3cd29678be431f6,true,true,true,true,true,true,true,true,true,true,true,0,0,Fixed-seed random differential case.
random_0891,23,bd756fc6914bde4a5396db52739e7940115ccc0a685628d5313e082388bbe173,bd756fc6914bde4a5396db52739e7940115ccc0a685628d5313e082388bbe173,true,true,true,true,true,true,true,true,true,true,true,10,10,Fixed-seed random differential case.
random_0892,22,ab00bafed7ae3255be8b6d6fe4275874eaa3a6f33d1228c518339a00fb86d90c,ab00bafed7ae3255be8b6d6fe4275874eaa3a6f33d1228c518339a00fb86d90c,true,true,true,true,true,true,true,true,true,true,true,2,2,Fixed-seed random differential case.
random_0893,34,755e6a9f7cf4d021eb5cdbb48768b2f5a713c9fe9ec23b1b308e90f3cd1b6d01,755e6a9f7cf4d021eb5cdbb48768b2f5a713c9fe9ec23b1b308e90f3cd1b6d01,true,true,true,true,true,true,true,true,true,true,true,16,16,Fixed-seed random differential case.
random_0894,17,736f5970c027a22108f2c108cdee692fd65fdfeb2faee6b3abaacb11bcbd0d90,736f5970c027a22108f2c108cdee692fd65fdfeb2faee6b3abaacb11bcbd0d90,true,true,true,true,true,true,true,true,true,true,true,6,6,Fixed-seed random differential case.
random_0895,31,60caa5ffb3c628953479a038663ca483e39a079bb041b62cba18c7a7b75c9c13,60caa5ffb3c628953479a038663ca483e39a079bb041b62cba18c7a7b75c9c13,true,true,true,true,true,true,true,true,true,true,true,16,16,Fixed-seed random differential case.
random_0896,13,bf678363d700f83061e78d146ec0fc75db775f3df5419b4211370a3648a86ed8,bf678363d700f83061e78d146ec0fc75db775f3df5419b4211370a3648a86ed8,true,true,true,true,true,true,true,true,true,true,true,2,2,Fixed-seed random differential case.
random_0897,27,f382b009c7706eb1768c53cf3ffc2d7b0d39c204c6cc3a8e07dbea54a3d6e828,f382b009c7706eb1768c53cf3ffc2d7b0d39c204c6cc3a8e07dbea54a3d6e828,true,true,true,true,true,true,true,true,true,true,true,8,8,Fixed-seed random differential case.
random_0898,36,7d4a98d5d575bbe4e5698c8e38e84b1d7951b5e43bc1c4c246ab757bd6ad2d34,7d4a98d5d575bbe4e5698c8e38e84b1d7951b5e43bc1c4c246ab757bd6ad2d34,true,true,true,true,true,true,true,true,true,true,true,18,18,Fixed-seed random differential case.
random_0899,13,a83f94cdaa89b6c1e4763f62a8aebc0c058dd5c55af34b2ed7857d33e789d978,a83f94cdaa89b6c1e4763f62a8aebc0c058dd5c55af34b2ed7857d33e789d978,true,true,true,true,true,true,true,true,true,true,true,1,1,Fixed-seed random differential case.
random_0900,26,489467e6eb539aa9b751be0855b8bd446f5d900be0cbc7051bdad7e43560f30a,489467e6eb539aa9b751be0855b8bd446f5d900be0cbc7051bdad7e43560f30a,true,true,true,true,true,true,true,true,true,true,true,10,10,Fixed-seed random differential case.
random_0901,12,685313573e1e2f2ec8caf7bde654338edd7f86db1b93d4a2ede0242ed1e312fb,685313573e1e2f2ec8caf7bde654338edd7f86db1b93d4a2ede0242ed1e312fb,true,true,true,true,true,true,true,true,true,true,true,2,2,Fixed-seed random differential case.
random_0902,38,a17e0b3f178794966c3d5aa3c222630922fdbaf9d56a2519ee8d7f401bb4c4ff,a17e0b3f178794966c3d5aa3c222630922fdbaf9d56a2519ee8d7f401bb4c4ff,true,true,true,true,true,true,true,true,true,true,true,15,15,Fixed-seed random differential case.
random_0903,14,1899670fc6380d686c56435f036367915a8a56497fca8e9d8440a32e04e53420,1899670fc6380d686c56435f036367915a8a56497fca8e9d8440a32e04e53420,true,true,true,true,true,true,true,true,true,true,true,4,4,Fixed-seed random differential case.
random_0904,28,082558f2c89683b453758fe7853da4352a33b556f0ae1fe9850ecad92addfaaa,082558f2c89683b453758fe7853da4352a33b556f0ae1fe9850ecad92addfaaa,true,true,true,true,true,true,true,true,true,true,true,14,14,Fixed-seed random differential case.
random_0905,35,79084ff3bfceff032022611bd649b5b579801705c38be16c3544af332dbbcadc,79084ff3bfceff032022611bd649b5b579801705c38be16c3544af332dbbcadc,true,true,true,true,true,true,true,true,true,true,true,16,16,Fixed-seed random differential case.
random_0906,40,45f1eaf48599fb6568497538f9e328463f2b1322a374b09b9f971d5a21a237a7,45f1eaf48599fb6568497538f9e328463f2b1322a374b09b9f971d5a21a237a7,true,true,true,true,true,true,true,true,true,true,true,6,6,Fixed-seed random differential case.
random_0907,22,7997c27a855feb4b2cde434314c92b30faf77c4ee8cacd0e735218499aa07a4f,7997c27a855feb4b2cde434314c92b30faf77c4ee8cacd0e735218499aa07a4f,true,true,true,true,true,true,true,true,true,true,true,7,7,Fixed-seed random differential case.
random_0908,25,6f90db77ef0a34eb7c48ca5baf6d9bee7bd0ee6679c648806a7ddc637a1e709c,6f90db77ef0a34eb7c48ca5baf6d9bee7bd0ee6679c648806a7ddc637a1e709c,true,true,true,true,true,true,true,true,true,true,true,6,6,Fixed-seed random differential case.
random_0909,4,e258647709390296232ddec8c375f0174cc7974132235a5be391621f780bf923,e258647709390296232ddec8c375f0174cc7974132235a5be391621f780bf923,true,true,true,true,true,true,true,true,true,true,true,1,1,Fixed-seed random differential case.
random_0910,32,3e954953259006f66d0b8be549ed1206f3e3e6bfa3577048487fcb13f690bca2,3e954953259006f66d0b8be549ed1206f3e3e6bfa3577048487fcb13f690bca2,true,true,true,true,true,true,true,true,true,true,true,15,15,Fixed-seed random differential case.
random_0911,29,1ba3bf04a2a696dfd073ec1f46ff1a8e06d3793653424f308dbb571466ce26ef,1ba3bf04a2a696dfd073ec1f46ff1a8e06d3793653424f308dbb571466ce26ef,true,true,true,true,true,true,true,true,true,true,true,8,8,Fixed-seed random differential case.
random_0912,30,ddf660ad39f5c7233bd1dbd0dc27d6792c4b955ce28b533ee10affbdef20c15f,ddf660ad39f5c7233bd1dbd0dc27d6792c4b955ce28b533ee10affbdef20c15f,true,true,true,true,true,true,true,true,true,true,true,17,17,Fixed-seed random differential case.
random_0913,27,71b3e29265b71ac99a0d32a41fa0771658a215f760c8441c3b9ac38b8b5c4249,71b3e29265b71ac99a0d32a41fa0771658a215f760c8441c3b9ac38b8b5c4249,true,true,true,true,true,true,true,true,true,true,true,7,7,Fixed-seed random differential case.
random_0914,23,fbf724842b6e6095a00deb24f89afc7456c5b09be06cd6042d11df9cf1280ea9,fbf724842b6e6095a00deb24f89afc7456c5b09be06cd6042d11df9cf1280ea9,true,true,true,true,true,true,true,true,true,true,true,5,5,Fixed-seed random differential case.
random_0915,22,e6610db1a5b595f48ab2ac97c0b9a0f178fa17bc62635249ecafaf73775a7d8c,e6610db1a5b595f48ab2ac97c0b9a0f178fa17bc62635249ecafaf73775a7d8c,true,true,true,true,true,true,true,true,true,true,true,10,10,Fixed-seed random differential case.
random_0916,18,7e46521ffd3123acb7bb5069e629f369ca31873df0a21efdebb3b3d7cf141b6f,7e46521ffd3123acb7bb5069e629f369ca31873df0a21efdebb3b3d7cf141b6f,true,true,true,true,true,true,true,true,true,true,true,5,5,Fixed-seed random differential case.
random_0917,28,3eab0a71ef8cb4228df5243f57bd2a2c85fc5219d8cbdf5a57bda0d87ddacdeb,3eab0a71ef8cb4228df5243f57bd2a2c85fc5219d8cbdf5a57bda0d87ddacdeb,true,true,true,true,true,true,true,true,true,true,true,11,11,Fixed-seed random differential case.
random_0918,16,4aef76ebaad81c9543a18bb7a13d59e6337a8712bdd57fa5be2e2dfcd1f860ca,4aef76ebaad81c9543a18bb7a13d59e6337a8712bdd57fa5be2e2dfcd1f860ca,true,true,true,true,true,true,true,true,true,true,true,9,9,Fixed-seed random differential case.
random_0919,15,75dfcdc4924d1d0b5091f28681fd2f52b507ea0b61d5be603980edea5bd5f9a8,75dfcdc4924d1d0b5091f28681fd2f52b507ea0b61d5be603980edea5bd5f9a8,true,true,true,true,true,true,true,true,true,true,true,8,8,Fixed-seed random differential case.
random_0920,14,827919224f5f2f0b9e33cce9f0cc7f474c9e532d7e31d7b5955d2f997474dc40,827919224f5f2f0b9e33cce9f0cc7f474c9e532d7e31d7b5955d2f997474dc40,true,true,true,true,true,true,true,true,true,true,true,6,6,Fixed-seed random differential case.
random_0921,38,33bbc19477b565dcd83e939d7205663f4e33be611a942718696362aab240efeb,33bbc19477b565dcd83e939d7205663f4e33be611a942718696362aab240efeb,true,true,true,true,true,true,true,true,true,true,true,12,12,Fixed-seed random differential case.
random_0922,37,24f0a28b4b2932cc0d14869b6a9413fa28b605dcd7fae3251c5985b3130ab053,24f0a28b4b2932cc0d14869b6a9413fa28b605dcd7fae3251c5985b3130ab053,true,true,true,true,true,true,true,true,true,true,true,16,16,Fixed-seed random differential case.
random_0923,29,3fc181f8efe47ff996d28029e7eb817c47596bd20c6359e6c7042272ff37b9a3,3fc181f8efe47ff996d28029e7eb817c47596bd20c6359e6c7042272ff37b9a3,true,true,true,true,true,true,true,true,true,true,true,9,9,Fixed-seed random differential case.
random_0924,24,f097eb6049c997bb929834628a4b7343f748e92488d5fa6f997cb7b9b92905e4,f097eb6049c997bb929834628a4b7343f748e92488d5fa6f997cb7b9b92905e4,true,true,true,true,true,true,true,true,true,true,true,3,3,Fixed-seed random differential case.
random_0925,8,91146f44358e2d5eacbd847b0e9e38640e236e3f3cbcdab82e12c6ec18d9393f,91146f44358e2d5eacbd847b0e9e38640e236e3f3cbcdab82e12c6ec18d9393f,true,true,true,true,true,true,true,true,true,true,true,4,4,Fixed-seed random differential case.
random_0926,17,84e0ad6ffd6b055057e03a56b662f7786a7daf81af31a4cdbf1294be408bb0da,84e0ad6ffd6b055057e03a56b662f7786a7daf81af31a4cdbf1294be408bb0da,true,true,true,true,true,true,true,true,true,true,true,4,4,Fixed-seed random differential case.
random_0927,31,d939c647e189a2788dc1ad605d3fcb0c1c11a29b7c03a2ae5d21c09d5ebc1780,d939c647e189a2788dc1ad605d3fcb0c1c11a29b7c03a2ae5d21c09d5ebc1780,true,true,true,true,true,true,true,true,true,true,true,13,13,Fixed-seed random differential case.
random_0928,4,17102bc87842b80359ace7c9cbbd4e55759316f3836a927143ad57b14d8342aa,17102bc87842b80359ace7c9cbbd4e55759316f3836a927143ad57b14d8342aa,true,true,true,true,true,true,true,true,true,true,true,2,2,Fixed-seed random differential case.
random_0929,28,1317b39d1c71706aa26d64a8a411bf151304aa12b24c0a556da516dfb2fbe836,1317b39d1c71706aa26d64a8a411bf151304aa12b24c0a556da516dfb2fbe836,true,true,true,true,true,true,true,true,true,true,true,5,5,Fixed-seed random differential case.
random_0930,17,6e5d9b9ce1f79412ffb2d1251b439e4942f857de84b67d29fd7144407486a4cb,6e5d9b9ce1f79412ffb2d1251b439e4942f857de84b67d29fd7144407486a4cb,true,true,true,true,true,true,true,true,true,true,true,6,6,Fixed-seed random differential case.
random_0931,27,915fe8abdc756272d2e908eef399a76076f4fb9489266289a27dbcc5f1004326,915fe8abdc756272d2e908eef399a76076f4fb9489266289a27dbcc5f1004326,true,true,true,true,true,true,true,true,true,true,true,15,15,Fixed-seed random differential case.
random_0932,20,5d0199a6758bc395d719af3862b6f8aea2b4d13e5432e29ad43e89445bcff83c,5d0199a6758bc395d719af3862b6f8aea2b4d13e5432e29ad43e89445bcff83c,true,true,true,true,true,true,true,true,true,true,true,12,12,Fixed-seed random differential case.
random_0933,27,3bf9ead0ec10c04f38c7cbfb3a7f917ed1a86cecf7e312d412dbb4bb55ee83e3,3bf9ead0ec10c04f38c7cbfb3a7f917ed1a86cecf7e312d412dbb4bb55ee83e3,true,true,true,true,true,true,true,true,true,true,true,10,10,Fixed-seed random differential case.
random_0934,27,c1e3e4664d6f5c117a85f12dde5d21769b65574398af26a636ab4e27edd04bce,c1e3e4664d6f5c117a85f12dde5d21769b65574398af26a636ab4e27edd04bce,true,true,true,true,true,true,true,true,true,true,true,12,12,Fixed-seed random differential case.
random_0935,23,f5b0155a27507a98c149db807ca12bb60198bf58bd3c2b4c0a13dcf798bc9fde,f5b0155a27507a98c149db807ca12bb60198bf58bd3c2b4c0a13dcf798bc9fde,true,true,true,true,true,true,true,true,true,true,true,10,10,Fixed-seed random differential case.
random_0936,21,1fc18f297a7a7e2a497a0910769029d4ec0d51e705650ee702dcc358ef746187,1fc18f297a7a7e2a497a0910769029d4ec0d51e705650ee702dcc358ef746187,true,true,true,true,true,true,true,true,true,true,true,7,7,Fixed-seed random differential case.
random_0937,22,df111de3553f2872260fc6856c2d5624f3aa3f7642a2b28aff912a19e1b4946d,df111de3553f2872260fc6856c2d5624f3aa3f7642a2b28aff912a19e1b4946d,true,true,true,true,true,true,true,true,true,true,true,6,6,Fixed-seed random differential case.
random_0938,11,bed6542e105907dcb5656013f4870424404382e3f76c7343c7de45e5fe83ae46,bed6542e105907dcb5656013f4870424404382e3f76c7343c7de45e5fe83ae46,true,true,true,true,true,true,true,true,true,true,true,2,2,Fixed-seed random differential case.
random_0939,27,d147b4dff3084dc1476f5485aa5bcccedb396686df19f1b5581a09aefff46985,d147b4dff3084dc1476f5485aa5bcccedb396686df19f1b5581a09aefff46985,true,true,true,true,true,true,true,true,true,true,true,9,9,Fixed-seed random differential case.
random_0940,22,6318efbd4153c2d55aca7613d623b92deda1785a643361ca1f2c7e5cb84ad19d,6318efbd4153c2d55aca7613d623b92deda1785a643361ca1f2c7e5cb84ad19d,true,true,true,true,true,true,true,true,true,true,true,13,13,Fixed-seed random differential case.
random_0941,20,b79db788af46c85c24d4cc69b75c3caf7fc5e4e958bd5a5587c2b1bc4b1eb738,b79db788af46c85c24d4cc69b75c3caf7fc5e4e958bd5a5587c2b1bc4b1eb738,true,true,true,true,true,true,true,true,true,true,true,7,7,Fixed-seed random differential case.
random_0942,23,fef0ba6fe02217d21740903181e8a90384e4162f258da7f7356585a6c0293d1a,fef0ba6fe02217d21740903181e8a90384e4162f258da7f7356585a6c0293d1a,true,true,true,true,true,true,true,true,true,true,true,5,5,Fixed-seed random differential case.
random_0943,24,729fc00c1771308e66cc32ccda2438bf36359cce3c23b5e4abb07702d20494b4,729fc00c1771308e66cc32ccda2438bf36359cce3c23b5e4abb07702d20494b4,true,true,true,true,true,true,true,true,true,true,true,13,13,Fixed-seed random differential case.
random_0944,34,e38c454ac8670b515d280e8f24b1c74b30d988e66cdaf82c22937cc54f945ed3,e38c454ac8670b515d280e8f24b1c74b30d988e66cdaf82c22937cc54f945ed3,true,true,true,true,true,true,true,true,true,true,true,10,10,Fixed-seed random differential case.
random_0945,17,1ad0cb3a1e1c0086b28bb8fcd85dc9e9c839019479ffb9fd6dddc498e27a4bef,1ad0cb3a1e1c0086b28bb8fcd85dc9e9c839019479ffb9fd6dddc498e27a4bef,true,true,true,true,true,true,true,true,true,true,true,7,7,Fixed-seed random differential case.
random_0946,34,c647e46754ac1fd807b493d41bd56f2f98515709ec585a7d35d7693a8f5384cb,c647e46754ac1fd807b493d41bd56f2f98515709ec585a7d35d7693a8f5384cb,true,true,true,true,true,true,true,true,true,true,true,20,20,Fixed-seed random differential case.
random_0947,34,4b9c282e1e99b7bb551819af21988d2ce4b9fe2ba5c68dd69710fe32982407a7,4b9c282e1e99b7bb551819af21988d2ce4b9fe2ba5c68dd69710fe32982407a7,true,true,true,true,true,true,true,true,true,true,true,16,16,Fixed-seed random differential case.
random_0948,14,dc66f3db3788e905e699661593ef716e88b293e30920872dd83edc15f1e3ba13,dc66f3db3788e905e699661593ef716e88b293e30920872dd83edc15f1e3ba13,true,true,true,true,true,true,true,true,true,true,true,3,3,Fixed-seed random differential case.
random_0949,35,eec6b6e0619c564f67505453a24ecf32feea97f764d655ad4461d8c98634c297,eec6b6e0619c564f67505453a24ecf32feea97f764d655ad4461d8c98634c297,true,true,true,true,true,true,true,true,true,true,true,21,21,Fixed-seed random differential case.
random_0950,14,b13ce9cc483660bc974aa8fd31fc7787f244fa51652ca0efc2933f03ff30ba05,b13ce9cc483660bc974aa8fd31fc7787f244fa51652ca0efc2933f03ff30ba05,true,true,true,true,true,true,true,true,true,true,true,5,5,Fixed-seed random differential case.
random_0951,32,f1ff4f918c922bb9c6e8ea59ab32b1c258226c7549064b0d9bb38364ecfcc81a,f1ff4f918c922bb9c6e8ea59ab32b1c258226c7549064b0d9bb38364ecfcc81a,true,true,true,true,true,true,true,true,true,true,true,15,15,Fixed-seed random differential case.
random_0952,27,ad03a059039d526d805c359d49d6b23154d994d27e4d7e80e7f4e29cb2ead153,ad03a059039d526d805c359d49d6b23154d994d27e4d7e80e7f4e29cb2ead153,true,true,true,true,true,true,true,true,true,true,true,5,5,Fixed-seed random differential case.
random_0953,28,94ab797c05cb325ba16b527a85289315e364f9e3f39daa30613aae0becfee10d,94ab797c05cb325ba16b527a85289315e364f9e3f39daa30613aae0becfee10d,true,true,true,true,true,true,true,true,true,true,true,10,10,Fixed-seed random differential case.
random_0954,9,d0c1d8976a21490b7da714a17e88a7528cecf89e1ff86a9b8fe69eaee5f5e512,d0c1d8976a21490b7da714a17e88a7528cecf89e1ff86a9b8fe69eaee5f5e512,true,true,true,true,true,true,true,true,true,true,true,2,2,Fixed-seed random differential case.
random_0955,16,435e863e3825043d8e04e310de7b233946a00fc028a29e5312dfcfa9693379f0,435e863e3825043d8e04e310de7b233946a00fc028a29e5312dfcfa9693379f0,true,true,true,true,true,true,true,true,true,true,true,1,1,Fixed-seed random differential case.
random_0956,30,1ef4b4583f28bc701ddfe9ec740ab226619b474fb3ef33882db342137aba193f,1ef4b4583f28bc701ddfe9ec740ab226619b474fb3ef33882db342137aba193f,true,true,true,true,true,true,true,true,true,true,true,9,9,Fixed-seed random differential case.
random_0957,19,57ec8629ef63a2cb710bdf9cdba4b70383392305c12b7d504974593d4d528744,57ec8629ef63a2cb710bdf9cdba4b70383392305c12b7d504974593d4d528744,true,true,true,true,true,true,true,true,true,true,true,3,3,Fixed-seed random differential case.
random_0958,23,3e8153c0e105f4dc0defed70a62b5bc03a44241e023fe45c343f8020197ffb97,3e8153c0e105f4dc0defed70a62b5bc03a44241e023fe45c343f8020197ffb97,true,true,true,true,true,true,true,true,true,true,true,8,8,Fixed-seed random differential case.
random_0959,35,410e900d4e64920e13626f6df735fbee1f5a26cff4afc2b34e8c2c9e426d069f,410e900d4e64920e13626f6df735fbee1f5a26cff4afc2b34e8c2c9e426d069f,true,true,true,true,true,true,true,true,true,true,true,13,13,Fixed-seed random differential case.
random_0960,23,4a29935345bb035f633d9823c37d0c004f4fd0ca8d021c5a35e6dd70333fdfd1,4a29935345bb035f633d9823c37d0c004f4fd0ca8d021c5a35e6dd70333fdfd1,true,true,true,true,true,true,true,true,true,true,true,10,10,Fixed-seed random differential case.
random_0961,33,c89b46f74adb05f2345fa994b32caf0dbe874115fcd89b1a5441c69aae97d566,c89b46f74adb05f2345fa994b32caf0dbe874115fcd89b1a5441c69aae97d566,true,true,true,true,true,true,true,true,true,true,true,17,17,Fixed-seed random differential case.
random_0962,24,dc24afb069a5e50c9af0a88fa3269caaba4fc604fb1508fbc002fe995bd846e8,dc24afb069a5e50c9af0a88fa3269caaba4fc604fb1508fbc002fe995bd846e8,true,true,true,true,true,true,true,true,true,true,true,12,12,Fixed-seed random differential case.
random_0963,13,905a5a307c734011c4d9cbb626633dcb33673c5b2e060b3162da37f7b3266d3d,905a5a307c734011c4d9cbb626633dcb33673c5b2e060b3162da37f7b3266d3d,true,true,true,true,true,true,true,true,true,true,true,6,6,Fixed-seed random differential case.
random_0964,32,60452aab3bb78b98a4087e7c9f988cc28bf66e13770c3f75563ae5e88257895b,60452aab3bb78b98a4087e7c9f988cc28bf66e13770c3f75563ae5e88257895b,true,true,true,true,true,true,true,true,true,true,true,10,10,Fixed-seed random differential case.
random_0965,35,33978bbdf83bef459e70a62940296a95e53b5e04b987eaa74ec26329f37c18fc,33978bbdf83bef459e70a62940296a95e53b5e04b987eaa74ec26329f37c18fc,true,true,true,true,true,true,true,true,true,true,true,10,10,Fixed-seed random differential case.
random_0966,23,4458f2b83176db329a66072fa6518fe001c39f08033b82f503ea24c0513b9258,4458f2b83176db329a66072fa6518fe001c39f08033b82f503ea24c0513b9258,true,true,true,true,true,true,true,true,true,true,true,3,3,Fixed-seed random differential case.
random_0967,23,0678186d844b0ad11d4b45c0144300ae58438e1ca0b85d162fd916b99cf36c59,0678186d844b0ad11d4b45c0144300ae58438e1ca0b85d162fd916b99cf36c59,true,true,true,true,true,true,true,true,true,true,true,11,11,Fixed-seed random differential case.
random_0968,22,ebb7c1909825db4b535a5b9fc79161c5cf155aaae30f1bc62ab462a93feab169,ebb7c1909825db4b535a5b9fc79161c5cf155aaae30f1bc62ab462a93feab169,true,true,true,true,true,true,true,true,true,true,true,14,14,Fixed-seed random differential case.
random_0969,16,b4b2748957dbb4883f5ecef5457487fe4e9121b9697ed16b6ddef0c1d7132499,b4b2748957dbb4883f5ecef5457487fe4e9121b9697ed16b6ddef0c1d7132499,true,true,true,true,true,true,true,true,true,true,true,6,6,Fixed-seed random differential case.
random_0970,23,aaee383c583b39663658e66f789c11b230bd21abe54ae89a0195bdc85c629e49,aaee383c583b39663658e66f789c11b230bd21abe54ae89a0195bdc85c629e49,true,true,true,true,true,true,true,true,true,true,true,8,8,Fixed-seed random differential case.
random_0971,13,7582194a23e2de9ce27ee4230c483e3abc89fa506ecc0b00ca7509d59ab42647,7582194a23e2de9ce27ee4230c483e3abc89fa506ecc0b00ca7509d59ab42647,true,true,true,true,true,true,true,true,true,true,true,4,4,Fixed-seed random differential case.
random_0972,34,6a635397dccfc6dcf9e4a98eb4e0bf053a101ce62cb20d670c92967c19e89ea6,6a635397dccfc6dcf9e4a98eb4e0bf053a101ce62cb20d670c92967c19e89ea6,true,true,true,true,true,true,true,true,true,true,true,6,6,Fixed-seed random differential case.
random_0973,3,62e2eb5bfae6ef9a2cfb06c03249fef9d4cab11d22d0f54d5b85e571bd1f6870,62e2eb5bfae6ef9a2cfb06c03249fef9d4cab11d22d0f54d5b85e571bd1f6870,true,true,true,true,true,true,true,true,true,true,true,1,1,Fixed-seed random differential case.
random_0974,21,b3af591074f52f4287f4d39d3de5971cfa76154368491d16eea08cf1e56e83d8,b3af591074f52f4287f4d39d3de5971cfa76154368491d16eea08cf1e56e83d8,true,true,true,true,true,true,true,true,true,true,true,5,5,Fixed-seed random differential case.
random_0975,28,832507e74d5a270a34f551a3d2609a046c1fdde1d7742ec7ba36765744f15fa2,832507e74d5a270a34f551a3d2609a046c1fdde1d7742ec7ba36765744f15fa2,true,true,true,true,true,true,true,true,true,true,true,16,16,Fixed-seed random differential case.
random_0976,15,ab6935c57d31137e3b5fb37da3c8e0ac772c283d24b532c0dd17d53aa1b10502,ab6935c57d31137e3b5fb37da3c8e0ac772c283d24b532c0dd17d53aa1b10502,true,true,true,true,true,true,true,true,true,true,true,6,6,Fixed-seed random differential case.
random_0977,37,947571ec66c16b5dffb9487ca6b1721cb17218c25f1ab8248225fa6a54f737d2,947571ec66c16b5dffb9487ca6b1721cb17218c25f1ab8248225fa6a54f737d2,true,true,true,true,true,true,true,true,true,true,true,18,18,Fixed-seed random differential case.
random_0978,8,f577a5e49fb2eebdca4983167034755ba4c2fddff55e100a5bdb45a9d83a3780,f577a5e49fb2eebdca4983167034755ba4c2fddff55e100a5bdb45a9d83a3780,true,true,true,true,true,true,true,true,true,true,true,3,3,Fixed-seed random differential case.
random_0979,26,11f6163637f290a148faafd3f306fbe99dc357464e0ce4e08f1f3fd2df9e1c79,11f6163637f290a148faafd3f306fbe99dc357464e0ce4e08f1f3fd2df9e1c79,true,true,true,true,true,true,true,true,true,true,true,11,11,Fixed-seed random differential case.
random_0980,21,072f21ad779de0407a9e90dad4588bb135e4621336f799018f4a2227b9f95902,072f21ad779de0407a9e90dad4588bb135e4621336f799018f4a2227b9f95902,true,true,true,true,true,true,true,true,true,true,true,6,6,Fixed-seed random differential case.
random_0981,20,fe3f37a3aa1639e5e2a0442e75b4a7cb9646734ceb8ea4ef59c76411d6fdcced,fe3f37a3aa1639e5e2a0442e75b4a7cb9646734ceb8ea4ef59c76411d6fdcced,true,true,true,true,true,true,true,true,true,true,true,9,9,Fixed-seed random differential case.
random_0982,15,fb5819456bd7f81181076b76b9009576eed51a2e25cca3253aa3f38284a897b2,fb5819456bd7f81181076b76b9009576eed51a2e25cca3253aa3f38284a897b2,true,true,true,true,true,true,true,true,true,true,true,6,6,Fixed-seed random differential case.
random_0983,7,7294762334dd7521aea6e65555e1a5be01ce9cba1c3b20666a85f7bfcee1aa56,7294762334dd7521aea6e65555e1a5be01ce9cba1c3b20666a85f7bfcee1aa56,true,true,true,true,true,true,true,true,true,true,true,0,0,Fixed-seed random differential case.
random_0984,5,0b8972a1f16c8c810ea28718ccd9bd27f6d84f5bf482542cd2cc550c8c3e1974,0b8972a1f16c8c810ea28718ccd9bd27f6d84f5bf482542cd2cc550c8c3e1974,true,true,true,true,true,true,true,true,true,true,true,1,1,Fixed-seed random differential case.
random_0985,23,3c05d9a120eda060681892e14f8bae22e381cbf90cf638a3035fd7042ee0976e,3c05d9a120eda060681892e14f8bae22e381cbf90cf638a3035fd7042ee0976e,true,true,true,true,true,true,true,true,true,true,true,6,6,Fixed-seed random differential case.
random_0986,22,43d986804535aba1c5afd4366849a9cb26d80ee00e5e8e3e2ba57a7521873a67,43d986804535aba1c5afd4366849a9cb26d80ee00e5e8e3e2ba57a7521873a67,true,true,true,true,true,true,true,true,true,true,true,7,7,Fixed-seed random differential case.
random_0987,40,c9287860a66ab3b4a91ad65122db584c5631280926dcbfe4921ca92afd9d0ae7,c9287860a66ab3b4a91ad65122db584c5631280926dcbfe4921ca92afd9d0ae7,true,true,true,true,true,true,true,true,true,true,true,14,14,Fixed-seed random differential case.
random_0988,28,dda5c894df96dfd3295695868b3c8c15e532ec77ae9e7fee9b4ee248743fa266,dda5c894df96dfd3295695868b3c8c15e532ec77ae9e7fee9b4ee248743fa266,true,true,true,true,true,true,true,true,true,true,true,15,15,Fixed-seed random differential case.
random_0989,19,b8774d5f4b7ee43985b1e666f77149c612a80002bb5b0045fad8516031c0485e,b8774d5f4b7ee43985b1e666f77149c612a80002bb5b0045fad8516031c0485e,true,true,true,true,true,true,true,true,true,true,true,6,6,Fixed-seed random differential case.
random_0990,27,102d27e9611ef282189120ed89a181909ff8fe2a6b9fab57faccd396fc1c6eaf,102d27e9611ef282189120ed89a181909ff8fe2a6b9fab57faccd396fc1c6eaf,true,true,true,true,true,true,true,true,true,true,true,8,8,Fixed-seed random differential case.
random_0991,25,24666197d145d5081f946b0b64917435767219ad9e302487c9c75ba61de19d40,24666197d145d5081f946b0b64917435767219ad9e302487c9c75ba61de19d40,true,true,true,true,true,true,true,true,true,true,true,14,14,Fixed-seed random differential case.
random_0992,13,cc04361a7a12bc98be350c7892a25bbc6e15fbeedc988ec2f7968f342b3bfdce,cc04361a7a12bc98be350c7892a25bbc6e15fbeedc988ec2f7968f342b3bfdce,true,true,true,true,true,true,true,true,true,true,true,7,7,Fixed-seed random differential case.
random_0993,26,e90e532ecfd94b448771726e7018414256fd8fae8ec4365ab36d490d192e078c,e90e532ecfd94b448771726e7018414256fd8fae8ec4365ab36d490d192e078c,true,true,true,true,true,true,true,true,true,true,true,11,11,Fixed-seed random differential case.
random_0994,17,b6f30add6388bdacb465b8c8bd531785946fcdc2ee7293101670f4f39cb732c7,b6f30add6388bdacb465b8c8bd531785946fcdc2ee7293101670f4f39cb732c7,true,true,true,true,true,true,true,true,true,true,true,7,7,Fixed-seed random differential case.
random_0995,18,a3df6190f10fdd1289ecc7a0ba12bd700d249f069dfc776cc16c4bf83d7c09d2,a3df6190f10fdd1289ecc7a0ba12bd700d249f069dfc776cc16c4bf83d7c09d2,true,true,true,true,true,true,true,true,true,true,true,3,3,Fixed-seed random differential case.
random_0996,17,2ba041a896d7e6ee488b8eb25f15263db406082d050e0436a30f526407b8d3de,2ba041a896d7e6ee488b8eb25f15263db406082d050e0436a30f526407b8d3de,true,true,true,true,true,true,true,true,true,true,true,4,4,Fixed-seed random differential case.
random_0997,22,2b5efba2a71bcc829266367dad4f608d8517c062d14d5b37a0b352ea955ff9f8,2b5efba2a71bcc829266367dad4f608d8517c062d14d5b37a0b352ea955ff9f8,true,true,true,true,true,true,true,true,true,true,true,1,1,Fixed-seed random differential case.
random_0998,35,8147e17c0c9e3fd420a1aa405fcfa20f1d03c1cb6b0cb997ddc59ff31b7c39b9,8147e17c0c9e3fd420a1aa405fcfa20f1d03c1cb6b0cb997ddc59ff31b7c39b9,true,true,true,true,true,true,true,true,true,true,true,14,14,Fixed-seed random differential case.
random_0999,15,a8437fbdbb25e7c9292c2ff5c42ff1b59e0eab2200f6bce0eae5903e4e9404a9,a8437fbdbb25e7c9292c2ff5c42ff1b59e0eab2200f6bce0eae5903e4e9404a9,true,true,true,true,true,true,true,true,true,true,true,5,5,Fixed-seed random differential case.
random_1000,30,3d88051c18e2965756520b59e11600983a7f1aa96a3fcaf3d35bbb2bef5de0cf,3d88051c18e2965756520b59e11600983a7f1aa96a3fcaf3d35bbb2bef5de0cf,true,true,true,true,true,true,true,true,true,true,true,15,15,Fixed-seed random differential case.
