experiment,source_file,group_json,metric,n_total,n_success,n_numeric,success_rate,mean,median,sample_sd,p95_nearest_rank,mean_ci95_lower,mean_ci95_upper,t_critical_975,minimum,maximum
E1_preprocessing,fig3_preprocessing_statistics.csv,"{""batch_size"":""10""}",descriptor_hash_ms,100,100,100,1.000000000,0.005667200,0.000000000,0.017325052,0.050135000,0.002229534,0.009104866,1.984216935,0.000000000,0.074225000
E1_preprocessing,fig3_preprocessing_statistics.csv,"{""batch_size"":""10""}",batch_hash_ms,100,100,100,1.000000000,0.008060300,0.000000000,0.019813748,0.050720000,0.004128822,0.011991778,1.984216935,0.000000000,0.075275000
E1_preprocessing,fig3_preprocessing_statistics.csv,"{""batch_size"":""10""}",signature_generate_ms,100,100,100,1.000000000,0.029939850,0.040252500,0.029015027,0.075200000,0.024182639,0.035697061,1.984216935,0.000000000,0.100975000
E1_preprocessing,fig3_preprocessing_statistics.csv,"{""batch_size"":""10""}",signature_verify_ms,100,100,100,1.000000000,0.102317000,0.100100000,0.028335031,0.150025000,0.096694715,0.107939285,1.984216935,0.049930000,0.175760000
E1_preprocessing,fig3_preprocessing_statistics.csv,"{""batch_size"":""10""}",total_preprocess_ms,100,100,100,1.000000000,0.043667350,0.050010000,0.025957196,0.075275000,0.038516879,0.048817821,1.984216935,0.000000000,0.100975000
E1_preprocessing,fig3_preprocessing_statistics.csv,"{""batch_size"":""10""}",pipeline_with_verification_ms,100,100,100,1.000000000,0.145984350,0.149987500,0.032136606,0.200940000,0.139607750,0.152360950,1.984216935,0.092335000,0.235125000
E1_preprocessing,fig3_preprocessing_statistics.csv,"{""batch_size"":""10""}",signature_der_bytes,100,100,100,1.000000000,70.940000000,71.000000000,0.736082999,72.000000000,70.793945165,71.086054835,1.984216935,70.000000000,72.000000000
E1_preprocessing,fig3_preprocessing_statistics.csv,"{""batch_size"":""100""}",descriptor_hash_ms,100,100,100,1.000000000,0.073541700,0.061255000,0.027313741,0.115165000,0.068122061,0.078961339,1.984216935,0.000000000,0.150525000
E1_preprocessing,fig3_preprocessing_statistics.csv,"{""batch_size"":""100""}",batch_hash_ms,100,100,100,1.000000000,0.051204700,0.050355000,0.024963723,0.100070000,0.046251356,0.056158044,1.984216935,0.000000000,0.115525000
E1_preprocessing,fig3_preprocessing_statistics.csv,"{""batch_size"":""100""}",signature_generate_ms,100,100,100,1.000000000,0.076630950,0.075290000,0.028441485,0.125440000,0.070987542,0.082274358,1.984216935,0.000000000,0.139070000
E1_preprocessing,fig3_preprocessing_statistics.csv,"{""batch_size"":""100""}",signature_verify_ms,100,100,100,1.000000000,0.275048900,0.271322500,0.038853429,0.347720000,0.267339537,0.282758263,1.984216935,0.199740000,0.426955000
E1_preprocessing,fig3_preprocessing_statistics.csv,"{""batch_size"":""100""}",total_preprocess_ms,100,100,100,1.000000000,0.201377350,0.204330000,0.031601661,0.250515000,0.195106895,0.207647805,1.984216935,0.136580000,0.277785000
E1_preprocessing,fig3_preprocessing_statistics.csv,"{""batch_size"":""100""}",pipeline_with_verification_ms,100,100,100,1.000000000,0.476426250,0.472600000,0.046492064,0.571400000,0.467201216,0.485651284,1.984216935,0.400360000,0.659340000
E1_preprocessing,fig3_preprocessing_statistics.csv,"{""batch_size"":""100""}",signature_der_bytes,100,100,100,1.000000000,71.080000000,71.000000000,0.720269310,72.000000000,70.937082944,71.222917056,1.984216935,70.000000000,72.000000000
E1_preprocessing,fig3_preprocessing_statistics.csv,"{""batch_size"":""1000""}",descriptor_hash_ms,100,100,100,1.000000000,0.731968100,0.717200000,0.085573725,0.862950000,0.714988417,0.748947783,1.984216935,0.572790000,1.107810000
E1_preprocessing,fig3_preprocessing_statistics.csv,"{""batch_size"":""1000""}",batch_hash_ms,100,100,100,1.000000000,0.503508700,0.488297500,0.072919302,0.596915000,0.489039929,0.517977471,1.984216935,0.391665000,0.905775000
E1_preprocessing,fig3_preprocessing_statistics.csv,"{""batch_size"":""1000""}",signature_generate_ms,100,100,100,1.000000000,0.533483250,0.523615000,0.071349124,0.651115000,0.519326036,0.547640464,1.984216935,0.411075000,0.908555000
E1_preprocessing,fig3_preprocessing_statistics.csv,"{""batch_size"":""1000""}",signature_verify_ms,100,100,100,1.000000000,1.915805200,1.872662500,0.188856306,2.246500000,1.878332012,1.953278388,1.984216935,1.708170000,2.986455000
E1_preprocessing,fig3_preprocessing_statistics.csv,"{""batch_size"":""1000""}",total_preprocess_ms,100,100,100,1.000000000,1.768960050,1.719720000,0.182747421,2.146605000,1.732698997,1.805221103,1.984216935,1.530455000,2.564695000
E1_preprocessing,fig3_preprocessing_statistics.csv,"{""batch_size"":""1000""}",pipeline_with_verification_ms,100,100,100,1.000000000,3.684765250,3.586977500,0.338128693,4.218365000,3.617673182,3.751857318,1.984216935,3.279010000,5.551150000
E1_preprocessing,fig3_preprocessing_statistics.csv,"{""batch_size"":""1000""}",signature_der_bytes,100,100,100,1.000000000,71.030000000,71.000000000,0.702880078,72.000000000,70.890533345,71.169466655,1.984216935,70.000000000,72.000000000
E1_preprocessing,fig3_preprocessing_statistics.csv,"{""batch_size"":""50""}",descriptor_hash_ms,100,100,100,1.000000000,0.046827800,0.050315000,0.025728558,0.075815000,0.041722696,0.051932904,1.984216935,0.000000000,0.113460000
E1_preprocessing,fig3_preprocessing_statistics.csv,"{""batch_size"":""50""}",batch_hash_ms,100,100,100,1.000000000,0.024153600,0.012590000,0.026227915,0.063220000,0.018949413,0.029357787,1.984216935,0.000000000,0.084360000
E1_preprocessing,fig3_preprocessing_statistics.csv,"{""batch_size"":""50""}",signature_generate_ms,100,100,100,1.000000000,0.055564700,0.050727500,0.027722916,0.100755000,0.050063872,0.061065528,1.984216935,0.000000000,0.150320000
E1_preprocessing,fig3_preprocessing_statistics.csv,"{""batch_size"":""50""}",signature_verify_ms,100,100,100,1.000000000,0.192125850,0.184490000,0.033274802,0.252445000,0.185523407,0.198728293,1.984216935,0.115745000,0.314205000
E1_preprocessing,fig3_preprocessing_statistics.csv,"{""batch_size"":""50""}",total_preprocess_ms,100,100,100,1.000000000,0.126546100,0.123125000,0.037697451,0.191045000,0.119066108,0.134026092,1.984216935,0.050165000,0.263780000
E1_preprocessing,fig3_preprocessing_statistics.csv,"{""batch_size"":""50""}",pipeline_with_verification_ms,100,100,100,1.000000000,0.318671950,0.312882500,0.047415782,0.407080000,0.309263630,0.328080270,1.984216935,0.220040000,0.448455000
E1_preprocessing,fig3_preprocessing_statistics.csv,"{""batch_size"":""50""}",signature_der_bytes,100,100,100,1.000000000,71.110000000,71.000000000,0.694785775,72.000000000,70.972139430,71.247860570,1.984216935,70.000000000,72.000000000
E1_preprocessing,fig3_preprocessing_statistics.csv,"{""batch_size"":""500""}",descriptor_hash_ms,100,100,100,1.000000000,0.363544300,0.356690000,0.046026854,0.459175000,0.354411574,0.372677026,1.984216935,0.261985000,0.509175000
E1_preprocessing,fig3_preprocessing_statistics.csv,"{""batch_size"":""500""}",batch_hash_ms,100,100,100,1.000000000,0.244036900,0.240682500,0.031974949,0.301450000,0.237692376,0.250381424,1.984216935,0.175675000,0.341905000
E1_preprocessing,fig3_preprocessing_statistics.csv,"{""batch_size"":""500""}",signature_generate_ms,100,100,100,1.000000000,0.278508600,0.277205000,0.041614596,0.352180000,0.270251361,0.286765839,1.984216935,0.193480000,0.403520000
E1_preprocessing,fig3_preprocessing_statistics.csv,"{""batch_size"":""500""}",signature_verify_ms,100,100,100,1.000000000,0.967104600,0.950312500,0.082475717,1.112080000,0.950739629,0.983469571,1.984216935,0.845120000,1.387705000
E1_preprocessing,fig3_preprocessing_statistics.csv,"{""batch_size"":""500""}",total_preprocess_ms,100,100,100,1.000000000,0.886089800,0.870935000,0.081795446,1.028535000,0.869859809,0.902319791,1.984216935,0.714195000,1.080505000
E1_preprocessing,fig3_preprocessing_statistics.csv,"{""batch_size"":""500""}",pipeline_with_verification_ms,100,100,100,1.000000000,1.853194400,1.831890000,0.140872833,2.139340000,1.825242174,1.881146626,1.984216935,1.624845000,2.416240000
E1_preprocessing,fig3_preprocessing_statistics.csv,"{""batch_size"":""500""}",signature_der_bytes,100,100,100,1.000000000,71.020000000,71.000000000,0.738275359,72.000000000,70.873510153,71.166489847,1.984216935,70.000000000,72.000000000
E2_accumulator,fig3_accumulator_scale_statistics.csv,"{""user_count"":""100"",""operation"":""hash_to_prime"",""layer"":""global"",""unit"":""ms""}",value,30,30,30,1.000000000,2.030190000,2.001550000,1.078997060,3.858300000,1.627286326,2.433093674,2.045227358,0.517000000,5.486400000
E2_accumulator,fig3_accumulator_scale_statistics.csv,"{""user_count"":""100"",""operation"":""hash_to_prime"",""layer"":""regional"",""unit"":""ms""}",value,30,30,30,1.000000000,2.441426667,2.008500000,1.481650239,5.649800000,1.888169993,2.994683340,2.045227358,0.503800000,7.446500000
E2_accumulator,fig3_accumulator_scale_statistics.csv,"{""user_count"":""100"",""operation"":""member_addition"",""layer"":""global"",""unit"":""ms""}",value,30,30,30,1.000000000,1.637903333,1.515550000,0.546622443,2.509700000,1.433791386,1.842015280,2.045227358,0.530300000,2.513100000
E2_accumulator,fig3_accumulator_scale_statistics.csv,"{""user_count"":""100"",""operation"":""member_addition"",""layer"":""regional"",""unit"":""ms""}",value,30,30,30,1.000000000,1.854623333,1.981250000,0.720612997,2.799600000,1.585542319,2.123704348,2.045227358,0.998800000,4.452800000
E2_accumulator,fig3_accumulator_scale_statistics.csv,"{""user_count"":""100"",""operation"":""membership_claim_json_size"",""layer"":""two_layer"",""unit"":""bytes""}",value,30,30,30,1.000000000,1920.000000000,1920.000000000,0.000000000,1920.000000000,1920.000000000,1920.000000000,2.045227358,1920.000000000,1920.000000000
E2_accumulator,fig3_accumulator_scale_statistics.csv,"{""user_count"":""100"",""operation"":""membership_verification"",""layer"":""global"",""unit"":""ms""}",value,30,30,30,1.000000000,1.749226667,1.983050000,0.485243911,2.364100000,1.568033815,1.930419518,2.045227358,0.999800000,3.023600000
E2_accumulator,fig3_accumulator_scale_statistics.csv,"{""user_count"":""100"",""operation"":""membership_verification"",""layer"":""regional"",""unit"":""ms""}",value,30,30,30,1.000000000,1.688473333,1.560900000,0.583286769,2.501300000,1.470670717,1.906275949,2.045227358,0.519900000,2.866600000
E2_accumulator,fig3_accumulator_scale_statistics.csv,"{""user_count"":""100"",""operation"":""public_accumulator_state_json_size"",""layer"":""two_layer"",""unit"":""bytes""}",value,30,30,30,1.000000000,11550.000000000,11550.000000000,0.000000000,11550.000000000,11550.000000000,11550.000000000,2.045227358,11550.000000000,11550.000000000
E2_accumulator,fig3_accumulator_scale_statistics.csv,"{""user_count"":""100"",""operation"":""revocation"",""layer"":""global"",""unit"":""ms""}",value,30,30,30,1.000000000,47.947893333,45.867350000,6.915854113,62.048000000,45.365473851,50.530312816,2.045227358,38.970300000,69.809500000
E2_accumulator,fig3_accumulator_scale_statistics.csv,"{""user_count"":""100"",""operation"":""revocation"",""layer"":""regional"",""unit"":""ms""}",value,30,30,30,1.000000000,47.638840000,47.789300000,5.821583168,59.264400000,45.465027547,49.812652453,2.045227358,39.730900000,60.074800000
E2_accumulator,fig3_accumulator_scale_statistics.csv,"{""user_count"":""100"",""operation"":""single_witness_refresh_after_revocation"",""layer"":""global"",""unit"":""ms""}",value,30,30,30,1.000000000,45.887586667,46.558950000,4.258279538,52.620400000,44.297520731,47.477652602,2.045227358,38.657500000,57.090200000
E2_accumulator,fig3_accumulator_scale_statistics.csv,"{""user_count"":""100"",""operation"":""single_witness_refresh_after_revocation"",""layer"":""regional"",""unit"":""ms""}",value,30,30,30,1.000000000,46.519906667,45.426500000,5.042306720,57.405300000,44.637080497,48.402732836,2.045227358,38.564200000,58.735700000
E2_accumulator,fig3_accumulator_scale_statistics.csv,"{""user_count"":""100"",""operation"":""two_layer_claim_generation"",""layer"":""two_layer"",""unit"":""ms""}",value,30,30,30,1.000000000,96.183036667,93.893700000,8.265100155,112.770700000,93.096800995,99.269272339,2.045227358,83.826300000,114.262400000
E2_accumulator,fig3_accumulator_scale_statistics.csv,"{""user_count"":""100"",""operation"":""two_layer_hash_to_prime"",""layer"":""two_layer"",""unit"":""ms""}",value,30,30,30,1.000000000,4.471616667,4.191800000,1.843805445,8.158300000,3.783129167,5.160104166,2.045227358,2.137000000,9.750900000
E2_accumulator,fig3_accumulator_scale_statistics.csv,"{""user_count"":""100"",""operation"":""two_layer_member_addition"",""layer"":""two_layer"",""unit"":""ms""}",value,30,30,30,1.000000000,3.492526667,3.433650000,0.891646461,4.950400000,3.159580778,3.825472555,2.045227358,2.442500000,6.601900000
E2_accumulator,fig3_accumulator_scale_statistics.csv,"{""user_count"":""100"",""operation"":""two_layer_membership_verification"",""layer"":""two_layer"",""unit"":""ms""}",value,30,30,30,1.000000000,3.437700000,3.519600000,0.861873537,4.968500000,3.115871491,3.759528509,2.045227358,2.002100000,5.524900000
E2_accumulator,fig3_accumulator_scale_statistics.csv,"{""user_count"":""100"",""operation"":""two_layer_revocation"",""layer"":""two_layer"",""unit"":""ms""}",value,30,30,30,1.000000000,95.586733333,95.924650000,11.031187154,114.166600000,91.467624955,99.705841712,2.045227358,78.701200000,126.808600000
E2_accumulator,fig3_accumulator_scale_statistics.csv,"{""user_count"":""100"",""operation"":""two_layer_single_witness_refresh_after_revocation"",""layer"":""two_layer"",""unit"":""ms""}",value,30,30,30,1.000000000,92.407493333,91.392850000,8.108530326,108.370200000,89.379721731,95.435264936,2.045227358,78.413400000,111.356100000
E2_accumulator,fig3_accumulator_scale_statistics.csv,"{""user_count"":""100"",""operation"":""witness_generation"",""layer"":""global"",""unit"":""ms""}",value,30,30,30,1.000000000,47.718696667,46.781650000,5.813173131,58.660100000,45.548024570,49.889368763,2.045227358,38.715000000,63.811500000
E2_accumulator,fig3_accumulator_scale_statistics.csv,"{""user_count"":""100"",""operation"":""witness_generation"",""layer"":""regional"",""unit"":""ms""}",value,30,30,30,1.000000000,48.464340000,47.426950000,4.981952309,59.682100000,46.604050513,50.324629487,2.045227358,40.641800000,60.910500000
E2_accumulator,fig3_accumulator_scale_statistics.csv,"{""user_count"":""1000"",""operation"":""hash_to_prime"",""layer"":""global"",""unit"":""ms""}",value,30,30,30,1.000000000,1.900973333,1.378450000,1.165556541,4.021300000,1.465747854,2.336198812,2.045227358,0.505000000,4.583500000
E2_accumulator,fig3_accumulator_scale_statistics.csv,"{""user_count"":""1000"",""operation"":""hash_to_prime"",""layer"":""regional"",""unit"":""ms""}",value,30,30,30,1.000000000,2.199180000,2.006200000,1.192060044,5.036100000,1.754057961,2.644302039,2.045227358,0.000000000,5.620500000
E2_accumulator,fig3_accumulator_scale_statistics.csv,"{""user_count"":""1000"",""operation"":""member_addition"",""layer"":""global"",""unit"":""ms""}",value,30,30,30,1.000000000,1.510490000,1.358050000,0.668870112,2.986900000,1.260730074,1.760249926,2.045227358,0.505900000,3.018700000
E2_accumulator,fig3_accumulator_scale_statistics.csv,"{""user_count"":""1000"",""operation"":""member_addition"",""layer"":""regional"",""unit"":""ms""}",value,30,30,30,1.000000000,1.650080000,1.510950000,0.559982500,2.587400000,1.440979332,1.859180668,2.045227358,0.996200000,2.775600000
E2_accumulator,fig3_accumulator_scale_statistics.csv,"{""user_count"":""1000"",""operation"":""membership_claim_json_size"",""layer"":""two_layer"",""unit"":""bytes""}",value,30,30,30,1.000000000,1922.000000000,1922.000000000,0.000000000,1922.000000000,1922.000000000,1922.000000000,2.045227358,1922.000000000,1922.000000000
E2_accumulator,fig3_accumulator_scale_statistics.csv,"{""user_count"":""1000"",""operation"":""membership_verification"",""layer"":""global"",""unit"":""ms""}",value,30,30,30,1.000000000,1.587236667,1.475900000,0.617328868,2.586700000,1.356722537,1.817750797,2.045227358,0.999500000,3.617200000
E2_accumulator,fig3_accumulator_scale_statistics.csv,"{""user_count"":""1000"",""operation"":""membership_verification"",""layer"":""regional"",""unit"":""ms""}",value,30,30,30,1.000000000,1.646856667,1.735800000,0.710924099,2.849600000,1.381393542,1.912319792,2.045227358,0.000000000,3.111800000
E2_accumulator,fig3_accumulator_scale_statistics.csv,"{""user_count"":""1000"",""operation"":""public_accumulator_state_json_size"",""layer"":""two_layer"",""unit"":""bytes""}",value,30,30,30,1.000000000,94352.000000000,94352.000000000,0.000000000,94352.000000000,94352.000000000,94352.000000000,2.045227358,94352.000000000,94352.000000000
E2_accumulator,fig3_accumulator_scale_statistics.csv,"{""user_count"":""1000"",""operation"":""revocation"",""layer"":""global"",""unit"":""ms""}",value,30,30,30,1.000000000,422.338210000,416.478900000,20.530180769,465.877000000,414.672123074,430.004296926,2.045227358,399.902200000,482.144300000
E2_accumulator,fig3_accumulator_scale_statistics.csv,"{""user_count"":""1000"",""operation"":""revocation"",""layer"":""regional"",""unit"":""ms""}",value,30,30,30,1.000000000,421.991706667,416.874050000,19.953396066,471.400000000,414.540994448,429.442418886,2.045227358,400.969200000,473.183400000
E2_accumulator,fig3_accumulator_scale_statistics.csv,"{""user_count"":""1000"",""operation"":""single_witness_refresh_after_revocation"",""layer"":""global"",""unit"":""ms""}",value,30,30,30,1.000000000,425.222710000,416.870200000,28.140008144,476.129000000,414.715070006,435.730349994,2.045227358,391.833600000,512.136200000
E2_accumulator,fig3_accumulator_scale_statistics.csv,"{""user_count"":""1000"",""operation"":""single_witness_refresh_after_revocation"",""layer"":""regional"",""unit"":""ms""}",value,30,30,30,1.000000000,420.605890000,417.443500000,28.110323689,463.067500000,410.109334351,431.102445649,2.045227358,394.471900000,552.162800000
E2_accumulator,fig3_accumulator_scale_statistics.csv,"{""user_count"":""1000"",""operation"":""two_layer_claim_generation"",""layer"":""two_layer"",""unit"":""ms""}",value,30,30,30,1.000000000,839.448826667,833.361750000,22.399827580,877.455700000,831.084602927,847.813050406,2.045227358,810.024200000,884.448800000
E2_accumulator,fig3_accumulator_scale_statistics.csv,"{""user_count"":""1000"",""operation"":""two_layer_hash_to_prime"",""layer"":""two_layer"",""unit"":""ms""}",value,30,30,30,1.000000000,4.100153333,4.066650000,1.382742922,7.009500000,3.583829217,4.616477449,2.045227358,2.017400000,7.029200000
E2_accumulator,fig3_accumulator_scale_statistics.csv,"{""user_count"":""1000"",""operation"":""two_layer_member_addition"",""layer"":""two_layer"",""unit"":""ms""}",value,30,30,30,1.000000000,3.160570000,3.045500000,0.781980397,4.143700000,2.868574047,3.452565953,2.045227358,1.996100000,5.606100000
E2_accumulator,fig3_accumulator_scale_statistics.csv,"{""user_count"":""1000"",""operation"":""two_layer_membership_verification"",""layer"":""two_layer"",""unit"":""ms""}",value,30,30,30,1.000000000,3.234093333,3.019800000,0.889858408,4.758000000,2.901815114,3.566371553,2.045227358,1.998700000,5.378000000
E2_accumulator,fig3_accumulator_scale_statistics.csv,"{""user_count"":""1000"",""operation"":""two_layer_revocation"",""layer"":""two_layer"",""unit"":""ms""}",value,30,30,30,1.000000000,844.329916667,835.837200000,34.317732854,923.870700000,831.515478931,857.144354402,2.045227358,808.245400000,953.544300000
E2_accumulator,fig3_accumulator_scale_statistics.csv,"{""user_count"":""1000"",""operation"":""two_layer_single_witness_refresh_after_revocation"",""layer"":""two_layer"",""unit"":""ms""}",value,30,30,30,1.000000000,845.828600000,836.015550000,49.601169482,911.359300000,827.307239610,864.349960390,2.045227358,791.182000000,1064.299000000
E2_accumulator,fig3_accumulator_scale_statistics.csv,"{""user_count"":""1000"",""operation"":""witness_generation"",""layer"":""global"",""unit"":""ms""}",value,30,30,30,1.000000000,418.511136667,414.806350000,14.862593731,447.761200000,412.961359158,424.060914176,2.045227358,402.358200000,457.156400000
E2_accumulator,fig3_accumulator_scale_statistics.csv,"{""user_count"":""1000"",""operation"":""witness_generation"",""layer"":""regional"",""unit"":""ms""}",value,30,30,30,1.000000000,420.937690000,415.253200000,17.845651445,456.944600000,414.274021678,427.601358322,2.045227358,394.993500000,469.243400000
E2_accumulator,fig3_accumulator_scale_statistics.csv,"{""user_count"":""500"",""operation"":""hash_to_prime"",""layer"":""global"",""unit"":""ms""}",value,30,30,30,1.000000000,2.105336667,1.998000000,1.183828328,4.142000000,1.663288398,2.547384935,2.045227358,0.997000000,6.072900000
E2_accumulator,fig3_accumulator_scale_statistics.csv,"{""user_count"":""500"",""operation"":""hash_to_prime"",""layer"":""regional"",""unit"":""ms""}",value,30,30,30,1.000000000,2.008020000,1.999600000,0.697670998,3.010400000,1.747505659,2.268534341,2.045227358,0.996300000,3.522900000
E2_accumulator,fig3_accumulator_scale_statistics.csv,"{""user_count"":""500"",""operation"":""member_addition"",""layer"":""global"",""unit"":""ms""}",value,30,30,30,1.000000000,1.849776667,1.775400000,0.713961271,3.297300000,1.583179444,2.116373889,2.045227358,0.998400000,3.519000000
E2_accumulator,fig3_accumulator_scale_statistics.csv,"{""user_count"":""500"",""operation"":""member_addition"",""layer"":""regional"",""unit"":""ms""}",value,30,30,30,1.000000000,1.914003333,2.004300000,0.663317360,3.353700000,1.666316837,2.161689830,2.045227358,0.998900000,3.469500000
E2_accumulator,fig3_accumulator_scale_statistics.csv,"{""user_count"":""500"",""operation"":""membership_claim_json_size"",""layer"":""two_layer"",""unit"":""bytes""}",value,30,30,30,1.000000000,1920.000000000,1920.000000000,0.000000000,1920.000000000,1920.000000000,1920.000000000,2.045227358,1920.000000000,1920.000000000
E2_accumulator,fig3_accumulator_scale_statistics.csv,"{""user_count"":""500"",""operation"":""membership_verification"",""layer"":""global"",""unit"":""ms""}",value,30,30,30,1.000000000,1.692560000,1.641850000,0.550668896,2.531400000,1.486937084,1.898182916,2.045227358,0.995900000,3.000100000
E2_accumulator,fig3_accumulator_scale_statistics.csv,"{""user_count"":""500"",""operation"":""membership_verification"",""layer"":""regional"",""unit"":""ms""}",value,30,30,30,1.000000000,1.796116667,1.921750000,0.641394531,2.631500000,1.556616280,2.035617053,2.045227358,0.507900000,3.328700000
E2_accumulator,fig3_accumulator_scale_statistics.csv,"{""user_count"":""500"",""operation"":""public_accumulator_state_json_size"",""layer"":""two_layer"",""unit"":""bytes""}",value,30,30,30,1.000000000,48350.000000000,48350.000000000,0.000000000,48350.000000000,48350.000000000,48350.000000000,2.045227358,48350.000000000,48350.000000000
E2_accumulator,fig3_accumulator_scale_statistics.csv,"{""user_count"":""500"",""operation"":""revocation"",""layer"":""global"",""unit"":""ms""}",value,30,30,30,1.000000000,235.624886667,232.594050000,20.456398424,287.809600000,227.986350490,243.263422843,2.045227358,207.851700000,301.437700000
E2_accumulator,fig3_accumulator_scale_statistics.csv,"{""user_count"":""500"",""operation"":""revocation"",""layer"":""regional"",""unit"":""ms""}",value,30,30,30,1.000000000,232.528660000,233.271700000,13.227992149,254.592800000,227.589252071,237.468067929,2.045227358,211.264600000,259.013900000
E2_accumulator,fig3_accumulator_scale_statistics.csv,"{""user_count"":""500"",""operation"":""single_witness_refresh_after_revocation"",""layer"":""global"",""unit"":""ms""}",value,30,30,30,1.000000000,230.333770000,227.894100000,16.585684814,268.607700000,224.140580425,236.526959575,2.045227358,203.356200000,279.245500000
E2_accumulator,fig3_accumulator_scale_statistics.csv,"{""user_count"":""500"",""operation"":""single_witness_refresh_after_revocation"",""layer"":""regional"",""unit"":""ms""}",value,30,30,30,1.000000000,225.514336667,224.175250000,13.463962100,245.069000000,220.486816209,230.541857125,2.045227358,198.566400000,266.986100000
E2_accumulator,fig3_accumulator_scale_statistics.csv,"{""user_count"":""500"",""operation"":""two_layer_claim_generation"",""layer"":""two_layer"",""unit"":""ms""}",value,30,30,30,1.000000000,473.466436667,466.112450000,25.371058212,527.232800000,463.992738415,482.940134918,2.045227358,437.161900000,540.072100000
E2_accumulator,fig3_accumulator_scale_statistics.csv,"{""user_count"":""500"",""operation"":""two_layer_hash_to_prime"",""layer"":""two_layer"",""unit"":""ms""}",value,30,30,30,1.000000000,4.113356667,4.052000000,1.282224417,6.356900000,3.634566735,4.592146598,2.045227358,1.998500000,7.085100000
E2_accumulator,fig3_accumulator_scale_statistics.csv,"{""user_count"":""500"",""operation"":""two_layer_member_addition"",""layer"":""two_layer"",""unit"":""ms""}",value,30,30,30,1.000000000,3.763780000,3.512400000,0.916258881,5.825100000,3.421643693,4.105916307,2.045227358,2.233800000,6.000800000
E2_accumulator,fig3_accumulator_scale_statistics.csv,"{""user_count"":""500"",""operation"":""two_layer_membership_verification"",""layer"":""two_layer"",""unit"":""ms""}",value,30,30,30,1.000000000,3.488676667,3.486900000,0.630539587,4.376000000,3.253229578,3.724123755,2.045227358,1.996800000,4.836100000
E2_accumulator,fig3_accumulator_scale_statistics.csv,"{""user_count"":""500"",""operation"":""two_layer_revocation"",""layer"":""two_layer"",""unit"":""ms""}",value,30,30,30,1.000000000,468.153546667,463.810100000,23.175850044,515.968100000,459.499551701,476.807541633,2.045227358,430.250600000,542.402400000
E2_accumulator,fig3_accumulator_scale_statistics.csv,"{""user_count"":""500"",""operation"":""two_layer_single_witness_refresh_after_revocation"",""layer"":""two_layer"",""unit"":""ms""}",value,30,30,30,1.000000000,455.848106667,450.750750000,23.629081603,509.321400000,447.024872444,464.671340889,2.045227358,414.880100000,535.593800000
E2_accumulator,fig3_accumulator_scale_statistics.csv,"{""user_count"":""500"",""operation"":""witness_generation"",""layer"":""global"",""unit"":""ms""}",value,30,30,30,1.000000000,234.358306667,230.333700000,20.839290279,276.282900000,226.576796481,242.139816852,2.045227358,202.048400000,290.247600000
E2_accumulator,fig3_accumulator_scale_statistics.csv,"{""user_count"":""500"",""operation"":""witness_generation"",""layer"":""regional"",""unit"":""ms""}",value,30,30,30,1.000000000,239.108130000,236.286450000,14.851879854,267.638700000,233.562353114,244.653906886,2.045227358,219.343900000,270.026700000
E2_accumulator,fig3_accumulator_scale_statistics.csv,"{""user_count"":""5000"",""operation"":""hash_to_prime"",""layer"":""global"",""unit"":""ms""}",value,30,30,30,1.000000000,2.447550000,2.091150000,1.276639506,4.931000000,1.970845507,2.924254493,2.045227358,0.994000000,5.031200000
E2_accumulator,fig3_accumulator_scale_statistics.csv,"{""user_count"":""5000"",""operation"":""hash_to_prime"",""layer"":""regional"",""unit"":""ms""}",value,30,30,30,1.000000000,1.926373333,1.998050000,1.050025251,5.018100000,1.534287899,2.318458768,2.045227358,0.999600000,5.060700000
E2_accumulator,fig3_accumulator_scale_statistics.csv,"{""user_count"":""5000"",""operation"":""member_addition"",""layer"":""global"",""unit"":""ms""}",value,30,30,30,1.000000000,1.682176667,1.646750000,0.689836987,3.022100000,1.424587590,1.939765743,2.045227358,0.000000000,3.035800000
E2_accumulator,fig3_accumulator_scale_statistics.csv,"{""user_count"":""5000"",""operation"":""member_addition"",""layer"":""regional"",""unit"":""ms""}",value,30,30,30,1.000000000,1.640160000,1.514750000,0.717899834,2.996700000,1.372092096,1.908227904,2.045227358,0.000000000,3.070900000
E2_accumulator,fig3_accumulator_scale_statistics.csv,"{""user_count"":""5000"",""operation"":""membership_claim_json_size"",""layer"":""two_layer"",""unit"":""bytes""}",value,30,30,30,1.000000000,1922.000000000,1922.000000000,0.000000000,1922.000000000,1922.000000000,1922.000000000,2.045227358,1922.000000000,1922.000000000
E2_accumulator,fig3_accumulator_scale_statistics.csv,"{""user_count"":""5000"",""operation"":""membership_verification"",""layer"":""global"",""unit"":""ms""}",value,30,30,30,1.000000000,1.261276667,1.007200000,0.528068884,2.480300000,1.064092725,1.458460608,2.045227358,0.000000000,2.514600000
E2_accumulator,fig3_accumulator_scale_statistics.csv,"{""user_count"":""5000"",""operation"":""membership_verification"",""layer"":""regional"",""unit"":""ms""}",value,30,30,30,1.000000000,1.634446667,1.505850000,0.770456971,2.587600000,1.346753627,1.922139707,2.045227358,0.996900000,4.540000000
E2_accumulator,fig3_accumulator_scale_statistics.csv,"{""user_count"":""5000"",""operation"":""public_accumulator_state_json_size"",""layer"":""two_layer"",""unit"":""bytes""}",value,30,30,30,1.000000000,462352.000000000,462352.000000000,0.000000000,462352.000000000,462352.000000000,462352.000000000,2.045227358,462352.000000000,462352.000000000
E2_accumulator,fig3_accumulator_scale_statistics.csv,"{""user_count"":""5000"",""operation"":""revocation"",""layer"":""global"",""unit"":""ms""}",value,30,30,30,1.000000000,2046.585826667,2050.454750000,55.023570538,2127.150100000,2026.039710708,2067.131942625,2.045227358,1957.726700000,2187.013900000
E2_accumulator,fig3_accumulator_scale_statistics.csv,"{""user_count"":""5000"",""operation"":""revocation"",""layer"":""regional"",""unit"":""ms""}",value,30,30,30,1.000000000,2071.902390000,2069.045600000,73.461350361,2226.003700000,2044.471501597,2099.333278403,2.045227358,1941.973000000,2228.136200000
E2_accumulator,fig3_accumulator_scale_statistics.csv,"{""user_count"":""5000"",""operation"":""single_witness_refresh_after_revocation"",""layer"":""global"",""unit"":""ms""}",value,30,30,30,1.000000000,2086.472260000,2081.265900000,102.085939138,2263.727900000,2048.352786422,2124.591733578,2.045227358,1945.015100000,2305.241200000
E2_accumulator,fig3_accumulator_scale_statistics.csv,"{""user_count"":""5000"",""operation"":""single_witness_refresh_after_revocation"",""layer"":""regional"",""unit"":""ms""}",value,30,30,30,1.000000000,2058.803866667,2061.956450000,72.664507941,2190.031800000,2031.670523781,2085.937209553,2.045227358,1936.771400000,2193.656700000
E2_accumulator,fig3_accumulator_scale_statistics.csv,"{""user_count"":""5000"",""operation"":""two_layer_claim_generation"",""layer"":""two_layer"",""unit"":""ms""}",value,30,30,30,1.000000000,4134.600716667,4095.429500000,181.112484444,4512.237000000,4066.972279061,4202.229154272,2.045227358,3906.538000000,4635.283300000
E2_accumulator,fig3_accumulator_scale_statistics.csv,"{""user_count"":""5000"",""operation"":""two_layer_hash_to_prime"",""layer"":""two_layer"",""unit"":""ms""}",value,30,30,30,1.000000000,4.373923333,4.173300000,1.580701651,7.006100000,3.783680296,4.964166371,2.045227358,2.001400000,8.108300000
E2_accumulator,fig3_accumulator_scale_statistics.csv,"{""user_count"":""5000"",""operation"":""two_layer_member_addition"",""layer"":""two_layer"",""unit"":""ms""}",value,30,30,30,1.000000000,3.322336667,3.054800000,1.059900804,6.004100000,2.926563644,3.718109689,2.045227358,2.000000000,6.093000000
E2_accumulator,fig3_accumulator_scale_statistics.csv,"{""user_count"":""5000"",""operation"":""two_layer_membership_verification"",""layer"":""two_layer"",""unit"":""ms""}",value,30,30,30,1.000000000,2.895723333,2.683950000,0.797088790,4.075100000,2.598085820,3.193360846,2.045227358,1.998400000,5.538200000
E2_accumulator,fig3_accumulator_scale_statistics.csv,"{""user_count"":""5000"",""operation"":""two_layer_revocation"",""layer"":""two_layer"",""unit"":""ms""}",value,30,30,30,1.000000000,4118.488216667,4110.216600000,110.272611630,4284.909300000,4077.311792755,4159.664640578,2.045227358,3916.509600000,4333.006600000
E2_accumulator,fig3_accumulator_scale_statistics.csv,"{""user_count"":""5000"",""operation"":""two_layer_single_witness_refresh_after_revocation"",""layer"":""two_layer"",""unit"":""ms""}",value,30,30,30,1.000000000,4145.276126667,4165.024650000,153.310257648,4354.125200000,4088.029199568,4202.523053765,2.045227358,3899.492300000,4491.418700000
E2_accumulator,fig3_accumulator_scale_statistics.csv,"{""user_count"":""5000"",""operation"":""witness_generation"",""layer"":""global"",""unit"":""ms""}",value,30,30,30,1.000000000,2056.607393333,2051.870450000,78.225861923,2200.287600000,2027.397409061,2085.817377606,2.045227358,1936.352200000,2243.335000000
E2_accumulator,fig3_accumulator_scale_statistics.csv,"{""user_count"":""5000"",""operation"":""witness_generation"",""layer"":""regional"",""unit"":""ms""}",value,30,30,30,1.000000000,2077.993323333,2054.065200000,119.637170798,2317.344500000,2033.320119466,2122.666527201,2.045227358,1939.260900000,2488.620200000
E3_committee,fig3_committee_process_statistics.csv,"{""orders"":""100"",""committee_size"":""3"",""t_sig"":""2""}",input_encode_ms,30,30,30,1.000000000,0.250046667,0.000000000,0.272015059,0.548100000,0.148474688,0.351618645,2.045227358,0.000000000,0.571300000
E3_committee,fig3_committee_process_statistics.csv,"{""orders"":""100"",""committee_size"":""3"",""t_sig"":""2""}",plaintext_compute_sign_http_ms,30,30,30,1.000000000,5.755576667,5.878500000,0.884995853,7.248900000,5.425114153,6.086039180,2.045227358,4.249700000,7.267800000
E3_committee,fig3_committee_process_statistics.csv,"{""orders"":""100"",""committee_size"":""3"",""t_sig"":""2""}",threshold_response_ms,30,30,30,1.000000000,5.197243333,5.379950000,0.715304648,6.134900000,4.930144486,5.464342180,2.045227358,3.721300000,7.132800000
E3_committee,fig3_committee_process_statistics.csv,"{""orders"":""100"",""committee_size"":""3"",""t_sig"":""2""}",signature_verify_aggregate_ms,30,30,30,1.000000000,8.382696667,8.045450000,1.005363335,10.658000000,8.007288247,8.758105086,2.045227358,6.339800000,11.903400000
E3_committee,fig3_committee_process_statistics.csv,"{""orders"":""100"",""committee_size"":""3"",""t_sig"":""2""}",total_ms,30,30,30,1.000000000,14.388320000,14.002100000,1.550787979,17.780000000,13.809246898,14.967393102,2.045227358,12.316800000,18.941100000
E3_committee,fig3_committee_process_statistics.csv,"{""orders"":""100"",""committee_size"":""3"",""t_sig"":""2""}",request_payload_bytes,30,30,30,1.000000000,60566.500000000,60567.000000000,28.154438616,60606.000000000,60555.986971585,60577.013028415,2.045227358,60519.000000000,60618.000000000
E3_committee,fig3_committee_process_statistics.csv,"{""orders"":""100"",""committee_size"":""3"",""t_sig"":""2""}",response_payload_bytes,30,30,30,1.000000000,492220.000000000,491655.000000000,11049.528655886,507969.000000000,488094.042799614,496345.957200386,2.045227358,471537.000000000,508227.000000000
E3_committee,fig3_committee_process_statistics.csv,"{""orders"":""100"",""committee_size"":""3"",""t_sig"":""2""}",total_payload_bytes,30,30,30,1.000000000,552786.500000000,552229.500000000,11053.816909042,568545.000000000,548658.941541357,556914.058458643,2.045227358,532071.000000000,568830.000000000
E3_committee,fig3_committee_process_statistics.csv,"{""orders"":""100"",""committee_size"":""5"",""t_sig"":""3""}",input_encode_ms,30,30,30,1.000000000,0.121873333,0.000000000,0.224710928,0.526700000,0.037964987,0.205781679,2.045227358,0.000000000,0.529400000
E3_committee,fig3_committee_process_statistics.csv,"{""orders"":""100"",""committee_size"":""5"",""t_sig"":""3""}",plaintext_compute_sign_http_ms,30,30,30,1.000000000,6.179363333,5.981800000,0.890150120,7.129600000,5.846976187,6.511750480,2.045227358,4.999600000,9.930700000
E3_committee,fig3_committee_process_statistics.csv,"{""orders"":""100"",""committee_size"":""5"",""t_sig"":""3""}",threshold_response_ms,30,30,30,1.000000000,5.594743333,5.432050000,0.767601550,7.103000000,5.308116524,5.881370143,2.045227358,4.230900000,7.129600000
E3_committee,fig3_committee_process_statistics.csv,"{""orders"":""100"",""committee_size"":""5"",""t_sig"":""3""}",signature_verify_aggregate_ms,30,30,30,1.000000000,13.150513333,13.193200000,1.230970890,15.079200000,12.690861762,13.610164904,2.045227358,10.994700000,16.431100000
E3_committee,fig3_committee_process_statistics.csv,"{""orders"":""100"",""committee_size"":""5"",""t_sig"":""3""}",total_ms,30,30,30,1.000000000,19.451750000,19.267050000,1.707790864,22.205900000,18.814051123,20.089448877,2.045227358,16.591700000,24.514900000
E3_committee,fig3_committee_process_statistics.csv,"{""orders"":""100"",""committee_size"":""5"",""t_sig"":""3""}",request_payload_bytes,30,30,30,1.000000000,100932.500000000,100942.500000000,70.671044649,101020.000000000,100906.111027709,100958.888972291,2.045227358,100770.000000000,101085.000000000
E3_committee,fig3_committee_process_statistics.csv,"{""orders"":""100"",""committee_size"":""5"",""t_sig"":""3""}",response_payload_bytes,30,30,30,1.000000000,824817.333333333,833400.000000000,24158.958313255,846845.000000000,815796.240116537,833838.426550130,2.045227358,774175.000000000,847075.000000000
E3_committee,fig3_committee_process_statistics.csv,"{""orders"":""100"",""committee_size"":""5"",""t_sig"":""3""}",total_payload_bytes,30,30,30,1.000000000,925749.833333333,934317.500000000,24173.465878055,947930.000000000,916723.322908861,934776.343757805,2.045227358,875185.000000000,948050.000000000
E3_committee,fig3_committee_process_statistics.csv,"{""orders"":""100"",""committee_size"":""7"",""t_sig"":""4""}",input_encode_ms,30,30,30,1.000000000,0.216863333,0.000000000,0.271200730,0.574400000,0.115595429,0.318131237,2.045227358,0.000000000,0.651800000
E3_committee,fig3_committee_process_statistics.csv,"{""orders"":""100"",""committee_size"":""7"",""t_sig"":""4""}",plaintext_compute_sign_http_ms,30,30,30,1.000000000,6.811333333,6.646700000,1.008572282,8.644200000,6.434726674,7.187939992,2.045227358,5.395800000,10.036900000
E3_committee,fig3_committee_process_statistics.csv,"{""orders"":""100"",""committee_size"":""7"",""t_sig"":""4""}",threshold_response_ms,30,30,30,1.000000000,6.039436667,5.593400000,1.127957567,8.644200000,5.618250860,6.460622474,2.045227358,4.820100000,8.833100000
E3_committee,fig3_committee_process_statistics.csv,"{""orders"":""100"",""committee_size"":""7"",""t_sig"":""4""}",signature_verify_aggregate_ms,30,30,30,1.000000000,17.861043333,17.698350000,1.392858157,19.826300000,17.340942131,18.381144536,2.045227358,15.171700000,20.992500000
E3_committee,fig3_committee_process_statistics.csv,"{""orders"":""100"",""committee_size"":""7"",""t_sig"":""4""}",total_ms,30,30,30,1.000000000,24.889240000,24.225750000,2.160498391,28.468500000,24.082497543,25.695982457,2.045227358,21.140400000,30.425200000
E3_committee,fig3_committee_process_statistics.csv,"{""orders"":""100"",""committee_size"":""7"",""t_sig"":""4""}",request_payload_bytes,30,30,30,1.000000000,141345.400000000,141326.500000000,94.119732989,141491.000000000,141310.255153363,141380.544846637,2.045227358,141204.000000000,141540.000000000
E3_committee,fig3_committee_process_statistics.csv,"{""orders"":""100"",""committee_size"":""7"",""t_sig"":""4""}",response_payload_bytes,30,30,30,1.000000000,1151033.066666667,1161468.000000000,29307.185130464,1186185.000000000,1140089.596109876,1161976.537223457,2.045227358,1073933.000000000,1186255.000000000
E3_committee,fig3_committee_process_statistics.csv,"{""orders"":""100"",""committee_size"":""7"",""t_sig"":""4""}",total_payload_bytes,30,30,30,1.000000000,1292378.466666667,1302752.500000000,29338.978880914,1327424.000000000,1281423.124141607,1303333.809191726,2.045227358,1215263.000000000,1327718.000000000
E3_committee,fig3_committee_process_statistics.csv,"{""orders"":""1000"",""committee_size"":""3"",""t_sig"":""2""}",input_encode_ms,30,30,30,1.000000000,1.509280000,1.395450000,0.575807403,2.654200000,1.294270222,1.724289778,2.045227358,0.995400000,3.026800000
E3_committee,fig3_committee_process_statistics.csv,"{""orders"":""1000"",""committee_size"":""3"",""t_sig"":""2""}",plaintext_compute_sign_http_ms,30,30,30,1.000000000,41.123106667,39.948400000,6.000873624,56.132300000,38.882346132,43.363867201,2.045227358,31.823800000,56.639100000
E3_committee,fig3_committee_process_statistics.csv,"{""orders"":""1000"",""committee_size"":""3"",""t_sig"":""2""}",threshold_response_ms,30,30,30,1.000000000,38.457960000,38.610600000,3.683201479,44.036900000,37.082631501,39.833288499,2.045227358,31.823800000,44.254200000
E3_committee,fig3_committee_process_statistics.csv,"{""orders"":""1000"",""committee_size"":""3"",""t_sig"":""2""}",signature_verify_aggregate_ms,30,30,30,1.000000000,69.989883333,67.998800000,7.177706041,82.504000000,67.309686843,72.670079823,2.045227358,61.762400000,97.062800000
E3_committee,fig3_committee_process_statistics.csv,"{""orders"":""1000"",""committee_size"":""3"",""t_sig"":""2""}",total_ms,30,30,30,1.000000000,112.622270000,110.671600000,10.603649271,135.801800000,108.662806712,116.581733288,2.045227358,98.001000000,138.885200000
E3_committee,fig3_committee_process_statistics.csv,"{""orders"":""1000"",""committee_size"":""3"",""t_sig"":""2""}",request_payload_bytes,30,30,30,1.000000000,599625.100000000,599632.500000000,127.946742692,599862.000000000,599577.323954458,599672.876045541,2.045227358,599364.000000000,599901.000000000
E3_committee,fig3_committee_process_statistics.csv,"{""orders"":""1000"",""committee_size"":""3"",""t_sig"":""2""}",response_payload_bytes,30,30,30,1.000000000,5009807.533333333,5002505.000000000,38296.595696127,5059293.000000000,4995507.365454357,5024107.701212309,2.045227358,4927275.000000000,5061177.000000000
E3_committee,fig3_committee_process_statistics.csv,"{""orders"":""1000"",""committee_size"":""3"",""t_sig"":""2""}",total_payload_bytes,30,30,30,1.000000000,5609432.633333334,5602107.500000000,38312.666408692,5659194.000000000,5595126.464558366,5623738.802108302,2.045227358,5526804.000000000,5660814.000000000
E3_committee,fig3_committee_process_statistics.csv,"{""orders"":""1000"",""committee_size"":""5"",""t_sig"":""3""}",input_encode_ms,30,30,30,1.000000000,1.608513333,1.509850000,0.630490770,2.775800000,1.373084474,1.843942193,2.045227358,0.998300000,2.904800000
E3_committee,fig3_committee_process_statistics.csv,"{""orders"":""1000"",""committee_size"":""5"",""t_sig"":""3""}",plaintext_compute_sign_http_ms,30,30,30,1.000000000,53.174870000,51.479150000,6.580512039,65.605000000,50.717669166,55.632070834,2.045227358,41.838700000,66.678100000
E3_committee,fig3_committee_process_statistics.csv,"{""orders"":""1000"",""committee_size"":""5"",""t_sig"":""3""}",threshold_response_ms,30,30,30,1.000000000,48.632250000,47.797050000,5.210249388,58.827900000,46.686713077,50.577786923,2.045227358,40.384000000,62.949700000
E3_committee,fig3_committee_process_statistics.csv,"{""orders"":""1000"",""committee_size"":""5"",""t_sig"":""3""}",signature_verify_aggregate_ms,30,30,30,1.000000000,113.685713333,112.261450000,5.591763048,121.915300000,111.597717028,115.773709639,2.045227358,105.553900000,124.298600000
E3_committee,fig3_committee_process_statistics.csv,"{""orders"":""1000"",""committee_size"":""5"",""t_sig"":""3""}",total_ms,30,30,30,1.000000000,168.469096667,166.517550000,10.320976525,186.754300000,164.615184999,172.323008334,2.045227358,152.018700000,189.226400000
E3_committee,fig3_committee_process_statistics.csv,"{""orders"":""1000"",""committee_size"":""5"",""t_sig"":""3""}",request_payload_bytes,30,30,30,1.000000000,999435.000000000,999437.500000000,199.014814905,999745.000000000,999360.686729804,999509.313270196,2.045227358,999040.000000000,999745.000000000
E3_committee,fig3_committee_process_statistics.csv,"{""orders"":""1000"",""committee_size"":""5"",""t_sig"":""3""}",response_payload_bytes,30,30,30,1.000000000,8351645.333333333,8369625.000000000,62042.473798660,8436895.000000000,8328478.318750950,8374812.347915716,2.045227358,8189105.000000000,8437475.000000000
E3_committee,fig3_committee_process_statistics.csv,"{""orders"":""1000"",""committee_size"":""5"",""t_sig"":""3""}",total_payload_bytes,30,30,30,1.000000000,9351080.333333334,9369147.500000000,62063.382312141,9436515.000000000,9327905.511392426,9374255.155274242,2.045227358,9188230.000000000,9436885.000000000
E3_committee,fig3_committee_process_statistics.csv,"{""orders"":""1000"",""committee_size"":""7"",""t_sig"":""4""}",input_encode_ms,30,30,30,1.000000000,1.619476667,1.720450000,0.533264765,2.522000000,1.420352553,1.818600780,2.045227358,0.998200000,2.620800000
E3_committee,fig3_committee_process_statistics.csv,"{""orders"":""1000"",""committee_size"":""7"",""t_sig"":""4""}",plaintext_compute_sign_http_ms,30,30,30,1.000000000,68.140700000,67.098000000,7.261285382,81.106100000,65.429294506,70.852105494,2.045227358,55.009900000,87.833100000
E3_committee,fig3_committee_process_statistics.csv,"{""orders"":""1000"",""committee_size"":""7"",""t_sig"":""4""}",threshold_response_ms,30,30,30,1.000000000,62.730760000,61.294250000,6.908743441,76.933000000,60.150995683,65.310524317,2.045227358,53.466200000,77.898000000
E3_committee,fig3_committee_process_statistics.csv,"{""orders"":""1000"",""committee_size"":""7"",""t_sig"":""4""}",signature_verify_aggregate_ms,30,30,30,1.000000000,163.320010000,163.831900000,9.916931456,178.785300000,159.616971072,167.023048928,2.045227358,146.415600000,187.955100000
E3_committee,fig3_committee_process_statistics.csv,"{""orders"":""1000"",""committee_size"":""7"",""t_sig"":""4""}",total_ms,30,30,30,1.000000000,233.080186667,229.219000000,15.156656788,264.543800000,227.420604330,238.739769003,2.045227358,206.264400000,268.617800000
E3_committee,fig3_committee_process_statistics.csv,"{""orders"":""1000"",""committee_size"":""7"",""t_sig"":""4""}",request_payload_bytes,30,30,30,1.000000000,1399201.533333333,1399251.000000000,246.446991339,1399559.000000000,1399109.508617158,1399293.558049509,2.045227358,1398418.000000000,1399594.000000000
E3_committee,fig3_committee_process_statistics.csv,"{""orders"":""1000"",""committee_size"":""7"",""t_sig"":""4""}",response_payload_bytes,30,30,30,1.000000000,11688659.266666668,11724111.000000000,107753.157153821,11800761.000000000,11648423.621466873,11728894.911866462,2.045227358,11341659.000000000,11808433.000000000
E3_committee,fig3_committee_process_statistics.csv,"{""orders"":""1000"",""committee_size"":""7"",""t_sig"":""4""}",total_payload_bytes,30,30,30,1.000000000,13087860.800000001,13123351.500000000,107662.138643392,13199851.000000000,13047659.141632602,13128062.458367400,2.045227358,12740959.000000000,13207845.000000000
E3_committee,fig3_committee_process_statistics.csv,"{""orders"":""50"",""committee_size"":""3"",""t_sig"":""2""}",input_encode_ms,30,30,30,1.000000000,0.158963333,0.000000000,0.246998352,0.538200000,0.066732736,0.251193931,2.045227358,0.000000000,0.543300000
E3_committee,fig3_committee_process_statistics.csv,"{""orders"":""50"",""committee_size"":""3"",""t_sig"":""2""}",plaintext_compute_sign_http_ms,30,30,30,1.000000000,2.953503333,2.734750000,0.449017393,3.849200000,2.785837670,3.121168996,2.045227358,2.113200000,4.210600000
E3_committee,fig3_committee_process_statistics.csv,"{""orders"":""50"",""committee_size"":""3"",""t_sig"":""2""}",threshold_response_ms,30,30,30,1.000000000,2.687170000,2.674550000,0.394656308,3.269600000,2.539803077,2.834536923,2.045227358,2.097000000,3.849200000
E3_committee,fig3_committee_process_statistics.csv,"{""orders"":""50"",""committee_size"":""3"",""t_sig"":""2""}",signature_verify_aggregate_ms,30,30,30,1.000000000,4.148830000,3.885250000,0.745311071,5.404900000,3.870526583,4.427133417,2.045227358,3.145400000,6.987300000
E3_committee,fig3_committee_process_statistics.csv,"{""orders"":""50"",""committee_size"":""3"",""t_sig"":""2""}",total_ms,30,30,30,1.000000000,7.261296667,7.016600000,0.803914086,9.049500000,6.961110549,7.561482785,2.045227358,6.312700000,9.635400000
E3_committee,fig3_committee_process_statistics.csv,"{""orders"":""50"",""committee_size"":""3"",""t_sig"":""2""}",request_payload_bytes,30,30,30,1.000000000,30614.500000000,30613.500000000,29.699355618,30651.000000000,30603.410090740,30625.589909260,2.045227358,30513.000000000,30675.000000000
E3_committee,fig3_committee_process_statistics.csv,"{""orders"":""50"",""committee_size"":""3"",""t_sig"":""2""}",response_payload_bytes,30,30,30,1.000000000,244767.600000000,246585.000000000,6977.998728022,254589.000000000,242161.975362714,247373.224637286,2.045227358,230031.000000000,254871.000000000
E3_committee,fig3_committee_process_statistics.csv,"{""orders"":""50"",""committee_size"":""3"",""t_sig"":""2""}",total_payload_bytes,30,30,30,1.000000000,275382.100000000,277164.000000000,6979.092725098,285183.000000000,272776.066857949,277988.133142051,2.045227358,260637.000000000,285498.000000000
E3_committee,fig3_committee_process_statistics.csv,"{""orders"":""50"",""committee_size"":""5"",""t_sig"":""3""}",input_encode_ms,30,30,30,1.000000000,0.126216667,0.000000000,0.233470636,0.540100000,0.039037396,0.213395938,2.045227358,0.000000000,0.633700000
E3_committee,fig3_committee_process_statistics.csv,"{""orders"":""50"",""committee_size"":""5"",""t_sig"":""3""}",plaintext_compute_sign_http_ms,30,30,30,1.000000000,3.913233333,3.870650000,0.591147888,4.859100000,3.692495331,4.133971336,2.045227358,2.706900000,5.038800000
E3_committee,fig3_committee_process_statistics.csv,"{""orders"":""50"",""committee_size"":""5"",""t_sig"":""3""}",threshold_response_ms,30,30,30,1.000000000,3.436163333,3.557400000,0.551595469,4.357400000,3.230194430,3.642132237,2.045227358,2.124500000,4.525800000
E3_committee,fig3_committee_process_statistics.csv,"{""orders"":""50"",""committee_size"":""5"",""t_sig"":""3""}",signature_verify_aggregate_ms,30,30,30,1.000000000,6.909253333,6.857000000,0.803278237,8.626200000,6.609304645,7.209202022,2.045227358,5.754200000,8.786000000
E3_committee,fig3_committee_process_statistics.csv,"{""orders"":""50"",""committee_size"":""5"",""t_sig"":""3""}",total_ms,30,30,30,1.000000000,10.948703333,10.935350000,0.922799456,12.456300000,10.604124738,11.293281928,2.045227358,9.470900000,12.945400000
E3_committee,fig3_committee_process_statistics.csv,"{""orders"":""50"",""committee_size"":""5"",""t_sig"":""3""}",request_payload_bytes,30,30,30,1.000000000,51037.500000000,51035.000000000,30.021543988,51090.000000000,51026.289783760,51048.710216240,2.045227358,50965.000000000,51090.000000000
E3_committee,fig3_committee_process_statistics.csv,"{""orders"":""50"",""committee_size"":""5"",""t_sig"":""3""}",response_payload_bytes,30,30,30,1.000000000,410936.333333333,411455.000000000,11901.622530167,424925.000000000,406492.199406547,415380.467260120,2.045227358,378185.000000000,424935.000000000
E3_committee,fig3_committee_process_statistics.csv,"{""orders"":""50"",""committee_size"":""5"",""t_sig"":""3""}",total_payload_bytes,30,30,30,1.000000000,461973.833333333,462505.000000000,11886.264144637,475960.000000000,457535.434315549,466412.232351118,2.045227358,429270.000000000,475965.000000000
E3_committee,fig3_committee_process_statistics.csv,"{""orders"":""50"",""committee_size"":""7"",""t_sig"":""4""}",input_encode_ms,30,30,30,1.000000000,0.141133333,0.000000000,0.238048363,0.531000000,0.052244713,0.230021954,2.045227358,0.000000000,0.533400000
E3_committee,fig3_committee_process_statistics.csv,"{""orders"":""50"",""committee_size"":""7"",""t_sig"":""4""}",plaintext_compute_sign_http_ms,30,30,30,1.000000000,4.272953333,4.287350000,0.683734984,5.286100000,4.017642780,4.528263887,2.045227358,3.248200000,5.318100000
E3_committee,fig3_committee_process_statistics.csv,"{""orders"":""50"",""committee_size"":""7"",""t_sig"":""4""}",threshold_response_ms,30,30,30,1.000000000,3.888663333,3.862750000,0.652193106,4.983100000,3.645130697,4.132195970,2.045227358,2.704300000,5.145000000
E3_committee,fig3_committee_process_statistics.csv,"{""orders"":""50"",""committee_size"":""7"",""t_sig"":""4""}",signature_verify_aggregate_ms,30,30,30,1.000000000,9.818176667,9.689150000,1.115935308,11.253600000,9.401480040,10.234873293,2.045227358,7.879200000,13.310500000
E3_committee,fig3_committee_process_statistics.csv,"{""orders"":""50"",""committee_size"":""7"",""t_sig"":""4""}",total_ms,30,30,30,1.000000000,14.232263333,14.263400000,1.650026655,16.687800000,13.616133943,14.848392724,2.045227358,11.152000000,19.158800000
E3_committee,fig3_committee_process_statistics.csv,"{""orders"":""50"",""committee_size"":""7"",""t_sig"":""4""}",request_payload_bytes,30,30,30,1.000000000,71404.433333333,71407.000000000,64.562550976,71526.000000000,71380.325307519,71428.541359148,2.045227358,71253.000000000,71540.000000000
E3_committee,fig3_committee_process_statistics.csv,"{""orders"":""50"",""committee_size"":""7"",""t_sig"":""4""}",response_payload_bytes,30,30,30,1.000000000,571432.400000000,576170.000000000,21332.097771943,594965.000000000,563466.872678198,579397.927321802,2.045227358,519295.000000000,595259.000000000
E3_committee,fig3_committee_process_statistics.csv,"{""orders"":""50"",""committee_size"":""7"",""t_sig"":""4""}",total_payload_bytes,30,30,30,1.000000000,642836.833333333,647542.000000000,21328.704083179,666400.000000000,634872.573234326,650801.093432340,2.045227358,590702.000000000,666708.000000000
E3_committee,fig3_committee_process_statistics.csv,"{""orders"":""500"",""committee_size"":""3"",""t_sig"":""2""}",input_encode_ms,30,30,30,1.000000000,0.838986667,1.000000000,0.513016219,1.506600000,0.647423476,1.030549857,2.045227358,0.000000000,1.506800000
E3_committee,fig3_committee_process_statistics.csv,"{""orders"":""500"",""committee_size"":""3"",""t_sig"":""2""}",plaintext_compute_sign_http_ms,30,30,30,1.000000000,21.367143333,19.131550000,6.348059332,34.260500000,18.996741670,23.737544997,2.045227358,16.209900000,46.753500000
E3_committee,fig3_committee_process_statistics.csv,"{""orders"":""500"",""committee_size"":""3"",""t_sig"":""2""}",threshold_response_ms,30,30,30,1.000000000,18.927700000,18.706450000,2.167350856,21.708200000,18.118398794,19.737001206,2.045227358,15.996000000,25.651000000
E3_committee,fig3_committee_process_statistics.csv,"{""orders"":""500"",""committee_size"":""3"",""t_sig"":""2""}",signature_verify_aggregate_ms,30,30,30,1.000000000,35.303620000,35.103500000,2.238174606,39.593400000,34.467872800,36.139367200,2.045227358,31.746100000,41.588000000
E3_committee,fig3_committee_process_statistics.csv,"{""orders"":""500"",""committee_size"":""3"",""t_sig"":""2""}",total_ms,30,30,30,1.000000000,57.509750000,56.260350000,7.324296469,70.134200000,54.774815805,60.244684195,2.045227358,50.162300000,87.433300000
E3_committee,fig3_committee_process_statistics.csv,"{""orders"":""500"",""committee_size"":""3"",""t_sig"":""2""}",request_payload_bytes,30,30,30,1.000000000,300169.500000000,300171.000000000,95.979793132,300330.000000000,300133.660596266,300205.339403734,2.045227358,299928.000000000,300330.000000000
E3_committee,fig3_committee_process_statistics.csv,"{""orders"":""500"",""committee_size"":""3"",""t_sig"":""2""}",response_payload_bytes,30,30,30,1.000000000,2501660.600000000,2509998.000000000,31100.675106987,2532177.000000000,2490047.430027705,2513273.769972296,2.045227358,2411061.000000000,2532561.000000000
E3_committee,fig3_committee_process_statistics.csv,"{""orders"":""500"",""committee_size"":""3"",""t_sig"":""2""}",total_payload_bytes,30,30,30,1.000000000,2801830.100000000,2810203.500000000,31081.339441414,2832312.000000000,2790224.150075824,2813436.049924176,2.045227358,2711391.000000000,2832747.000000000
E3_committee,fig3_committee_process_statistics.csv,"{""orders"":""500"",""committee_size"":""5"",""t_sig"":""3""}",input_encode_ms,30,30,30,1.000000000,0.785136667,0.999250000,0.513076868,1.521600000,0.593550830,0.976722504,2.045227358,0.000000000,1.532600000
E3_committee,fig3_committee_process_statistics.csv,"{""orders"":""500"",""committee_size"":""5"",""t_sig"":""3""}",plaintext_compute_sign_http_ms,30,30,30,1.000000000,25.847546667,24.242500000,5.883405901,42.652700000,23.650649252,28.044444082,2.045227358,19.660000000,45.262800000
E3_committee,fig3_committee_process_statistics.csv,"{""orders"":""500"",""committee_size"":""5"",""t_sig"":""3""}",threshold_response_ms,30,30,30,1.000000000,22.204660000,21.765250000,2.162576925,26.101600000,21.397141407,23.012178593,2.045227358,18.470900000,26.704600000
E3_committee,fig3_committee_process_statistics.csv,"{""orders"":""500"",""committee_size"":""5"",""t_sig"":""3""}",signature_verify_aggregate_ms,30,30,30,1.000000000,58.679150000,58.124750000,3.966639690,65.888600000,57.197984052,60.160315948,2.045227358,52.966900000,68.946800000
E3_committee,fig3_committee_process_statistics.csv,"{""orders"":""500"",""committee_size"":""5"",""t_sig"":""3""}",total_ms,30,30,30,1.000000000,85.311833333,84.693850000,6.149055893,99.156500000,83.015740692,87.607925975,2.045227358,77.124000000,99.235500000
E3_committee,fig3_committee_process_statistics.csv,"{""orders"":""500"",""committee_size"":""5"",""t_sig"":""3""}",request_payload_bytes,30,30,30,1.000000000,500252.500000000,500260.000000000,161.686958082,500530.000000000,500192.125165047,500312.874834953,2.045227358,499955.000000000,500560.000000000
E3_committee,fig3_committee_process_statistics.csv,"{""orders"":""500"",""committee_size"":""5"",""t_sig"":""3""}",response_payload_bytes,30,30,30,1.000000000,4159171.333333333,4170010.000000000,54694.610368238,4219105.000000000,4138748.052983637,4179594.613683030,2.045227358,3983865.000000000,4221195.000000000
E3_committee,fig3_committee_process_statistics.csv,"{""orders"":""500"",""committee_size"":""5"",""t_sig"":""3""}",total_payload_bytes,30,30,30,1.000000000,4659423.833333333,4670362.500000000,54692.175347865,4719275.000000000,4639001.462234171,4679846.204432495,2.045227358,4484215.000000000,4721725.000000000
E3_committee,fig3_committee_process_statistics.csv,"{""orders"":""500"",""committee_size"":""7"",""t_sig"":""4""}",input_encode_ms,30,30,30,1.000000000,0.856153333,1.000050000,0.594343970,1.515000000,0.634221896,1.078084771,2.045227358,0.000000000,2.138600000
E3_committee,fig3_committee_process_statistics.csv,"{""orders"":""500"",""committee_size"":""7"",""t_sig"":""4""}",plaintext_compute_sign_http_ms,30,30,30,1.000000000,35.508283333,34.748850000,7.434172393,49.114800000,32.732320841,38.284245826,2.045227358,23.443600000,51.080900000
E3_committee,fig3_committee_process_statistics.csv,"{""orders"":""500"",""committee_size"":""7"",""t_sig"":""4""}",threshold_response_ms,30,30,30,1.000000000,27.669283333,27.497250000,3.062715731,31.855900000,26.525647762,28.812918905,2.045227358,20.207800000,32.091100000
E3_committee,fig3_committee_process_statistics.csv,"{""orders"":""500"",""committee_size"":""7"",""t_sig"":""4""}",signature_verify_aggregate_ms,30,30,30,1.000000000,81.495796667,80.543700000,6.106876972,90.933500000,79.215453876,83.776139458,2.045227358,71.387300000,95.389600000
E3_committee,fig3_committee_process_statistics.csv,"{""orders"":""500"",""committee_size"":""7"",""t_sig"":""4""}",total_ms,30,30,30,1.000000000,117.860233333,117.096400000,9.862995807,131.781900000,114.177334285,121.543132381,2.045227358,97.137800000,134.450600000
E3_committee,fig3_committee_process_statistics.csv,"{""orders"":""500"",""committee_size"":""7"",""t_sig"":""4""}",request_payload_bytes,30,30,30,1.000000000,700355.366666667,700385.000000000,236.266285092,700742.000000000,700267.143484435,700443.589848899,2.045227358,699930.000000000,700763.000000000
E3_committee,fig3_committee_process_statistics.csv,"{""orders"":""500"",""committee_size"":""7"",""t_sig"":""4""}",response_payload_bytes,30,30,30,1.000000000,5808468.133333334,5804771.000000000,72317.144600869,5908497.000000000,5781464.497905102,5835471.768761566,2.045227358,5638549.000000000,5910715.000000000
E3_committee,fig3_committee_process_statistics.csv,"{""orders"":""500"",""committee_size"":""7"",""t_sig"":""4""}",total_payload_bytes,30,30,30,1.000000000,6508823.500000000,6505058.000000000,72299.383533285,6608959.000000000,6481826.496655992,6535820.503344008,2.045227358,6339053.000000000,6611373.000000000
E4_fabric,fig4_chain_statistics.csv,"{""operation"":""committee_signature_set_verification"",""evaluate_or_submit"":""evaluate""}",proposal_build_ms,50,50,50,1.000000000,0.128482000,0.000000000,0.293396309,0.547500000,0.045099703,0.211864297,2.009574959,0.000000000,1.548400000
E4_fabric,fig4_chain_statistics.csv,"{""operation"":""committee_signature_set_verification"",""evaluate_or_submit"":""evaluate""}",endorsement_ms,50,50,50,1.000000000,3.813102000,3.796300000,0.695943255,4.909900000,3.615317143,4.010886857,2.009574959,2.362900000,5.888000000
E4_fabric,fig4_chain_statistics.csv,"{""operation"":""committee_signature_set_verification"",""evaluate_or_submit"":""evaluate""}",ordering_submit_ms,50,50,50,1.000000000,0.000000000,0.000000000,0.000000000,0.000000000,0.000000000,0.000000000,2.009574959,0.000000000,0.000000000
E4_fabric,fig4_chain_statistics.csv,"{""operation"":""committee_signature_set_verification"",""evaluate_or_submit"":""evaluate""}",event_wait_ms,50,50,50,1.000000000,0.000000000,0.000000000,0.000000000,0.000000000,0.000000000,0.000000000,2.009574959,0.000000000,0.000000000
E4_fabric,fig4_chain_statistics.csv,"{""operation"":""committee_signature_set_verification"",""evaluate_or_submit"":""evaluate""}",total_ms,50,50,50,1.000000000,3.941584000,3.811050000,0.745758039,5.532000000,3.729641940,4.153526060,2.009574959,2.362900000,6.017500000
E4_fabric,fig4_chain_statistics.csv,"{""operation"":""committee_signature_set_verification"",""evaluate_or_submit"":""evaluate""}",input_bytes,50,50,50,1.000000000,2326.000000000,2326.000000000,0.000000000,2326.000000000,2326.000000000,2326.000000000,2.009574959,2326.000000000,2326.000000000
E4_fabric,fig4_chain_statistics.csv,"{""operation"":""committee_signature_set_verification"",""evaluate_or_submit"":""evaluate""}",output_bytes,50,50,50,1.000000000,74.000000000,74.000000000,0.000000000,74.000000000,74.000000000,74.000000000,2.009574959,74.000000000,74.000000000
E4_fabric,fig4_chain_statistics.csv,"{""operation"":""finalized_state_query"",""evaluate_or_submit"":""evaluate""}",proposal_build_ms,50,50,50,1.000000000,0.042120000,0.000000000,0.144308577,0.528200000,0.001107962,0.083132038,2.009574959,0.000000000,0.536600000
E4_fabric,fig4_chain_statistics.csv,"{""operation"":""finalized_state_query"",""evaluate_or_submit"":""evaluate""}",endorsement_ms,50,50,50,1.000000000,2.837422000,2.662100000,0.572842797,3.929600000,2.674621901,3.000222099,2.009574959,2.054600000,3.989100000
E4_fabric,fig4_chain_statistics.csv,"{""operation"":""finalized_state_query"",""evaluate_or_submit"":""evaluate""}",ordering_submit_ms,50,50,50,1.000000000,0.000000000,0.000000000,0.000000000,0.000000000,0.000000000,0.000000000,2.009574959,0.000000000,0.000000000
E4_fabric,fig4_chain_statistics.csv,"{""operation"":""finalized_state_query"",""evaluate_or_submit"":""evaluate""}",event_wait_ms,50,50,50,1.000000000,0.000000000,0.000000000,0.000000000,0.000000000,0.000000000,0.000000000,2.009574959,0.000000000,0.000000000
E4_fabric,fig4_chain_statistics.csv,"{""operation"":""finalized_state_query"",""evaluate_or_submit"":""evaluate""}",total_ms,50,50,50,1.000000000,2.879542000,2.718300000,0.583436642,3.953300000,2.713731164,3.045352836,2.009574959,2.054600000,4.170100000
E4_fabric,fig4_chain_statistics.csv,"{""operation"":""finalized_state_query"",""evaluate_or_submit"":""evaluate""}",input_bytes,50,50,50,1.000000000,41.000000000,41.000000000,0.000000000,41.000000000,41.000000000,41.000000000,2.009574959,41.000000000,41.000000000
E4_fabric,fig4_chain_statistics.csv,"{""operation"":""finalized_state_query"",""evaluate_or_submit"":""evaluate""}",output_bytes,50,50,50,1.000000000,3189.920000000,3190.000000000,0.565685425,3190.000000000,3189.759234003,3190.080765997,2.009574959,3186.000000000,3190.000000000
E4_fabric,fig4_chain_statistics.csv,"{""operation"":""full_result_consistency_verification"",""evaluate_or_submit"":""evaluate""}",proposal_build_ms,50,50,50,1.000000000,0.075204000,0.000000000,0.188291472,0.539700000,0.021692163,0.128715837,2.009574959,0.000000000,0.542400000
E4_fabric,fig4_chain_statistics.csv,"{""operation"":""full_result_consistency_verification"",""evaluate_or_submit"":""evaluate""}",endorsement_ms,50,50,50,1.000000000,4.889298000,5.039950000,1.146030643,6.740100000,4.563599740,5.214996260,2.009574959,2.696400000,7.640800000
E4_fabric,fig4_chain_statistics.csv,"{""operation"":""full_result_consistency_verification"",""evaluate_or_submit"":""evaluate""}",ordering_submit_ms,50,50,50,1.000000000,0.000000000,0.000000000,0.000000000,0.000000000,0.000000000,0.000000000,2.009574959,0.000000000,0.000000000
E4_fabric,fig4_chain_statistics.csv,"{""operation"":""full_result_consistency_verification"",""evaluate_or_submit"":""evaluate""}",event_wait_ms,50,50,50,1.000000000,0.000000000,0.000000000,0.000000000,0.000000000,0.000000000,0.000000000,2.009574959,0.000000000,0.000000000
E4_fabric,fig4_chain_statistics.csv,"{""operation"":""full_result_consistency_verification"",""evaluate_or_submit"":""evaluate""}",total_ms,50,50,50,1.000000000,4.964502000,5.156650000,1.146765497,6.740100000,4.638594897,5.290409103,2.009574959,3.179100000,7.640800000
E4_fabric,fig4_chain_statistics.csv,"{""operation"":""full_result_consistency_verification"",""evaluate_or_submit"":""evaluate""}",input_bytes,50,50,50,1.000000000,2326.000000000,2326.000000000,0.000000000,2326.000000000,2326.000000000,2326.000000000,2.009574959,2326.000000000,2326.000000000
E4_fabric,fig4_chain_statistics.csv,"{""operation"":""full_result_consistency_verification"",""evaluate_or_submit"":""evaluate""}",output_bytes,50,50,50,1.000000000,22.000000000,22.000000000,0.000000000,22.000000000,22.000000000,22.000000000,2.009574959,22.000000000,22.000000000
E4_fabric,fig4_chain_statistics.csv,"{""operation"":""preprocessing_evidence_submission"",""evaluate_or_submit"":""submit""}",proposal_build_ms,50,50,50,1.000000000,0.032554000,0.000000000,0.130278254,0.526500000,-0.004470665,0.069578665,2.009574959,0.000000000,0.574200000
E4_fabric,fig4_chain_statistics.csv,"{""operation"":""preprocessing_evidence_submission"",""evaluate_or_submit"":""submit""}",endorsement_ms,50,50,50,1.000000000,17.904788000,17.611400000,1.449680144,20.879300000,17.492793519,18.316782481,2.009574959,15.875500000,22.948400000
E4_fabric,fig4_chain_statistics.csv,"{""operation"":""preprocessing_evidence_submission"",""evaluate_or_submit"":""submit""}",ordering_submit_ms,50,50,50,1.000000000,2.757964000,2.650500000,0.742926751,4.655900000,2.546826583,2.969101417,2.009574959,1.568500000,5.458200000
E4_fabric,fig4_chain_statistics.csv,"{""operation"":""preprocessing_evidence_submission"",""evaluate_or_submit"":""submit""}",event_wait_ms,50,50,50,1.000000000,2056.104182000,2055.361650000,5.919524251,2071.850900000,2054.421872055,2057.786491945,2.009574959,2047.817800000,2073.346800000
E4_fabric,fig4_chain_statistics.csv,"{""operation"":""preprocessing_evidence_submission"",""evaluate_or_submit"":""submit""}",total_ms,50,50,50,1.000000000,2076.799488000,2076.047650000,6.135835706,2090.668200000,2075.055703028,2078.543272972,2.009574959,2067.746700000,2096.389500000
E4_fabric,fig4_chain_statistics.csv,"{""operation"":""preprocessing_evidence_submission"",""evaluate_or_submit"":""submit""}",input_bytes,50,50,50,1.000000000,1200.000000000,1200.000000000,0.000000000,1200.000000000,1200.000000000,1200.000000000,2.009574959,1200.000000000,1200.000000000
E4_fabric,fig4_chain_statistics.csv,"{""operation"":""preprocessing_evidence_submission"",""evaluate_or_submit"":""submit""}",output_bytes,50,50,50,1.000000000,0.000000000,0.000000000,0.000000000,0.000000000,0.000000000,0.000000000,2.009574959,0.000000000,0.000000000
E4_fabric,fig4_chain_statistics.csv,"{""operation"":""preprocessing_signature_verification"",""evaluate_or_submit"":""evaluate""}",proposal_build_ms,50,50,50,1.000000000,0.021382000,0.000000000,0.105820992,0.000000000,-0.008691989,0.051455989,2.009574959,0.000000000,0.540800000
E4_fabric,fig4_chain_statistics.csv,"{""operation"":""preprocessing_signature_verification"",""evaluate_or_submit"":""evaluate""}",endorsement_ms,50,50,50,1.000000000,3.119030000,3.000750000,0.720346657,4.466300000,2.914309774,3.323750226,2.009574959,1.250300000,5.442000000
E4_fabric,fig4_chain_statistics.csv,"{""operation"":""preprocessing_signature_verification"",""evaluate_or_submit"":""evaluate""}",ordering_submit_ms,50,50,50,1.000000000,0.000000000,0.000000000,0.000000000,0.000000000,0.000000000,0.000000000,2.009574959,0.000000000,0.000000000
E4_fabric,fig4_chain_statistics.csv,"{""operation"":""preprocessing_signature_verification"",""evaluate_or_submit"":""evaluate""}",event_wait_ms,50,50,50,1.000000000,0.000000000,0.000000000,0.000000000,0.000000000,0.000000000,0.000000000,2.009574959,0.000000000,0.000000000
E4_fabric,fig4_chain_statistics.csv,"{""operation"":""preprocessing_signature_verification"",""evaluate_or_submit"":""evaluate""}",total_ms,50,50,50,1.000000000,3.140412000,3.141350000,0.724890929,4.466300000,2.934400306,3.346423694,2.009574959,1.250300000,5.442000000
E4_fabric,fig4_chain_statistics.csv,"{""operation"":""preprocessing_signature_verification"",""evaluate_or_submit"":""evaluate""}",input_bytes,50,50,50,1.000000000,1200.000000000,1200.000000000,0.000000000,1200.000000000,1200.000000000,1200.000000000,2.009574959,1200.000000000,1200.000000000
E4_fabric,fig4_chain_statistics.csv,"{""operation"":""preprocessing_signature_verification"",""evaluate_or_submit"":""evaluate""}",output_bytes,50,50,50,1.000000000,22.000000000,22.000000000,0.000000000,22.000000000,22.000000000,22.000000000,2.009574959,22.000000000,22.000000000
E4_fabric,fig4_chain_statistics.csv,"{""operation"":""result_finalization"",""evaluate_or_submit"":""submit""}",proposal_build_ms,50,50,50,1.000000000,0.042782000,0.000000000,0.146554017,0.534800000,0.001131815,0.084432185,2.009574959,0.000000000,0.535600000
E4_fabric,fig4_chain_statistics.csv,"{""operation"":""result_finalization"",""evaluate_or_submit"":""submit""}",endorsement_ms,50,50,50,1.000000000,21.206476000,19.889600000,3.582087866,28.817500000,20.188458033,22.224493967,2.009574959,17.740200000,37.068700000
E4_fabric,fig4_chain_statistics.csv,"{""operation"":""result_finalization"",""evaluate_or_submit"":""submit""}",ordering_submit_ms,50,50,50,1.000000000,2.997296000,2.739350000,0.751936549,4.612800000,2.783598027,3.210993973,2.009574959,2.095100000,5.460300000
E4_fabric,fig4_chain_statistics.csv,"{""operation"":""result_finalization"",""evaluate_or_submit"":""submit""}",event_wait_ms,50,50,50,1.000000000,2055.617184000,2054.063950000,6.726083575,2071.357800000,2053.705652463,2057.528715537,2.009574959,2046.402600000,2082.759900000
E4_fabric,fig4_chain_statistics.csv,"{""operation"":""result_finalization"",""evaluate_or_submit"":""submit""}",total_ms,50,50,50,1.000000000,2079.863738000,2077.919150000,7.992965593,2100.374000000,2077.592162627,2082.135313373,2.009574959,2067.536000000,2104.892000000
E4_fabric,fig4_chain_statistics.csv,"{""operation"":""result_finalization"",""evaluate_or_submit"":""submit""}",input_bytes,50,50,50,1.000000000,2325.920000000,2326.000000000,0.565685425,2326.000000000,2325.759234003,2326.080765997,2.009574959,2322.000000000,2326.000000000
E4_fabric,fig4_chain_statistics.csv,"{""operation"":""result_finalization"",""evaluate_or_submit"":""submit""}",output_bytes,50,50,50,1.000000000,0.000000000,0.000000000,0.000000000,0.000000000,0.000000000,0.000000000,2.009574959,0.000000000,0.000000000
E4_fabric,fig4_chain_statistics.csv,"{""operation"":""task_submission"",""evaluate_or_submit"":""submit""}",proposal_build_ms,50,50,50,1.000000000,0.022174000,0.000000000,0.110124821,0.000000000,-0.009123124,0.053471124,2.009574959,0.000000000,0.600300000
E4_fabric,fig4_chain_statistics.csv,"{""operation"":""task_submission"",""evaluate_or_submit"":""submit""}",endorsement_ms,50,50,50,1.000000000,282.951258000,278.299550000,14.695195873,325.851800000,278.774930120,287.127585880,2.009574959,268.904800000,339.956700000
E4_fabric,fig4_chain_statistics.csv,"{""operation"":""task_submission"",""evaluate_or_submit"":""submit""}",ordering_submit_ms,50,50,50,1.000000000,3.501262000,2.691400000,2.157585381,9.514900000,2.888083104,4.114440896,2.009574959,2.069800000,10.108900000
E4_fabric,fig4_chain_statistics.csv,"{""operation"":""task_submission"",""evaluate_or_submit"":""submit""}",event_wait_ms,50,50,50,1.000000000,2056.985478000,2056.519150000,5.828455054,2067.834200000,2055.329049631,2058.641906369,2.009574959,2048.653600000,2077.425600000
E4_fabric,fig4_chain_statistics.csv,"{""operation"":""task_submission"",""evaluate_or_submit"":""submit""}",total_ms,50,50,50,1.000000000,2343.460172000,2339.211700000,14.936878670,2379.740500000,2339.215158639,2347.705185361,2.009574959,2326.165100000,2394.913600000
E4_fabric,fig4_chain_statistics.csv,"{""operation"":""task_submission"",""evaluate_or_submit"":""submit""}",input_bytes,50,50,50,1.000000000,1142.960000000,1143.000000000,0.197948664,1143.000000000,1142.903743620,1143.016256380,2.009574959,1142.000000000,1143.000000000
E4_fabric,fig4_chain_statistics.csv,"{""operation"":""task_submission"",""evaluate_or_submit"":""submit""}",output_bytes,50,50,50,1.000000000,0.000000000,0.000000000,0.000000000,0.000000000,0.000000000,0.000000000,2.009574959,0.000000000,0.000000000
E4_fabric,fig4_chain_statistics.csv,"{""operation"":""valid_global_membership_verification"",""evaluate_or_submit"":""evaluate""}",proposal_build_ms,50,50,50,1.000000000,0.010122000,0.000000000,0.071573348,0.000000000,-0.010218918,0.030462918,2.009574959,0.000000000,0.506100000
E4_fabric,fig4_chain_statistics.csv,"{""operation"":""valid_global_membership_verification"",""evaluate_or_submit"":""evaluate""}",endorsement_ms,50,50,50,1.000000000,286.377820000,285.809100000,13.681080556,313.369600000,282.489700465,290.265939535,2.009574959,263.056400000,322.154600000
E4_fabric,fig4_chain_statistics.csv,"{""operation"":""valid_global_membership_verification"",""evaluate_or_submit"":""evaluate""}",ordering_submit_ms,50,50,50,1.000000000,0.000000000,0.000000000,0.000000000,0.000000000,0.000000000,0.000000000,2.009574959,0.000000000,0.000000000
E4_fabric,fig4_chain_statistics.csv,"{""operation"":""valid_global_membership_verification"",""evaluate_or_submit"":""evaluate""}",event_wait_ms,50,50,50,1.000000000,0.000000000,0.000000000,0.000000000,0.000000000,0.000000000,0.000000000,2.009574959,0.000000000,0.000000000
E4_fabric,fig4_chain_statistics.csv,"{""operation"":""valid_global_membership_verification"",""evaluate_or_submit"":""evaluate""}",total_ms,50,50,50,1.000000000,286.387942000,285.809100000,13.686343052,313.369600000,282.498326880,290.277557120,2.009574959,263.056400000,322.154600000
E4_fabric,fig4_chain_statistics.csv,"{""operation"":""valid_global_membership_verification"",""evaluate_or_submit"":""evaluate""}",input_bytes,50,50,50,1.000000000,2193.000000000,2193.000000000,0.000000000,2193.000000000,2193.000000000,2193.000000000,2.009574959,2193.000000000,2193.000000000
E4_fabric,fig4_chain_statistics.csv,"{""operation"":""valid_global_membership_verification"",""evaluate_or_submit"":""evaluate""}",output_bytes,50,50,50,1.000000000,78.000000000,78.000000000,0.000000000,78.000000000,78.000000000,78.000000000,2.009574959,78.000000000,78.000000000
E4_fabric,fig4_chain_statistics.csv,"{""operation"":""valid_regional_membership_verification"",""evaluate_or_submit"":""evaluate""}",proposal_build_ms,50,50,50,1.000000000,0.025260000,0.000000000,0.126758095,0.000000000,-0.010764247,0.061284247,2.009574959,0.000000000,0.735500000
E4_fabric,fig4_chain_statistics.csv,"{""operation"":""valid_regional_membership_verification"",""evaluate_or_submit"":""evaluate""}",endorsement_ms,50,50,50,1.000000000,273.320502000,271.944050000,8.780237446,291.381300000,270.825186473,275.815817527,2.009574959,259.724000000,301.869300000
E4_fabric,fig4_chain_statistics.csv,"{""operation"":""valid_regional_membership_verification"",""evaluate_or_submit"":""evaluate""}",ordering_submit_ms,50,50,50,1.000000000,0.000000000,0.000000000,0.000000000,0.000000000,0.000000000,0.000000000,2.009574959,0.000000000,0.000000000
E4_fabric,fig4_chain_statistics.csv,"{""operation"":""valid_regional_membership_verification"",""evaluate_or_submit"":""evaluate""}",event_wait_ms,50,50,50,1.000000000,0.000000000,0.000000000,0.000000000,0.000000000,0.000000000,0.000000000,2.009574959,0.000000000,0.000000000
E4_fabric,fig4_chain_statistics.csv,"{""operation"":""valid_regional_membership_verification"",""evaluate_or_submit"":""evaluate""}",total_ms,50,50,50,1.000000000,273.345762000,271.944050000,8.778705079,291.381300000,270.850881967,275.840642033,2.009574959,259.724000000,301.869300000
E4_fabric,fig4_chain_statistics.csv,"{""operation"":""valid_regional_membership_verification"",""evaluate_or_submit"":""evaluate""}",input_bytes,50,50,50,1.000000000,2195.000000000,2195.000000000,0.000000000,2195.000000000,2195.000000000,2195.000000000,2.009574959,2195.000000000,2195.000000000
E4_fabric,fig4_chain_statistics.csv,"{""operation"":""valid_regional_membership_verification"",""evaluate_or_submit"":""evaluate""}",output_bytes,50,50,50,1.000000000,82.000000000,82.000000000,0.000000000,82.000000000,82.000000000,82.000000000,2.009574959,82.000000000,82.000000000
E5_absolute,fig5_e2e_absolute_statistics.csv,"{""variant"":""PP_RETF""}",total_ms,30,30,30,1.000000000,2819.852323333,2798.287350000,71.557478572,2996.880800000,2793.132351545,2846.572295121,2.045227358,2747.461900000,3074.691700000
E5_absolute,fig5_e2e_absolute_statistics.csv,"{""variant"":""PP_RETF""}",local_matching_ms,30,30,30,1.000000000,0.000000000,0.000000000,0.000000000,0.000000000,0.000000000,0.000000000,2.045227358,0.000000000,0.000000000
E5_absolute,fig5_e2e_absolute_statistics.csv,"{""variant"":""PP_RETF""}",preprocessing_ms,30,30,30,1.000000000,0.071743333,0.000000000,0.186599942,0.537300000,0.002065848,0.141420819,2.045227358,0.000000000,0.602000000
E5_absolute,fig5_e2e_absolute_statistics.csv,"{""variant"":""PP_RETF""}",membership_ms,30,30,30,1.000000000,457.714203333,441.262000000,47.820013247,555.251300000,439.857936869,475.570469797,2.045227358,411.759900000,642.826900000
E5_absolute,fig5_e2e_absolute_statistics.csv,"{""variant"":""PP_RETF""}",committee_ms,30,30,30,1.000000000,4.230650000,3.957150000,0.779879171,5.655100000,3.939438657,4.521861343,2.045227358,3.161700000,6.107400000
E5_absolute,fig5_e2e_absolute_statistics.csv,"{""variant"":""PP_RETF""}",finalization_ms,30,30,30,1.000000000,2351.680023333,2344.855950000,25.842318043,2419.785400000,2342.030353965,2361.329692701,2.045227358,2318.660900000,2426.560200000
E5_absolute,fig5_e2e_absolute_statistics.csv,"{""variant"":""PP_RETF""}",state_query_ms,30,30,30,1.000000000,5.858693333,5.803150000,0.996609279,8.961900000,5.486553728,6.230832939,2.045227358,4.680900000,9.053900000
E5_absolute,fig5_e2e_absolute_statistics.csv,"{""variant"":""Plain_RETF""}",total_ms,30,30,30,1.000000000,2063.166863333,2061.496150000,8.532013851,2078.618300000,2059.980960561,2066.352766106,2.045227358,2051.844800000,2089.421600000
E5_absolute,fig5_e2e_absolute_statistics.csv,"{""variant"":""Plain_RETF""}",local_matching_ms,30,30,30,1.000000000,0.388756667,0.524050000,0.238851927,0.542700000,0.299567991,0.477945343,2.045227358,0.000000000,0.598700000
E5_absolute,fig5_e2e_absolute_statistics.csv,"{""variant"":""Plain_RETF""}",preprocessing_ms,30,30,30,1.000000000,0.000000000,0.000000000,0.000000000,0.000000000,0.000000000,0.000000000,2.045227358,0.000000000,0.000000000
E5_absolute,fig5_e2e_absolute_statistics.csv,"{""variant"":""Plain_RETF""}",membership_ms,30,30,30,1.000000000,0.000000000,0.000000000,0.000000000,0.000000000,0.000000000,0.000000000,2.045227358,0.000000000,0.000000000
E5_absolute,fig5_e2e_absolute_statistics.csv,"{""variant"":""Plain_RETF""}",committee_ms,30,30,30,1.000000000,0.000000000,0.000000000,0.000000000,0.000000000,0.000000000,0.000000000,2.045227358,0.000000000,0.000000000
E5_absolute,fig5_e2e_absolute_statistics.csv,"{""variant"":""Plain_RETF""}",finalization_ms,30,30,30,1.000000000,2056.418076667,2054.927450000,7.451300250,2068.245000000,2053.635718534,2059.200434799,2.045227358,2046.082200000,2079.456100000
E5_absolute,fig5_e2e_absolute_statistics.csv,"{""variant"":""Plain_RETF""}",state_query_ms,30,30,30,1.000000000,6.088806667,5.496300000,1.303869180,9.339200000,5.601934457,6.575678876,2.045227358,4.719800000,9.429500000
E5_absolute,fig5_e2e_absolute_statistics.csv,"{""variant"":""RETF_A""}",total_ms,30,30,30,1.000000000,2813.864050000,2794.378550000,68.989690268,2925.806500000,2788.102905052,2839.625194948,2.045227358,2746.190400000,3088.447000000
E5_absolute,fig5_e2e_absolute_statistics.csv,"{""variant"":""RETF_A""}",local_matching_ms,30,30,30,1.000000000,0.572306667,0.507450000,0.352084588,1.609300000,0.440836268,0.703777066,2.045227358,0.000000000,1.682000000
E5_absolute,fig5_e2e_absolute_statistics.csv,"{""variant"":""RETF_A""}",preprocessing_ms,30,30,30,1.000000000,0.000000000,0.000000000,0.000000000,0.000000000,0.000000000,0.000000000,2.045227358,0.000000000,0.000000000
E5_absolute,fig5_e2e_absolute_statistics.csv,"{""variant"":""RETF_A""}",membership_ms,30,30,30,1.000000000,451.706036667,439.527700000,33.410127133,512.560000000,439.230504098,464.181569235,2.045227358,416.838200000,575.281100000
E5_absolute,fig5_e2e_absolute_statistics.csv,"{""variant"":""RETF_A""}",committee_ms,30,30,30,1.000000000,0.000000000,0.000000000,0.000000000,0.000000000,0.000000000,0.000000000,2.045227358,0.000000000,0.000000000
E5_absolute,fig5_e2e_absolute_statistics.csv,"{""variant"":""RETF_A""}",finalization_ms,30,30,30,1.000000000,2355.389320000,2344.660850000,40.324669599,2475.025700000,2340.331857726,2370.446782274,2.045227358,2324.061600000,2503.396800000
E5_absolute,fig5_e2e_absolute_statistics.csv,"{""variant"":""RETF_A""}",state_query_ms,30,30,30,1.000000000,5.938403333,5.779800000,0.841350986,8.118100000,5.624238063,6.252568604,2.045227358,4.758900000,8.822100000
E5_absolute,fig5_e2e_absolute_statistics.csv,"{""variant"":""RETF_C""}",total_ms,30,30,30,1.000000000,2069.313426667,2067.590900000,8.248820861,2090.704100000,2066.233269776,2072.393583557,2.045227358,2058.090900000,2092.454300000
E5_absolute,fig5_e2e_absolute_statistics.csv,"{""variant"":""RETF_C""}",local_matching_ms,30,30,30,1.000000000,0.000000000,0.000000000,0.000000000,0.000000000,0.000000000,0.000000000,2.045227358,0.000000000,0.000000000
E5_absolute,fig5_e2e_absolute_statistics.csv,"{""variant"":""RETF_C""}",preprocessing_ms,30,30,30,1.000000000,0.000000000,0.000000000,0.000000000,0.000000000,0.000000000,0.000000000,2.045227358,0.000000000,0.000000000
E5_absolute,fig5_e2e_absolute_statistics.csv,"{""variant"":""RETF_C""}",membership_ms,30,30,30,1.000000000,0.000000000,0.000000000,0.000000000,0.000000000,0.000000000,0.000000000,2.045227358,0.000000000,0.000000000
E5_absolute,fig5_e2e_absolute_statistics.csv,"{""variant"":""RETF_C""}",committee_ms,30,30,30,1.000000000,4.457603333,4.023000000,1.318352396,7.770900000,3.965323008,4.949883658,2.045227358,3.129200000,8.450300000
E5_absolute,fig5_e2e_absolute_statistics.csv,"{""variant"":""RETF_C""}",finalization_ms,30,30,30,1.000000000,2058.972166667,2057.337350000,6.768287139,2075.809900000,2056.444849536,2061.499483797,2.045227358,2050.206200000,2077.970600000
E5_absolute,fig5_e2e_absolute_statistics.csv,"{""variant"":""RETF_C""}",state_query_ms,30,30,30,1.000000000,5.777873333,5.387750000,1.189412897,8.539800000,5.333739754,6.222006912,2.045227358,4.182300000,8.824900000
E5_absolute,fig5_e2e_absolute_statistics.csv,"{""variant"":""RETF_H""}",total_ms,30,30,30,1.000000000,2064.243600000,2062.903600000,7.465322967,2072.298600000,2061.456005704,2067.031194296,2.045227358,2056.740900000,2095.436700000
E5_absolute,fig5_e2e_absolute_statistics.csv,"{""variant"":""RETF_H""}",local_matching_ms,30,30,30,1.000000000,0.519383333,0.525350000,0.272829740,0.712300000,0.417507148,0.621259519,2.045227358,0.000000000,1.662300000
E5_absolute,fig5_e2e_absolute_statistics.csv,"{""variant"":""RETF_H""}",preprocessing_ms,30,30,30,1.000000000,0.088733333,0.000000000,0.201820699,0.532600000,0.013372330,0.164094337,2.045227358,0.000000000,0.542900000
E5_absolute,fig5_e2e_absolute_statistics.csv,"{""variant"":""RETF_H""}",membership_ms,30,30,30,1.000000000,0.000000000,0.000000000,0.000000000,0.000000000,0.000000000,0.000000000,2.045227358,0.000000000,0.000000000
E5_absolute,fig5_e2e_absolute_statistics.csv,"{""variant"":""RETF_H""}",committee_ms,30,30,30,1.000000000,0.000000000,0.000000000,0.000000000,0.000000000,0.000000000,0.000000000,2.045227358,0.000000000,0.000000000
E5_absolute,fig5_e2e_absolute_statistics.csv,"{""variant"":""RETF_H""}",finalization_ms,30,30,30,1.000000000,2057.783386667,2057.047650000,6.621758414,2065.119900000,2055.310784200,2060.255989133,2.045227358,2050.540900000,2085.640800000
E5_absolute,fig5_e2e_absolute_statistics.csv,"{""variant"":""RETF_H""}",state_query_ms,30,30,30,1.000000000,5.725500000,5.529200000,0.938083934,7.438300000,5.375214094,6.075785906,2.045227358,4.202000000,8.722900000
E5_paired,fig5_e2e_paired_statistics.csv,"{""variant"":""PP_RETF""}",delta_ms,30,30,30,1.000000000,756.685460000,737.590600000,70.537550312,907.459200000,730.346335258,783.024584742,2.045227358,685.549700000,1018.329500000
E5_paired,fig5_e2e_paired_statistics.csv,"{""variant"":""PP_RETF""}",relative_overhead_percent,30,30,30,1.000000000,36.675740380,35.807236688,3.412547242,43.431119885,35.401475721,37.950005039,2.045227358,33.010909230,49.520920974
E5_paired,fig5_e2e_paired_statistics.csv,"{""variant"":""Plain_RETF""}",delta_ms,30,30,30,1.000000000,0.000000000,0.000000000,0.000000000,0.000000000,0.000000000,0.000000000,2.045227358,0.000000000,0.000000000
E5_paired,fig5_e2e_paired_statistics.csv,"{""variant"":""Plain_RETF""}",relative_overhead_percent,30,30,30,1.000000000,0.000000000,0.000000000,0.000000000,0.000000000,0.000000000,0.000000000,2.045227358,0.000000000,0.000000000
E5_paired,fig5_e2e_paired_statistics.csv,"{""variant"":""RETF_A""}",delta_ms,30,30,30,1.000000000,750.697186667,734.167050000,64.152369404,851.091000000,726.742324997,774.652048336,2.045227358,687.901600000,999.025400000
E5_paired,fig5_e2e_paired_statistics.csv,"{""variant"":""RETF_A""}",relative_overhead_percent,30,30,30,1.000000000,36.379858318,35.643572038,3.013552333,41.022058205,35.254580640,37.505135996,2.045227358,33.378731019,47.813490585
E5_paired,fig5_e2e_paired_statistics.csv,"{""variant"":""RETF_C""}",delta_ms,30,30,30,1.000000000,6.146563333,5.060850000,9.506705234,16.193300000,2.596705223,9.696421443,2.045227358,-23.147500000,32.334000000
E5_paired,fig5_e2e_paired_statistics.csv,"{""variant"":""RETF_C""}",relative_overhead_percent,30,30,30,1.000000000,0.298997689,0.244882482,0.459757623,0.789206864,0.127321563,0.470673815,2.045227358,-1.107842477,1.572388366
E5_paired,fig5_e2e_paired_statistics.csv,"{""variant"":""RETF_H""}",delta_ms,30,30,30,1.000000000,1.076736667,1.778550000,8.298103709,13.198400000,-2.021822721,4.175296055,2.045227358,-18.476200000,20.721200000
E5_paired,fig5_e2e_paired_statistics.csv,"{""variant"":""RETF_H""}",relative_overhead_percent,30,30,30,1.000000000,0.053159911,0.086250531,0.400613783,0.641832455,-0.096431568,0.202751389,2.045227358,-0.889674609,0.998748985
E6_concurrency,concurrency_statistics.csv,"{""variant"":""PP_RETF"",""concurrency"":""1""}",total_ms,40,40,40,1.000000000,2877.030097500,2834.030100000,268.336611198,2886.809300000,2791.211915368,2962.848279632,2.022690225,2806.993200000,4527.106200000
E6_concurrency,concurrency_statistics.csv,"{""variant"":""PP_RETF"",""concurrency"":""1""}",committed_workflows_per_s,40,40,40,1.000000000,0.347574307,0.347574307,0.000000000,0.347574307,0.347574307,0.347574307,2.022690225,0.347574307,0.347574307
E6_concurrency,concurrency_statistics.csv,"{""variant"":""PP_RETF"",""concurrency"":""1""}",block_utilization,40,40,40,1.000000000,0.100000000,0.100000000,0.000000000,0.100000000,0.100000000,0.100000000,2.022690225,0.100000000,0.100000000
E6_concurrency,concurrency_statistics.csv,"{""variant"":""PP_RETF"",""concurrency"":""1""}",transactions_in_block,40,40,40,1.000000000,1.000000000,1.000000000,0.000000000,1.000000000,1.000000000,1.000000000,2.022690225,1.000000000,1.000000000
E6_concurrency,concurrency_statistics.csv,"{""variant"":""PP_RETF"",""concurrency"":""1""}",preprocessing_ms,40,40,40,1.000000000,0.076497500,0.000000000,0.184460042,0.505200000,0.017504337,0.135490663,2.022690225,0.000000000,0.531300000
E6_concurrency,concurrency_statistics.csv,"{""variant"":""PP_RETF"",""concurrency"":""1""}",membership_ms,40,40,40,1.000000000,482.404250000,462.251050000,113.189605729,506.324800000,446.204470340,518.604029660,2.022690225,445.046600000,1173.784000000
E6_concurrency,concurrency_statistics.csv,"{""variant"":""PP_RETF"",""concurrency"":""1""}",committee_ms,40,40,40,1.000000000,6.115527500,3.705250000,14.402175163,5.088300000,1.509490009,10.721564991,2.022690225,3.130200000,94.869400000
E6_concurrency,concurrency_statistics.csv,"{""variant"":""PP_RETF"",""concurrency"":""1""}",finalization_ms,40,40,40,1.000000000,2379.708380000,2358.534750000,127.875897085,2378.629800000,2338.811698115,2420.605061885,2.022690225,2338.988800000,3165.921300000
E6_concurrency,concurrency_statistics.csv,"{""variant"":""PP_RETF"",""concurrency"":""10""}",total_ms,40,40,40,1.000000000,1958.819822500,1983.509100000,59.512008740,2011.166900000,1939.786965290,1977.852679710,2.022690225,1853.582400000,2015.325600000
E6_concurrency,concurrency_statistics.csv,"{""variant"":""PP_RETF"",""concurrency"":""10""}",committed_workflows_per_s,40,40,40,1.000000000,5.104186723,5.104186723,0.000000000,5.104186723,5.104186723,5.104186723,2.022690225,5.104186723,5.104186723
E6_concurrency,concurrency_statistics.csv,"{""variant"":""PP_RETF"",""concurrency"":""10""}",block_utilization,40,40,40,1.000000000,1.000000000,1.000000000,0.000000000,1.000000000,1.000000000,1.000000000,2.022690225,1.000000000,1.000000000
E6_concurrency,concurrency_statistics.csv,"{""variant"":""PP_RETF"",""concurrency"":""10""}",transactions_in_block,40,40,40,1.000000000,10.000000000,10.000000000,0.000000000,10.000000000,10.000000000,10.000000000,2.022690225,10.000000000,10.000000000
E6_concurrency,concurrency_statistics.csv,"{""variant"":""PP_RETF"",""concurrency"":""10""}",preprocessing_ms,40,40,40,1.000000000,0.152822500,0.000000000,0.239187869,0.547800000,0.076326535,0.229318465,2.022690225,0.000000000,0.571700000
E6_concurrency,concurrency_statistics.csv,"{""variant"":""PP_RETF"",""concurrency"":""10""}",membership_ms,40,40,40,1.000000000,1121.805402500,1117.517500000,73.252921902,1238.087500000,1098.377989575,1145.232815425,2.022690225,1027.113500000,1265.583700000
E6_concurrency,concurrency_statistics.csv,"{""variant"":""PP_RETF"",""concurrency"":""10""}",committee_ms,40,40,40,1.000000000,8.929165000,8.642800000,2.068653456,12.336400000,8.267577756,9.590752244,2.022690225,6.209800000,14.802800000
E6_concurrency,concurrency_statistics.csv,"{""variant"":""PP_RETF"",""concurrency"":""10""}",finalization_ms,40,40,40,1.000000000,813.890985000,805.150300000,47.454925248,902.909400000,798.714168837,829.067801163,2.022690225,726.308400000,905.602800000
E6_concurrency,concurrency_statistics.csv,"{""variant"":""PP_RETF"",""concurrency"":""20""}",total_ms,40,40,40,1.000000000,2937.867375000,2950.178600000,65.920586501,3041.871800000,2916.784955895,2958.949794105,2.022690225,2848.614400000,3043.207600000
E6_concurrency,concurrency_statistics.csv,"{""variant"":""PP_RETF"",""concurrency"":""20""}",committed_workflows_per_s,40,40,40,1.000000000,6.775838181,6.775838181,0.000000000,6.775838181,6.775838181,6.775838181,2.022690225,6.775838181,6.775838181
E6_concurrency,concurrency_statistics.csv,"{""variant"":""PP_RETF"",""concurrency"":""20""}",block_utilization,40,40,40,1.000000000,1.000000000,1.000000000,0.000000000,1.000000000,1.000000000,1.000000000,2.022690225,1.000000000,1.000000000
E6_concurrency,concurrency_statistics.csv,"{""variant"":""PP_RETF"",""concurrency"":""20""}",transactions_in_block,40,40,40,1.000000000,10.000000000,10.000000000,0.000000000,10.000000000,10.000000000,10.000000000,2.022690225,10.000000000,10.000000000
E6_concurrency,concurrency_statistics.csv,"{""variant"":""PP_RETF"",""concurrency"":""20""}",preprocessing_ms,40,40,40,1.000000000,0.288815000,0.000000000,0.420988884,0.998900000,0.154176269,0.423453731,2.022690225,0.000000000,2.028500000
E6_concurrency,concurrency_statistics.csv,"{""variant"":""PP_RETF"",""concurrency"":""20""}",membership_ms,40,40,40,1.000000000,1692.497967500,1689.480750000,84.189460932,1831.091500000,1665.572880910,1719.423054090,2.022690225,1510.387600000,1845.595800000
E6_concurrency,concurrency_statistics.csv,"{""variant"":""PP_RETF"",""concurrency"":""20""}",committee_ms,40,40,40,1.000000000,8.261265000,7.434350000,3.438637153,11.265700000,7.161535865,9.360994135,2.022690225,4.826300000,24.752200000
E6_concurrency,concurrency_statistics.csv,"{""variant"":""PP_RETF"",""concurrency"":""20""}",finalization_ms,40,40,40,1.000000000,1218.172127500,1202.165400000,81.785726436,1356.999100000,1192.015792232,1244.328462768,2.022690225,1067.658200000,1459.825800000
E6_concurrency,concurrency_statistics.csv,"{""variant"":""PP_RETF"",""concurrency"":""5""}",total_ms,40,40,40,1.000000000,3221.699995000,3182.688000000,81.079840976,3396.049200000,3195.769412777,3247.630577223,2.022690225,3150.252600000,3396.679700000
E6_concurrency,concurrency_statistics.csv,"{""variant"":""PP_RETF"",""concurrency"":""5""}",committed_workflows_per_s,40,40,40,1.000000000,1.551936315,1.551936315,0.000000000,1.551936315,1.551936315,1.551936315,2.022690225,1.551936315,1.551936315
E6_concurrency,concurrency_statistics.csv,"{""variant"":""PP_RETF"",""concurrency"":""5""}",block_utilization,40,40,40,1.000000000,0.500000000,0.500000000,0.000000000,0.500000000,0.500000000,0.500000000,2.022690225,0.500000000,0.500000000
E6_concurrency,concurrency_statistics.csv,"{""variant"":""PP_RETF"",""concurrency"":""5""}",transactions_in_block,40,40,40,1.000000000,5.000000000,5.000000000,0.000000000,5.000000000,5.000000000,5.000000000,2.022690225,5.000000000,5.000000000
E6_concurrency,concurrency_statistics.csv,"{""variant"":""PP_RETF"",""concurrency"":""5""}",preprocessing_ms,40,40,40,1.000000000,0.193170000,0.000000000,0.309507850,0.773200000,0.094184621,0.292155379,2.022690225,0.000000000,1.004000000
E6_concurrency,concurrency_statistics.csv,"{""variant"":""PP_RETF"",""concurrency"":""5""}",membership_ms,40,40,40,1.000000000,697.356310000,675.331450000,59.034489818,819.058000000,678.476170698,716.236449302,2.022690225,640.877500000,820.754600000
E6_concurrency,concurrency_statistics.csv,"{""variant"":""PP_RETF"",""concurrency"":""5""}",committee_ms,40,40,40,1.000000000,5.632042500,5.643350000,0.919471390,7.094200000,5.337981385,5.926103615,2.022690225,4.277800000,7.328600000
E6_concurrency,concurrency_statistics.csv,"{""variant"":""PP_RETF"",""concurrency"":""5""}",finalization_ms,40,40,40,1.000000000,2509.588725000,2503.176350000,26.333905321,2562.750800000,2501.166736390,2518.010713610,2.022690225,2475.886600000,2576.377400000
E6_concurrency,concurrency_statistics.csv,"{""variant"":""Plain_RETF"",""concurrency"":""1""}",total_ms,40,40,40,1.000000000,2063.233617500,2061.488600000,6.270487952,2071.619000000,2061.228218853,2065.239016147,2.022690225,2056.296000000,2090.687800000
E6_concurrency,concurrency_statistics.csv,"{""variant"":""Plain_RETF"",""concurrency"":""1""}",committed_workflows_per_s,40,40,40,1.000000000,0.484666713,0.484666713,0.000000000,0.484666713,0.484666713,0.484666713,2.022690225,0.484666713,0.484666713
E6_concurrency,concurrency_statistics.csv,"{""variant"":""Plain_RETF"",""concurrency"":""1""}",block_utilization,40,40,40,1.000000000,0.100000000,0.100000000,0.000000000,0.100000000,0.100000000,0.100000000,2.022690225,0.100000000,0.100000000
E6_concurrency,concurrency_statistics.csv,"{""variant"":""Plain_RETF"",""concurrency"":""1""}",transactions_in_block,40,40,40,1.000000000,1.000000000,1.000000000,0.000000000,1.000000000,1.000000000,1.000000000,2.022690225,1.000000000,1.000000000
E6_concurrency,concurrency_statistics.csv,"{""variant"":""Plain_RETF"",""concurrency"":""1""}",preprocessing_ms,40,40,40,1.000000000,0.000000000,0.000000000,0.000000000,0.000000000,0.000000000,0.000000000,2.022690225,0.000000000,0.000000000
E6_concurrency,concurrency_statistics.csv,"{""variant"":""Plain_RETF"",""concurrency"":""1""}",membership_ms,40,40,40,1.000000000,0.000000000,0.000000000,0.000000000,0.000000000,0.000000000,0.000000000,2.022690225,0.000000000,0.000000000
E6_concurrency,concurrency_statistics.csv,"{""variant"":""Plain_RETF"",""concurrency"":""1""}",committee_ms,40,40,40,1.000000000,0.000000000,0.000000000,0.000000000,0.000000000,0.000000000,0.000000000,2.022690225,0.000000000,0.000000000
E6_concurrency,concurrency_statistics.csv,"{""variant"":""Plain_RETF"",""concurrency"":""1""}",finalization_ms,40,40,40,1.000000000,2056.487437500,2054.882050000,5.580416006,2064.567400000,2054.702734492,2058.272140508,2.022690225,2049.617500000,2080.514000000
E6_concurrency,concurrency_statistics.csv,"{""variant"":""Plain_RETF"",""concurrency"":""10""}",total_ms,40,40,40,1.000000000,96.985312500,98.409950000,3.425741312,100.696400000,95.889707653,98.080917347,2.022690225,90.068700000,101.204000000
E6_concurrency,concurrency_statistics.csv,"{""variant"":""Plain_RETF"",""concurrency"":""10""}",committed_workflows_per_s,40,40,40,1.000000000,102.922536896,102.922536896,0.000000000,102.922536896,102.922536896,102.922536896,2.022690225,102.922536896,102.922536896
E6_concurrency,concurrency_statistics.csv,"{""variant"":""Plain_RETF"",""concurrency"":""10""}",block_utilization,40,40,40,1.000000000,1.000000000,1.000000000,0.000000000,1.000000000,1.000000000,1.000000000,2.022690225,1.000000000,1.000000000
E6_concurrency,concurrency_statistics.csv,"{""variant"":""Plain_RETF"",""concurrency"":""10""}",transactions_in_block,40,40,40,1.000000000,10.000000000,10.000000000,0.000000000,10.000000000,10.000000000,10.000000000,2.022690225,10.000000000,10.000000000
E6_concurrency,concurrency_statistics.csv,"{""variant"":""Plain_RETF"",""concurrency"":""10""}",preprocessing_ms,40,40,40,1.000000000,0.000000000,0.000000000,0.000000000,0.000000000,0.000000000,0.000000000,2.022690225,0.000000000,0.000000000
E6_concurrency,concurrency_statistics.csv,"{""variant"":""Plain_RETF"",""concurrency"":""10""}",membership_ms,40,40,40,1.000000000,0.000000000,0.000000000,0.000000000,0.000000000,0.000000000,0.000000000,2.022690225,0.000000000,0.000000000
E6_concurrency,concurrency_statistics.csv,"{""variant"":""Plain_RETF"",""concurrency"":""10""}",committee_ms,40,40,40,1.000000000,0.000000000,0.000000000,0.000000000,0.000000000,0.000000000,0.000000000,2.022690225,0.000000000,0.000000000
E6_concurrency,concurrency_statistics.csv,"{""variant"":""Plain_RETF"",""concurrency"":""10""}",finalization_ms,40,40,40,1.000000000,85.452310000,87.030700000,3.626101070,89.410100000,84.292627016,86.611992984,2.022690225,79.685200000,89.935600000
E6_concurrency,concurrency_statistics.csv,"{""variant"":""Plain_RETF"",""concurrency"":""20""}",total_ms,40,40,40,1.000000000,188.396255000,189.046150000,25.526105319,227.399900000,180.232613275,196.559896725,2.022690225,149.554000000,228.470100000
E6_concurrency,concurrency_statistics.csv,"{""variant"":""Plain_RETF"",""concurrency"":""20""}",committed_workflows_per_s,40,40,40,1.000000000,97.102344657,97.102344657,0.000000000,97.102344657,97.102344657,97.102344657,2.022690225,97.102344657,97.102344657
E6_concurrency,concurrency_statistics.csv,"{""variant"":""Plain_RETF"",""concurrency"":""20""}",block_utilization,40,40,40,1.000000000,1.000000000,1.000000000,0.000000000,1.000000000,1.000000000,1.000000000,2.022690225,1.000000000,1.000000000
E6_concurrency,concurrency_statistics.csv,"{""variant"":""Plain_RETF"",""concurrency"":""20""}",transactions_in_block,40,40,40,1.000000000,10.000000000,10.000000000,0.000000000,10.000000000,10.000000000,10.000000000,2.022690225,10.000000000,10.000000000
E6_concurrency,concurrency_statistics.csv,"{""variant"":""Plain_RETF"",""concurrency"":""20""}",preprocessing_ms,40,40,40,1.000000000,0.000000000,0.000000000,0.000000000,0.000000000,0.000000000,0.000000000,2.022690225,0.000000000,0.000000000
E6_concurrency,concurrency_statistics.csv,"{""variant"":""Plain_RETF"",""concurrency"":""20""}",membership_ms,40,40,40,1.000000000,0.000000000,0.000000000,0.000000000,0.000000000,0.000000000,0.000000000,2.022690225,0.000000000,0.000000000
E6_concurrency,concurrency_statistics.csv,"{""variant"":""Plain_RETF"",""concurrency"":""20""}",committee_ms,40,40,40,1.000000000,0.000000000,0.000000000,0.000000000,0.000000000,0.000000000,0.000000000,2.022690225,0.000000000,0.000000000
E6_concurrency,concurrency_statistics.csv,"{""variant"":""Plain_RETF"",""concurrency"":""20""}",finalization_ms,40,40,40,1.000000000,170.203590000,173.105700000,25.284059161,201.892700000,162.117358366,178.289821634,2.022690225,129.908500000,202.962000000
E6_concurrency,concurrency_statistics.csv,"{""variant"":""Plain_RETF"",""concurrency"":""5""}",total_ms,40,40,40,1.000000000,2079.975497500,2078.028900000,6.711800963,2090.599900000,2077.828960153,2082.122034847,2.022690225,2068.551200000,2090.599900000
E6_concurrency,concurrency_statistics.csv,"{""variant"":""Plain_RETF"",""concurrency"":""5""}",committed_workflows_per_s,40,40,40,1.000000000,2.403775817,2.403775817,0.000000000,2.403775817,2.403775817,2.403775817,2.022690225,2.403775817,2.403775817
E6_concurrency,concurrency_statistics.csv,"{""variant"":""Plain_RETF"",""concurrency"":""5""}",block_utilization,40,40,40,1.000000000,0.500000000,0.500000000,0.000000000,0.500000000,0.500000000,0.500000000,2.022690225,0.500000000,0.500000000
E6_concurrency,concurrency_statistics.csv,"{""variant"":""Plain_RETF"",""concurrency"":""5""}",transactions_in_block,40,40,40,1.000000000,5.000000000,5.000000000,0.000000000,5.000000000,5.000000000,5.000000000,2.022690225,5.000000000,5.000000000
E6_concurrency,concurrency_statistics.csv,"{""variant"":""Plain_RETF"",""concurrency"":""5""}",preprocessing_ms,40,40,40,1.000000000,0.000000000,0.000000000,0.000000000,0.000000000,0.000000000,0.000000000,2.022690225,0.000000000,0.000000000
E6_concurrency,concurrency_statistics.csv,"{""variant"":""Plain_RETF"",""concurrency"":""5""}",membership_ms,40,40,40,1.000000000,0.000000000,0.000000000,0.000000000,0.000000000,0.000000000,0.000000000,2.022690225,0.000000000,0.000000000
E6_concurrency,concurrency_statistics.csv,"{""variant"":""Plain_RETF"",""concurrency"":""5""}",committee_ms,40,40,40,1.000000000,0.000000000,0.000000000,0.000000000,0.000000000,0.000000000,0.000000000,2.022690225,0.000000000,0.000000000
E6_concurrency,concurrency_statistics.csv,"{""variant"":""Plain_RETF"",""concurrency"":""5""}",finalization_ms,40,40,40,1.000000000,2071.135240000,2069.809400000,5.723943357,2080.870600000,2069.304634734,2072.965845266,2.022690225,2061.677800000,2081.407100000
E7_couchdb,storage_couchdb_receipts_statistics.csv,"{""variant"":""PP_RETF"",""concurrency"":""1""}",application_key_bytes,40,40,40,1.000000000,47.775000000,48.000000000,0.422902062,48.000000000,47.639749406,47.910250594,2.022690225,47.000000000,48.000000000
E7_couchdb,storage_couchdb_receipts_statistics.csv,"{""variant"":""PP_RETF"",""concurrency"":""1""}",application_value_bytes,40,40,40,1.000000000,501.775000000,502.000000000,0.422902062,502.000000000,501.639749406,501.910250594,2.022690225,501.000000000,502.000000000
E7_couchdb,storage_couchdb_receipts_statistics.csv,"{""variant"":""PP_RETF"",""concurrency"":""1""}",logical_public_state_bytes,40,40,40,1.000000000,549.550000000,550.000000000,0.845804124,550.000000000,549.279498811,549.820501189,2.022690225,548.000000000,550.000000000
E7_couchdb,storage_couchdb_receipts_statistics.csv,"{""variant"":""PP_RETF"",""concurrency"":""1""}",logical_public_state_bytes_per_order,40,40,40,1.000000000,54.955000000,55.000000000,0.084580412,55.000000000,54.927949881,54.982050119,2.022690225,54.800000000,55.000000000
E7_couchdb,storage_couchdb_receipts_statistics.csv,"{""variant"":""PP_RETF"",""concurrency"":""1""}",compact_couchdb_document_json_bytes,40,40,40,1.000000000,624.550000000,625.000000000,0.845804124,625.000000000,624.279498811,624.820501189,2.022690225,623.000000000,625.000000000
E7_couchdb,storage_couchdb_receipts_statistics.csv,"{""variant"":""PP_RETF"",""concurrency"":""1""}",fabric_private_data_bytes,40,40,40,1.000000000,0.000000000,0.000000000,0.000000000,0.000000000,0.000000000,0.000000000,2.022690225,0.000000000,0.000000000
E7_couchdb,storage_couchdb_receipts_statistics.csv,"{""variant"":""PP_RETF"",""concurrency"":""10""}",application_key_bytes,40,40,40,1.000000000,48.775000000,49.000000000,0.422902062,49.000000000,48.639749406,48.910250594,2.022690225,48.000000000,49.000000000
E7_couchdb,storage_couchdb_receipts_statistics.csv,"{""variant"":""PP_RETF"",""concurrency"":""10""}",application_value_bytes,40,40,40,1.000000000,502.775000000,503.000000000,0.422902062,503.000000000,502.639749406,502.910250594,2.022690225,502.000000000,503.000000000
E7_couchdb,storage_couchdb_receipts_statistics.csv,"{""variant"":""PP_RETF"",""concurrency"":""10""}",logical_public_state_bytes,40,40,40,1.000000000,551.550000000,552.000000000,0.845804124,552.000000000,551.279498811,551.820501189,2.022690225,550.000000000,552.000000000
E7_couchdb,storage_couchdb_receipts_statistics.csv,"{""variant"":""PP_RETF"",""concurrency"":""10""}",logical_public_state_bytes_per_order,40,40,40,1.000000000,55.155000000,55.200000000,0.084580412,55.200000000,55.127949881,55.182050119,2.022690225,55.000000000,55.200000000
E7_couchdb,storage_couchdb_receipts_statistics.csv,"{""variant"":""PP_RETF"",""concurrency"":""10""}",compact_couchdb_document_json_bytes,40,40,40,1.000000000,630.150000000,631.000000000,1.494434118,631.000000000,629.672056946,630.627943054,2.022690225,625.000000000,631.000000000
E7_couchdb,storage_couchdb_receipts_statistics.csv,"{""variant"":""PP_RETF"",""concurrency"":""10""}",fabric_private_data_bytes,40,40,40,1.000000000,0.000000000,0.000000000,0.000000000,0.000000000,0.000000000,0.000000000,2.022690225,0.000000000,0.000000000
E7_couchdb,storage_couchdb_receipts_statistics.csv,"{""variant"":""PP_RETF"",""concurrency"":""20""}",application_key_bytes,40,40,40,1.000000000,48.775000000,49.000000000,0.422902062,49.000000000,48.639749406,48.910250594,2.022690225,48.000000000,49.000000000
E7_couchdb,storage_couchdb_receipts_statistics.csv,"{""variant"":""PP_RETF"",""concurrency"":""20""}",application_value_bytes,40,40,40,1.000000000,502.775000000,503.000000000,0.422902062,503.000000000,502.639749406,502.910250594,2.022690225,502.000000000,503.000000000
E7_couchdb,storage_couchdb_receipts_statistics.csv,"{""variant"":""PP_RETF"",""concurrency"":""20""}",logical_public_state_bytes,40,40,40,1.000000000,551.550000000,552.000000000,0.845804124,552.000000000,551.279498811,551.820501189,2.022690225,550.000000000,552.000000000
E7_couchdb,storage_couchdb_receipts_statistics.csv,"{""variant"":""PP_RETF"",""concurrency"":""20""}",logical_public_state_bytes_per_order,40,40,40,1.000000000,55.155000000,55.200000000,0.084580412,55.200000000,55.127949881,55.182050119,2.022690225,55.000000000,55.200000000
E7_couchdb,storage_couchdb_receipts_statistics.csv,"{""variant"":""PP_RETF"",""concurrency"":""20""}",compact_couchdb_document_json_bytes,40,40,40,1.000000000,630.150000000,631.000000000,1.350213658,631.000000000,629.718180871,630.581819129,2.022690225,627.000000000,631.000000000
E7_couchdb,storage_couchdb_receipts_statistics.csv,"{""variant"":""PP_RETF"",""concurrency"":""20""}",fabric_private_data_bytes,40,40,40,1.000000000,0.000000000,0.000000000,0.000000000,0.000000000,0.000000000,0.000000000,2.022690225,0.000000000,0.000000000
E7_couchdb,storage_couchdb_receipts_statistics.csv,"{""variant"":""PP_RETF"",""concurrency"":""5""}",application_key_bytes,40,40,40,1.000000000,47.775000000,48.000000000,0.422902062,48.000000000,47.639749406,47.910250594,2.022690225,47.000000000,48.000000000
E7_couchdb,storage_couchdb_receipts_statistics.csv,"{""variant"":""PP_RETF"",""concurrency"":""5""}",application_value_bytes,40,40,40,1.000000000,501.775000000,502.000000000,0.422902062,502.000000000,501.639749406,501.910250594,2.022690225,501.000000000,502.000000000
E7_couchdb,storage_couchdb_receipts_statistics.csv,"{""variant"":""PP_RETF"",""concurrency"":""5""}",logical_public_state_bytes,40,40,40,1.000000000,549.550000000,550.000000000,0.845804124,550.000000000,549.279498811,549.820501189,2.022690225,548.000000000,550.000000000
E7_couchdb,storage_couchdb_receipts_statistics.csv,"{""variant"":""PP_RETF"",""concurrency"":""5""}",logical_public_state_bytes_per_order,40,40,40,1.000000000,54.955000000,55.000000000,0.084580412,55.000000000,54.927949881,54.982050119,2.022690225,54.800000000,55.000000000
E7_couchdb,storage_couchdb_receipts_statistics.csv,"{""variant"":""PP_RETF"",""concurrency"":""5""}",compact_couchdb_document_json_bytes,40,40,40,1.000000000,627.750000000,629.000000000,1.735747825,629.000000000,627.194881105,628.305118895,2.022690225,623.000000000,629.000000000
E7_couchdb,storage_couchdb_receipts_statistics.csv,"{""variant"":""PP_RETF"",""concurrency"":""5""}",fabric_private_data_bytes,40,40,40,1.000000000,0.000000000,0.000000000,0.000000000,0.000000000,0.000000000,0.000000000,2.022690225,0.000000000,0.000000000
