run_id,run_index,sample_class,capacity,release_commit,oci_digest,task_id_hash,session_id_hash,runtime_profile_verified,real_anoncred,real_mpc,mock,legacy,success,summary_sha256,raw_log_sha256,operation,transaction_id,endorsement_ms,ordering_submit_ms,event_wait_ms,total_ms
cap16-measured-00,0,measured,16,559e0bb531b3e4330c532e624d546d616c7849eb,sha256:532a8ccbe2aa5cc8d5d789fd51537f7e03d80aa07758509b75d4e14f13d76079,f50858b166fcea457f2c4f1bfbefee1d9d700dae18b8ce06dcaef1a70b718b41,685db3707e5f20c751c141214cd74cfae79444941a0e89bd0642cc9dfa78b030,True,True,True,False,False,True,7da9475f58f57b724ee28e77f84cc61bcbb9b4951e20f590e6432c6944902508,de60f96b1462386eb24719a1582ec539ab4e5881cb104e1dc5236cbb32bf83c0,RegisterCommittee,7b9ec011b0c62fce84ce7823bd345a9bd0a043f36a37262192df0009e18e7209,47.712388,4.74259,2126.249287,2178.704265
cap16-measured-00,0,measured,16,559e0bb531b3e4330c532e624d546d616c7849eb,sha256:532a8ccbe2aa5cc8d5d789fd51537f7e03d80aa07758509b75d4e14f13d76079,f50858b166fcea457f2c4f1bfbefee1d9d700dae18b8ce06dcaef1a70b718b41,685db3707e5f20c751c141214cd74cfae79444941a0e89bd0642cc9dfa78b030,True,True,True,False,False,True,7da9475f58f57b724ee28e77f84cc61bcbb9b4951e20f590e6432c6944902508,de60f96b1462386eb24719a1582ec539ab4e5881cb104e1dc5236cbb32bf83c0,RegisterInputAttestorKey,eb6be6a8c10ae21fe8923accc453a6d80207abd4c1e225a4e7eb995271ba0dc4,21.193103,2.843704,2127.707412,2151.744219
cap16-measured-00,0,measured,16,559e0bb531b3e4330c532e624d546d616c7849eb,sha256:532a8ccbe2aa5cc8d5d789fd51537f7e03d80aa07758509b75d4e14f13d76079,f50858b166fcea457f2c4f1bfbefee1d9d700dae18b8ce06dcaef1a70b718b41,685db3707e5f20c751c141214cd74cfae79444941a0e89bd0642cc9dfa78b030,True,True,True,False,False,True,7da9475f58f57b724ee28e77f84cc61bcbb9b4951e20f590e6432c6944902508,de60f96b1462386eb24719a1582ec539ab4e5881cb104e1dc5236cbb32bf83c0,SubmitInputCommitment,0e8f97b3a3c0a5f67a2c83e8951224f4ba33b5b87abd484e818d8523eb9b1619,57.19309,2.887865,2143.079283,2203.160238
cap16-measured-00,0,measured,16,559e0bb531b3e4330c532e624d546d616c7849eb,sha256:532a8ccbe2aa5cc8d5d789fd51537f7e03d80aa07758509b75d4e14f13d76079,f50858b166fcea457f2c4f1bfbefee1d9d700dae18b8ce06dcaef1a70b718b41,685db3707e5f20c751c141214cd74cfae79444941a0e89bd0642cc9dfa78b030,True,True,True,False,False,True,7da9475f58f57b724ee28e77f84cc61bcbb9b4951e20f590e6432c6944902508,de60f96b1462386eb24719a1582ec539ab4e5881cb104e1dc5236cbb32bf83c0,SubmitInputCommitment,da5e39776a5f7d8f9feb3f0ba519c5c18124f5c23caf33fa82ac1e082541e1f1,34.60929,2.354786,2122.613445,2159.577521
cap16-measured-00,0,measured,16,559e0bb531b3e4330c532e624d546d616c7849eb,sha256:532a8ccbe2aa5cc8d5d789fd51537f7e03d80aa07758509b75d4e14f13d76079,f50858b166fcea457f2c4f1bfbefee1d9d700dae18b8ce06dcaef1a70b718b41,685db3707e5f20c751c141214cd74cfae79444941a0e89bd0642cc9dfa78b030,True,True,True,False,False,True,7da9475f58f57b724ee28e77f84cc61bcbb9b4951e20f590e6432c6944902508,de60f96b1462386eb24719a1582ec539ab4e5881cb104e1dc5236cbb32bf83c0,SubmitSessionInput,bc6955d7142130d4811e785fe38b5a111257f23d2e57df4cb4814a151055bcf7,69.580486,3.752775,2123.159019,2196.49228
cap16-measured-00,0,measured,16,559e0bb531b3e4330c532e624d546d616c7849eb,sha256:532a8ccbe2aa5cc8d5d789fd51537f7e03d80aa07758509b75d4e14f13d76079,f50858b166fcea457f2c4f1bfbefee1d9d700dae18b8ce06dcaef1a70b718b41,685db3707e5f20c751c141214cd74cfae79444941a0e89bd0642cc9dfa78b030,True,True,True,False,False,True,7da9475f58f57b724ee28e77f84cc61bcbb9b4951e20f590e6432c6944902508,de60f96b1462386eb24719a1582ec539ab4e5881cb104e1dc5236cbb32bf83c0,RecordPartyExecution,835a9735851b903c5442e5e93ea24294fcb8021404c46290d4da05458aa29fe2,59.799687,3.221395,2185.276229,2248.297311
cap16-measured-00,0,measured,16,559e0bb531b3e4330c532e624d546d616c7849eb,sha256:532a8ccbe2aa5cc8d5d789fd51537f7e03d80aa07758509b75d4e14f13d76079,f50858b166fcea457f2c4f1bfbefee1d9d700dae18b8ce06dcaef1a70b718b41,685db3707e5f20c751c141214cd74cfae79444941a0e89bd0642cc9dfa78b030,True,True,True,False,False,True,7da9475f58f57b724ee28e77f84cc61bcbb9b4951e20f590e6432c6944902508,de60f96b1462386eb24719a1582ec539ab4e5881cb104e1dc5236cbb32bf83c0,RecordPartyExecution,5839b74795e792ce72f25acf52ef9d03a7d49689cad007f081cdfa32f249ea8e,25.240914,3.368812,2134.371508,2162.981234
cap16-measured-00,0,measured,16,559e0bb531b3e4330c532e624d546d616c7849eb,sha256:532a8ccbe2aa5cc8d5d789fd51537f7e03d80aa07758509b75d4e14f13d76079,f50858b166fcea457f2c4f1bfbefee1d9d700dae18b8ce06dcaef1a70b718b41,685db3707e5f20c751c141214cd74cfae79444941a0e89bd0642cc9dfa78b030,True,True,True,False,False,True,7da9475f58f57b724ee28e77f84cc61bcbb9b4951e20f590e6432c6944902508,de60f96b1462386eb24719a1582ec539ab4e5881cb104e1dc5236cbb32bf83c0,RecordPartyExecution,1543cf81a6051b31234d64e2038af00141bffb8fe2d6f7624cc5f22538fb281a,23.443602,2.370965,2132.534432,2158.348999
cap16-measured-00,0,measured,16,559e0bb531b3e4330c532e624d546d616c7849eb,sha256:532a8ccbe2aa5cc8d5d789fd51537f7e03d80aa07758509b75d4e14f13d76079,f50858b166fcea457f2c4f1bfbefee1d9d700dae18b8ce06dcaef1a70b718b41,685db3707e5f20c751c141214cd74cfae79444941a0e89bd0642cc9dfa78b030,True,True,True,False,False,True,7da9475f58f57b724ee28e77f84cc61bcbb9b4951e20f590e6432c6944902508,de60f96b1462386eb24719a1582ec539ab4e5881cb104e1dc5236cbb32bf83c0,FinalizeSession,65a1af29cd8ab18b6adadbc21a638c76540b7512ec71bb00689391d38e5f1912,39.897519,1.982499,2138.584736,2180.464754
cap16-measured-01,1,measured,16,559e0bb531b3e4330c532e624d546d616c7849eb,sha256:532a8ccbe2aa5cc8d5d789fd51537f7e03d80aa07758509b75d4e14f13d76079,35ae283b6620516d10edcc78c261fd3055ee271b7869c33d7460ecd5da2763b7,9d82e277b746d857ef95befecd9f6ef08d24398630b048b1ead21e0ce61d657a,True,True,True,False,False,True,c97d3a562762e48c58d0dc35c829025caa0d8afcce3fb18aa5f72cf1c344e8d7,6a143c2fb406e2aba9332655671819c9238069b4dba636a8926eb0d2031e0965,RegisterCommittee,e7f342df2ec19dfdcef8ff78d2a528e80702381940e2329f1ba87cefa627c50f,55.122831,2.483752,2142.312792,2199.919375
cap16-measured-01,1,measured,16,559e0bb531b3e4330c532e624d546d616c7849eb,sha256:532a8ccbe2aa5cc8d5d789fd51537f7e03d80aa07758509b75d4e14f13d76079,35ae283b6620516d10edcc78c261fd3055ee271b7869c33d7460ecd5da2763b7,9d82e277b746d857ef95befecd9f6ef08d24398630b048b1ead21e0ce61d657a,True,True,True,False,False,True,c97d3a562762e48c58d0dc35c829025caa0d8afcce3fb18aa5f72cf1c344e8d7,6a143c2fb406e2aba9332655671819c9238069b4dba636a8926eb0d2031e0965,RegisterInputAttestorKey,845e9cabcf74f2606a3e69cab0e6121a2eaa5c7210163d56ed8a6425fac5ed0d,19.827885,4.148516,2129.751846,2153.728247
cap16-measured-01,1,measured,16,559e0bb531b3e4330c532e624d546d616c7849eb,sha256:532a8ccbe2aa5cc8d5d789fd51537f7e03d80aa07758509b75d4e14f13d76079,35ae283b6620516d10edcc78c261fd3055ee271b7869c33d7460ecd5da2763b7,9d82e277b746d857ef95befecd9f6ef08d24398630b048b1ead21e0ce61d657a,True,True,True,False,False,True,c97d3a562762e48c58d0dc35c829025caa0d8afcce3fb18aa5f72cf1c344e8d7,6a143c2fb406e2aba9332655671819c9238069b4dba636a8926eb0d2031e0965,SubmitInputCommitment,826cc3c865a0e4f467b3127826c1ce3463ba1ce69447b9b00a8593673f008eab,53.420827,3.110511,2185.799778,2242.331116
cap16-measured-01,1,measured,16,559e0bb531b3e4330c532e624d546d616c7849eb,sha256:532a8ccbe2aa5cc8d5d789fd51537f7e03d80aa07758509b75d4e14f13d76079,35ae283b6620516d10edcc78c261fd3055ee271b7869c33d7460ecd5da2763b7,9d82e277b746d857ef95befecd9f6ef08d24398630b048b1ead21e0ce61d657a,True,True,True,False,False,True,c97d3a562762e48c58d0dc35c829025caa0d8afcce3fb18aa5f72cf1c344e8d7,6a143c2fb406e2aba9332655671819c9238069b4dba636a8926eb0d2031e0965,SubmitInputCommitment,2012fd25058d201cac009634ceaaff0c288adbe8f0a3c53eda042c7eed2d757d,61.406476,8.274388,2151.891508,2221.572372
cap16-measured-01,1,measured,16,559e0bb531b3e4330c532e624d546d616c7849eb,sha256:532a8ccbe2aa5cc8d5d789fd51537f7e03d80aa07758509b75d4e14f13d76079,35ae283b6620516d10edcc78c261fd3055ee271b7869c33d7460ecd5da2763b7,9d82e277b746d857ef95befecd9f6ef08d24398630b048b1ead21e0ce61d657a,True,True,True,False,False,True,c97d3a562762e48c58d0dc35c829025caa0d8afcce3fb18aa5f72cf1c344e8d7,6a143c2fb406e2aba9332655671819c9238069b4dba636a8926eb0d2031e0965,SubmitSessionInput,ec6a901c414fd166ccfe6859ae664517b4d24514e527f05747081c13aa067965,85.981533,2.283221,2148.854147,2237.118901
cap16-measured-01,1,measured,16,559e0bb531b3e4330c532e624d546d616c7849eb,sha256:532a8ccbe2aa5cc8d5d789fd51537f7e03d80aa07758509b75d4e14f13d76079,35ae283b6620516d10edcc78c261fd3055ee271b7869c33d7460ecd5da2763b7,9d82e277b746d857ef95befecd9f6ef08d24398630b048b1ead21e0ce61d657a,True,True,True,False,False,True,c97d3a562762e48c58d0dc35c829025caa0d8afcce3fb18aa5f72cf1c344e8d7,6a143c2fb406e2aba9332655671819c9238069b4dba636a8926eb0d2031e0965,RecordPartyExecution,96a524f12e6bf844ded5e25fed505476ea980eca7b70a4f6e7384625421050a4,70.741286,3.237051,2184.579396,2258.557733
cap16-measured-01,1,measured,16,559e0bb531b3e4330c532e624d546d616c7849eb,sha256:532a8ccbe2aa5cc8d5d789fd51537f7e03d80aa07758509b75d4e14f13d76079,35ae283b6620516d10edcc78c261fd3055ee271b7869c33d7460ecd5da2763b7,9d82e277b746d857ef95befecd9f6ef08d24398630b048b1ead21e0ce61d657a,True,True,True,False,False,True,c97d3a562762e48c58d0dc35c829025caa0d8afcce3fb18aa5f72cf1c344e8d7,6a143c2fb406e2aba9332655671819c9238069b4dba636a8926eb0d2031e0965,RecordPartyExecution,e3f0cf5eecc674f606157ba79419fc041104d95c7de1f2eae2b1290628918239,32.161764,3.247921,2136.167155,2171.57684
cap16-measured-01,1,measured,16,559e0bb531b3e4330c532e624d546d616c7849eb,sha256:532a8ccbe2aa5cc8d5d789fd51537f7e03d80aa07758509b75d4e14f13d76079,35ae283b6620516d10edcc78c261fd3055ee271b7869c33d7460ecd5da2763b7,9d82e277b746d857ef95befecd9f6ef08d24398630b048b1ead21e0ce61d657a,True,True,True,False,False,True,c97d3a562762e48c58d0dc35c829025caa0d8afcce3fb18aa5f72cf1c344e8d7,6a143c2fb406e2aba9332655671819c9238069b4dba636a8926eb0d2031e0965,RecordPartyExecution,2ad9731220f41d82fe4ef3f9bac42f9b811f2c074bd5549eefa854f752621ccb,25.802811,2.431125,2154.764581,2182.998517
cap16-measured-01,1,measured,16,559e0bb531b3e4330c532e624d546d616c7849eb,sha256:532a8ccbe2aa5cc8d5d789fd51537f7e03d80aa07758509b75d4e14f13d76079,35ae283b6620516d10edcc78c261fd3055ee271b7869c33d7460ecd5da2763b7,9d82e277b746d857ef95befecd9f6ef08d24398630b048b1ead21e0ce61d657a,True,True,True,False,False,True,c97d3a562762e48c58d0dc35c829025caa0d8afcce3fb18aa5f72cf1c344e8d7,6a143c2fb406e2aba9332655671819c9238069b4dba636a8926eb0d2031e0965,FinalizeSession,c1b8b3eba8233a5906cf024765a0f9196e50eec316f8f9fc3e745eaebe234d10,59.860072,3.387171,2145.999233,2209.246476
cap16-measured-02,2,measured,16,559e0bb531b3e4330c532e624d546d616c7849eb,sha256:532a8ccbe2aa5cc8d5d789fd51537f7e03d80aa07758509b75d4e14f13d76079,b5f2f25e8bc332ef568f04d1ef564ba9268f52cdccd8ba434c343d9a59f0e0a9,176a8141f862c657785d50b1d7c902e9e5ed0d50351c1d9e827c390093c34b57,True,True,True,False,False,True,0ff19abeda6e66275e151d200110dcae04c1d79907eb71ec3490fb87c0a0fa03,607f73a962d10b6bd315fa5d599aed0ecea39ea44f2213f558a1aa87a7105fba,RegisterCommittee,7e333b45ead8f3a8fec195b694af0c42d4aab8cdb68a9dc9b5044e7302d9b55f,63.308082,5.895577,2146.685262,2215.888921
cap16-measured-02,2,measured,16,559e0bb531b3e4330c532e624d546d616c7849eb,sha256:532a8ccbe2aa5cc8d5d789fd51537f7e03d80aa07758509b75d4e14f13d76079,b5f2f25e8bc332ef568f04d1ef564ba9268f52cdccd8ba434c343d9a59f0e0a9,176a8141f862c657785d50b1d7c902e9e5ed0d50351c1d9e827c390093c34b57,True,True,True,False,False,True,0ff19abeda6e66275e151d200110dcae04c1d79907eb71ec3490fb87c0a0fa03,607f73a962d10b6bd315fa5d599aed0ecea39ea44f2213f558a1aa87a7105fba,RegisterInputAttestorKey,3e62089b26b9481e2be4098d9bb867ad46861079fb855518dac722ab3111925d,22.315763,2.382843,2141.802889,2166.501495
cap16-measured-02,2,measured,16,559e0bb531b3e4330c532e624d546d616c7849eb,sha256:532a8ccbe2aa5cc8d5d789fd51537f7e03d80aa07758509b75d4e14f13d76079,b5f2f25e8bc332ef568f04d1ef564ba9268f52cdccd8ba434c343d9a59f0e0a9,176a8141f862c657785d50b1d7c902e9e5ed0d50351c1d9e827c390093c34b57,True,True,True,False,False,True,0ff19abeda6e66275e151d200110dcae04c1d79907eb71ec3490fb87c0a0fa03,607f73a962d10b6bd315fa5d599aed0ecea39ea44f2213f558a1aa87a7105fba,SubmitInputCommitment,598ae0c4bd41b116d1627cba4ce95fd90987b3cfc0e081ae8a70123914791c49,62.884785,5.024227,2178.23765,2246.146662
cap16-measured-02,2,measured,16,559e0bb531b3e4330c532e624d546d616c7849eb,sha256:532a8ccbe2aa5cc8d5d789fd51537f7e03d80aa07758509b75d4e14f13d76079,b5f2f25e8bc332ef568f04d1ef564ba9268f52cdccd8ba434c343d9a59f0e0a9,176a8141f862c657785d50b1d7c902e9e5ed0d50351c1d9e827c390093c34b57,True,True,True,False,False,True,0ff19abeda6e66275e151d200110dcae04c1d79907eb71ec3490fb87c0a0fa03,607f73a962d10b6bd315fa5d599aed0ecea39ea44f2213f558a1aa87a7105fba,SubmitInputCommitment,ab6f9c1f2ceae3fc1fe90f620e40108f892ae8370390cc3d9ef5fe4fb240b691,65.866305,6.053999,2165.161794,2237.082098
cap16-measured-02,2,measured,16,559e0bb531b3e4330c532e624d546d616c7849eb,sha256:532a8ccbe2aa5cc8d5d789fd51537f7e03d80aa07758509b75d4e14f13d76079,b5f2f25e8bc332ef568f04d1ef564ba9268f52cdccd8ba434c343d9a59f0e0a9,176a8141f862c657785d50b1d7c902e9e5ed0d50351c1d9e827c390093c34b57,True,True,True,False,False,True,0ff19abeda6e66275e151d200110dcae04c1d79907eb71ec3490fb87c0a0fa03,607f73a962d10b6bd315fa5d599aed0ecea39ea44f2213f558a1aa87a7105fba,SubmitSessionInput,5ca7d2d104b90673af31395d19ca73fa56eca765b26056848dab0e3302da3b45,92.955214,2.648661,2162.889437,2258.493312
cap16-measured-02,2,measured,16,559e0bb531b3e4330c532e624d546d616c7849eb,sha256:532a8ccbe2aa5cc8d5d789fd51537f7e03d80aa07758509b75d4e14f13d76079,b5f2f25e8bc332ef568f04d1ef564ba9268f52cdccd8ba434c343d9a59f0e0a9,176a8141f862c657785d50b1d7c902e9e5ed0d50351c1d9e827c390093c34b57,True,True,True,False,False,True,0ff19abeda6e66275e151d200110dcae04c1d79907eb71ec3490fb87c0a0fa03,607f73a962d10b6bd315fa5d599aed0ecea39ea44f2213f558a1aa87a7105fba,RecordPartyExecution,e0539cecbed1f6433e7ee7b22b5d5b012d54466a32b470ca1d8e56309730b616,57.300988,2.784858,2170.242619,2230.328465
cap16-measured-02,2,measured,16,559e0bb531b3e4330c532e624d546d616c7849eb,sha256:532a8ccbe2aa5cc8d5d789fd51537f7e03d80aa07758509b75d4e14f13d76079,b5f2f25e8bc332ef568f04d1ef564ba9268f52cdccd8ba434c343d9a59f0e0a9,176a8141f862c657785d50b1d7c902e9e5ed0d50351c1d9e827c390093c34b57,True,True,True,False,False,True,0ff19abeda6e66275e151d200110dcae04c1d79907eb71ec3490fb87c0a0fa03,607f73a962d10b6bd315fa5d599aed0ecea39ea44f2213f558a1aa87a7105fba,RecordPartyExecution,3b9d915296e6fdce167df8c8f273edbe35f7b7c54f1c2a77b1f34653dadd55bc,25.480152,3.247418,2147.899224,2176.626794
cap16-measured-02,2,measured,16,559e0bb531b3e4330c532e624d546d616c7849eb,sha256:532a8ccbe2aa5cc8d5d789fd51537f7e03d80aa07758509b75d4e14f13d76079,b5f2f25e8bc332ef568f04d1ef564ba9268f52cdccd8ba434c343d9a59f0e0a9,176a8141f862c657785d50b1d7c902e9e5ed0d50351c1d9e827c390093c34b57,True,True,True,False,False,True,0ff19abeda6e66275e151d200110dcae04c1d79907eb71ec3490fb87c0a0fa03,607f73a962d10b6bd315fa5d599aed0ecea39ea44f2213f558a1aa87a7105fba,RecordPartyExecution,fe5769dad75b46aa9a6725bb725ea274a1fd441201019859a1c567d7ffd7bec4,34.861573,2.543869,2157.516803,2194.922245
cap16-measured-02,2,measured,16,559e0bb531b3e4330c532e624d546d616c7849eb,sha256:532a8ccbe2aa5cc8d5d789fd51537f7e03d80aa07758509b75d4e14f13d76079,b5f2f25e8bc332ef568f04d1ef564ba9268f52cdccd8ba434c343d9a59f0e0a9,176a8141f862c657785d50b1d7c902e9e5ed0d50351c1d9e827c390093c34b57,True,True,True,False,False,True,0ff19abeda6e66275e151d200110dcae04c1d79907eb71ec3490fb87c0a0fa03,607f73a962d10b6bd315fa5d599aed0ecea39ea44f2213f558a1aa87a7105fba,FinalizeSession,04c03f94f9e7231130665fafb340d0846cbe44c74e7c500215886e3f4618769d,56.012157,2.228288,2135.027188,2193.267633
cap16-measured-03,3,measured,16,559e0bb531b3e4330c532e624d546d616c7849eb,sha256:532a8ccbe2aa5cc8d5d789fd51537f7e03d80aa07758509b75d4e14f13d76079,bae3e3257437fd855ad009f7df1fc19bc767fb92d1f8bbf0e6ab3ec065155d47,e5124dd74b0e36a9934fcef640f7a842a78fc939185b3ca55465c706b0bf78d3,True,True,True,False,False,True,3b5ffc76dda94f4306879ce745bf3e5c0f074b0a1f2a8562f1a26c96296cdeb4,d3b8fe83dc003b021aaf9496a191e2666704d60088b180bba24f7d76f7cf6a03,RegisterCommittee,cbb98ead36a0e383538c03a5f18dea50b2c114abfc390a70e6014e35a1aa34bb,43.516336,2.479543,2127.139769,2173.135648
cap16-measured-03,3,measured,16,559e0bb531b3e4330c532e624d546d616c7849eb,sha256:532a8ccbe2aa5cc8d5d789fd51537f7e03d80aa07758509b75d4e14f13d76079,bae3e3257437fd855ad009f7df1fc19bc767fb92d1f8bbf0e6ab3ec065155d47,e5124dd74b0e36a9934fcef640f7a842a78fc939185b3ca55465c706b0bf78d3,True,True,True,False,False,True,3b5ffc76dda94f4306879ce745bf3e5c0f074b0a1f2a8562f1a26c96296cdeb4,d3b8fe83dc003b021aaf9496a191e2666704d60088b180bba24f7d76f7cf6a03,RegisterInputAttestorKey,bb3ca0fa74c502ee0253155b7ce6630cf2c9b4bf6104c1916e3f3ed7621f6f6e,18.241546,1.99959,2129.443784,2149.68492
cap16-measured-03,3,measured,16,559e0bb531b3e4330c532e624d546d616c7849eb,sha256:532a8ccbe2aa5cc8d5d789fd51537f7e03d80aa07758509b75d4e14f13d76079,bae3e3257437fd855ad009f7df1fc19bc767fb92d1f8bbf0e6ab3ec065155d47,e5124dd74b0e36a9934fcef640f7a842a78fc939185b3ca55465c706b0bf78d3,True,True,True,False,False,True,3b5ffc76dda94f4306879ce745bf3e5c0f074b0a1f2a8562f1a26c96296cdeb4,d3b8fe83dc003b021aaf9496a191e2666704d60088b180bba24f7d76f7cf6a03,SubmitInputCommitment,c1e0e62e462cb4c577b673c532cfda1d1e630e44dce4b9a8e48dce0e374dcef3,46.790406,4.914903,2158.612279,2210.317588
cap16-measured-03,3,measured,16,559e0bb531b3e4330c532e624d546d616c7849eb,sha256:532a8ccbe2aa5cc8d5d789fd51537f7e03d80aa07758509b75d4e14f13d76079,bae3e3257437fd855ad009f7df1fc19bc767fb92d1f8bbf0e6ab3ec065155d47,e5124dd74b0e36a9934fcef640f7a842a78fc939185b3ca55465c706b0bf78d3,True,True,True,False,False,True,3b5ffc76dda94f4306879ce745bf3e5c0f074b0a1f2a8562f1a26c96296cdeb4,d3b8fe83dc003b021aaf9496a191e2666704d60088b180bba24f7d76f7cf6a03,SubmitInputCommitment,aef33c275833c579a82c13a950a446713da06b166fed6e8c745df0a7a96a54ac,46.081485,4.509317,2143.453551,2194.044353
cap16-measured-03,3,measured,16,559e0bb531b3e4330c532e624d546d616c7849eb,sha256:532a8ccbe2aa5cc8d5d789fd51537f7e03d80aa07758509b75d4e14f13d76079,bae3e3257437fd855ad009f7df1fc19bc767fb92d1f8bbf0e6ab3ec065155d47,e5124dd74b0e36a9934fcef640f7a842a78fc939185b3ca55465c706b0bf78d3,True,True,True,False,False,True,3b5ffc76dda94f4306879ce745bf3e5c0f074b0a1f2a8562f1a26c96296cdeb4,d3b8fe83dc003b021aaf9496a191e2666704d60088b180bba24f7d76f7cf6a03,SubmitSessionInput,dd8de0618cdd5708b37a3301d3deb11e0465a7768a0fcae6b5aa74e409ab0049,77.854685,2.231003,2127.150526,2207.236214
cap16-measured-03,3,measured,16,559e0bb531b3e4330c532e624d546d616c7849eb,sha256:532a8ccbe2aa5cc8d5d789fd51537f7e03d80aa07758509b75d4e14f13d76079,bae3e3257437fd855ad009f7df1fc19bc767fb92d1f8bbf0e6ab3ec065155d47,e5124dd74b0e36a9934fcef640f7a842a78fc939185b3ca55465c706b0bf78d3,True,True,True,False,False,True,3b5ffc76dda94f4306879ce745bf3e5c0f074b0a1f2a8562f1a26c96296cdeb4,d3b8fe83dc003b021aaf9496a191e2666704d60088b180bba24f7d76f7cf6a03,RecordPartyExecution,a85e249289833b8e93656df649c4bb0f26d666bcbefb918851f85190b8394751,48.531355,3.45434,2388.743161,2440.728856
cap16-measured-03,3,measured,16,559e0bb531b3e4330c532e624d546d616c7849eb,sha256:532a8ccbe2aa5cc8d5d789fd51537f7e03d80aa07758509b75d4e14f13d76079,bae3e3257437fd855ad009f7df1fc19bc767fb92d1f8bbf0e6ab3ec065155d47,e5124dd74b0e36a9934fcef640f7a842a78fc939185b3ca55465c706b0bf78d3,True,True,True,False,False,True,3b5ffc76dda94f4306879ce745bf3e5c0f074b0a1f2a8562f1a26c96296cdeb4,d3b8fe83dc003b021aaf9496a191e2666704d60088b180bba24f7d76f7cf6a03,RecordPartyExecution,418ed0772b546da4836e03c32cb57d2f50372bae63798ca07413ad1a4be8cdd0,28.721627,2.914254,2141.086164,2172.722045
cap16-measured-03,3,measured,16,559e0bb531b3e4330c532e624d546d616c7849eb,sha256:532a8ccbe2aa5cc8d5d789fd51537f7e03d80aa07758509b75d4e14f13d76079,bae3e3257437fd855ad009f7df1fc19bc767fb92d1f8bbf0e6ab3ec065155d47,e5124dd74b0e36a9934fcef640f7a842a78fc939185b3ca55465c706b0bf78d3,True,True,True,False,False,True,3b5ffc76dda94f4306879ce745bf3e5c0f074b0a1f2a8562f1a26c96296cdeb4,d3b8fe83dc003b021aaf9496a191e2666704d60088b180bba24f7d76f7cf6a03,RecordPartyExecution,b13dd5945094668a3e7bad76eafa1ea45320b5013bb063b138cd4e2b15bf2f02,22.355972,2.502599,2135.60936,2160.467931
cap16-measured-03,3,measured,16,559e0bb531b3e4330c532e624d546d616c7849eb,sha256:532a8ccbe2aa5cc8d5d789fd51537f7e03d80aa07758509b75d4e14f13d76079,bae3e3257437fd855ad009f7df1fc19bc767fb92d1f8bbf0e6ab3ec065155d47,e5124dd74b0e36a9934fcef640f7a842a78fc939185b3ca55465c706b0bf78d3,True,True,True,False,False,True,3b5ffc76dda94f4306879ce745bf3e5c0f074b0a1f2a8562f1a26c96296cdeb4,d3b8fe83dc003b021aaf9496a191e2666704d60088b180bba24f7d76f7cf6a03,FinalizeSession,11f2ef10e67ae7009b479b996c9b3dec66dd55be3618c7b8f48c36cb270e1af7,40.257057,2.369954,2147.324405,2189.951416
cap16-measured-04,4,measured,16,559e0bb531b3e4330c532e624d546d616c7849eb,sha256:532a8ccbe2aa5cc8d5d789fd51537f7e03d80aa07758509b75d4e14f13d76079,87a8c7b9c668dd423e9d8aefd7307e2ab7bac6cb93c421b304776de7b07f6d3c,7ff6aed64d7449ca8952364abc30af76afd1a968a0aeccdda33bccdba22fc3ad,True,True,True,False,False,True,b152ed4cc23bc4c48b677a0127f7ac9b72a367ac3f16a89d4e11ef85b2da3c05,7844a1e87b6b4048921c3e0c10c1078940e4657088e26248589b181eae7965cd,RegisterCommittee,a956c9a2c2c96886f130e56d490d32850161b45fb0461bffc71f6cf5117973dc,64.669776,2.160808,2118.368248,2185.198832
cap16-measured-04,4,measured,16,559e0bb531b3e4330c532e624d546d616c7849eb,sha256:532a8ccbe2aa5cc8d5d789fd51537f7e03d80aa07758509b75d4e14f13d76079,87a8c7b9c668dd423e9d8aefd7307e2ab7bac6cb93c421b304776de7b07f6d3c,7ff6aed64d7449ca8952364abc30af76afd1a968a0aeccdda33bccdba22fc3ad,True,True,True,False,False,True,b152ed4cc23bc4c48b677a0127f7ac9b72a367ac3f16a89d4e11ef85b2da3c05,7844a1e87b6b4048921c3e0c10c1078940e4657088e26248589b181eae7965cd,RegisterInputAttestorKey,406d8391bafa69008f12dd6fc4b6f83ee20b1b408cefbff1f7bf3884191486d2,15.879183,2.042792,2122.293501,2140.215476
cap16-measured-04,4,measured,16,559e0bb531b3e4330c532e624d546d616c7849eb,sha256:532a8ccbe2aa5cc8d5d789fd51537f7e03d80aa07758509b75d4e14f13d76079,87a8c7b9c668dd423e9d8aefd7307e2ab7bac6cb93c421b304776de7b07f6d3c,7ff6aed64d7449ca8952364abc30af76afd1a968a0aeccdda33bccdba22fc3ad,True,True,True,False,False,True,b152ed4cc23bc4c48b677a0127f7ac9b72a367ac3f16a89d4e11ef85b2da3c05,7844a1e87b6b4048921c3e0c10c1078940e4657088e26248589b181eae7965cd,SubmitInputCommitment,82f53940227350db8eda28806ad389481fc0f8a19c605d289ac8299324921706,41.343772,2.932501,2142.543887,2186.82016
cap16-measured-04,4,measured,16,559e0bb531b3e4330c532e624d546d616c7849eb,sha256:532a8ccbe2aa5cc8d5d789fd51537f7e03d80aa07758509b75d4e14f13d76079,87a8c7b9c668dd423e9d8aefd7307e2ab7bac6cb93c421b304776de7b07f6d3c,7ff6aed64d7449ca8952364abc30af76afd1a968a0aeccdda33bccdba22fc3ad,True,True,True,False,False,True,b152ed4cc23bc4c48b677a0127f7ac9b72a367ac3f16a89d4e11ef85b2da3c05,7844a1e87b6b4048921c3e0c10c1078940e4657088e26248589b181eae7965cd,SubmitInputCommitment,2e031948f5469b57c0078a78e5b5f32fb3b2eb2d0af2c0a60eba51d2752eaf72,34.485716,1.93839,2135.006616,2171.430722
cap16-measured-04,4,measured,16,559e0bb531b3e4330c532e624d546d616c7849eb,sha256:532a8ccbe2aa5cc8d5d789fd51537f7e03d80aa07758509b75d4e14f13d76079,87a8c7b9c668dd423e9d8aefd7307e2ab7bac6cb93c421b304776de7b07f6d3c,7ff6aed64d7449ca8952364abc30af76afd1a968a0aeccdda33bccdba22fc3ad,True,True,True,False,False,True,b152ed4cc23bc4c48b677a0127f7ac9b72a367ac3f16a89d4e11ef85b2da3c05,7844a1e87b6b4048921c3e0c10c1078940e4657088e26248589b181eae7965cd,SubmitSessionInput,1fd974d5f12674dc6cb6c90cb8d5beda218ced48d93af14b7bff5fc7098e7ae5,67.273265,2.577931,2121.155529,2191.006725
cap16-measured-04,4,measured,16,559e0bb531b3e4330c532e624d546d616c7849eb,sha256:532a8ccbe2aa5cc8d5d789fd51537f7e03d80aa07758509b75d4e14f13d76079,87a8c7b9c668dd423e9d8aefd7307e2ab7bac6cb93c421b304776de7b07f6d3c,7ff6aed64d7449ca8952364abc30af76afd1a968a0aeccdda33bccdba22fc3ad,True,True,True,False,False,True,b152ed4cc23bc4c48b677a0127f7ac9b72a367ac3f16a89d4e11ef85b2da3c05,7844a1e87b6b4048921c3e0c10c1078940e4657088e26248589b181eae7965cd,RecordPartyExecution,cdfa1e529924916c76b2250c6d6f6d664b926f0c5aa5f59d761b1f13b7c7a275,53.14433,4.810042,2217.35463,2275.309002
cap16-measured-04,4,measured,16,559e0bb531b3e4330c532e624d546d616c7849eb,sha256:532a8ccbe2aa5cc8d5d789fd51537f7e03d80aa07758509b75d4e14f13d76079,87a8c7b9c668dd423e9d8aefd7307e2ab7bac6cb93c421b304776de7b07f6d3c,7ff6aed64d7449ca8952364abc30af76afd1a968a0aeccdda33bccdba22fc3ad,True,True,True,False,False,True,b152ed4cc23bc4c48b677a0127f7ac9b72a367ac3f16a89d4e11ef85b2da3c05,7844a1e87b6b4048921c3e0c10c1078940e4657088e26248589b181eae7965cd,RecordPartyExecution,dee6bc68696d6b145dc76b24aa818ccfce10675d907cb47b639ca78940aed5c5,22.379783,2.127656,2162.154247,2186.661686
cap16-measured-04,4,measured,16,559e0bb531b3e4330c532e624d546d616c7849eb,sha256:532a8ccbe2aa5cc8d5d789fd51537f7e03d80aa07758509b75d4e14f13d76079,87a8c7b9c668dd423e9d8aefd7307e2ab7bac6cb93c421b304776de7b07f6d3c,7ff6aed64d7449ca8952364abc30af76afd1a968a0aeccdda33bccdba22fc3ad,True,True,True,False,False,True,b152ed4cc23bc4c48b677a0127f7ac9b72a367ac3f16a89d4e11ef85b2da3c05,7844a1e87b6b4048921c3e0c10c1078940e4657088e26248589b181eae7965cd,RecordPartyExecution,1eada86fa39b86c3b21267b0a44a231347d48b4f26d7dfb097e369a069aee980,23.873805,3.291302,2152.252301,2179.417408
cap16-measured-04,4,measured,16,559e0bb531b3e4330c532e624d546d616c7849eb,sha256:532a8ccbe2aa5cc8d5d789fd51537f7e03d80aa07758509b75d4e14f13d76079,87a8c7b9c668dd423e9d8aefd7307e2ab7bac6cb93c421b304776de7b07f6d3c,7ff6aed64d7449ca8952364abc30af76afd1a968a0aeccdda33bccdba22fc3ad,True,True,True,False,False,True,b152ed4cc23bc4c48b677a0127f7ac9b72a367ac3f16a89d4e11ef85b2da3c05,7844a1e87b6b4048921c3e0c10c1078940e4657088e26248589b181eae7965cd,FinalizeSession,cdb3936a63482a71e7c794fb897139f6524417e96624346f3b9dc4d4ad3f66be,57.53755,3.482204,2139.913893,2200.933647
cap16-measured-05,5,measured,16,559e0bb531b3e4330c532e624d546d616c7849eb,sha256:532a8ccbe2aa5cc8d5d789fd51537f7e03d80aa07758509b75d4e14f13d76079,2df38c05a1867bc84f1a280b418b0b2fc140f36f7f514415b5455a6bbc020785,8f042ddfa8d7322a19adbffaa1dc9a6c02d2dd15c0ddf6795f4e32cf9c777837,True,True,True,False,False,True,553aa243cbcb906d348f1f7966c4a11dd8144dc5465d0c723ffb4fc410907ac2,cd6d8c8848e0f5bed73c0f02e363f5495c5df00c075117e05c89c064b8744783,RegisterCommittee,0dbcb27a4ef434f5d7126603c15b1a01480c8fcb787d7015e3f4edc555dc10a4,59.786727,2.456311,2232.018458,2294.261496
cap16-measured-05,5,measured,16,559e0bb531b3e4330c532e624d546d616c7849eb,sha256:532a8ccbe2aa5cc8d5d789fd51537f7e03d80aa07758509b75d4e14f13d76079,2df38c05a1867bc84f1a280b418b0b2fc140f36f7f514415b5455a6bbc020785,8f042ddfa8d7322a19adbffaa1dc9a6c02d2dd15c0ddf6795f4e32cf9c777837,True,True,True,False,False,True,553aa243cbcb906d348f1f7966c4a11dd8144dc5465d0c723ffb4fc410907ac2,cd6d8c8848e0f5bed73c0f02e363f5495c5df00c075117e05c89c064b8744783,RegisterInputAttestorKey,ff46996c7126bfe02d5733b930ee819179a72e5756b7796eadc8ea3483150510,22.324645,2.548434,2138.750178,2163.623257
cap16-measured-05,5,measured,16,559e0bb531b3e4330c532e624d546d616c7849eb,sha256:532a8ccbe2aa5cc8d5d789fd51537f7e03d80aa07758509b75d4e14f13d76079,2df38c05a1867bc84f1a280b418b0b2fc140f36f7f514415b5455a6bbc020785,8f042ddfa8d7322a19adbffaa1dc9a6c02d2dd15c0ddf6795f4e32cf9c777837,True,True,True,False,False,True,553aa243cbcb906d348f1f7966c4a11dd8144dc5465d0c723ffb4fc410907ac2,cd6d8c8848e0f5bed73c0f02e363f5495c5df00c075117e05c89c064b8744783,SubmitInputCommitment,8b8d9b627b4ac10adce95003207b5d7bcfd9b8811bf9eb99aa389e370d820409,61.620697,2.654306,2172.959366,2237.234369
cap16-measured-05,5,measured,16,559e0bb531b3e4330c532e624d546d616c7849eb,sha256:532a8ccbe2aa5cc8d5d789fd51537f7e03d80aa07758509b75d4e14f13d76079,2df38c05a1867bc84f1a280b418b0b2fc140f36f7f514415b5455a6bbc020785,8f042ddfa8d7322a19adbffaa1dc9a6c02d2dd15c0ddf6795f4e32cf9c777837,True,True,True,False,False,True,553aa243cbcb906d348f1f7966c4a11dd8144dc5465d0c723ffb4fc410907ac2,cd6d8c8848e0f5bed73c0f02e363f5495c5df00c075117e05c89c064b8744783,SubmitInputCommitment,6776bfe84e7a746392e9e32cc273d220b086c5f2cef1cc31306bf45062a23bc3,51.052021,3.281941,2177.89168,2232.225642
cap16-measured-05,5,measured,16,559e0bb531b3e4330c532e624d546d616c7849eb,sha256:532a8ccbe2aa5cc8d5d789fd51537f7e03d80aa07758509b75d4e14f13d76079,2df38c05a1867bc84f1a280b418b0b2fc140f36f7f514415b5455a6bbc020785,8f042ddfa8d7322a19adbffaa1dc9a6c02d2dd15c0ddf6795f4e32cf9c777837,True,True,True,False,False,True,553aa243cbcb906d348f1f7966c4a11dd8144dc5465d0c723ffb4fc410907ac2,cd6d8c8848e0f5bed73c0f02e363f5495c5df00c075117e05c89c064b8744783,SubmitSessionInput,40134eaa1e53f5d17f421a46500d487a097f9c0179812ca0b91a806133658469,86.538539,3.079603,2151.759697,2241.377839
cap16-measured-05,5,measured,16,559e0bb531b3e4330c532e624d546d616c7849eb,sha256:532a8ccbe2aa5cc8d5d789fd51537f7e03d80aa07758509b75d4e14f13d76079,2df38c05a1867bc84f1a280b418b0b2fc140f36f7f514415b5455a6bbc020785,8f042ddfa8d7322a19adbffaa1dc9a6c02d2dd15c0ddf6795f4e32cf9c777837,True,True,True,False,False,True,553aa243cbcb906d348f1f7966c4a11dd8144dc5465d0c723ffb4fc410907ac2,cd6d8c8848e0f5bed73c0f02e363f5495c5df00c075117e05c89c064b8744783,RecordPartyExecution,c64cb34955c47e855838d1634583446c1ba39bdc2906d5ef07a67478df60effb,41.851959,2.59558,2145.639443,2190.086982
cap16-measured-05,5,measured,16,559e0bb531b3e4330c532e624d546d616c7849eb,sha256:532a8ccbe2aa5cc8d5d789fd51537f7e03d80aa07758509b75d4e14f13d76079,2df38c05a1867bc84f1a280b418b0b2fc140f36f7f514415b5455a6bbc020785,8f042ddfa8d7322a19adbffaa1dc9a6c02d2dd15c0ddf6795f4e32cf9c777837,True,True,True,False,False,True,553aa243cbcb906d348f1f7966c4a11dd8144dc5465d0c723ffb4fc410907ac2,cd6d8c8848e0f5bed73c0f02e363f5495c5df00c075117e05c89c064b8744783,RecordPartyExecution,dd344024f0abe69de7b745144d5b989c164585511cd444a22c6ff2e13b51402f,25.529953,2.319139,2132.567403,2160.416495
cap16-measured-05,5,measured,16,559e0bb531b3e4330c532e624d546d616c7849eb,sha256:532a8ccbe2aa5cc8d5d789fd51537f7e03d80aa07758509b75d4e14f13d76079,2df38c05a1867bc84f1a280b418b0b2fc140f36f7f514415b5455a6bbc020785,8f042ddfa8d7322a19adbffaa1dc9a6c02d2dd15c0ddf6795f4e32cf9c777837,True,True,True,False,False,True,553aa243cbcb906d348f1f7966c4a11dd8144dc5465d0c723ffb4fc410907ac2,cd6d8c8848e0f5bed73c0f02e363f5495c5df00c075117e05c89c064b8744783,RecordPartyExecution,9e60dce5719148006ef08f5999a90ad0cac99333f0ddecff16b02b9744c08c5b,19.193284,3.182386,2131.021102,2153.396772
cap16-measured-05,5,measured,16,559e0bb531b3e4330c532e624d546d616c7849eb,sha256:532a8ccbe2aa5cc8d5d789fd51537f7e03d80aa07758509b75d4e14f13d76079,2df38c05a1867bc84f1a280b418b0b2fc140f36f7f514415b5455a6bbc020785,8f042ddfa8d7322a19adbffaa1dc9a6c02d2dd15c0ddf6795f4e32cf9c777837,True,True,True,False,False,True,553aa243cbcb906d348f1f7966c4a11dd8144dc5465d0c723ffb4fc410907ac2,cd6d8c8848e0f5bed73c0f02e363f5495c5df00c075117e05c89c064b8744783,FinalizeSession,767718db9ad2d63c4880d42f8d87ec7f002c3753ffc395f2aaa9f393434037c8,40.615817,2.379875,2128.042628,2171.03832
cap16-measured-06,6,measured,16,559e0bb531b3e4330c532e624d546d616c7849eb,sha256:532a8ccbe2aa5cc8d5d789fd51537f7e03d80aa07758509b75d4e14f13d76079,8c913326781465b08d87cb4e9ea024da92454084393a70b3722099de87bbe85e,f1288504b1e2efe3c38fbef6fee25d98971e91fa7da1a2895ed063777ffbca90,True,True,True,False,False,True,91e681c760a970af1a6f690a99092c5d541a6723ac57d17d1265fde80b37e1d8,ab18f66be8bb8093844f35555ca08654b6061cb9223d8d8c592fd2c46284c4ea,RegisterCommittee,8dea077a12ba5288c5f1d6d15fc623cdee56443d619837031ab7fc95579ca16d,90.659558,2.409769,2151.730088,2244.799415
cap16-measured-06,6,measured,16,559e0bb531b3e4330c532e624d546d616c7849eb,sha256:532a8ccbe2aa5cc8d5d789fd51537f7e03d80aa07758509b75d4e14f13d76079,8c913326781465b08d87cb4e9ea024da92454084393a70b3722099de87bbe85e,f1288504b1e2efe3c38fbef6fee25d98971e91fa7da1a2895ed063777ffbca90,True,True,True,False,False,True,91e681c760a970af1a6f690a99092c5d541a6723ac57d17d1265fde80b37e1d8,ab18f66be8bb8093844f35555ca08654b6061cb9223d8d8c592fd2c46284c4ea,RegisterInputAttestorKey,d973ab3de5247c51eba439cb288f6e2d533e7f3083b1c5e6a0c54df9c6e408cb,19.688811,3.150367,2155.70566,2178.544838
cap16-measured-06,6,measured,16,559e0bb531b3e4330c532e624d546d616c7849eb,sha256:532a8ccbe2aa5cc8d5d789fd51537f7e03d80aa07758509b75d4e14f13d76079,8c913326781465b08d87cb4e9ea024da92454084393a70b3722099de87bbe85e,f1288504b1e2efe3c38fbef6fee25d98971e91fa7da1a2895ed063777ffbca90,True,True,True,False,False,True,91e681c760a970af1a6f690a99092c5d541a6723ac57d17d1265fde80b37e1d8,ab18f66be8bb8093844f35555ca08654b6061cb9223d8d8c592fd2c46284c4ea,SubmitInputCommitment,d7bbe0a8b2564fe10c1b72bc652c1b7a172591afb096a6eab660c031f045e702,68.551806,3.741634,2160.428507,2232.721947
cap16-measured-06,6,measured,16,559e0bb531b3e4330c532e624d546d616c7849eb,sha256:532a8ccbe2aa5cc8d5d789fd51537f7e03d80aa07758509b75d4e14f13d76079,8c913326781465b08d87cb4e9ea024da92454084393a70b3722099de87bbe85e,f1288504b1e2efe3c38fbef6fee25d98971e91fa7da1a2895ed063777ffbca90,True,True,True,False,False,True,91e681c760a970af1a6f690a99092c5d541a6723ac57d17d1265fde80b37e1d8,ab18f66be8bb8093844f35555ca08654b6061cb9223d8d8c592fd2c46284c4ea,SubmitInputCommitment,b7c74956fbf91acab44f4402861c8cc09b4641557849374e743edd3f5aee1bd6,59.406152,4.320156,2166.210502,2229.93681
cap16-measured-06,6,measured,16,559e0bb531b3e4330c532e624d546d616c7849eb,sha256:532a8ccbe2aa5cc8d5d789fd51537f7e03d80aa07758509b75d4e14f13d76079,8c913326781465b08d87cb4e9ea024da92454084393a70b3722099de87bbe85e,f1288504b1e2efe3c38fbef6fee25d98971e91fa7da1a2895ed063777ffbca90,True,True,True,False,False,True,91e681c760a970af1a6f690a99092c5d541a6723ac57d17d1265fde80b37e1d8,ab18f66be8bb8093844f35555ca08654b6061cb9223d8d8c592fd2c46284c4ea,SubmitSessionInput,97370ead65eb80850a96f1e029f1df624689d2264cd4d38cf7183f5d82f8c76b,102.896681,2.905832,2149.885336,2255.687849
cap16-measured-06,6,measured,16,559e0bb531b3e4330c532e624d546d616c7849eb,sha256:532a8ccbe2aa5cc8d5d789fd51537f7e03d80aa07758509b75d4e14f13d76079,8c913326781465b08d87cb4e9ea024da92454084393a70b3722099de87bbe85e,f1288504b1e2efe3c38fbef6fee25d98971e91fa7da1a2895ed063777ffbca90,True,True,True,False,False,True,91e681c760a970af1a6f690a99092c5d541a6723ac57d17d1265fde80b37e1d8,ab18f66be8bb8093844f35555ca08654b6061cb9223d8d8c592fd2c46284c4ea,RecordPartyExecution,a9cad5bfb104c990469049f4265b1810b7de09c93b4c7f6203ef897b10ac9eed,48.06869,2.811392,2163.733611,2214.613693
cap16-measured-06,6,measured,16,559e0bb531b3e4330c532e624d546d616c7849eb,sha256:532a8ccbe2aa5cc8d5d789fd51537f7e03d80aa07758509b75d4e14f13d76079,8c913326781465b08d87cb4e9ea024da92454084393a70b3722099de87bbe85e,f1288504b1e2efe3c38fbef6fee25d98971e91fa7da1a2895ed063777ffbca90,True,True,True,False,False,True,91e681c760a970af1a6f690a99092c5d541a6723ac57d17d1265fde80b37e1d8,ab18f66be8bb8093844f35555ca08654b6061cb9223d8d8c592fd2c46284c4ea,RecordPartyExecution,9d7dd256e2ed34cdf7553b8786955c8eac00665dd81a917922ad59f2a7bc2adc,27.553163,4.474211,2167.05325,2199.080624
cap16-measured-06,6,measured,16,559e0bb531b3e4330c532e624d546d616c7849eb,sha256:532a8ccbe2aa5cc8d5d789fd51537f7e03d80aa07758509b75d4e14f13d76079,8c913326781465b08d87cb4e9ea024da92454084393a70b3722099de87bbe85e,f1288504b1e2efe3c38fbef6fee25d98971e91fa7da1a2895ed063777ffbca90,True,True,True,False,False,True,91e681c760a970af1a6f690a99092c5d541a6723ac57d17d1265fde80b37e1d8,ab18f66be8bb8093844f35555ca08654b6061cb9223d8d8c592fd2c46284c4ea,RecordPartyExecution,7550a52362552406f36fd3aedbdac0992f4315cb2936eccfeae62ab9f4c9b43e,25.297508,2.575259,2148.04155,2175.914317
cap16-measured-06,6,measured,16,559e0bb531b3e4330c532e624d546d616c7849eb,sha256:532a8ccbe2aa5cc8d5d789fd51537f7e03d80aa07758509b75d4e14f13d76079,8c913326781465b08d87cb4e9ea024da92454084393a70b3722099de87bbe85e,f1288504b1e2efe3c38fbef6fee25d98971e91fa7da1a2895ed063777ffbca90,True,True,True,False,False,True,91e681c760a970af1a6f690a99092c5d541a6723ac57d17d1265fde80b37e1d8,ab18f66be8bb8093844f35555ca08654b6061cb9223d8d8c592fd2c46284c4ea,FinalizeSession,d9f320d5bc127cf6837ee46d109290609ec724b3ef0ed11f88dcecf66b196ed0,56.382387,4.205085,2218.212041,2278.799513
cap16-measured-07,7,measured,16,559e0bb531b3e4330c532e624d546d616c7849eb,sha256:532a8ccbe2aa5cc8d5d789fd51537f7e03d80aa07758509b75d4e14f13d76079,42320c2e53d1ecbed111e1b379064f07b3a9ed3f898137db4bd70adebdf63969,f53393ac708d06337a8b89bf44d70f836b9c379d55bfefaae8fef5a8a64ece5b,True,True,True,False,False,True,dded73339e7564a8fe5ddf81b98481fdb77dadc572cb058378f396b45ac5455c,46cbcfdb63cebadd3b873138cb2b19c8ba03f0f8c299447b5ee502dca1b202d5,RegisterCommittee,c31429936af7975926ecf885c2e13d8f7212e3dd32600f3706a5a304addc0ab7,44.55031,2.068185,2140.540573,2187.159068
cap16-measured-07,7,measured,16,559e0bb531b3e4330c532e624d546d616c7849eb,sha256:532a8ccbe2aa5cc8d5d789fd51537f7e03d80aa07758509b75d4e14f13d76079,42320c2e53d1ecbed111e1b379064f07b3a9ed3f898137db4bd70adebdf63969,f53393ac708d06337a8b89bf44d70f836b9c379d55bfefaae8fef5a8a64ece5b,True,True,True,False,False,True,dded73339e7564a8fe5ddf81b98481fdb77dadc572cb058378f396b45ac5455c,46cbcfdb63cebadd3b873138cb2b19c8ba03f0f8c299447b5ee502dca1b202d5,RegisterInputAttestorKey,87a2452d3b71385395a17b150724f284d40739bcd66eb9df1c092d55d6e351f6,15.603456,1.879214,2135.576528,2153.059198
cap16-measured-07,7,measured,16,559e0bb531b3e4330c532e624d546d616c7849eb,sha256:532a8ccbe2aa5cc8d5d789fd51537f7e03d80aa07758509b75d4e14f13d76079,42320c2e53d1ecbed111e1b379064f07b3a9ed3f898137db4bd70adebdf63969,f53393ac708d06337a8b89bf44d70f836b9c379d55bfefaae8fef5a8a64ece5b,True,True,True,False,False,True,dded73339e7564a8fe5ddf81b98481fdb77dadc572cb058378f396b45ac5455c,46cbcfdb63cebadd3b873138cb2b19c8ba03f0f8c299447b5ee502dca1b202d5,SubmitInputCommitment,f56297102ad6202cdc3af7f3b7faa0e64a86bf5aa093f4450459df1ccc22f40c,45.453916,3.15295,2139.695293,2188.302159
cap16-measured-07,7,measured,16,559e0bb531b3e4330c532e624d546d616c7849eb,sha256:532a8ccbe2aa5cc8d5d789fd51537f7e03d80aa07758509b75d4e14f13d76079,42320c2e53d1ecbed111e1b379064f07b3a9ed3f898137db4bd70adebdf63969,f53393ac708d06337a8b89bf44d70f836b9c379d55bfefaae8fef5a8a64ece5b,True,True,True,False,False,True,dded73339e7564a8fe5ddf81b98481fdb77dadc572cb058378f396b45ac5455c,46cbcfdb63cebadd3b873138cb2b19c8ba03f0f8c299447b5ee502dca1b202d5,SubmitInputCommitment,5554b8df98faa6215ef4dcbfc3463921b7e9d35cf7472606b38477732c7b0bc7,40.381933,2.487071,2142.359105,2185.228109
cap16-measured-07,7,measured,16,559e0bb531b3e4330c532e624d546d616c7849eb,sha256:532a8ccbe2aa5cc8d5d789fd51537f7e03d80aa07758509b75d4e14f13d76079,42320c2e53d1ecbed111e1b379064f07b3a9ed3f898137db4bd70adebdf63969,f53393ac708d06337a8b89bf44d70f836b9c379d55bfefaae8fef5a8a64ece5b,True,True,True,False,False,True,dded73339e7564a8fe5ddf81b98481fdb77dadc572cb058378f396b45ac5455c,46cbcfdb63cebadd3b873138cb2b19c8ba03f0f8c299447b5ee502dca1b202d5,SubmitSessionInput,be7367ba323065d77e8e35090c39b451847e7de4678b1c657173361cd5ee9574,62.577811,1.955508,2126.480153,2191.013472
cap16-measured-07,7,measured,16,559e0bb531b3e4330c532e624d546d616c7849eb,sha256:532a8ccbe2aa5cc8d5d789fd51537f7e03d80aa07758509b75d4e14f13d76079,42320c2e53d1ecbed111e1b379064f07b3a9ed3f898137db4bd70adebdf63969,f53393ac708d06337a8b89bf44d70f836b9c379d55bfefaae8fef5a8a64ece5b,True,True,True,False,False,True,dded73339e7564a8fe5ddf81b98481fdb77dadc572cb058378f396b45ac5455c,46cbcfdb63cebadd3b873138cb2b19c8ba03f0f8c299447b5ee502dca1b202d5,RecordPartyExecution,29f183c7d0cdd6ef3ad97c4032648abfdac02805f7fb2488125666dee717125f,37.214034,2.535617,2152.785054,2192.534705
cap16-measured-07,7,measured,16,559e0bb531b3e4330c532e624d546d616c7849eb,sha256:532a8ccbe2aa5cc8d5d789fd51537f7e03d80aa07758509b75d4e14f13d76079,42320c2e53d1ecbed111e1b379064f07b3a9ed3f898137db4bd70adebdf63969,f53393ac708d06337a8b89bf44d70f836b9c379d55bfefaae8fef5a8a64ece5b,True,True,True,False,False,True,dded73339e7564a8fe5ddf81b98481fdb77dadc572cb058378f396b45ac5455c,46cbcfdb63cebadd3b873138cb2b19c8ba03f0f8c299447b5ee502dca1b202d5,RecordPartyExecution,f28a6814976c68930d2eaf3d17688f693041cbea8f7f1f665a00fb26236fc7bb,24.459815,3.274275,2134.186522,2161.920612
cap16-measured-07,7,measured,16,559e0bb531b3e4330c532e624d546d616c7849eb,sha256:532a8ccbe2aa5cc8d5d789fd51537f7e03d80aa07758509b75d4e14f13d76079,42320c2e53d1ecbed111e1b379064f07b3a9ed3f898137db4bd70adebdf63969,f53393ac708d06337a8b89bf44d70f836b9c379d55bfefaae8fef5a8a64ece5b,True,True,True,False,False,True,dded73339e7564a8fe5ddf81b98481fdb77dadc572cb058378f396b45ac5455c,46cbcfdb63cebadd3b873138cb2b19c8ba03f0f8c299447b5ee502dca1b202d5,RecordPartyExecution,bcff15a9c9d796627e56cbb58a3a88decb2a109cd068b2fc93576d708e91d2f7,18.783629,2.003728,2134.545463,2155.33282
cap16-measured-07,7,measured,16,559e0bb531b3e4330c532e624d546d616c7849eb,sha256:532a8ccbe2aa5cc8d5d789fd51537f7e03d80aa07758509b75d4e14f13d76079,42320c2e53d1ecbed111e1b379064f07b3a9ed3f898137db4bd70adebdf63969,f53393ac708d06337a8b89bf44d70f836b9c379d55bfefaae8fef5a8a64ece5b,True,True,True,False,False,True,dded73339e7564a8fe5ddf81b98481fdb77dadc572cb058378f396b45ac5455c,46cbcfdb63cebadd3b873138cb2b19c8ba03f0f8c299447b5ee502dca1b202d5,FinalizeSession,4650aa75376be623a56ed0bec30cbfe7cebb348976ca413bf85f828b1ee3d3b3,39.92653,2.324751,2138.436597,2180.687878
cap16-measured-08,8,measured,16,559e0bb531b3e4330c532e624d546d616c7849eb,sha256:532a8ccbe2aa5cc8d5d789fd51537f7e03d80aa07758509b75d4e14f13d76079,7487a2bc4734aa2e77219c27c86f914fdb7d8fa25b2cf36d4eae86d160e1a383,24d8fdf0fef1378c6f2dd8453f58d827dc444a4c5bafd196f8efd91803ef009b,True,True,True,False,False,True,a967495a9d1de6fc965bf8f8d29045101bbf65541670bae061b6c5f7dd3f18b0,688c05692909a0779af35ca5fec5f10bf5ed31c559d6ccab3d500c7db5d4ad2c,RegisterCommittee,a553049b74705f015d332b6c209ce4cf2052c4236fc1681004ec3a017cc65e3d,43.918517,2.300532,2151.259981,2197.47903
cap16-measured-08,8,measured,16,559e0bb531b3e4330c532e624d546d616c7849eb,sha256:532a8ccbe2aa5cc8d5d789fd51537f7e03d80aa07758509b75d4e14f13d76079,7487a2bc4734aa2e77219c27c86f914fdb7d8fa25b2cf36d4eae86d160e1a383,24d8fdf0fef1378c6f2dd8453f58d827dc444a4c5bafd196f8efd91803ef009b,True,True,True,False,False,True,a967495a9d1de6fc965bf8f8d29045101bbf65541670bae061b6c5f7dd3f18b0,688c05692909a0779af35ca5fec5f10bf5ed31c559d6ccab3d500c7db5d4ad2c,RegisterInputAttestorKey,67ff5a0f75cc3bf8b0234dc560c2aaf918e2a0ee73d1db4b44fef1d0d6beb4f5,25.423066,3.472142,2125.445731,2154.340939
cap16-measured-08,8,measured,16,559e0bb531b3e4330c532e624d546d616c7849eb,sha256:532a8ccbe2aa5cc8d5d789fd51537f7e03d80aa07758509b75d4e14f13d76079,7487a2bc4734aa2e77219c27c86f914fdb7d8fa25b2cf36d4eae86d160e1a383,24d8fdf0fef1378c6f2dd8453f58d827dc444a4c5bafd196f8efd91803ef009b,True,True,True,False,False,True,a967495a9d1de6fc965bf8f8d29045101bbf65541670bae061b6c5f7dd3f18b0,688c05692909a0779af35ca5fec5f10bf5ed31c559d6ccab3d500c7db5d4ad2c,SubmitInputCommitment,c924bc6e8238526cfd0e5366459eeb6f7aa6f464a8907e0a79ba5895a0e47a9a,61.54371,3.816285,2167.517577,2232.877572
cap16-measured-08,8,measured,16,559e0bb531b3e4330c532e624d546d616c7849eb,sha256:532a8ccbe2aa5cc8d5d789fd51537f7e03d80aa07758509b75d4e14f13d76079,7487a2bc4734aa2e77219c27c86f914fdb7d8fa25b2cf36d4eae86d160e1a383,24d8fdf0fef1378c6f2dd8453f58d827dc444a4c5bafd196f8efd91803ef009b,True,True,True,False,False,True,a967495a9d1de6fc965bf8f8d29045101bbf65541670bae061b6c5f7dd3f18b0,688c05692909a0779af35ca5fec5f10bf5ed31c559d6ccab3d500c7db5d4ad2c,SubmitInputCommitment,a2b8c0839cd70dbac1c644685d2cfd9c9d8fe228a1ba0a7669574fc6362118b9,54.263851,3.958901,2185.42932,2243.652072
cap16-measured-08,8,measured,16,559e0bb531b3e4330c532e624d546d616c7849eb,sha256:532a8ccbe2aa5cc8d5d789fd51537f7e03d80aa07758509b75d4e14f13d76079,7487a2bc4734aa2e77219c27c86f914fdb7d8fa25b2cf36d4eae86d160e1a383,24d8fdf0fef1378c6f2dd8453f58d827dc444a4c5bafd196f8efd91803ef009b,True,True,True,False,False,True,a967495a9d1de6fc965bf8f8d29045101bbf65541670bae061b6c5f7dd3f18b0,688c05692909a0779af35ca5fec5f10bf5ed31c559d6ccab3d500c7db5d4ad2c,SubmitSessionInput,df3d76086f250382c5e3fb8bb9a74ceddadc57d8698877fba7479001b8cdbec0,104.580478,3.573336,2257.13529,2365.289104
cap16-measured-08,8,measured,16,559e0bb531b3e4330c532e624d546d616c7849eb,sha256:532a8ccbe2aa5cc8d5d789fd51537f7e03d80aa07758509b75d4e14f13d76079,7487a2bc4734aa2e77219c27c86f914fdb7d8fa25b2cf36d4eae86d160e1a383,24d8fdf0fef1378c6f2dd8453f58d827dc444a4c5bafd196f8efd91803ef009b,True,True,True,False,False,True,a967495a9d1de6fc965bf8f8d29045101bbf65541670bae061b6c5f7dd3f18b0,688c05692909a0779af35ca5fec5f10bf5ed31c559d6ccab3d500c7db5d4ad2c,RecordPartyExecution,f72c587dc40059318e8e01b92624f581cac475ee1594684abe3438b834490998,127.298363,12.992353,2457.679492,2597.970208
cap16-measured-08,8,measured,16,559e0bb531b3e4330c532e624d546d616c7849eb,sha256:532a8ccbe2aa5cc8d5d789fd51537f7e03d80aa07758509b75d4e14f13d76079,7487a2bc4734aa2e77219c27c86f914fdb7d8fa25b2cf36d4eae86d160e1a383,24d8fdf0fef1378c6f2dd8453f58d827dc444a4c5bafd196f8efd91803ef009b,True,True,True,False,False,True,a967495a9d1de6fc965bf8f8d29045101bbf65541670bae061b6c5f7dd3f18b0,688c05692909a0779af35ca5fec5f10bf5ed31c559d6ccab3d500c7db5d4ad2c,RecordPartyExecution,09df9c37b556a41a03bd6146d9187ccae1fb5783dd27f62fc00be2188bbafeee,38.386491,9.111915,2235.176211,2282.674617
cap16-measured-08,8,measured,16,559e0bb531b3e4330c532e624d546d616c7849eb,sha256:532a8ccbe2aa5cc8d5d789fd51537f7e03d80aa07758509b75d4e14f13d76079,7487a2bc4734aa2e77219c27c86f914fdb7d8fa25b2cf36d4eae86d160e1a383,24d8fdf0fef1378c6f2dd8453f58d827dc444a4c5bafd196f8efd91803ef009b,True,True,True,False,False,True,a967495a9d1de6fc965bf8f8d29045101bbf65541670bae061b6c5f7dd3f18b0,688c05692909a0779af35ca5fec5f10bf5ed31c559d6ccab3d500c7db5d4ad2c,RecordPartyExecution,cbc431228deb30d55fa327dc791de21ed1c36633e02a292cc419f97bc798401f,31.553728,4.505541,2152.981951,2189.04122
cap16-measured-08,8,measured,16,559e0bb531b3e4330c532e624d546d616c7849eb,sha256:532a8ccbe2aa5cc8d5d789fd51537f7e03d80aa07758509b75d4e14f13d76079,7487a2bc4734aa2e77219c27c86f914fdb7d8fa25b2cf36d4eae86d160e1a383,24d8fdf0fef1378c6f2dd8453f58d827dc444a4c5bafd196f8efd91803ef009b,True,True,True,False,False,True,a967495a9d1de6fc965bf8f8d29045101bbf65541670bae061b6c5f7dd3f18b0,688c05692909a0779af35ca5fec5f10bf5ed31c559d6ccab3d500c7db5d4ad2c,FinalizeSession,7732d1ff8da19f4fdc91cd7539e53993990d3f679faf0cd5db9753be0ac5abe5,70.66043,2.594234,2173.986234,2247.240898
cap16-measured-09,9,measured,16,559e0bb531b3e4330c532e624d546d616c7849eb,sha256:532a8ccbe2aa5cc8d5d789fd51537f7e03d80aa07758509b75d4e14f13d76079,7cb5c22d37e3303041e278ac836602a5d89eee941cef8094e94bdd4a5586a4e7,b86be93a80ee7206c5811104d755a9f719688f6453bfa8d0d8762243d2a10a78,True,True,True,False,False,True,e2dd437c840f6b20e7e679ff0200f6881eaf583d2328c930bef928052b7e6be2,3544acff1ebfd0ccf52e291b957f5f7d8ddeba8eb4ce43247f93d0bec2c710fa,RegisterCommittee,f5e95abf0918f3fab89b8989394bd8a3146e0780145e7ae69475dbe570977338,60.283003,3.803438,2142.947407,2207.033848
cap16-measured-09,9,measured,16,559e0bb531b3e4330c532e624d546d616c7849eb,sha256:532a8ccbe2aa5cc8d5d789fd51537f7e03d80aa07758509b75d4e14f13d76079,7cb5c22d37e3303041e278ac836602a5d89eee941cef8094e94bdd4a5586a4e7,b86be93a80ee7206c5811104d755a9f719688f6453bfa8d0d8762243d2a10a78,True,True,True,False,False,True,e2dd437c840f6b20e7e679ff0200f6881eaf583d2328c930bef928052b7e6be2,3544acff1ebfd0ccf52e291b957f5f7d8ddeba8eb4ce43247f93d0bec2c710fa,RegisterInputAttestorKey,28cd392bc48c014399126d50c52d6c943e2ba1467719fd97508165b1b0723814,17.966707,2.712081,2124.641802,2145.32059
cap16-measured-09,9,measured,16,559e0bb531b3e4330c532e624d546d616c7849eb,sha256:532a8ccbe2aa5cc8d5d789fd51537f7e03d80aa07758509b75d4e14f13d76079,7cb5c22d37e3303041e278ac836602a5d89eee941cef8094e94bdd4a5586a4e7,b86be93a80ee7206c5811104d755a9f719688f6453bfa8d0d8762243d2a10a78,True,True,True,False,False,True,e2dd437c840f6b20e7e679ff0200f6881eaf583d2328c930bef928052b7e6be2,3544acff1ebfd0ccf52e291b957f5f7d8ddeba8eb4ce43247f93d0bec2c710fa,SubmitInputCommitment,264d0db9e3cda3ffa48cbb68331201bc5c6f6a845b7c8cb8ac0a732876272c7c,44.833641,2.427986,2142.593234,2189.854861
cap16-measured-09,9,measured,16,559e0bb531b3e4330c532e624d546d616c7849eb,sha256:532a8ccbe2aa5cc8d5d789fd51537f7e03d80aa07758509b75d4e14f13d76079,7cb5c22d37e3303041e278ac836602a5d89eee941cef8094e94bdd4a5586a4e7,b86be93a80ee7206c5811104d755a9f719688f6453bfa8d0d8762243d2a10a78,True,True,True,False,False,True,e2dd437c840f6b20e7e679ff0200f6881eaf583d2328c930bef928052b7e6be2,3544acff1ebfd0ccf52e291b957f5f7d8ddeba8eb4ce43247f93d0bec2c710fa,SubmitInputCommitment,42c94795a1e0b1ae6e793e58c4e6e22605a089c9b629d36121aa66110b6ebc29,36.252516,2.348454,2156.642762,2195.243732
cap16-measured-09,9,measured,16,559e0bb531b3e4330c532e624d546d616c7849eb,sha256:532a8ccbe2aa5cc8d5d789fd51537f7e03d80aa07758509b75d4e14f13d76079,7cb5c22d37e3303041e278ac836602a5d89eee941cef8094e94bdd4a5586a4e7,b86be93a80ee7206c5811104d755a9f719688f6453bfa8d0d8762243d2a10a78,True,True,True,False,False,True,e2dd437c840f6b20e7e679ff0200f6881eaf583d2328c930bef928052b7e6be2,3544acff1ebfd0ccf52e291b957f5f7d8ddeba8eb4ce43247f93d0bec2c710fa,SubmitSessionInput,2793783034a4a542c380101939a38b1c20647c2900db70c626ff66dd14f838f0,94.697852,4.084075,2174.58457,2273.366497
cap16-measured-09,9,measured,16,559e0bb531b3e4330c532e624d546d616c7849eb,sha256:532a8ccbe2aa5cc8d5d789fd51537f7e03d80aa07758509b75d4e14f13d76079,7cb5c22d37e3303041e278ac836602a5d89eee941cef8094e94bdd4a5586a4e7,b86be93a80ee7206c5811104d755a9f719688f6453bfa8d0d8762243d2a10a78,True,True,True,False,False,True,e2dd437c840f6b20e7e679ff0200f6881eaf583d2328c930bef928052b7e6be2,3544acff1ebfd0ccf52e291b957f5f7d8ddeba8eb4ce43247f93d0bec2c710fa,RecordPartyExecution,114ed93ba47bc0dfa2ca810f284798bce038bddc37ad4edd3734c3eb8b98879b,79.840558,9.609756,2170.765372,2260.215686
cap16-measured-09,9,measured,16,559e0bb531b3e4330c532e624d546d616c7849eb,sha256:532a8ccbe2aa5cc8d5d789fd51537f7e03d80aa07758509b75d4e14f13d76079,7cb5c22d37e3303041e278ac836602a5d89eee941cef8094e94bdd4a5586a4e7,b86be93a80ee7206c5811104d755a9f719688f6453bfa8d0d8762243d2a10a78,True,True,True,False,False,True,e2dd437c840f6b20e7e679ff0200f6881eaf583d2328c930bef928052b7e6be2,3544acff1ebfd0ccf52e291b957f5f7d8ddeba8eb4ce43247f93d0bec2c710fa,RecordPartyExecution,bd1c0ee9e4b9c06f40c1309b6888916bcdd770d247e14c68e840c58472e97959,37.669972,3.547851,2129.122538,2170.340361
cap16-measured-09,9,measured,16,559e0bb531b3e4330c532e624d546d616c7849eb,sha256:532a8ccbe2aa5cc8d5d789fd51537f7e03d80aa07758509b75d4e14f13d76079,7cb5c22d37e3303041e278ac836602a5d89eee941cef8094e94bdd4a5586a4e7,b86be93a80ee7206c5811104d755a9f719688f6453bfa8d0d8762243d2a10a78,True,True,True,False,False,True,e2dd437c840f6b20e7e679ff0200f6881eaf583d2328c930bef928052b7e6be2,3544acff1ebfd0ccf52e291b957f5f7d8ddeba8eb4ce43247f93d0bec2c710fa,RecordPartyExecution,7b3c5373a86269523da360a282aaecb22c426bd2436748d1c8d872c1a5773a4e,63.842053,2.456345,2138.98914,2205.287538
cap16-measured-09,9,measured,16,559e0bb531b3e4330c532e624d546d616c7849eb,sha256:532a8ccbe2aa5cc8d5d789fd51537f7e03d80aa07758509b75d4e14f13d76079,7cb5c22d37e3303041e278ac836602a5d89eee941cef8094e94bdd4a5586a4e7,b86be93a80ee7206c5811104d755a9f719688f6453bfa8d0d8762243d2a10a78,True,True,True,False,False,True,e2dd437c840f6b20e7e679ff0200f6881eaf583d2328c930bef928052b7e6be2,3544acff1ebfd0ccf52e291b957f5f7d8ddeba8eb4ce43247f93d0bec2c710fa,FinalizeSession,393714984d5743d4d1263d3d6b37ef0e0ee4b48ae0b1745b86779d38e2199768,58.976598,3.718859,2143.085976,2205.781433
cap16-measured-10,10,measured,16,559e0bb531b3e4330c532e624d546d616c7849eb,sha256:532a8ccbe2aa5cc8d5d789fd51537f7e03d80aa07758509b75d4e14f13d76079,b95acf32ff1cf303fd630ebc24892a8759e0e7a1f0b4763d59251b6dd0ca3355,cc0c2b7cfb3acc36155b75a76acde0bd46f8b269d8a1ab0f8643b387674879f0,True,True,True,False,False,True,178f7eec5c31171035b84db6868ef5e5643d0e7318c3b99bd1e4e2f3b0b709d6,10efb6216cf22f21ff03f2cf7283c94675e49d9b73bb1f765f183573ee1b1ead,RegisterCommittee,ee94784751d96b4478baaf0825668db6302d68909357c0963f5857b8dde5bd04,54.443016,2.43997,2154.960837,2211.843823
cap16-measured-10,10,measured,16,559e0bb531b3e4330c532e624d546d616c7849eb,sha256:532a8ccbe2aa5cc8d5d789fd51537f7e03d80aa07758509b75d4e14f13d76079,b95acf32ff1cf303fd630ebc24892a8759e0e7a1f0b4763d59251b6dd0ca3355,cc0c2b7cfb3acc36155b75a76acde0bd46f8b269d8a1ab0f8643b387674879f0,True,True,True,False,False,True,178f7eec5c31171035b84db6868ef5e5643d0e7318c3b99bd1e4e2f3b0b709d6,10efb6216cf22f21ff03f2cf7283c94675e49d9b73bb1f765f183573ee1b1ead,RegisterInputAttestorKey,f4a30940f4c8ed86d523cc2b3b77688f9429f7d922dca48a838eb6e64cd03afe,22.370622,4.140274,2150.34934,2176.860236
cap16-measured-10,10,measured,16,559e0bb531b3e4330c532e624d546d616c7849eb,sha256:532a8ccbe2aa5cc8d5d789fd51537f7e03d80aa07758509b75d4e14f13d76079,b95acf32ff1cf303fd630ebc24892a8759e0e7a1f0b4763d59251b6dd0ca3355,cc0c2b7cfb3acc36155b75a76acde0bd46f8b269d8a1ab0f8643b387674879f0,True,True,True,False,False,True,178f7eec5c31171035b84db6868ef5e5643d0e7318c3b99bd1e4e2f3b0b709d6,10efb6216cf22f21ff03f2cf7283c94675e49d9b73bb1f765f183573ee1b1ead,SubmitInputCommitment,d0a96101371c29220dd7d637bd6d7a4dd10fe94ee01689f84c19ae61cda718f0,58.298469,3.044412,2222.032142,2283.375023
cap16-measured-10,10,measured,16,559e0bb531b3e4330c532e624d546d616c7849eb,sha256:532a8ccbe2aa5cc8d5d789fd51537f7e03d80aa07758509b75d4e14f13d76079,b95acf32ff1cf303fd630ebc24892a8759e0e7a1f0b4763d59251b6dd0ca3355,cc0c2b7cfb3acc36155b75a76acde0bd46f8b269d8a1ab0f8643b387674879f0,True,True,True,False,False,True,178f7eec5c31171035b84db6868ef5e5643d0e7318c3b99bd1e4e2f3b0b709d6,10efb6216cf22f21ff03f2cf7283c94675e49d9b73bb1f765f183573ee1b1ead,SubmitInputCommitment,77064561124389b13e8931ced0f3be935d55d2b3ab7c8156f9c7523ff0b614a9,76.307111,4.109773,2168.065638,2248.482522
cap16-measured-10,10,measured,16,559e0bb531b3e4330c532e624d546d616c7849eb,sha256:532a8ccbe2aa5cc8d5d789fd51537f7e03d80aa07758509b75d4e14f13d76079,b95acf32ff1cf303fd630ebc24892a8759e0e7a1f0b4763d59251b6dd0ca3355,cc0c2b7cfb3acc36155b75a76acde0bd46f8b269d8a1ab0f8643b387674879f0,True,True,True,False,False,True,178f7eec5c31171035b84db6868ef5e5643d0e7318c3b99bd1e4e2f3b0b709d6,10efb6216cf22f21ff03f2cf7283c94675e49d9b73bb1f765f183573ee1b1ead,SubmitSessionInput,1039689d7b16cff2a96780070520eacbfc0c150f5e94bcd52e5491112d6a546a,84.283178,3.502727,2154.750722,2242.536627
cap16-measured-10,10,measured,16,559e0bb531b3e4330c532e624d546d616c7849eb,sha256:532a8ccbe2aa5cc8d5d789fd51537f7e03d80aa07758509b75d4e14f13d76079,b95acf32ff1cf303fd630ebc24892a8759e0e7a1f0b4763d59251b6dd0ca3355,cc0c2b7cfb3acc36155b75a76acde0bd46f8b269d8a1ab0f8643b387674879f0,True,True,True,False,False,True,178f7eec5c31171035b84db6868ef5e5643d0e7318c3b99bd1e4e2f3b0b709d6,10efb6216cf22f21ff03f2cf7283c94675e49d9b73bb1f765f183573ee1b1ead,RecordPartyExecution,37f10e18e70207f30a69327bc8ae940ac868bceb0b2937349d2fc226f7f5c1f0,56.729925,4.696511,2227.460689,2288.887125
cap16-measured-10,10,measured,16,559e0bb531b3e4330c532e624d546d616c7849eb,sha256:532a8ccbe2aa5cc8d5d789fd51537f7e03d80aa07758509b75d4e14f13d76079,b95acf32ff1cf303fd630ebc24892a8759e0e7a1f0b4763d59251b6dd0ca3355,cc0c2b7cfb3acc36155b75a76acde0bd46f8b269d8a1ab0f8643b387674879f0,True,True,True,False,False,True,178f7eec5c31171035b84db6868ef5e5643d0e7318c3b99bd1e4e2f3b0b709d6,10efb6216cf22f21ff03f2cf7283c94675e49d9b73bb1f765f183573ee1b1ead,RecordPartyExecution,e593070944111fe574c262f449cb338d485e723d37ad3197443f0da23c06580a,29.462228,3.174278,2181.893969,2214.530475
cap16-measured-10,10,measured,16,559e0bb531b3e4330c532e624d546d616c7849eb,sha256:532a8ccbe2aa5cc8d5d789fd51537f7e03d80aa07758509b75d4e14f13d76079,b95acf32ff1cf303fd630ebc24892a8759e0e7a1f0b4763d59251b6dd0ca3355,cc0c2b7cfb3acc36155b75a76acde0bd46f8b269d8a1ab0f8643b387674879f0,True,True,True,False,False,True,178f7eec5c31171035b84db6868ef5e5643d0e7318c3b99bd1e4e2f3b0b709d6,10efb6216cf22f21ff03f2cf7283c94675e49d9b73bb1f765f183573ee1b1ead,RecordPartyExecution,0c8f9540d0278f3f8b7f8d9b312efc0ba0bc99cdd49e16f1b40aa93d91c9283b,29.573934,3.543527,2157.058413,2190.175874
cap16-measured-10,10,measured,16,559e0bb531b3e4330c532e624d546d616c7849eb,sha256:532a8ccbe2aa5cc8d5d789fd51537f7e03d80aa07758509b75d4e14f13d76079,b95acf32ff1cf303fd630ebc24892a8759e0e7a1f0b4763d59251b6dd0ca3355,cc0c2b7cfb3acc36155b75a76acde0bd46f8b269d8a1ab0f8643b387674879f0,True,True,True,False,False,True,178f7eec5c31171035b84db6868ef5e5643d0e7318c3b99bd1e4e2f3b0b709d6,10efb6216cf22f21ff03f2cf7283c94675e49d9b73bb1f765f183573ee1b1ead,FinalizeSession,239ca39ad12d580d1b6ea2fa36d22b069e21004601d88b34597a3122ad335e29,52.960786,2.80852,2190.32316,2246.092466
cap16-measured-11,11,measured,16,559e0bb531b3e4330c532e624d546d616c7849eb,sha256:532a8ccbe2aa5cc8d5d789fd51537f7e03d80aa07758509b75d4e14f13d76079,d0ccb2d1b8c1a53854964291463af3bd1cf865e6cb225717b687fd8471ffee70,2ca4675f728b3bc3d920771303b4d0e3dc68e580ebea1e2c96abbf4b0fc041f4,True,True,True,False,False,True,b6cf9afdff4a7694bafbe0067e5168ea2e67ee141358f5b93524268b459e6c90,158ec27ff8f0f99d3170f92268b2e358d965f52d300bbefe6d66c9fcb731ac46,RegisterCommittee,73934661b1676dbc69728cfd8c23f55b4d8c330ace4449137dc058939a316dcc,45.535097,2.055442,2136.146879,2183.737418
cap16-measured-11,11,measured,16,559e0bb531b3e4330c532e624d546d616c7849eb,sha256:532a8ccbe2aa5cc8d5d789fd51537f7e03d80aa07758509b75d4e14f13d76079,d0ccb2d1b8c1a53854964291463af3bd1cf865e6cb225717b687fd8471ffee70,2ca4675f728b3bc3d920771303b4d0e3dc68e580ebea1e2c96abbf4b0fc041f4,True,True,True,False,False,True,b6cf9afdff4a7694bafbe0067e5168ea2e67ee141358f5b93524268b459e6c90,158ec27ff8f0f99d3170f92268b2e358d965f52d300bbefe6d66c9fcb731ac46,RegisterInputAttestorKey,0d5eb629895a50b9bef91e22d8f63da2b7298bd9598423b553ed93699f1b92f0,17.75749,2.43479,2125.21244,2145.40472
cap16-measured-11,11,measured,16,559e0bb531b3e4330c532e624d546d616c7849eb,sha256:532a8ccbe2aa5cc8d5d789fd51537f7e03d80aa07758509b75d4e14f13d76079,d0ccb2d1b8c1a53854964291463af3bd1cf865e6cb225717b687fd8471ffee70,2ca4675f728b3bc3d920771303b4d0e3dc68e580ebea1e2c96abbf4b0fc041f4,True,True,True,False,False,True,b6cf9afdff4a7694bafbe0067e5168ea2e67ee141358f5b93524268b459e6c90,158ec27ff8f0f99d3170f92268b2e358d965f52d300bbefe6d66c9fcb731ac46,SubmitInputCommitment,46e6d634094e7cd119c0ad9568801b9226630dfe330efffd9ae02406421970d3,45.763572,3.466769,2150.455869,2199.68621
cap16-measured-11,11,measured,16,559e0bb531b3e4330c532e624d546d616c7849eb,sha256:532a8ccbe2aa5cc8d5d789fd51537f7e03d80aa07758509b75d4e14f13d76079,d0ccb2d1b8c1a53854964291463af3bd1cf865e6cb225717b687fd8471ffee70,2ca4675f728b3bc3d920771303b4d0e3dc68e580ebea1e2c96abbf4b0fc041f4,True,True,True,False,False,True,b6cf9afdff4a7694bafbe0067e5168ea2e67ee141358f5b93524268b459e6c90,158ec27ff8f0f99d3170f92268b2e358d965f52d300bbefe6d66c9fcb731ac46,SubmitInputCommitment,652dd0a6bc7d3ea51cf16eb46208776655246b95c55b641bea4e764e489cfa16,39.647423,3.016929,2208.13877,2250.803122
cap16-measured-11,11,measured,16,559e0bb531b3e4330c532e624d546d616c7849eb,sha256:532a8ccbe2aa5cc8d5d789fd51537f7e03d80aa07758509b75d4e14f13d76079,d0ccb2d1b8c1a53854964291463af3bd1cf865e6cb225717b687fd8471ffee70,2ca4675f728b3bc3d920771303b4d0e3dc68e580ebea1e2c96abbf4b0fc041f4,True,True,True,False,False,True,b6cf9afdff4a7694bafbe0067e5168ea2e67ee141358f5b93524268b459e6c90,158ec27ff8f0f99d3170f92268b2e358d965f52d300bbefe6d66c9fcb731ac46,SubmitSessionInput,5c83bf3d6d5cd218468c1d3ac9cded0119f1debf7420046c85ced3bdbae82617,81.753596,3.231122,2154.82598,2239.810698
cap16-measured-11,11,measured,16,559e0bb531b3e4330c532e624d546d616c7849eb,sha256:532a8ccbe2aa5cc8d5d789fd51537f7e03d80aa07758509b75d4e14f13d76079,d0ccb2d1b8c1a53854964291463af3bd1cf865e6cb225717b687fd8471ffee70,2ca4675f728b3bc3d920771303b4d0e3dc68e580ebea1e2c96abbf4b0fc041f4,True,True,True,False,False,True,b6cf9afdff4a7694bafbe0067e5168ea2e67ee141358f5b93524268b459e6c90,158ec27ff8f0f99d3170f92268b2e358d965f52d300bbefe6d66c9fcb731ac46,RecordPartyExecution,51491da7065563d3eed8baaf62c74bf5f934cf3627265eb27cf7ce911e9a2d23,34.710809,2.622503,2163.032214,2200.365526
cap16-measured-11,11,measured,16,559e0bb531b3e4330c532e624d546d616c7849eb,sha256:532a8ccbe2aa5cc8d5d789fd51537f7e03d80aa07758509b75d4e14f13d76079,d0ccb2d1b8c1a53854964291463af3bd1cf865e6cb225717b687fd8471ffee70,2ca4675f728b3bc3d920771303b4d0e3dc68e580ebea1e2c96abbf4b0fc041f4,True,True,True,False,False,True,b6cf9afdff4a7694bafbe0067e5168ea2e67ee141358f5b93524268b459e6c90,158ec27ff8f0f99d3170f92268b2e358d965f52d300bbefe6d66c9fcb731ac46,RecordPartyExecution,3963b3ede343234fd268fe1281d8ee75427446e8b58d1c32169faa061438ebbe,20.899253,3.42706,2123.222017,2147.54833
cap16-measured-11,11,measured,16,559e0bb531b3e4330c532e624d546d616c7849eb,sha256:532a8ccbe2aa5cc8d5d789fd51537f7e03d80aa07758509b75d4e14f13d76079,d0ccb2d1b8c1a53854964291463af3bd1cf865e6cb225717b687fd8471ffee70,2ca4675f728b3bc3d920771303b4d0e3dc68e580ebea1e2c96abbf4b0fc041f4,True,True,True,False,False,True,b6cf9afdff4a7694bafbe0067e5168ea2e67ee141358f5b93524268b459e6c90,158ec27ff8f0f99d3170f92268b2e358d965f52d300bbefe6d66c9fcb731ac46,RecordPartyExecution,6048c582796ed2b57b0c06d7dac2c42829b1c35746154073e115471e9af716e2,17.418014,1.867966,2114.702381,2133.988361
cap16-measured-11,11,measured,16,559e0bb531b3e4330c532e624d546d616c7849eb,sha256:532a8ccbe2aa5cc8d5d789fd51537f7e03d80aa07758509b75d4e14f13d76079,d0ccb2d1b8c1a53854964291463af3bd1cf865e6cb225717b687fd8471ffee70,2ca4675f728b3bc3d920771303b4d0e3dc68e580ebea1e2c96abbf4b0fc041f4,True,True,True,False,False,True,b6cf9afdff4a7694bafbe0067e5168ea2e67ee141358f5b93524268b459e6c90,158ec27ff8f0f99d3170f92268b2e358d965f52d300bbefe6d66c9fcb731ac46,FinalizeSession,12eed8cc44d12fc715f00a5e17866c6ef12b72bdd8e413cba6c4be259d27ebc9,46.035593,2.710084,2131.186707,2179.932384
cap16-measured-12,12,measured,16,559e0bb531b3e4330c532e624d546d616c7849eb,sha256:532a8ccbe2aa5cc8d5d789fd51537f7e03d80aa07758509b75d4e14f13d76079,f3e6c4dec806b6e4339f3caadd87ece3e87eda816856594024b4ddc347cb4646,41ecf355957d0a38ea7d9f49f30316fc6293a4747cbf37c1d1735fc2bf934b4e,True,True,True,False,False,True,bac60bf1c6963e824b2f2785d10ac9430f8291d4fa7f8866830441da89fbd637,fdaa9998097aaa16d8509b7da0ed59aa45dcd9fa7afa6c5de85e11dac45de62a,RegisterCommittee,768218b935d314fed018be12bb8b0f5fad0f92cd3b551592b94ad988f3e4a43c,45.209187,1.874851,2121.128011,2168.212049
cap16-measured-12,12,measured,16,559e0bb531b3e4330c532e624d546d616c7849eb,sha256:532a8ccbe2aa5cc8d5d789fd51537f7e03d80aa07758509b75d4e14f13d76079,f3e6c4dec806b6e4339f3caadd87ece3e87eda816856594024b4ddc347cb4646,41ecf355957d0a38ea7d9f49f30316fc6293a4747cbf37c1d1735fc2bf934b4e,True,True,True,False,False,True,bac60bf1c6963e824b2f2785d10ac9430f8291d4fa7f8866830441da89fbd637,fdaa9998097aaa16d8509b7da0ed59aa45dcd9fa7afa6c5de85e11dac45de62a,RegisterInputAttestorKey,4704a120d5c177c8317e5280b50f0438cb05bc472ffb75007c30aa6e01a7dc51,13.864737,2.177151,2125.240637,2141.282525
cap16-measured-12,12,measured,16,559e0bb531b3e4330c532e624d546d616c7849eb,sha256:532a8ccbe2aa5cc8d5d789fd51537f7e03d80aa07758509b75d4e14f13d76079,f3e6c4dec806b6e4339f3caadd87ece3e87eda816856594024b4ddc347cb4646,41ecf355957d0a38ea7d9f49f30316fc6293a4747cbf37c1d1735fc2bf934b4e,True,True,True,False,False,True,bac60bf1c6963e824b2f2785d10ac9430f8291d4fa7f8866830441da89fbd637,fdaa9998097aaa16d8509b7da0ed59aa45dcd9fa7afa6c5de85e11dac45de62a,SubmitInputCommitment,9e44277a82ef2d395c1a70f4413c3e1d41f9c9dadb660fb1a4b79ef5bc240ef7,43.628014,2.930208,2120.919211,2167.477433
cap16-measured-12,12,measured,16,559e0bb531b3e4330c532e624d546d616c7849eb,sha256:532a8ccbe2aa5cc8d5d789fd51537f7e03d80aa07758509b75d4e14f13d76079,f3e6c4dec806b6e4339f3caadd87ece3e87eda816856594024b4ddc347cb4646,41ecf355957d0a38ea7d9f49f30316fc6293a4747cbf37c1d1735fc2bf934b4e,True,True,True,False,False,True,bac60bf1c6963e824b2f2785d10ac9430f8291d4fa7f8866830441da89fbd637,fdaa9998097aaa16d8509b7da0ed59aa45dcd9fa7afa6c5de85e11dac45de62a,SubmitInputCommitment,1f7f1d163f943389bd81912097a9035f2735e26ffccdd708eb195a8001c28495,42.136569,2.509982,2132.094734,2176.741285
cap16-measured-12,12,measured,16,559e0bb531b3e4330c532e624d546d616c7849eb,sha256:532a8ccbe2aa5cc8d5d789fd51537f7e03d80aa07758509b75d4e14f13d76079,f3e6c4dec806b6e4339f3caadd87ece3e87eda816856594024b4ddc347cb4646,41ecf355957d0a38ea7d9f49f30316fc6293a4747cbf37c1d1735fc2bf934b4e,True,True,True,False,False,True,bac60bf1c6963e824b2f2785d10ac9430f8291d4fa7f8866830441da89fbd637,fdaa9998097aaa16d8509b7da0ed59aa45dcd9fa7afa6c5de85e11dac45de62a,SubmitSessionInput,72ff0be8c25fd8fff18e1b7771c722d62c2b6755270b370ab4c3e5e6d05ecc4e,74.155887,1.887392,2116.685365,2192.728644
cap16-measured-12,12,measured,16,559e0bb531b3e4330c532e624d546d616c7849eb,sha256:532a8ccbe2aa5cc8d5d789fd51537f7e03d80aa07758509b75d4e14f13d76079,f3e6c4dec806b6e4339f3caadd87ece3e87eda816856594024b4ddc347cb4646,41ecf355957d0a38ea7d9f49f30316fc6293a4747cbf37c1d1735fc2bf934b4e,True,True,True,False,False,True,bac60bf1c6963e824b2f2785d10ac9430f8291d4fa7f8866830441da89fbd637,fdaa9998097aaa16d8509b7da0ed59aa45dcd9fa7afa6c5de85e11dac45de62a,RecordPartyExecution,37992fb25ba5a7882f2e3bae09074b8fde4f6d2aeb4c91bd20b4842b1e4de55e,67.80717,4.919251,2221.300765,2294.027186
cap16-measured-12,12,measured,16,559e0bb531b3e4330c532e624d546d616c7849eb,sha256:532a8ccbe2aa5cc8d5d789fd51537f7e03d80aa07758509b75d4e14f13d76079,f3e6c4dec806b6e4339f3caadd87ece3e87eda816856594024b4ddc347cb4646,41ecf355957d0a38ea7d9f49f30316fc6293a4747cbf37c1d1735fc2bf934b4e,True,True,True,False,False,True,bac60bf1c6963e824b2f2785d10ac9430f8291d4fa7f8866830441da89fbd637,fdaa9998097aaa16d8509b7da0ed59aa45dcd9fa7afa6c5de85e11dac45de62a,RecordPartyExecution,7b6588fea451f1e2ad84555aaca899687a9567829400c98aff321d788e41c275,33.030514,6.319581,2148.227821,2187.577916
cap16-measured-12,12,measured,16,559e0bb531b3e4330c532e624d546d616c7849eb,sha256:532a8ccbe2aa5cc8d5d789fd51537f7e03d80aa07758509b75d4e14f13d76079,f3e6c4dec806b6e4339f3caadd87ece3e87eda816856594024b4ddc347cb4646,41ecf355957d0a38ea7d9f49f30316fc6293a4747cbf37c1d1735fc2bf934b4e,True,True,True,False,False,True,bac60bf1c6963e824b2f2785d10ac9430f8291d4fa7f8866830441da89fbd637,fdaa9998097aaa16d8509b7da0ed59aa45dcd9fa7afa6c5de85e11dac45de62a,RecordPartyExecution,39f9b2041d7943b0eb8a2e889567275263ff907e573eb39199a6e4c174b02ddf,26.286149,5.596641,2194.933997,2226.816787
cap16-measured-12,12,measured,16,559e0bb531b3e4330c532e624d546d616c7849eb,sha256:532a8ccbe2aa5cc8d5d789fd51537f7e03d80aa07758509b75d4e14f13d76079,f3e6c4dec806b6e4339f3caadd87ece3e87eda816856594024b4ddc347cb4646,41ecf355957d0a38ea7d9f49f30316fc6293a4747cbf37c1d1735fc2bf934b4e,True,True,True,False,False,True,bac60bf1c6963e824b2f2785d10ac9430f8291d4fa7f8866830441da89fbd637,fdaa9998097aaa16d8509b7da0ed59aa45dcd9fa7afa6c5de85e11dac45de62a,FinalizeSession,6c0ef0acb4b7c8f4bd5df48f318ed2a5b9c97fc0e8f83d827dc29feb44208155,68.94024,4.099749,2214.557591,2287.59758
cap16-measured-13,13,measured,16,559e0bb531b3e4330c532e624d546d616c7849eb,sha256:532a8ccbe2aa5cc8d5d789fd51537f7e03d80aa07758509b75d4e14f13d76079,6ab2262ab33f8b94fd56a3ff051753c07c491e012f0dd14b304811da5986f3dd,776de169f4f11ee47c2dbf25c75c203575c02744ea668483b9e377d9c25d8200,True,True,True,False,False,True,477c331a4699f5b8ae8ab355aaaaefbcfdf4635ccf65cf6dec5b0b428bf5d6f2,5d68b0a699550ec818436f90f15dc62a3c419f3174ed4f0052f857c3b7dc19a5,RegisterCommittee,4b479516ce7643280590a62db5591a323e6b81e6055ffb7407dd8b162f6e05d9,60.176847,2.4472,2155.400711,2218.024758
cap16-measured-13,13,measured,16,559e0bb531b3e4330c532e624d546d616c7849eb,sha256:532a8ccbe2aa5cc8d5d789fd51537f7e03d80aa07758509b75d4e14f13d76079,6ab2262ab33f8b94fd56a3ff051753c07c491e012f0dd14b304811da5986f3dd,776de169f4f11ee47c2dbf25c75c203575c02744ea668483b9e377d9c25d8200,True,True,True,False,False,True,477c331a4699f5b8ae8ab355aaaaefbcfdf4635ccf65cf6dec5b0b428bf5d6f2,5d68b0a699550ec818436f90f15dc62a3c419f3174ed4f0052f857c3b7dc19a5,RegisterInputAttestorKey,3b1fb28a0fdfe4cb7a57d31d74e007e947fd23fab00eed0fa2904e087e8dd93d,26.20282,3.6296,2176.240818,2206.073238
cap16-measured-13,13,measured,16,559e0bb531b3e4330c532e624d546d616c7849eb,sha256:532a8ccbe2aa5cc8d5d789fd51537f7e03d80aa07758509b75d4e14f13d76079,6ab2262ab33f8b94fd56a3ff051753c07c491e012f0dd14b304811da5986f3dd,776de169f4f11ee47c2dbf25c75c203575c02744ea668483b9e377d9c25d8200,True,True,True,False,False,True,477c331a4699f5b8ae8ab355aaaaefbcfdf4635ccf65cf6dec5b0b428bf5d6f2,5d68b0a699550ec818436f90f15dc62a3c419f3174ed4f0052f857c3b7dc19a5,SubmitInputCommitment,ebdd895ca81dd83fc5fc9270282aa7e9c9bf2fec5b066d039e5493d35350a5c5,59.19408,10.251613,2189.108234,2258.553927
cap16-measured-13,13,measured,16,559e0bb531b3e4330c532e624d546d616c7849eb,sha256:532a8ccbe2aa5cc8d5d789fd51537f7e03d80aa07758509b75d4e14f13d76079,6ab2262ab33f8b94fd56a3ff051753c07c491e012f0dd14b304811da5986f3dd,776de169f4f11ee47c2dbf25c75c203575c02744ea668483b9e377d9c25d8200,True,True,True,False,False,True,477c331a4699f5b8ae8ab355aaaaefbcfdf4635ccf65cf6dec5b0b428bf5d6f2,5d68b0a699550ec818436f90f15dc62a3c419f3174ed4f0052f857c3b7dc19a5,SubmitInputCommitment,f1f45dbbb8d1ec9b311dd04cb2744b07a0baf8a9b2059b2bdd6b976cb48d328c,51.775551,4.500648,2180.211968,2236.488167
cap16-measured-13,13,measured,16,559e0bb531b3e4330c532e624d546d616c7849eb,sha256:532a8ccbe2aa5cc8d5d789fd51537f7e03d80aa07758509b75d4e14f13d76079,6ab2262ab33f8b94fd56a3ff051753c07c491e012f0dd14b304811da5986f3dd,776de169f4f11ee47c2dbf25c75c203575c02744ea668483b9e377d9c25d8200,True,True,True,False,False,True,477c331a4699f5b8ae8ab355aaaaefbcfdf4635ccf65cf6dec5b0b428bf5d6f2,5d68b0a699550ec818436f90f15dc62a3c419f3174ed4f0052f857c3b7dc19a5,SubmitSessionInput,3a094e6b4d7807a27d4cb11bd3907f1feb7cc8de2ce15658b8bc7aba0d515654,94.911461,4.668469,2199.6728,2299.25273
cap16-measured-13,13,measured,16,559e0bb531b3e4330c532e624d546d616c7849eb,sha256:532a8ccbe2aa5cc8d5d789fd51537f7e03d80aa07758509b75d4e14f13d76079,6ab2262ab33f8b94fd56a3ff051753c07c491e012f0dd14b304811da5986f3dd,776de169f4f11ee47c2dbf25c75c203575c02744ea668483b9e377d9c25d8200,True,True,True,False,False,True,477c331a4699f5b8ae8ab355aaaaefbcfdf4635ccf65cf6dec5b0b428bf5d6f2,5d68b0a699550ec818436f90f15dc62a3c419f3174ed4f0052f857c3b7dc19a5,RecordPartyExecution,d311edef37dcbad30da0f35df00cb34303cc1e2804fbb1bd351df00536ff4076,67.875563,3.286037,2214.504266,2285.665866
cap16-measured-13,13,measured,16,559e0bb531b3e4330c532e624d546d616c7849eb,sha256:532a8ccbe2aa5cc8d5d789fd51537f7e03d80aa07758509b75d4e14f13d76079,6ab2262ab33f8b94fd56a3ff051753c07c491e012f0dd14b304811da5986f3dd,776de169f4f11ee47c2dbf25c75c203575c02744ea668483b9e377d9c25d8200,True,True,True,False,False,True,477c331a4699f5b8ae8ab355aaaaefbcfdf4635ccf65cf6dec5b0b428bf5d6f2,5d68b0a699550ec818436f90f15dc62a3c419f3174ed4f0052f857c3b7dc19a5,RecordPartyExecution,9e9c09751d9219acc2680b4439ba4e12bdf967cde16370ce74059eca2a4d267b,30.158995,3.920274,2142.71603,2176.795299
cap16-measured-13,13,measured,16,559e0bb531b3e4330c532e624d546d616c7849eb,sha256:532a8ccbe2aa5cc8d5d789fd51537f7e03d80aa07758509b75d4e14f13d76079,6ab2262ab33f8b94fd56a3ff051753c07c491e012f0dd14b304811da5986f3dd,776de169f4f11ee47c2dbf25c75c203575c02744ea668483b9e377d9c25d8200,True,True,True,False,False,True,477c331a4699f5b8ae8ab355aaaaefbcfdf4635ccf65cf6dec5b0b428bf5d6f2,5d68b0a699550ec818436f90f15dc62a3c419f3174ed4f0052f857c3b7dc19a5,RecordPartyExecution,d0b1a138f917cb64bb0bef0a96747f1fa11c5fd3ac73b7d46aabb7c898e030e5,27.353164,3.176747,2160.25763,2190.787541
cap16-measured-13,13,measured,16,559e0bb531b3e4330c532e624d546d616c7849eb,sha256:532a8ccbe2aa5cc8d5d789fd51537f7e03d80aa07758509b75d4e14f13d76079,6ab2262ab33f8b94fd56a3ff051753c07c491e012f0dd14b304811da5986f3dd,776de169f4f11ee47c2dbf25c75c203575c02744ea668483b9e377d9c25d8200,True,True,True,False,False,True,477c331a4699f5b8ae8ab355aaaaefbcfdf4635ccf65cf6dec5b0b428bf5d6f2,5d68b0a699550ec818436f90f15dc62a3c419f3174ed4f0052f857c3b7dc19a5,FinalizeSession,3e812b46c44b457e4912a279bdbd83e96667219f94c466353f6819936298c258,55.398517,2.964912,2119.785974,2178.149403
cap16-measured-14,14,measured,16,559e0bb531b3e4330c532e624d546d616c7849eb,sha256:532a8ccbe2aa5cc8d5d789fd51537f7e03d80aa07758509b75d4e14f13d76079,4c56134c8472b6e1c77b442ee5de5308cc0fa5894e194b3ba810330bec0ec478,c1d93cab6a60b7fa7b57cee4fce42e0ceada8c48c92564438cb73e4456ae708e,True,True,True,False,False,True,2ea59ac7fd28b48d598349b3c08e66b304f163209f0afaad92a580ce8157dc57,e0759cf9882445711909cd973e376147d3be47783ff6a97ffa16f012f9d6b24e,RegisterCommittee,c5db2c07ea3616a21267c9d3d14879205c56d294c643b614207fc2b33e08330d,39.570412,1.820711,2131.456604,2172.847727
cap16-measured-14,14,measured,16,559e0bb531b3e4330c532e624d546d616c7849eb,sha256:532a8ccbe2aa5cc8d5d789fd51537f7e03d80aa07758509b75d4e14f13d76079,4c56134c8472b6e1c77b442ee5de5308cc0fa5894e194b3ba810330bec0ec478,c1d93cab6a60b7fa7b57cee4fce42e0ceada8c48c92564438cb73e4456ae708e,True,True,True,False,False,True,2ea59ac7fd28b48d598349b3c08e66b304f163209f0afaad92a580ce8157dc57,e0759cf9882445711909cd973e376147d3be47783ff6a97ffa16f012f9d6b24e,RegisterInputAttestorKey,97e4186484522dc79a39d8c5a4743b86cae090afdd38aeacb8f3ff539bf81cda,17.486238,2.068889,2110.251373,2129.8065
cap16-measured-14,14,measured,16,559e0bb531b3e4330c532e624d546d616c7849eb,sha256:532a8ccbe2aa5cc8d5d789fd51537f7e03d80aa07758509b75d4e14f13d76079,4c56134c8472b6e1c77b442ee5de5308cc0fa5894e194b3ba810330bec0ec478,c1d93cab6a60b7fa7b57cee4fce42e0ceada8c48c92564438cb73e4456ae708e,True,True,True,False,False,True,2ea59ac7fd28b48d598349b3c08e66b304f163209f0afaad92a580ce8157dc57,e0759cf9882445711909cd973e376147d3be47783ff6a97ffa16f012f9d6b24e,SubmitInputCommitment,9a82be5e1eb2ca2001b7a37173c95c220e286e1c8f7f80ead39b388eda4e1a41,37.708895,2.483713,2121.331574,2161.524182
cap16-measured-14,14,measured,16,559e0bb531b3e4330c532e624d546d616c7849eb,sha256:532a8ccbe2aa5cc8d5d789fd51537f7e03d80aa07758509b75d4e14f13d76079,4c56134c8472b6e1c77b442ee5de5308cc0fa5894e194b3ba810330bec0ec478,c1d93cab6a60b7fa7b57cee4fce42e0ceada8c48c92564438cb73e4456ae708e,True,True,True,False,False,True,2ea59ac7fd28b48d598349b3c08e66b304f163209f0afaad92a580ce8157dc57,e0759cf9882445711909cd973e376147d3be47783ff6a97ffa16f012f9d6b24e,SubmitInputCommitment,b715bfeb251267d6dc662b38184242a7a244d90c38fc5e8151ddd635a2682fd8,31.524475,2.568037,2132.748284,2166.840796
cap16-measured-14,14,measured,16,559e0bb531b3e4330c532e624d546d616c7849eb,sha256:532a8ccbe2aa5cc8d5d789fd51537f7e03d80aa07758509b75d4e14f13d76079,4c56134c8472b6e1c77b442ee5de5308cc0fa5894e194b3ba810330bec0ec478,c1d93cab6a60b7fa7b57cee4fce42e0ceada8c48c92564438cb73e4456ae708e,True,True,True,False,False,True,2ea59ac7fd28b48d598349b3c08e66b304f163209f0afaad92a580ce8157dc57,e0759cf9882445711909cd973e376147d3be47783ff6a97ffa16f012f9d6b24e,SubmitSessionInput,ca0f297ba43cf903a25916c7a4e908df28bfeb0c8fd82c861c57d1d20b02507a,53.42214,1.977409,2108.779252,2164.178801
cap16-measured-14,14,measured,16,559e0bb531b3e4330c532e624d546d616c7849eb,sha256:532a8ccbe2aa5cc8d5d789fd51537f7e03d80aa07758509b75d4e14f13d76079,4c56134c8472b6e1c77b442ee5de5308cc0fa5894e194b3ba810330bec0ec478,c1d93cab6a60b7fa7b57cee4fce42e0ceada8c48c92564438cb73e4456ae708e,True,True,True,False,False,True,2ea59ac7fd28b48d598349b3c08e66b304f163209f0afaad92a580ce8157dc57,e0759cf9882445711909cd973e376147d3be47783ff6a97ffa16f012f9d6b24e,RecordPartyExecution,92c1697548dcadc4d4f090b96e0aecf9f4a1c4e1e338c5e99ef72cd97dc6edd7,26.863142,2.419807,2128.409134,2157.692083
cap16-measured-14,14,measured,16,559e0bb531b3e4330c532e624d546d616c7849eb,sha256:532a8ccbe2aa5cc8d5d789fd51537f7e03d80aa07758509b75d4e14f13d76079,4c56134c8472b6e1c77b442ee5de5308cc0fa5894e194b3ba810330bec0ec478,c1d93cab6a60b7fa7b57cee4fce42e0ceada8c48c92564438cb73e4456ae708e,True,True,True,False,False,True,2ea59ac7fd28b48d598349b3c08e66b304f163209f0afaad92a580ce8157dc57,e0759cf9882445711909cd973e376147d3be47783ff6a97ffa16f012f9d6b24e,RecordPartyExecution,c1ae7106f9d0ae54fc62c3e122acd22dfa88d0b7a4421416dcec208100bee809,15.695484,2.32632,2121.520854,2139.542658
cap16-measured-14,14,measured,16,559e0bb531b3e4330c532e624d546d616c7849eb,sha256:532a8ccbe2aa5cc8d5d789fd51537f7e03d80aa07758509b75d4e14f13d76079,4c56134c8472b6e1c77b442ee5de5308cc0fa5894e194b3ba810330bec0ec478,c1d93cab6a60b7fa7b57cee4fce42e0ceada8c48c92564438cb73e4456ae708e,True,True,True,False,False,True,2ea59ac7fd28b48d598349b3c08e66b304f163209f0afaad92a580ce8157dc57,e0759cf9882445711909cd973e376147d3be47783ff6a97ffa16f012f9d6b24e,RecordPartyExecution,7df7c20e776ca91e1da53c7db3b3a6e1e3f285b5d097c1ffd7a9aa65ff7c997d,15.200694,1.669682,2120.200683,2137.071059
cap16-measured-14,14,measured,16,559e0bb531b3e4330c532e624d546d616c7849eb,sha256:532a8ccbe2aa5cc8d5d789fd51537f7e03d80aa07758509b75d4e14f13d76079,4c56134c8472b6e1c77b442ee5de5308cc0fa5894e194b3ba810330bec0ec478,c1d93cab6a60b7fa7b57cee4fce42e0ceada8c48c92564438cb73e4456ae708e,True,True,True,False,False,True,2ea59ac7fd28b48d598349b3c08e66b304f163209f0afaad92a580ce8157dc57,e0759cf9882445711909cd973e376147d3be47783ff6a97ffa16f012f9d6b24e,FinalizeSession,7f7925bbda5aa24eeef2cde4db10ed4bce6cded9d794723bde2bff1c6ac63c5a,33.830525,2.064201,2127.573234,2163.46796
cap16-measured-15,15,measured,16,559e0bb531b3e4330c532e624d546d616c7849eb,sha256:532a8ccbe2aa5cc8d5d789fd51537f7e03d80aa07758509b75d4e14f13d76079,c2036f72839845f90ecc69453c1ed099c5d2c40cd84e9304c5bf36ceb98e204b,6c4e1ebdbe17d78331ce48d117c117e5f77a2b19f8d33c6d990cb439979947d4,True,True,True,False,False,True,a135aaeba6972226c1a99c7ce1437f2b39f0349d8c97e2bb0dc385d5a834a85c,530d2c7e625379efd85b147a2a156ba7055846f0935dbafce96d1c3bb9d25de2,RegisterCommittee,cc42a400ceb021ba6ec3d67ee9912f51d4fdb6518a7af339efa523ab9fb054aa,38.276919,1.731246,2113.611086,2153.619251
cap16-measured-15,15,measured,16,559e0bb531b3e4330c532e624d546d616c7849eb,sha256:532a8ccbe2aa5cc8d5d789fd51537f7e03d80aa07758509b75d4e14f13d76079,c2036f72839845f90ecc69453c1ed099c5d2c40cd84e9304c5bf36ceb98e204b,6c4e1ebdbe17d78331ce48d117c117e5f77a2b19f8d33c6d990cb439979947d4,True,True,True,False,False,True,a135aaeba6972226c1a99c7ce1437f2b39f0349d8c97e2bb0dc385d5a834a85c,530d2c7e625379efd85b147a2a156ba7055846f0935dbafce96d1c3bb9d25de2,RegisterInputAttestorKey,dc56bc6f96ac417d3cf30a549f1d10f343283c50d2b5c0b69e96a05a47450a5d,14.791737,2.534609,2107.654894,2124.98124
cap16-measured-15,15,measured,16,559e0bb531b3e4330c532e624d546d616c7849eb,sha256:532a8ccbe2aa5cc8d5d789fd51537f7e03d80aa07758509b75d4e14f13d76079,c2036f72839845f90ecc69453c1ed099c5d2c40cd84e9304c5bf36ceb98e204b,6c4e1ebdbe17d78331ce48d117c117e5f77a2b19f8d33c6d990cb439979947d4,True,True,True,False,False,True,a135aaeba6972226c1a99c7ce1437f2b39f0349d8c97e2bb0dc385d5a834a85c,530d2c7e625379efd85b147a2a156ba7055846f0935dbafce96d1c3bb9d25de2,SubmitInputCommitment,6ec49dd18fe614c2c1e9fa082eb4ad219180f4464928c03b413aea0f6f69213f,40.059452,3.67188,2114.859015,2158.590347
cap16-measured-15,15,measured,16,559e0bb531b3e4330c532e624d546d616c7849eb,sha256:532a8ccbe2aa5cc8d5d789fd51537f7e03d80aa07758509b75d4e14f13d76079,c2036f72839845f90ecc69453c1ed099c5d2c40cd84e9304c5bf36ceb98e204b,6c4e1ebdbe17d78331ce48d117c117e5f77a2b19f8d33c6d990cb439979947d4,True,True,True,False,False,True,a135aaeba6972226c1a99c7ce1437f2b39f0349d8c97e2bb0dc385d5a834a85c,530d2c7e625379efd85b147a2a156ba7055846f0935dbafce96d1c3bb9d25de2,SubmitInputCommitment,04d1d7f0ed7b50db79c50bc81f0ae6c223acbd1c4d9636ac21d14f692be95059,29.266464,2.20633,2119.901562,2151.374356
cap16-measured-15,15,measured,16,559e0bb531b3e4330c532e624d546d616c7849eb,sha256:532a8ccbe2aa5cc8d5d789fd51537f7e03d80aa07758509b75d4e14f13d76079,c2036f72839845f90ecc69453c1ed099c5d2c40cd84e9304c5bf36ceb98e204b,6c4e1ebdbe17d78331ce48d117c117e5f77a2b19f8d33c6d990cb439979947d4,True,True,True,False,False,True,a135aaeba6972226c1a99c7ce1437f2b39f0349d8c97e2bb0dc385d5a834a85c,530d2c7e625379efd85b147a2a156ba7055846f0935dbafce96d1c3bb9d25de2,SubmitSessionInput,fde2c2f04b49bc755f68db985653b0a3981ec2637bba22c4564df3cc4b5dda2b,57.980381,2.420164,2110.393533,2170.794078
cap16-measured-15,15,measured,16,559e0bb531b3e4330c532e624d546d616c7849eb,sha256:532a8ccbe2aa5cc8d5d789fd51537f7e03d80aa07758509b75d4e14f13d76079,c2036f72839845f90ecc69453c1ed099c5d2c40cd84e9304c5bf36ceb98e204b,6c4e1ebdbe17d78331ce48d117c117e5f77a2b19f8d33c6d990cb439979947d4,True,True,True,False,False,True,a135aaeba6972226c1a99c7ce1437f2b39f0349d8c97e2bb0dc385d5a834a85c,530d2c7e625379efd85b147a2a156ba7055846f0935dbafce96d1c3bb9d25de2,RecordPartyExecution,11e7ed56075c1086b07d6a3e5a66b44762ea7e91aea3f0dccaad2500f3a489a9,35.38182,3.587516,2167.285198,2206.254534
cap16-measured-15,15,measured,16,559e0bb531b3e4330c532e624d546d616c7849eb,sha256:532a8ccbe2aa5cc8d5d789fd51537f7e03d80aa07758509b75d4e14f13d76079,c2036f72839845f90ecc69453c1ed099c5d2c40cd84e9304c5bf36ceb98e204b,6c4e1ebdbe17d78331ce48d117c117e5f77a2b19f8d33c6d990cb439979947d4,True,True,True,False,False,True,a135aaeba6972226c1a99c7ce1437f2b39f0349d8c97e2bb0dc385d5a834a85c,530d2c7e625379efd85b147a2a156ba7055846f0935dbafce96d1c3bb9d25de2,RecordPartyExecution,46c1943ae3831a97f636d637b06b640bb5940e8d8c9e65bc79a48498767d85d1,21.186551,2.30384,2124.268657,2147.759048
cap16-measured-15,15,measured,16,559e0bb531b3e4330c532e624d546d616c7849eb,sha256:532a8ccbe2aa5cc8d5d789fd51537f7e03d80aa07758509b75d4e14f13d76079,c2036f72839845f90ecc69453c1ed099c5d2c40cd84e9304c5bf36ceb98e204b,6c4e1ebdbe17d78331ce48d117c117e5f77a2b19f8d33c6d990cb439979947d4,True,True,True,False,False,True,a135aaeba6972226c1a99c7ce1437f2b39f0349d8c97e2bb0dc385d5a834a85c,530d2c7e625379efd85b147a2a156ba7055846f0935dbafce96d1c3bb9d25de2,RecordPartyExecution,e3318b06f6b80756355ffb3b1f5500160cdd63e9c0c52dd52557ce47cb367c10,24.232723,2.309208,2109.01674,2135.558671
cap16-measured-15,15,measured,16,559e0bb531b3e4330c532e624d546d616c7849eb,sha256:532a8ccbe2aa5cc8d5d789fd51537f7e03d80aa07758509b75d4e14f13d76079,c2036f72839845f90ecc69453c1ed099c5d2c40cd84e9304c5bf36ceb98e204b,6c4e1ebdbe17d78331ce48d117c117e5f77a2b19f8d33c6d990cb439979947d4,True,True,True,False,False,True,a135aaeba6972226c1a99c7ce1437f2b39f0349d8c97e2bb0dc385d5a834a85c,530d2c7e625379efd85b147a2a156ba7055846f0935dbafce96d1c3bb9d25de2,FinalizeSession,838e33779945ce79b48bf70f5e147d8022c5784bc691e95d6107521af8c041fa,47.274245,2.755639,2242.302091,2292.331975
cap16-measured-16,16,measured,16,559e0bb531b3e4330c532e624d546d616c7849eb,sha256:532a8ccbe2aa5cc8d5d789fd51537f7e03d80aa07758509b75d4e14f13d76079,6dc12b6b8f6375453e01789ed1bb28892950bb12306958b6af80dcc3fb770665,2491a0f1115fa7d9a19a57f8e51a80c6ab463164b98537fbc4220874ad11f5e7,True,True,True,False,False,True,b35e911113efe02489acb3a3f5bdffc275d88cbb53d05e0bd6df0797fefaa36c,1393ca9988a477738177baf09ab94f202d56f4e29ae2e542e50930c74b9a932c,RegisterCommittee,36ed454072b1b802801c70f85255a940aef32eef989431577d16bb8a68f62c64,46.238062,1.675776,2123.046356,2170.960194
cap16-measured-16,16,measured,16,559e0bb531b3e4330c532e624d546d616c7849eb,sha256:532a8ccbe2aa5cc8d5d789fd51537f7e03d80aa07758509b75d4e14f13d76079,6dc12b6b8f6375453e01789ed1bb28892950bb12306958b6af80dcc3fb770665,2491a0f1115fa7d9a19a57f8e51a80c6ab463164b98537fbc4220874ad11f5e7,True,True,True,False,False,True,b35e911113efe02489acb3a3f5bdffc275d88cbb53d05e0bd6df0797fefaa36c,1393ca9988a477738177baf09ab94f202d56f4e29ae2e542e50930c74b9a932c,RegisterInputAttestorKey,51ebb499c5904c9b6d56062ca81692a993e7c3d8f9020bdb43529450281061cb,15.469674,1.652543,2107.627359,2124.749576
cap16-measured-16,16,measured,16,559e0bb531b3e4330c532e624d546d616c7849eb,sha256:532a8ccbe2aa5cc8d5d789fd51537f7e03d80aa07758509b75d4e14f13d76079,6dc12b6b8f6375453e01789ed1bb28892950bb12306958b6af80dcc3fb770665,2491a0f1115fa7d9a19a57f8e51a80c6ab463164b98537fbc4220874ad11f5e7,True,True,True,False,False,True,b35e911113efe02489acb3a3f5bdffc275d88cbb53d05e0bd6df0797fefaa36c,1393ca9988a477738177baf09ab94f202d56f4e29ae2e542e50930c74b9a932c,SubmitInputCommitment,0d8edbac5ce3e28085dbc6c6e329a2bf2f5f3cea8f57c8d94e5f19bace3da35d,42.91486,2.760099,2126.844876,2172.519835
cap16-measured-16,16,measured,16,559e0bb531b3e4330c532e624d546d616c7849eb,sha256:532a8ccbe2aa5cc8d5d789fd51537f7e03d80aa07758509b75d4e14f13d76079,6dc12b6b8f6375453e01789ed1bb28892950bb12306958b6af80dcc3fb770665,2491a0f1115fa7d9a19a57f8e51a80c6ab463164b98537fbc4220874ad11f5e7,True,True,True,False,False,True,b35e911113efe02489acb3a3f5bdffc275d88cbb53d05e0bd6df0797fefaa36c,1393ca9988a477738177baf09ab94f202d56f4e29ae2e542e50930c74b9a932c,SubmitInputCommitment,524f685dd3c72f0354cf5adbd9ec0c7e46e33feb41c428252d8dcfc18cb939ed,29.599585,1.770357,2140.175957,2171.545899
cap16-measured-16,16,measured,16,559e0bb531b3e4330c532e624d546d616c7849eb,sha256:532a8ccbe2aa5cc8d5d789fd51537f7e03d80aa07758509b75d4e14f13d76079,6dc12b6b8f6375453e01789ed1bb28892950bb12306958b6af80dcc3fb770665,2491a0f1115fa7d9a19a57f8e51a80c6ab463164b98537fbc4220874ad11f5e7,True,True,True,False,False,True,b35e911113efe02489acb3a3f5bdffc275d88cbb53d05e0bd6df0797fefaa36c,1393ca9988a477738177baf09ab94f202d56f4e29ae2e542e50930c74b9a932c,SubmitSessionInput,0f7377edbb7a26b52e52d9993a74725acc76c60d073790ea8c5258fdb46cbc3c,63.802761,2.891064,2131.278935,2197.97276
cap16-measured-16,16,measured,16,559e0bb531b3e4330c532e624d546d616c7849eb,sha256:532a8ccbe2aa5cc8d5d789fd51537f7e03d80aa07758509b75d4e14f13d76079,6dc12b6b8f6375453e01789ed1bb28892950bb12306958b6af80dcc3fb770665,2491a0f1115fa7d9a19a57f8e51a80c6ab463164b98537fbc4220874ad11f5e7,True,True,True,False,False,True,b35e911113efe02489acb3a3f5bdffc275d88cbb53d05e0bd6df0797fefaa36c,1393ca9988a477738177baf09ab94f202d56f4e29ae2e542e50930c74b9a932c,RecordPartyExecution,7f25e2123b5e06814d2a47f220135b47c859dfb05a191e110e3e941454a58a06,34.912731,2.767931,2137.836514,2175.517176
cap16-measured-16,16,measured,16,559e0bb531b3e4330c532e624d546d616c7849eb,sha256:532a8ccbe2aa5cc8d5d789fd51537f7e03d80aa07758509b75d4e14f13d76079,6dc12b6b8f6375453e01789ed1bb28892950bb12306958b6af80dcc3fb770665,2491a0f1115fa7d9a19a57f8e51a80c6ab463164b98537fbc4220874ad11f5e7,True,True,True,False,False,True,b35e911113efe02489acb3a3f5bdffc275d88cbb53d05e0bd6df0797fefaa36c,1393ca9988a477738177baf09ab94f202d56f4e29ae2e542e50930c74b9a932c,RecordPartyExecution,d5c89f156718735c916a26bb16aecc64edb61aef2a9522eda92283c015c4e075,23.029361,2.859681,2126.107348,2151.99639
cap16-measured-16,16,measured,16,559e0bb531b3e4330c532e624d546d616c7849eb,sha256:532a8ccbe2aa5cc8d5d789fd51537f7e03d80aa07758509b75d4e14f13d76079,6dc12b6b8f6375453e01789ed1bb28892950bb12306958b6af80dcc3fb770665,2491a0f1115fa7d9a19a57f8e51a80c6ab463164b98537fbc4220874ad11f5e7,True,True,True,False,False,True,b35e911113efe02489acb3a3f5bdffc275d88cbb53d05e0bd6df0797fefaa36c,1393ca9988a477738177baf09ab94f202d56f4e29ae2e542e50930c74b9a932c,RecordPartyExecution,94fa5858541077da4cba2ee9f3f0bd769d4ea7a80edbb556b875f2c9c65ed057,30.294121,2.02319,2162.046513,2194.363824
cap16-measured-16,16,measured,16,559e0bb531b3e4330c532e624d546d616c7849eb,sha256:532a8ccbe2aa5cc8d5d789fd51537f7e03d80aa07758509b75d4e14f13d76079,6dc12b6b8f6375453e01789ed1bb28892950bb12306958b6af80dcc3fb770665,2491a0f1115fa7d9a19a57f8e51a80c6ab463164b98537fbc4220874ad11f5e7,True,True,True,False,False,True,b35e911113efe02489acb3a3f5bdffc275d88cbb53d05e0bd6df0797fefaa36c,1393ca9988a477738177baf09ab94f202d56f4e29ae2e542e50930c74b9a932c,FinalizeSession,07852e38fa4eb0e6e09d5948f6089350707d64278c37be12ed03fe2f05b6d0e9,53.834702,2.787745,2161.255061,2217.877508
cap16-measured-17,17,measured,16,559e0bb531b3e4330c532e624d546d616c7849eb,sha256:532a8ccbe2aa5cc8d5d789fd51537f7e03d80aa07758509b75d4e14f13d76079,d50671110bbe8566680db1032bad429e4e42f1ed15785a4cba3c3415e78132dd,59f671b5beede006617c1f0aaa439325512e58dec271914c8edef72167fa3d34,True,True,True,False,False,True,e414796a17d94a095806e93720070c5f6767c2aef4e8064ad3e09c4ee5e7e21e,123ed235e9c9dfa6448966195acb3230d692c0679f331872af42117d634a357f,RegisterCommittee,c7290c4ec184245a26d886887310a32e30dd584ae3a2adf56f4a6f1ec584c035,56.703282,2.496586,2138.898866,2198.098734
cap16-measured-17,17,measured,16,559e0bb531b3e4330c532e624d546d616c7849eb,sha256:532a8ccbe2aa5cc8d5d789fd51537f7e03d80aa07758509b75d4e14f13d76079,d50671110bbe8566680db1032bad429e4e42f1ed15785a4cba3c3415e78132dd,59f671b5beede006617c1f0aaa439325512e58dec271914c8edef72167fa3d34,True,True,True,False,False,True,e414796a17d94a095806e93720070c5f6767c2aef4e8064ad3e09c4ee5e7e21e,123ed235e9c9dfa6448966195acb3230d692c0679f331872af42117d634a357f,RegisterInputAttestorKey,4b3112844c0782f37bc9be5b55ac01452e8eceefc418bc15224da487cfab7b52,18.066199,2.5756,2133.889393,2154.531192
cap16-measured-17,17,measured,16,559e0bb531b3e4330c532e624d546d616c7849eb,sha256:532a8ccbe2aa5cc8d5d789fd51537f7e03d80aa07758509b75d4e14f13d76079,d50671110bbe8566680db1032bad429e4e42f1ed15785a4cba3c3415e78132dd,59f671b5beede006617c1f0aaa439325512e58dec271914c8edef72167fa3d34,True,True,True,False,False,True,e414796a17d94a095806e93720070c5f6767c2aef4e8064ad3e09c4ee5e7e21e,123ed235e9c9dfa6448966195acb3230d692c0679f331872af42117d634a357f,SubmitInputCommitment,7c6e3f3a88c6c4506b6e4b9e501d103e48886777b4d3b9e893c594ff37a73ed9,51.215269,3.676899,2133.329204,2188.221372
cap16-measured-17,17,measured,16,559e0bb531b3e4330c532e624d546d616c7849eb,sha256:532a8ccbe2aa5cc8d5d789fd51537f7e03d80aa07758509b75d4e14f13d76079,d50671110bbe8566680db1032bad429e4e42f1ed15785a4cba3c3415e78132dd,59f671b5beede006617c1f0aaa439325512e58dec271914c8edef72167fa3d34,True,True,True,False,False,True,e414796a17d94a095806e93720070c5f6767c2aef4e8064ad3e09c4ee5e7e21e,123ed235e9c9dfa6448966195acb3230d692c0679f331872af42117d634a357f,SubmitInputCommitment,bcbabb65bf2379d7fb2f70ac16f359f187fb9877b69581395adc8a0ed7314917,43.310249,2.427736,2144.535578,2190.273563
cap16-measured-17,17,measured,16,559e0bb531b3e4330c532e624d546d616c7849eb,sha256:532a8ccbe2aa5cc8d5d789fd51537f7e03d80aa07758509b75d4e14f13d76079,d50671110bbe8566680db1032bad429e4e42f1ed15785a4cba3c3415e78132dd,59f671b5beede006617c1f0aaa439325512e58dec271914c8edef72167fa3d34,True,True,True,False,False,True,e414796a17d94a095806e93720070c5f6767c2aef4e8064ad3e09c4ee5e7e21e,123ed235e9c9dfa6448966195acb3230d692c0679f331872af42117d634a357f,SubmitSessionInput,89e127c05783fca1e3d59b365b926d6f887f247115cf97eae1238fcedc5930d8,71.745841,3.458554,2141.37649,2216.580885
cap16-measured-17,17,measured,16,559e0bb531b3e4330c532e624d546d616c7849eb,sha256:532a8ccbe2aa5cc8d5d789fd51537f7e03d80aa07758509b75d4e14f13d76079,d50671110bbe8566680db1032bad429e4e42f1ed15785a4cba3c3415e78132dd,59f671b5beede006617c1f0aaa439325512e58dec271914c8edef72167fa3d34,True,True,True,False,False,True,e414796a17d94a095806e93720070c5f6767c2aef4e8064ad3e09c4ee5e7e21e,123ed235e9c9dfa6448966195acb3230d692c0679f331872af42117d634a357f,RecordPartyExecution,31f375cbf77e5dc70f29f9dabc8d413507c30b9f8c5930e4713f3e1c56bdc22d,33.416041,2.751019,2151.101239,2187.268299
cap16-measured-17,17,measured,16,559e0bb531b3e4330c532e624d546d616c7849eb,sha256:532a8ccbe2aa5cc8d5d789fd51537f7e03d80aa07758509b75d4e14f13d76079,d50671110bbe8566680db1032bad429e4e42f1ed15785a4cba3c3415e78132dd,59f671b5beede006617c1f0aaa439325512e58dec271914c8edef72167fa3d34,True,True,True,False,False,True,e414796a17d94a095806e93720070c5f6767c2aef4e8064ad3e09c4ee5e7e21e,123ed235e9c9dfa6448966195acb3230d692c0679f331872af42117d634a357f,RecordPartyExecution,57b08bc567248b00759a34fb9a3fb294b8d3fad8fec477f03f41b1892370deeb,27.412312,5.122237,2122.42591,2154.960459
cap16-measured-17,17,measured,16,559e0bb531b3e4330c532e624d546d616c7849eb,sha256:532a8ccbe2aa5cc8d5d789fd51537f7e03d80aa07758509b75d4e14f13d76079,d50671110bbe8566680db1032bad429e4e42f1ed15785a4cba3c3415e78132dd,59f671b5beede006617c1f0aaa439325512e58dec271914c8edef72167fa3d34,True,True,True,False,False,True,e414796a17d94a095806e93720070c5f6767c2aef4e8064ad3e09c4ee5e7e21e,123ed235e9c9dfa6448966195acb3230d692c0679f331872af42117d634a357f,RecordPartyExecution,46c58bf42518e942f230928eb86ba92a26cfe827fce65df2d45532ff94cc85ad,27.281696,2.545908,2136.346964,2166.174568
cap16-measured-17,17,measured,16,559e0bb531b3e4330c532e624d546d616c7849eb,sha256:532a8ccbe2aa5cc8d5d789fd51537f7e03d80aa07758509b75d4e14f13d76079,d50671110bbe8566680db1032bad429e4e42f1ed15785a4cba3c3415e78132dd,59f671b5beede006617c1f0aaa439325512e58dec271914c8edef72167fa3d34,True,True,True,False,False,True,e414796a17d94a095806e93720070c5f6767c2aef4e8064ad3e09c4ee5e7e21e,123ed235e9c9dfa6448966195acb3230d692c0679f331872af42117d634a357f,FinalizeSession,dae69a3ca944c3138f59ce22676c149b26b8f895a45f5949ad4c3012189f0e3f,47.152806,2.244291,2129.253861,2178.650958
cap16-measured-18,18,measured,16,559e0bb531b3e4330c532e624d546d616c7849eb,sha256:532a8ccbe2aa5cc8d5d789fd51537f7e03d80aa07758509b75d4e14f13d76079,2b3e8ac06fe10839fc5f2a8a030500005d1c38ec0170e2ca98a13beb9aa7a8ae,ddf0e2566ac75e92989785d0898fa0c4da8aab6bfab7cd8d96bdbdaeaf167384,True,True,True,False,False,True,f850223546f17f5737b9f88fb414a0b9a723734d8dc4b4f43265854dc039f423,61b07ec97df2f887fd7c0e661d8ce83818d86ef80fddb60204304aad6d04ac07,RegisterCommittee,6a1cb3b550b61580841ca5a27cf5e832bca31470f39b9db4b26bd84b0be2e6e6,62.757758,3.612455,2136.609815,2202.980028
cap16-measured-18,18,measured,16,559e0bb531b3e4330c532e624d546d616c7849eb,sha256:532a8ccbe2aa5cc8d5d789fd51537f7e03d80aa07758509b75d4e14f13d76079,2b3e8ac06fe10839fc5f2a8a030500005d1c38ec0170e2ca98a13beb9aa7a8ae,ddf0e2566ac75e92989785d0898fa0c4da8aab6bfab7cd8d96bdbdaeaf167384,True,True,True,False,False,True,f850223546f17f5737b9f88fb414a0b9a723734d8dc4b4f43265854dc039f423,61b07ec97df2f887fd7c0e661d8ce83818d86ef80fddb60204304aad6d04ac07,RegisterInputAttestorKey,7827676ce5a1237b8779d22ba3e2115270822a15c3d2bbd1a59f9273edef8626,19.249862,1.601073,2123.181949,2144.032884
cap16-measured-18,18,measured,16,559e0bb531b3e4330c532e624d546d616c7849eb,sha256:532a8ccbe2aa5cc8d5d789fd51537f7e03d80aa07758509b75d4e14f13d76079,2b3e8ac06fe10839fc5f2a8a030500005d1c38ec0170e2ca98a13beb9aa7a8ae,ddf0e2566ac75e92989785d0898fa0c4da8aab6bfab7cd8d96bdbdaeaf167384,True,True,True,False,False,True,f850223546f17f5737b9f88fb414a0b9a723734d8dc4b4f43265854dc039f423,61b07ec97df2f887fd7c0e661d8ce83818d86ef80fddb60204304aad6d04ac07,SubmitInputCommitment,854bcfdd49d46e66fb30c27ec000695eebb5ed74ce95c0a77c26369a1be16c2c,71.442072,5.492289,2142.185918,2219.120279
cap16-measured-18,18,measured,16,559e0bb531b3e4330c532e624d546d616c7849eb,sha256:532a8ccbe2aa5cc8d5d789fd51537f7e03d80aa07758509b75d4e14f13d76079,2b3e8ac06fe10839fc5f2a8a030500005d1c38ec0170e2ca98a13beb9aa7a8ae,ddf0e2566ac75e92989785d0898fa0c4da8aab6bfab7cd8d96bdbdaeaf167384,True,True,True,False,False,True,f850223546f17f5737b9f88fb414a0b9a723734d8dc4b4f43265854dc039f423,61b07ec97df2f887fd7c0e661d8ce83818d86ef80fddb60204304aad6d04ac07,SubmitInputCommitment,ff46be79d6ec3fcf23accfbc080e1edcfe328c98d16860efe70595c716be0f10,46.460188,4.33428,2149.29361,2200.088078
cap16-measured-18,18,measured,16,559e0bb531b3e4330c532e624d546d616c7849eb,sha256:532a8ccbe2aa5cc8d5d789fd51537f7e03d80aa07758509b75d4e14f13d76079,2b3e8ac06fe10839fc5f2a8a030500005d1c38ec0170e2ca98a13beb9aa7a8ae,ddf0e2566ac75e92989785d0898fa0c4da8aab6bfab7cd8d96bdbdaeaf167384,True,True,True,False,False,True,f850223546f17f5737b9f88fb414a0b9a723734d8dc4b4f43265854dc039f423,61b07ec97df2f887fd7c0e661d8ce83818d86ef80fddb60204304aad6d04ac07,SubmitSessionInput,9eaa79cb8613771252ae83f8bc6558282239bf8aea1c87638c3a20cf3be7fa24,72.558461,2.540078,2230.725921,2305.82446
cap16-measured-18,18,measured,16,559e0bb531b3e4330c532e624d546d616c7849eb,sha256:532a8ccbe2aa5cc8d5d789fd51537f7e03d80aa07758509b75d4e14f13d76079,2b3e8ac06fe10839fc5f2a8a030500005d1c38ec0170e2ca98a13beb9aa7a8ae,ddf0e2566ac75e92989785d0898fa0c4da8aab6bfab7cd8d96bdbdaeaf167384,True,True,True,False,False,True,f850223546f17f5737b9f88fb414a0b9a723734d8dc4b4f43265854dc039f423,61b07ec97df2f887fd7c0e661d8ce83818d86ef80fddb60204304aad6d04ac07,RecordPartyExecution,f3d1629898d542a4335db2104a9ebabe2df8d94e6a4ce5904e11d403444a2498,37.32322,3.46206,2155.450492,2196.235772
cap16-measured-18,18,measured,16,559e0bb531b3e4330c532e624d546d616c7849eb,sha256:532a8ccbe2aa5cc8d5d789fd51537f7e03d80aa07758509b75d4e14f13d76079,2b3e8ac06fe10839fc5f2a8a030500005d1c38ec0170e2ca98a13beb9aa7a8ae,ddf0e2566ac75e92989785d0898fa0c4da8aab6bfab7cd8d96bdbdaeaf167384,True,True,True,False,False,True,f850223546f17f5737b9f88fb414a0b9a723734d8dc4b4f43265854dc039f423,61b07ec97df2f887fd7c0e661d8ce83818d86ef80fddb60204304aad6d04ac07,RecordPartyExecution,dc2a69afb72b74ac52134998357c881dc5a1eaf648be2da7d376878aa07eeb47,18.750453,2.5144,2124.331216,2145.596069
cap16-measured-18,18,measured,16,559e0bb531b3e4330c532e624d546d616c7849eb,sha256:532a8ccbe2aa5cc8d5d789fd51537f7e03d80aa07758509b75d4e14f13d76079,2b3e8ac06fe10839fc5f2a8a030500005d1c38ec0170e2ca98a13beb9aa7a8ae,ddf0e2566ac75e92989785d0898fa0c4da8aab6bfab7cd8d96bdbdaeaf167384,True,True,True,False,False,True,f850223546f17f5737b9f88fb414a0b9a723734d8dc4b4f43265854dc039f423,61b07ec97df2f887fd7c0e661d8ce83818d86ef80fddb60204304aad6d04ac07,RecordPartyExecution,8d077d87e32b66b21a34ee62fa97784c45961650d067b07650cd88c4b6f0b9ed,16.913467,2.449523,2124.065913,2143.428903
cap16-measured-18,18,measured,16,559e0bb531b3e4330c532e624d546d616c7849eb,sha256:532a8ccbe2aa5cc8d5d789fd51537f7e03d80aa07758509b75d4e14f13d76079,2b3e8ac06fe10839fc5f2a8a030500005d1c38ec0170e2ca98a13beb9aa7a8ae,ddf0e2566ac75e92989785d0898fa0c4da8aab6bfab7cd8d96bdbdaeaf167384,True,True,True,False,False,True,f850223546f17f5737b9f88fb414a0b9a723734d8dc4b4f43265854dc039f423,61b07ec97df2f887fd7c0e661d8ce83818d86ef80fddb60204304aad6d04ac07,FinalizeSession,ae3cc80724866ebcac414089cd463a5531672a2250f0fdfdc481b5c6f8b9ad8f,37.936768,1.712808,2135.511907,2175.161483
cap16-measured-19,19,measured,16,559e0bb531b3e4330c532e624d546d616c7849eb,sha256:532a8ccbe2aa5cc8d5d789fd51537f7e03d80aa07758509b75d4e14f13d76079,eea5ee5e08a0fa76082f6ab6f5e77d6dd2b2e7ee90783fb69fef741ea4654d4f,d17aac8499617ebd0add5c00148d052c3df28636009a3be9e955ad499eb8f74f,True,True,True,False,False,True,16239735862130f6d13ac7ef710a1ec3a740b8e20450e027da4169c847fd2ab5,98737f17d0561327d7a4d644a81653f6e3bfb291b608603a3871de99b38342af,RegisterCommittee,559617b41910d80d9906b9ddb23ca689357bd00d53cb2be75bb4415b4ae588e1,63.275473,2.789045,2121.804184,2187.868702
cap16-measured-19,19,measured,16,559e0bb531b3e4330c532e624d546d616c7849eb,sha256:532a8ccbe2aa5cc8d5d789fd51537f7e03d80aa07758509b75d4e14f13d76079,eea5ee5e08a0fa76082f6ab6f5e77d6dd2b2e7ee90783fb69fef741ea4654d4f,d17aac8499617ebd0add5c00148d052c3df28636009a3be9e955ad499eb8f74f,True,True,True,False,False,True,16239735862130f6d13ac7ef710a1ec3a740b8e20450e027da4169c847fd2ab5,98737f17d0561327d7a4d644a81653f6e3bfb291b608603a3871de99b38342af,RegisterInputAttestorKey,6f98a0a24f42805e8814b92224198cde399cf8ad0314a1a5c18dd4d9b00668fa,19.337433,2.471028,2112.987711,2134.796172
cap16-measured-19,19,measured,16,559e0bb531b3e4330c532e624d546d616c7849eb,sha256:532a8ccbe2aa5cc8d5d789fd51537f7e03d80aa07758509b75d4e14f13d76079,eea5ee5e08a0fa76082f6ab6f5e77d6dd2b2e7ee90783fb69fef741ea4654d4f,d17aac8499617ebd0add5c00148d052c3df28636009a3be9e955ad499eb8f74f,True,True,True,False,False,True,16239735862130f6d13ac7ef710a1ec3a740b8e20450e027da4169c847fd2ab5,98737f17d0561327d7a4d644a81653f6e3bfb291b608603a3871de99b38342af,SubmitInputCommitment,dfae8e93cbc6423e8befbe454edcd9c5466c1455908d59b31594d43a98fe84b0,40.244399,2.283664,2118.561311,2161.089374
cap16-measured-19,19,measured,16,559e0bb531b3e4330c532e624d546d616c7849eb,sha256:532a8ccbe2aa5cc8d5d789fd51537f7e03d80aa07758509b75d4e14f13d76079,eea5ee5e08a0fa76082f6ab6f5e77d6dd2b2e7ee90783fb69fef741ea4654d4f,d17aac8499617ebd0add5c00148d052c3df28636009a3be9e955ad499eb8f74f,True,True,True,False,False,True,16239735862130f6d13ac7ef710a1ec3a740b8e20450e027da4169c847fd2ab5,98737f17d0561327d7a4d644a81653f6e3bfb291b608603a3871de99b38342af,SubmitInputCommitment,d7d7daa1911e0760f2dfa3aff5a8a1eeb6a56bc05818adc11b1e07d0476918d1,51.633434,3.939974,2127.37339,2182.946798
cap16-measured-19,19,measured,16,559e0bb531b3e4330c532e624d546d616c7849eb,sha256:532a8ccbe2aa5cc8d5d789fd51537f7e03d80aa07758509b75d4e14f13d76079,eea5ee5e08a0fa76082f6ab6f5e77d6dd2b2e7ee90783fb69fef741ea4654d4f,d17aac8499617ebd0add5c00148d052c3df28636009a3be9e955ad499eb8f74f,True,True,True,False,False,True,16239735862130f6d13ac7ef710a1ec3a740b8e20450e027da4169c847fd2ab5,98737f17d0561327d7a4d644a81653f6e3bfb291b608603a3871de99b38342af,SubmitSessionInput,a2d502ee58deba1fef85d8517adea47614472ffb458325e870abb4b688b7c229,69.506786,2.881112,2118.65115,2191.039048
cap16-measured-19,19,measured,16,559e0bb531b3e4330c532e624d546d616c7849eb,sha256:532a8ccbe2aa5cc8d5d789fd51537f7e03d80aa07758509b75d4e14f13d76079,eea5ee5e08a0fa76082f6ab6f5e77d6dd2b2e7ee90783fb69fef741ea4654d4f,d17aac8499617ebd0add5c00148d052c3df28636009a3be9e955ad499eb8f74f,True,True,True,False,False,True,16239735862130f6d13ac7ef710a1ec3a740b8e20450e027da4169c847fd2ab5,98737f17d0561327d7a4d644a81653f6e3bfb291b608603a3871de99b38342af,RecordPartyExecution,4a5b8f14270afab7acc689561dec0c5c62366a1b7d62b7941c59ac88045de2b1,37.020725,4.740392,2148.643718,2190.404835
cap16-measured-19,19,measured,16,559e0bb531b3e4330c532e624d546d616c7849eb,sha256:532a8ccbe2aa5cc8d5d789fd51537f7e03d80aa07758509b75d4e14f13d76079,eea5ee5e08a0fa76082f6ab6f5e77d6dd2b2e7ee90783fb69fef741ea4654d4f,d17aac8499617ebd0add5c00148d052c3df28636009a3be9e955ad499eb8f74f,True,True,True,False,False,True,16239735862130f6d13ac7ef710a1ec3a740b8e20450e027da4169c847fd2ab5,98737f17d0561327d7a4d644a81653f6e3bfb291b608603a3871de99b38342af,RecordPartyExecution,50eadd272525faad534689aead66bf5219380d4d4e32ec864a619fce80257fc1,19.261663,2.43043,2113.07108,2134.763173
cap16-measured-19,19,measured,16,559e0bb531b3e4330c532e624d546d616c7849eb,sha256:532a8ccbe2aa5cc8d5d789fd51537f7e03d80aa07758509b75d4e14f13d76079,eea5ee5e08a0fa76082f6ab6f5e77d6dd2b2e7ee90783fb69fef741ea4654d4f,d17aac8499617ebd0add5c00148d052c3df28636009a3be9e955ad499eb8f74f,True,True,True,False,False,True,16239735862130f6d13ac7ef710a1ec3a740b8e20450e027da4169c847fd2ab5,98737f17d0561327d7a4d644a81653f6e3bfb291b608603a3871de99b38342af,RecordPartyExecution,21a4a13588ebf89eb3284222776c371730679125b8475eb3dc49e96cd6c7687e,25.623569,3.230488,2105.97858,2134.832637
cap16-measured-19,19,measured,16,559e0bb531b3e4330c532e624d546d616c7849eb,sha256:532a8ccbe2aa5cc8d5d789fd51537f7e03d80aa07758509b75d4e14f13d76079,eea5ee5e08a0fa76082f6ab6f5e77d6dd2b2e7ee90783fb69fef741ea4654d4f,d17aac8499617ebd0add5c00148d052c3df28636009a3be9e955ad499eb8f74f,True,True,True,False,False,True,16239735862130f6d13ac7ef710a1ec3a740b8e20450e027da4169c847fd2ab5,98737f17d0561327d7a4d644a81653f6e3bfb291b608603a3871de99b38342af,FinalizeSession,f0d50f4cf4e3745e8367b80de1066e512dc0edc5bdc89e943940a1f4d5aee441,43.419387,2.680996,2122.176702,2168.277085
cap16-measured-20,20,measured,16,559e0bb531b3e4330c532e624d546d616c7849eb,sha256:532a8ccbe2aa5cc8d5d789fd51537f7e03d80aa07758509b75d4e14f13d76079,bb1f1bbfb8067ef2b9e05e8c635d140f36c952a608aca22037c1ce7068c4bd76,9e474d596f136e2f227d371e42cd750dc3d5d56704d08c4e0ba6dd5ba474a9be,True,True,True,False,False,True,9b4da052a0cf1fa916b8ba221808446e75d24deee9b4269f488b290e737e2e73,6d46fef7be868556eb376f0cc7d83969f90c6ca8d09a4ad0135f4e14a00c34a8,RegisterCommittee,531a9db8db1d2c6fdb73d8997eb943a03ccdb7a27d874fc4a66e8993662bdf38,43.330936,2.170223,2123.671101,2169.17226
cap16-measured-20,20,measured,16,559e0bb531b3e4330c532e624d546d616c7849eb,sha256:532a8ccbe2aa5cc8d5d789fd51537f7e03d80aa07758509b75d4e14f13d76079,bb1f1bbfb8067ef2b9e05e8c635d140f36c952a608aca22037c1ce7068c4bd76,9e474d596f136e2f227d371e42cd750dc3d5d56704d08c4e0ba6dd5ba474a9be,True,True,True,False,False,True,9b4da052a0cf1fa916b8ba221808446e75d24deee9b4269f488b290e737e2e73,6d46fef7be868556eb376f0cc7d83969f90c6ca8d09a4ad0135f4e14a00c34a8,RegisterInputAttestorKey,8451cd5183480be40cac27a80ed8b64f8e65c743b167f15de940da4746fe5959,13.694944,2.012936,2119.864529,2135.572409
cap16-measured-20,20,measured,16,559e0bb531b3e4330c532e624d546d616c7849eb,sha256:532a8ccbe2aa5cc8d5d789fd51537f7e03d80aa07758509b75d4e14f13d76079,bb1f1bbfb8067ef2b9e05e8c635d140f36c952a608aca22037c1ce7068c4bd76,9e474d596f136e2f227d371e42cd750dc3d5d56704d08c4e0ba6dd5ba474a9be,True,True,True,False,False,True,9b4da052a0cf1fa916b8ba221808446e75d24deee9b4269f488b290e737e2e73,6d46fef7be868556eb376f0cc7d83969f90c6ca8d09a4ad0135f4e14a00c34a8,SubmitInputCommitment,783b9547194453da5e154740e7aac752986d34bda969fc33a78324ceae38790a,39.705023,2.894467,2163.955932,2206.555422
cap16-measured-20,20,measured,16,559e0bb531b3e4330c532e624d546d616c7849eb,sha256:532a8ccbe2aa5cc8d5d789fd51537f7e03d80aa07758509b75d4e14f13d76079,bb1f1bbfb8067ef2b9e05e8c635d140f36c952a608aca22037c1ce7068c4bd76,9e474d596f136e2f227d371e42cd750dc3d5d56704d08c4e0ba6dd5ba474a9be,True,True,True,False,False,True,9b4da052a0cf1fa916b8ba221808446e75d24deee9b4269f488b290e737e2e73,6d46fef7be868556eb376f0cc7d83969f90c6ca8d09a4ad0135f4e14a00c34a8,SubmitInputCommitment,4f1f228f6fd5c02ee6e671b29bd15c27a9b3a62e357e93109560c96a9850f3ea,37.772492,2.46026,2139.889757,2180.122509
cap16-measured-20,20,measured,16,559e0bb531b3e4330c532e624d546d616c7849eb,sha256:532a8ccbe2aa5cc8d5d789fd51537f7e03d80aa07758509b75d4e14f13d76079,bb1f1bbfb8067ef2b9e05e8c635d140f36c952a608aca22037c1ce7068c4bd76,9e474d596f136e2f227d371e42cd750dc3d5d56704d08c4e0ba6dd5ba474a9be,True,True,True,False,False,True,9b4da052a0cf1fa916b8ba221808446e75d24deee9b4269f488b290e737e2e73,6d46fef7be868556eb376f0cc7d83969f90c6ca8d09a4ad0135f4e14a00c34a8,SubmitSessionInput,0077020320f72513f3024ccb98d072f240e0c44b919432cbb6bcddf7b567da2b,59.38301,3.255298,2137.08828,2199.726588
cap16-measured-20,20,measured,16,559e0bb531b3e4330c532e624d546d616c7849eb,sha256:532a8ccbe2aa5cc8d5d789fd51537f7e03d80aa07758509b75d4e14f13d76079,bb1f1bbfb8067ef2b9e05e8c635d140f36c952a608aca22037c1ce7068c4bd76,9e474d596f136e2f227d371e42cd750dc3d5d56704d08c4e0ba6dd5ba474a9be,True,True,True,False,False,True,9b4da052a0cf1fa916b8ba221808446e75d24deee9b4269f488b290e737e2e73,6d46fef7be868556eb376f0cc7d83969f90c6ca8d09a4ad0135f4e14a00c34a8,RecordPartyExecution,46279f1eb68b9f3f7ac997f8ed48010254088b91c803471ea043cb7d3adff8c2,28.536725,2.520011,2154.962528,2186.019264
cap16-measured-20,20,measured,16,559e0bb531b3e4330c532e624d546d616c7849eb,sha256:532a8ccbe2aa5cc8d5d789fd51537f7e03d80aa07758509b75d4e14f13d76079,bb1f1bbfb8067ef2b9e05e8c635d140f36c952a608aca22037c1ce7068c4bd76,9e474d596f136e2f227d371e42cd750dc3d5d56704d08c4e0ba6dd5ba474a9be,True,True,True,False,False,True,9b4da052a0cf1fa916b8ba221808446e75d24deee9b4269f488b290e737e2e73,6d46fef7be868556eb376f0cc7d83969f90c6ca8d09a4ad0135f4e14a00c34a8,RecordPartyExecution,177c6483f7362e6eb081be6a054fdb6dbcca62bd7f45ccf21947c727d88c0222,20.063948,2.408088,2132.019403,2154.491439
cap16-measured-20,20,measured,16,559e0bb531b3e4330c532e624d546d616c7849eb,sha256:532a8ccbe2aa5cc8d5d789fd51537f7e03d80aa07758509b75d4e14f13d76079,bb1f1bbfb8067ef2b9e05e8c635d140f36c952a608aca22037c1ce7068c4bd76,9e474d596f136e2f227d371e42cd750dc3d5d56704d08c4e0ba6dd5ba474a9be,True,True,True,False,False,True,9b4da052a0cf1fa916b8ba221808446e75d24deee9b4269f488b290e737e2e73,6d46fef7be868556eb376f0cc7d83969f90c6ca8d09a4ad0135f4e14a00c34a8,RecordPartyExecution,91a60e840e867727d7ac5060ac3f6422f9e70bea3574fd08abb69148080abae1,19.605754,2.29727,2129.508056,2151.41108
cap16-measured-20,20,measured,16,559e0bb531b3e4330c532e624d546d616c7849eb,sha256:532a8ccbe2aa5cc8d5d789fd51537f7e03d80aa07758509b75d4e14f13d76079,bb1f1bbfb8067ef2b9e05e8c635d140f36c952a608aca22037c1ce7068c4bd76,9e474d596f136e2f227d371e42cd750dc3d5d56704d08c4e0ba6dd5ba474a9be,True,True,True,False,False,True,9b4da052a0cf1fa916b8ba221808446e75d24deee9b4269f488b290e737e2e73,6d46fef7be868556eb376f0cc7d83969f90c6ca8d09a4ad0135f4e14a00c34a8,FinalizeSession,c2010410fd6c2ba5dace97c75002a6bdbed0da19b83e58db19e88d7783af65aa,36.416297,1.831612,2133.62328,2171.871189
cap16-measured-21,21,measured,16,559e0bb531b3e4330c532e624d546d616c7849eb,sha256:532a8ccbe2aa5cc8d5d789fd51537f7e03d80aa07758509b75d4e14f13d76079,b28071bb70278c19d1b3df45db138596a987563d5a009454aba4fac9661692b0,4aafc83c9aeb82b447d2e66f28233c0bd1921c3964257329734606d59cef515f,True,True,True,False,False,True,2b632fe7299aac9bd285b0c8876e8f0f5deb9c49ba1f465da9c20dd38c79547e,b9dabd3103bac8420b10651785c46cbf705655ea0df376d90d1f8f0572a05743,RegisterCommittee,a19ff0d8ba890ef8a0ed00e1511e5ac6997dbb2953426a747a9b277128bf2fc2,41.092929,1.677055,2124.266846,2167.03683
cap16-measured-21,21,measured,16,559e0bb531b3e4330c532e624d546d616c7849eb,sha256:532a8ccbe2aa5cc8d5d789fd51537f7e03d80aa07758509b75d4e14f13d76079,b28071bb70278c19d1b3df45db138596a987563d5a009454aba4fac9661692b0,4aafc83c9aeb82b447d2e66f28233c0bd1921c3964257329734606d59cef515f,True,True,True,False,False,True,2b632fe7299aac9bd285b0c8876e8f0f5deb9c49ba1f465da9c20dd38c79547e,b9dabd3103bac8420b10651785c46cbf705655ea0df376d90d1f8f0572a05743,RegisterInputAttestorKey,ff52e6dbd8de84ea5832128f5a474d4883ff83b6f9ba5c7ba29c29f08d5d373b,14.29677,1.790737,2117.418575,2133.506082
cap16-measured-21,21,measured,16,559e0bb531b3e4330c532e624d546d616c7849eb,sha256:532a8ccbe2aa5cc8d5d789fd51537f7e03d80aa07758509b75d4e14f13d76079,b28071bb70278c19d1b3df45db138596a987563d5a009454aba4fac9661692b0,4aafc83c9aeb82b447d2e66f28233c0bd1921c3964257329734606d59cef515f,True,True,True,False,False,True,2b632fe7299aac9bd285b0c8876e8f0f5deb9c49ba1f465da9c20dd38c79547e,b9dabd3103bac8420b10651785c46cbf705655ea0df376d90d1f8f0572a05743,SubmitInputCommitment,1b8056edc7cb62b7cac251bdc1615cd39907521747e938c0bd5262f6744edada,44.781136,2.568598,2140.762841,2188.112575
cap16-measured-21,21,measured,16,559e0bb531b3e4330c532e624d546d616c7849eb,sha256:532a8ccbe2aa5cc8d5d789fd51537f7e03d80aa07758509b75d4e14f13d76079,b28071bb70278c19d1b3df45db138596a987563d5a009454aba4fac9661692b0,4aafc83c9aeb82b447d2e66f28233c0bd1921c3964257329734606d59cef515f,True,True,True,False,False,True,2b632fe7299aac9bd285b0c8876e8f0f5deb9c49ba1f465da9c20dd38c79547e,b9dabd3103bac8420b10651785c46cbf705655ea0df376d90d1f8f0572a05743,SubmitInputCommitment,8420ab082c20bb9d42bfc1a8aa3015190e01b9fcaba63516cb67bf8158fb4288,37.099671,2.769826,2138.943049,2178.812546
cap16-measured-21,21,measured,16,559e0bb531b3e4330c532e624d546d616c7849eb,sha256:532a8ccbe2aa5cc8d5d789fd51537f7e03d80aa07758509b75d4e14f13d76079,b28071bb70278c19d1b3df45db138596a987563d5a009454aba4fac9661692b0,4aafc83c9aeb82b447d2e66f28233c0bd1921c3964257329734606d59cef515f,True,True,True,False,False,True,2b632fe7299aac9bd285b0c8876e8f0f5deb9c49ba1f465da9c20dd38c79547e,b9dabd3103bac8420b10651785c46cbf705655ea0df376d90d1f8f0572a05743,SubmitSessionInput,a6143c0348fee27f5be6cb85b4166202086baf7b86ed46ee0f533d31dc5a0bca,64.837008,2.091275,2124.404264,2191.332547
cap16-measured-21,21,measured,16,559e0bb531b3e4330c532e624d546d616c7849eb,sha256:532a8ccbe2aa5cc8d5d789fd51537f7e03d80aa07758509b75d4e14f13d76079,b28071bb70278c19d1b3df45db138596a987563d5a009454aba4fac9661692b0,4aafc83c9aeb82b447d2e66f28233c0bd1921c3964257329734606d59cef515f,True,True,True,False,False,True,2b632fe7299aac9bd285b0c8876e8f0f5deb9c49ba1f465da9c20dd38c79547e,b9dabd3103bac8420b10651785c46cbf705655ea0df376d90d1f8f0572a05743,RecordPartyExecution,fdda9339fda8b950777c054a541effcf2deb31d8f3034fd5d7ccea3da40e62f3,47.763815,3.155533,2184.524509,2235.443857
cap16-measured-21,21,measured,16,559e0bb531b3e4330c532e624d546d616c7849eb,sha256:532a8ccbe2aa5cc8d5d789fd51537f7e03d80aa07758509b75d4e14f13d76079,b28071bb70278c19d1b3df45db138596a987563d5a009454aba4fac9661692b0,4aafc83c9aeb82b447d2e66f28233c0bd1921c3964257329734606d59cef515f,True,True,True,False,False,True,2b632fe7299aac9bd285b0c8876e8f0f5deb9c49ba1f465da9c20dd38c79547e,b9dabd3103bac8420b10651785c46cbf705655ea0df376d90d1f8f0572a05743,RecordPartyExecution,ce72dd9586e01400a622ec48805fa1247e155016a35250112a472478d0bf78af,26.256618,3.261074,2128.077105,2157.594797
cap16-measured-21,21,measured,16,559e0bb531b3e4330c532e624d546d616c7849eb,sha256:532a8ccbe2aa5cc8d5d789fd51537f7e03d80aa07758509b75d4e14f13d76079,b28071bb70278c19d1b3df45db138596a987563d5a009454aba4fac9661692b0,4aafc83c9aeb82b447d2e66f28233c0bd1921c3964257329734606d59cef515f,True,True,True,False,False,True,2b632fe7299aac9bd285b0c8876e8f0f5deb9c49ba1f465da9c20dd38c79547e,b9dabd3103bac8420b10651785c46cbf705655ea0df376d90d1f8f0572a05743,RecordPartyExecution,a4fe34dcbd9022e07234a555409d4e8a651cbe50e3a06d94f7b33b0d19c01bcd,20.2897,2.007955,2137.120905,2159.41856
cap16-measured-21,21,measured,16,559e0bb531b3e4330c532e624d546d616c7849eb,sha256:532a8ccbe2aa5cc8d5d789fd51537f7e03d80aa07758509b75d4e14f13d76079,b28071bb70278c19d1b3df45db138596a987563d5a009454aba4fac9661692b0,4aafc83c9aeb82b447d2e66f28233c0bd1921c3964257329734606d59cef515f,True,True,True,False,False,True,2b632fe7299aac9bd285b0c8876e8f0f5deb9c49ba1f465da9c20dd38c79547e,b9dabd3103bac8420b10651785c46cbf705655ea0df376d90d1f8f0572a05743,FinalizeSession,ef6f9412fea32c8b55e3d0fed67d64c31d9662d7b10ddc84a1d074acd60bfe38,39.671035,2.671833,2120.293117,2162.635985
cap16-measured-22,22,measured,16,559e0bb531b3e4330c532e624d546d616c7849eb,sha256:532a8ccbe2aa5cc8d5d789fd51537f7e03d80aa07758509b75d4e14f13d76079,483f061543c65813743cc5d640f5d2fd4432ac207a9d3d5e92e35882ec5ac469,03ad242e2d79900e5ce3636662bc4cbf00b3873440d87bfcf4d25ba09f857ea6,True,True,True,False,False,True,8b11bacc34010200f1f620c8316163f219996feb7a305fa5d2c2c66b0ff26f47,29202b47075cf75bf4881b14c2d05f38be9ea724864a4e3cd398baeec008492e,RegisterCommittee,b11e1e0c9aed538418379470edd0c0ae966e8be6a51a9a3fc988f8b203b8dd36,38.764096,2.134008,2132.408954,2173.307058
cap16-measured-22,22,measured,16,559e0bb531b3e4330c532e624d546d616c7849eb,sha256:532a8ccbe2aa5cc8d5d789fd51537f7e03d80aa07758509b75d4e14f13d76079,483f061543c65813743cc5d640f5d2fd4432ac207a9d3d5e92e35882ec5ac469,03ad242e2d79900e5ce3636662bc4cbf00b3873440d87bfcf4d25ba09f857ea6,True,True,True,False,False,True,8b11bacc34010200f1f620c8316163f219996feb7a305fa5d2c2c66b0ff26f47,29202b47075cf75bf4881b14c2d05f38be9ea724864a4e3cd398baeec008492e,RegisterInputAttestorKey,6eac41314cbd73553646b38b49121b512bab35486c8a448343d1ef3f6d9e72c4,15.440387,2.106033,2118.459703,2136.006123
cap16-measured-22,22,measured,16,559e0bb531b3e4330c532e624d546d616c7849eb,sha256:532a8ccbe2aa5cc8d5d789fd51537f7e03d80aa07758509b75d4e14f13d76079,483f061543c65813743cc5d640f5d2fd4432ac207a9d3d5e92e35882ec5ac469,03ad242e2d79900e5ce3636662bc4cbf00b3873440d87bfcf4d25ba09f857ea6,True,True,True,False,False,True,8b11bacc34010200f1f620c8316163f219996feb7a305fa5d2c2c66b0ff26f47,29202b47075cf75bf4881b14c2d05f38be9ea724864a4e3cd398baeec008492e,SubmitInputCommitment,df78026ae3e71bc26b2328f1ebfb53ee4d25e9a774da579625058c7f92e3dc80,64.188339,4.88806,2125.050175,2194.126574
cap16-measured-22,22,measured,16,559e0bb531b3e4330c532e624d546d616c7849eb,sha256:532a8ccbe2aa5cc8d5d789fd51537f7e03d80aa07758509b75d4e14f13d76079,483f061543c65813743cc5d640f5d2fd4432ac207a9d3d5e92e35882ec5ac469,03ad242e2d79900e5ce3636662bc4cbf00b3873440d87bfcf4d25ba09f857ea6,True,True,True,False,False,True,8b11bacc34010200f1f620c8316163f219996feb7a305fa5d2c2c66b0ff26f47,29202b47075cf75bf4881b14c2d05f38be9ea724864a4e3cd398baeec008492e,SubmitInputCommitment,30e857741079ee9c7b00976c3049532fae3001aad3b9ab214d04960fa8892190,42.569273,3.313825,2125.939593,2171.822691
cap16-measured-22,22,measured,16,559e0bb531b3e4330c532e624d546d616c7849eb,sha256:532a8ccbe2aa5cc8d5d789fd51537f7e03d80aa07758509b75d4e14f13d76079,483f061543c65813743cc5d640f5d2fd4432ac207a9d3d5e92e35882ec5ac469,03ad242e2d79900e5ce3636662bc4cbf00b3873440d87bfcf4d25ba09f857ea6,True,True,True,False,False,True,8b11bacc34010200f1f620c8316163f219996feb7a305fa5d2c2c66b0ff26f47,29202b47075cf75bf4881b14c2d05f38be9ea724864a4e3cd398baeec008492e,SubmitSessionInput,c02f7f259058af2877d82d2874af0154ccbbe10aa7425e26247beb549162a781,69.708741,2.502043,2135.406995,2207.617779
cap16-measured-22,22,measured,16,559e0bb531b3e4330c532e624d546d616c7849eb,sha256:532a8ccbe2aa5cc8d5d789fd51537f7e03d80aa07758509b75d4e14f13d76079,483f061543c65813743cc5d640f5d2fd4432ac207a9d3d5e92e35882ec5ac469,03ad242e2d79900e5ce3636662bc4cbf00b3873440d87bfcf4d25ba09f857ea6,True,True,True,False,False,True,8b11bacc34010200f1f620c8316163f219996feb7a305fa5d2c2c66b0ff26f47,29202b47075cf75bf4881b14c2d05f38be9ea724864a4e3cd398baeec008492e,RecordPartyExecution,88c4aa2a9dc37cf7b42059bbc23da01024b9cfc81e8f09aff1cbcb45ce452c5d,36.764541,2.565192,2183.258988,2222.588721
cap16-measured-22,22,measured,16,559e0bb531b3e4330c532e624d546d616c7849eb,sha256:532a8ccbe2aa5cc8d5d789fd51537f7e03d80aa07758509b75d4e14f13d76079,483f061543c65813743cc5d640f5d2fd4432ac207a9d3d5e92e35882ec5ac469,03ad242e2d79900e5ce3636662bc4cbf00b3873440d87bfcf4d25ba09f857ea6,True,True,True,False,False,True,8b11bacc34010200f1f620c8316163f219996feb7a305fa5d2c2c66b0ff26f47,29202b47075cf75bf4881b14c2d05f38be9ea724864a4e3cd398baeec008492e,RecordPartyExecution,6c26839d0cf1611fbe2136a5cc1fc2d6f231edee1f7294f8eab16d581d5367ac,29.351158,3.181599,2120.456844,2152.989601
cap16-measured-22,22,measured,16,559e0bb531b3e4330c532e624d546d616c7849eb,sha256:532a8ccbe2aa5cc8d5d789fd51537f7e03d80aa07758509b75d4e14f13d76079,483f061543c65813743cc5d640f5d2fd4432ac207a9d3d5e92e35882ec5ac469,03ad242e2d79900e5ce3636662bc4cbf00b3873440d87bfcf4d25ba09f857ea6,True,True,True,False,False,True,8b11bacc34010200f1f620c8316163f219996feb7a305fa5d2c2c66b0ff26f47,29202b47075cf75bf4881b14c2d05f38be9ea724864a4e3cd398baeec008492e,RecordPartyExecution,75e07d26c915714ab3dfba73c5994ce035d1a68427e9d7ed323acc3ab5b39057,32.13241,1.819144,2137.286485,2171.238039
cap16-measured-22,22,measured,16,559e0bb531b3e4330c532e624d546d616c7849eb,sha256:532a8ccbe2aa5cc8d5d789fd51537f7e03d80aa07758509b75d4e14f13d76079,483f061543c65813743cc5d640f5d2fd4432ac207a9d3d5e92e35882ec5ac469,03ad242e2d79900e5ce3636662bc4cbf00b3873440d87bfcf4d25ba09f857ea6,True,True,True,False,False,True,8b11bacc34010200f1f620c8316163f219996feb7a305fa5d2c2c66b0ff26f47,29202b47075cf75bf4881b14c2d05f38be9ea724864a4e3cd398baeec008492e,FinalizeSession,8ece769e3b6a5fa7ff6e70823aa3935b303f616e5b6c0ae41983f50565d39f97,46.256508,2.733679,2116.832154,2165.822341
cap16-measured-23,23,measured,16,559e0bb531b3e4330c532e624d546d616c7849eb,sha256:532a8ccbe2aa5cc8d5d789fd51537f7e03d80aa07758509b75d4e14f13d76079,2c64d3a5689dd6b836abe5e9f5558f46f4c0150f9e3acf3f588c808263efd5fe,c4891d78d697889b9a489667611e882f88ab5c40f539d5b56654506ca8371e5c,True,True,True,False,False,True,98a561bb830d1416c94c0968cb1d0fd3d767cbff69e48ed1fecbab2b915cc41d,020c112a202258ecd8f3681c9ab184da1217bfc16d7c8633bddcf6890308c095,RegisterCommittee,3f6ffb339169bb2b92a3b2a8ef3c88aebe8792c3295f3e773bb35bcf096e82c9,41.178201,1.917383,2141.246411,2184.341995
cap16-measured-23,23,measured,16,559e0bb531b3e4330c532e624d546d616c7849eb,sha256:532a8ccbe2aa5cc8d5d789fd51537f7e03d80aa07758509b75d4e14f13d76079,2c64d3a5689dd6b836abe5e9f5558f46f4c0150f9e3acf3f588c808263efd5fe,c4891d78d697889b9a489667611e882f88ab5c40f539d5b56654506ca8371e5c,True,True,True,False,False,True,98a561bb830d1416c94c0968cb1d0fd3d767cbff69e48ed1fecbab2b915cc41d,020c112a202258ecd8f3681c9ab184da1217bfc16d7c8633bddcf6890308c095,RegisterInputAttestorKey,76d626caea0985d9b4a166af8f14f0f92395d6be5b15e3c9c25c6f29238131b2,36.221607,2.498414,2137.833601,2176.553622
cap16-measured-23,23,measured,16,559e0bb531b3e4330c532e624d546d616c7849eb,sha256:532a8ccbe2aa5cc8d5d789fd51537f7e03d80aa07758509b75d4e14f13d76079,2c64d3a5689dd6b836abe5e9f5558f46f4c0150f9e3acf3f588c808263efd5fe,c4891d78d697889b9a489667611e882f88ab5c40f539d5b56654506ca8371e5c,True,True,True,False,False,True,98a561bb830d1416c94c0968cb1d0fd3d767cbff69e48ed1fecbab2b915cc41d,020c112a202258ecd8f3681c9ab184da1217bfc16d7c8633bddcf6890308c095,SubmitInputCommitment,34f362b1df2a2fd720b48f6a2b5bac466d1ae336fcc61e3466676140ffb97d6c,54.799969,2.732953,2134.637876,2192.170798
cap16-measured-23,23,measured,16,559e0bb531b3e4330c532e624d546d616c7849eb,sha256:532a8ccbe2aa5cc8d5d789fd51537f7e03d80aa07758509b75d4e14f13d76079,2c64d3a5689dd6b836abe5e9f5558f46f4c0150f9e3acf3f588c808263efd5fe,c4891d78d697889b9a489667611e882f88ab5c40f539d5b56654506ca8371e5c,True,True,True,False,False,True,98a561bb830d1416c94c0968cb1d0fd3d767cbff69e48ed1fecbab2b915cc41d,020c112a202258ecd8f3681c9ab184da1217bfc16d7c8633bddcf6890308c095,SubmitInputCommitment,772d78ed3ad05e58a344546bd09e6dbc1062cc99b96cff1b6781a4ab5d0c5879,41.098745,2.703084,2130.016904,2173.818733
cap16-measured-23,23,measured,16,559e0bb531b3e4330c532e624d546d616c7849eb,sha256:532a8ccbe2aa5cc8d5d789fd51537f7e03d80aa07758509b75d4e14f13d76079,2c64d3a5689dd6b836abe5e9f5558f46f4c0150f9e3acf3f588c808263efd5fe,c4891d78d697889b9a489667611e882f88ab5c40f539d5b56654506ca8371e5c,True,True,True,False,False,True,98a561bb830d1416c94c0968cb1d0fd3d767cbff69e48ed1fecbab2b915cc41d,020c112a202258ecd8f3681c9ab184da1217bfc16d7c8633bddcf6890308c095,SubmitSessionInput,e31ac77810614645ae34b6fcdd1d6a081b82d80eb4992c6294cdb3a94dd0f486,74.086134,2.521819,2138.586339,2215.194292
cap16-measured-23,23,measured,16,559e0bb531b3e4330c532e624d546d616c7849eb,sha256:532a8ccbe2aa5cc8d5d789fd51537f7e03d80aa07758509b75d4e14f13d76079,2c64d3a5689dd6b836abe5e9f5558f46f4c0150f9e3acf3f588c808263efd5fe,c4891d78d697889b9a489667611e882f88ab5c40f539d5b56654506ca8371e5c,True,True,True,False,False,True,98a561bb830d1416c94c0968cb1d0fd3d767cbff69e48ed1fecbab2b915cc41d,020c112a202258ecd8f3681c9ab184da1217bfc16d7c8633bddcf6890308c095,RecordPartyExecution,10ba110e8d76cc6231ef2711e079c035553bf05e5f5233883ed8e878eba57e97,44.631369,2.959007,2595.660861,2643.251237
cap16-measured-23,23,measured,16,559e0bb531b3e4330c532e624d546d616c7849eb,sha256:532a8ccbe2aa5cc8d5d789fd51537f7e03d80aa07758509b75d4e14f13d76079,2c64d3a5689dd6b836abe5e9f5558f46f4c0150f9e3acf3f588c808263efd5fe,c4891d78d697889b9a489667611e882f88ab5c40f539d5b56654506ca8371e5c,True,True,True,False,False,True,98a561bb830d1416c94c0968cb1d0fd3d767cbff69e48ed1fecbab2b915cc41d,020c112a202258ecd8f3681c9ab184da1217bfc16d7c8633bddcf6890308c095,RecordPartyExecution,8d3552efce9417c11f4603422bf301d64cd66086e27599807b2cfe92c6645e6e,25.767524,3.597286,2142.445856,2171.810666
cap16-measured-23,23,measured,16,559e0bb531b3e4330c532e624d546d616c7849eb,sha256:532a8ccbe2aa5cc8d5d789fd51537f7e03d80aa07758509b75d4e14f13d76079,2c64d3a5689dd6b836abe5e9f5558f46f4c0150f9e3acf3f588c808263efd5fe,c4891d78d697889b9a489667611e882f88ab5c40f539d5b56654506ca8371e5c,True,True,True,False,False,True,98a561bb830d1416c94c0968cb1d0fd3d767cbff69e48ed1fecbab2b915cc41d,020c112a202258ecd8f3681c9ab184da1217bfc16d7c8633bddcf6890308c095,RecordPartyExecution,b481296d458bf7ef25160b0769326d417f4de5b00666a193122596fe510171c9,18.150306,2.324556,2125.105266,2145.580128
cap16-measured-23,23,measured,16,559e0bb531b3e4330c532e624d546d616c7849eb,sha256:532a8ccbe2aa5cc8d5d789fd51537f7e03d80aa07758509b75d4e14f13d76079,2c64d3a5689dd6b836abe5e9f5558f46f4c0150f9e3acf3f588c808263efd5fe,c4891d78d697889b9a489667611e882f88ab5c40f539d5b56654506ca8371e5c,True,True,True,False,False,True,98a561bb830d1416c94c0968cb1d0fd3d767cbff69e48ed1fecbab2b915cc41d,020c112a202258ecd8f3681c9ab184da1217bfc16d7c8633bddcf6890308c095,FinalizeSession,6dfbc60d74f6461efbc8ecca0098e69ffedaf292ff72a41bfef4255cc5540552,43.658656,3.156068,2129.286753,2176.101477
cap16-measured-24,24,measured,16,559e0bb531b3e4330c532e624d546d616c7849eb,sha256:532a8ccbe2aa5cc8d5d789fd51537f7e03d80aa07758509b75d4e14f13d76079,a8f2cc00798adf8526e700afeb0654efe69c69c19daaaec984b8dc68300b0d95,261bee40920d74b3fc745025f1500c6c21d1880ab926090d415137daf72dc9cf,True,True,True,False,False,True,3b80bf0b922cc9683de6c86b47b0565d92317bf9431b92d55a108e6f0f0978e9,a01913d6596f8e2a890a84fa13ee7e61a276d75b6eb6eddaf62c97addb9e106a,RegisterCommittee,e3c53af56865fab2acd5e7d03fa4054f15e77958dc2d581500c4c18fd2e1d170,45.679182,3.072275,2119.681391,2168.432848
cap16-measured-24,24,measured,16,559e0bb531b3e4330c532e624d546d616c7849eb,sha256:532a8ccbe2aa5cc8d5d789fd51537f7e03d80aa07758509b75d4e14f13d76079,a8f2cc00798adf8526e700afeb0654efe69c69c19daaaec984b8dc68300b0d95,261bee40920d74b3fc745025f1500c6c21d1880ab926090d415137daf72dc9cf,True,True,True,False,False,True,3b80bf0b922cc9683de6c86b47b0565d92317bf9431b92d55a108e6f0f0978e9,a01913d6596f8e2a890a84fa13ee7e61a276d75b6eb6eddaf62c97addb9e106a,RegisterInputAttestorKey,9b94f3affda97397a363040f966d68bc7d980104c8fc0562560f7ac5a150c807,20.455056,2.561586,2126.390383,2149.407025
cap16-measured-24,24,measured,16,559e0bb531b3e4330c532e624d546d616c7849eb,sha256:532a8ccbe2aa5cc8d5d789fd51537f7e03d80aa07758509b75d4e14f13d76079,a8f2cc00798adf8526e700afeb0654efe69c69c19daaaec984b8dc68300b0d95,261bee40920d74b3fc745025f1500c6c21d1880ab926090d415137daf72dc9cf,True,True,True,False,False,True,3b80bf0b922cc9683de6c86b47b0565d92317bf9431b92d55a108e6f0f0978e9,a01913d6596f8e2a890a84fa13ee7e61a276d75b6eb6eddaf62c97addb9e106a,SubmitInputCommitment,5702878f8c0002955691ae9387b6c08e16f4d060e9f22705590ee9397b291c3f,50.274969,2.69844,2172.822136,2225.795545
cap16-measured-24,24,measured,16,559e0bb531b3e4330c532e624d546d616c7849eb,sha256:532a8ccbe2aa5cc8d5d789fd51537f7e03d80aa07758509b75d4e14f13d76079,a8f2cc00798adf8526e700afeb0654efe69c69c19daaaec984b8dc68300b0d95,261bee40920d74b3fc745025f1500c6c21d1880ab926090d415137daf72dc9cf,True,True,True,False,False,True,3b80bf0b922cc9683de6c86b47b0565d92317bf9431b92d55a108e6f0f0978e9,a01913d6596f8e2a890a84fa13ee7e61a276d75b6eb6eddaf62c97addb9e106a,SubmitInputCommitment,8e5d62f38c1c25803f03ce376af24c2e2e25053121acb1e7b470a857b72b95c8,46.631148,3.387896,2148.632945,2198.651989
cap16-measured-24,24,measured,16,559e0bb531b3e4330c532e624d546d616c7849eb,sha256:532a8ccbe2aa5cc8d5d789fd51537f7e03d80aa07758509b75d4e14f13d76079,a8f2cc00798adf8526e700afeb0654efe69c69c19daaaec984b8dc68300b0d95,261bee40920d74b3fc745025f1500c6c21d1880ab926090d415137daf72dc9cf,True,True,True,False,False,True,3b80bf0b922cc9683de6c86b47b0565d92317bf9431b92d55a108e6f0f0978e9,a01913d6596f8e2a890a84fa13ee7e61a276d75b6eb6eddaf62c97addb9e106a,SubmitSessionInput,e450efd9921d69ee8511ed214a1a1f655f58cd72c5acefbeace9eb2a9564aa12,69.583477,3.80084,2135.254875,2208.639192
cap16-measured-24,24,measured,16,559e0bb531b3e4330c532e624d546d616c7849eb,sha256:532a8ccbe2aa5cc8d5d789fd51537f7e03d80aa07758509b75d4e14f13d76079,a8f2cc00798adf8526e700afeb0654efe69c69c19daaaec984b8dc68300b0d95,261bee40920d74b3fc745025f1500c6c21d1880ab926090d415137daf72dc9cf,True,True,True,False,False,True,3b80bf0b922cc9683de6c86b47b0565d92317bf9431b92d55a108e6f0f0978e9,a01913d6596f8e2a890a84fa13ee7e61a276d75b6eb6eddaf62c97addb9e106a,RecordPartyExecution,32e34716d3f2563e521e1cde2554d6c05519445710e3ede24f1ce122e80c828e,33.250365,4.397514,2226.297022,2263.944901
cap16-measured-24,24,measured,16,559e0bb531b3e4330c532e624d546d616c7849eb,sha256:532a8ccbe2aa5cc8d5d789fd51537f7e03d80aa07758509b75d4e14f13d76079,a8f2cc00798adf8526e700afeb0654efe69c69c19daaaec984b8dc68300b0d95,261bee40920d74b3fc745025f1500c6c21d1880ab926090d415137daf72dc9cf,True,True,True,False,False,True,3b80bf0b922cc9683de6c86b47b0565d92317bf9431b92d55a108e6f0f0978e9,a01913d6596f8e2a890a84fa13ee7e61a276d75b6eb6eddaf62c97addb9e106a,RecordPartyExecution,c97441f41c161a54fdcfcc5e3f682cf862cebd394b9ab50c629e61a36eb112b9,17.189536,1.797242,2138.116421,2157.103199
cap16-measured-24,24,measured,16,559e0bb531b3e4330c532e624d546d616c7849eb,sha256:532a8ccbe2aa5cc8d5d789fd51537f7e03d80aa07758509b75d4e14f13d76079,a8f2cc00798adf8526e700afeb0654efe69c69c19daaaec984b8dc68300b0d95,261bee40920d74b3fc745025f1500c6c21d1880ab926090d415137daf72dc9cf,True,True,True,False,False,True,3b80bf0b922cc9683de6c86b47b0565d92317bf9431b92d55a108e6f0f0978e9,a01913d6596f8e2a890a84fa13ee7e61a276d75b6eb6eddaf62c97addb9e106a,RecordPartyExecution,fdc9a920e13e6448262506993f1087c0faf1cf2c1b98c91d0f09f7360d165d70,24.985251,2.152263,2130.029776,2157.16729
cap16-measured-24,24,measured,16,559e0bb531b3e4330c532e624d546d616c7849eb,sha256:532a8ccbe2aa5cc8d5d789fd51537f7e03d80aa07758509b75d4e14f13d76079,a8f2cc00798adf8526e700afeb0654efe69c69c19daaaec984b8dc68300b0d95,261bee40920d74b3fc745025f1500c6c21d1880ab926090d415137daf72dc9cf,True,True,True,False,False,True,3b80bf0b922cc9683de6c86b47b0565d92317bf9431b92d55a108e6f0f0978e9,a01913d6596f8e2a890a84fa13ee7e61a276d75b6eb6eddaf62c97addb9e106a,FinalizeSession,f9941e6160c59e2fcbb45971aeea7377933083e4169400463029d74205c01ec6,38.697722,2.001777,2119.394017,2160.093516
cap16-measured-25,25,measured,16,559e0bb531b3e4330c532e624d546d616c7849eb,sha256:532a8ccbe2aa5cc8d5d789fd51537f7e03d80aa07758509b75d4e14f13d76079,6aa8c601cbfaf68780dcc298b5aed68c96a47ee8417d5286d125553fe9604c01,77901ce660bd86425bb08b85f5a1c2e30069da9dcc08ae55433a8ace84b56acf,True,True,True,False,False,True,d3a18b5cc760b62eb667830b5b323eee43dc04624e4a8a7ee441090cd1d036ef,4802f154bf2373d6356ac271a7e2e17676feb58766e58d743508f4f4d0075c88,RegisterCommittee,1fb62b1424eb74f977453403bb5a4caf48f2bf224a8d10b09e2445ded8094300,43.156403,2.97352,2143.591901,2189.721824
cap16-measured-25,25,measured,16,559e0bb531b3e4330c532e624d546d616c7849eb,sha256:532a8ccbe2aa5cc8d5d789fd51537f7e03d80aa07758509b75d4e14f13d76079,6aa8c601cbfaf68780dcc298b5aed68c96a47ee8417d5286d125553fe9604c01,77901ce660bd86425bb08b85f5a1c2e30069da9dcc08ae55433a8ace84b56acf,True,True,True,False,False,True,d3a18b5cc760b62eb667830b5b323eee43dc04624e4a8a7ee441090cd1d036ef,4802f154bf2373d6356ac271a7e2e17676feb58766e58d743508f4f4d0075c88,RegisterInputAttestorKey,5778e7733eee517820fb2cb641173619f7ccded675d7ba751b951c78bde20e60,19.542222,2.242176,2155.725353,2177.509751
cap16-measured-25,25,measured,16,559e0bb531b3e4330c532e624d546d616c7849eb,sha256:532a8ccbe2aa5cc8d5d789fd51537f7e03d80aa07758509b75d4e14f13d76079,6aa8c601cbfaf68780dcc298b5aed68c96a47ee8417d5286d125553fe9604c01,77901ce660bd86425bb08b85f5a1c2e30069da9dcc08ae55433a8ace84b56acf,True,True,True,False,False,True,d3a18b5cc760b62eb667830b5b323eee43dc04624e4a8a7ee441090cd1d036ef,4802f154bf2373d6356ac271a7e2e17676feb58766e58d743508f4f4d0075c88,SubmitInputCommitment,ba7f632f3ac4e67dbdd911ff8d9541e76a6422549ade3ce7271cd7e994a6da15,55.628654,2.647416,2115.498687,2173.774757
cap16-measured-25,25,measured,16,559e0bb531b3e4330c532e624d546d616c7849eb,sha256:532a8ccbe2aa5cc8d5d789fd51537f7e03d80aa07758509b75d4e14f13d76079,6aa8c601cbfaf68780dcc298b5aed68c96a47ee8417d5286d125553fe9604c01,77901ce660bd86425bb08b85f5a1c2e30069da9dcc08ae55433a8ace84b56acf,True,True,True,False,False,True,d3a18b5cc760b62eb667830b5b323eee43dc04624e4a8a7ee441090cd1d036ef,4802f154bf2373d6356ac271a7e2e17676feb58766e58d743508f4f4d0075c88,SubmitInputCommitment,a6d8280d318823ead22c9d65e3a4744c01dda8418ef0c62d374691276a0862dd,50.102992,2.246125,2154.062503,2206.41162
cap16-measured-25,25,measured,16,559e0bb531b3e4330c532e624d546d616c7849eb,sha256:532a8ccbe2aa5cc8d5d789fd51537f7e03d80aa07758509b75d4e14f13d76079,6aa8c601cbfaf68780dcc298b5aed68c96a47ee8417d5286d125553fe9604c01,77901ce660bd86425bb08b85f5a1c2e30069da9dcc08ae55433a8ace84b56acf,True,True,True,False,False,True,d3a18b5cc760b62eb667830b5b323eee43dc04624e4a8a7ee441090cd1d036ef,4802f154bf2373d6356ac271a7e2e17676feb58766e58d743508f4f4d0075c88,SubmitSessionInput,1141a0007668103bb2a84e8fbe10ceb1b28c61a07104afb3f60a934ba1fa8d1e,63.092107,2.468631,2140.340488,2205.901226
cap16-measured-25,25,measured,16,559e0bb531b3e4330c532e624d546d616c7849eb,sha256:532a8ccbe2aa5cc8d5d789fd51537f7e03d80aa07758509b75d4e14f13d76079,6aa8c601cbfaf68780dcc298b5aed68c96a47ee8417d5286d125553fe9604c01,77901ce660bd86425bb08b85f5a1c2e30069da9dcc08ae55433a8ace84b56acf,True,True,True,False,False,True,d3a18b5cc760b62eb667830b5b323eee43dc04624e4a8a7ee441090cd1d036ef,4802f154bf2373d6356ac271a7e2e17676feb58766e58d743508f4f4d0075c88,RecordPartyExecution,cb720cc582a616a40f1e61f2a1518032fee9ed029788a6e8c4d99fe7a126ac8c,38.204339,3.72402,2143.287198,2185.215557
cap16-measured-25,25,measured,16,559e0bb531b3e4330c532e624d546d616c7849eb,sha256:532a8ccbe2aa5cc8d5d789fd51537f7e03d80aa07758509b75d4e14f13d76079,6aa8c601cbfaf68780dcc298b5aed68c96a47ee8417d5286d125553fe9604c01,77901ce660bd86425bb08b85f5a1c2e30069da9dcc08ae55433a8ace84b56acf,True,True,True,False,False,True,d3a18b5cc760b62eb667830b5b323eee43dc04624e4a8a7ee441090cd1d036ef,4802f154bf2373d6356ac271a7e2e17676feb58766e58d743508f4f4d0075c88,RecordPartyExecution,799a4b6acb5f7d2e19f104933badd431848a96d9cebfed946b90ea51ea5ce7e2,31.175411,2.85623,2114.813588,2148.845229
cap16-measured-25,25,measured,16,559e0bb531b3e4330c532e624d546d616c7849eb,sha256:532a8ccbe2aa5cc8d5d789fd51537f7e03d80aa07758509b75d4e14f13d76079,6aa8c601cbfaf68780dcc298b5aed68c96a47ee8417d5286d125553fe9604c01,77901ce660bd86425bb08b85f5a1c2e30069da9dcc08ae55433a8ace84b56acf,True,True,True,False,False,True,d3a18b5cc760b62eb667830b5b323eee43dc04624e4a8a7ee441090cd1d036ef,4802f154bf2373d6356ac271a7e2e17676feb58766e58d743508f4f4d0075c88,RecordPartyExecution,a87ef61e77ac7ab6f4e3e56d914b523aa18829e7c8e5f1aeb552a8d88d4a55c6,20.788193,2.31573,2122.048133,2145.152056
cap16-measured-25,25,measured,16,559e0bb531b3e4330c532e624d546d616c7849eb,sha256:532a8ccbe2aa5cc8d5d789fd51537f7e03d80aa07758509b75d4e14f13d76079,6aa8c601cbfaf68780dcc298b5aed68c96a47ee8417d5286d125553fe9604c01,77901ce660bd86425bb08b85f5a1c2e30069da9dcc08ae55433a8ace84b56acf,True,True,True,False,False,True,d3a18b5cc760b62eb667830b5b323eee43dc04624e4a8a7ee441090cd1d036ef,4802f154bf2373d6356ac271a7e2e17676feb58766e58d743508f4f4d0075c88,FinalizeSession,9ea0cb982ff3771869c90647e7adf91e096047de6302cd642b9a800a805c3346,42.876997,3.059659,2144.599279,2190.535935
cap16-measured-26,26,measured,16,559e0bb531b3e4330c532e624d546d616c7849eb,sha256:532a8ccbe2aa5cc8d5d789fd51537f7e03d80aa07758509b75d4e14f13d76079,c7a501c46a5e2fe9a4f6cbf26455783633a1a53d3b0399f3eed665fc9edc3e6f,d832140644e91ee90093316bed479771547ee1fdd3c6c2ffc164d3f91a32068c,True,True,True,False,False,True,82e6f97edd83641c514cc531383982fb2eb690735b82866f58f7148e69e90244,375148eabcf3931844af9cfbeff20fa8174112d8bfdc99d40955e06e4987b899,RegisterCommittee,13f4f3b2b996f2add82d954cb5244956d33b10f33027351aa8f0105456d202d6,44.827529,2.387703,2120.42333,2167.638562
cap16-measured-26,26,measured,16,559e0bb531b3e4330c532e624d546d616c7849eb,sha256:532a8ccbe2aa5cc8d5d789fd51537f7e03d80aa07758509b75d4e14f13d76079,c7a501c46a5e2fe9a4f6cbf26455783633a1a53d3b0399f3eed665fc9edc3e6f,d832140644e91ee90093316bed479771547ee1fdd3c6c2ffc164d3f91a32068c,True,True,True,False,False,True,82e6f97edd83641c514cc531383982fb2eb690735b82866f58f7148e69e90244,375148eabcf3931844af9cfbeff20fa8174112d8bfdc99d40955e06e4987b899,RegisterInputAttestorKey,3001c4113a36af119b5783205029650f56996099af80d6e978273d3cd298449c,15.531866,2.088026,2111.039211,2128.659103
cap16-measured-26,26,measured,16,559e0bb531b3e4330c532e624d546d616c7849eb,sha256:532a8ccbe2aa5cc8d5d789fd51537f7e03d80aa07758509b75d4e14f13d76079,c7a501c46a5e2fe9a4f6cbf26455783633a1a53d3b0399f3eed665fc9edc3e6f,d832140644e91ee90093316bed479771547ee1fdd3c6c2ffc164d3f91a32068c,True,True,True,False,False,True,82e6f97edd83641c514cc531383982fb2eb690735b82866f58f7148e69e90244,375148eabcf3931844af9cfbeff20fa8174112d8bfdc99d40955e06e4987b899,SubmitInputCommitment,55edb5753fc7891301c3152f5a214b7b416cc8ae9c51ea85e00ba453838a28fa,44.114534,2.990896,2134.445418,2181.550848
cap16-measured-26,26,measured,16,559e0bb531b3e4330c532e624d546d616c7849eb,sha256:532a8ccbe2aa5cc8d5d789fd51537f7e03d80aa07758509b75d4e14f13d76079,c7a501c46a5e2fe9a4f6cbf26455783633a1a53d3b0399f3eed665fc9edc3e6f,d832140644e91ee90093316bed479771547ee1fdd3c6c2ffc164d3f91a32068c,True,True,True,False,False,True,82e6f97edd83641c514cc531383982fb2eb690735b82866f58f7148e69e90244,375148eabcf3931844af9cfbeff20fa8174112d8bfdc99d40955e06e4987b899,SubmitInputCommitment,92cf3c36943da476751b6456cb9d5349b424f108b1100c199fe4dfd8bf350535,39.891418,2.748159,2140.794292,2183.433869
cap16-measured-26,26,measured,16,559e0bb531b3e4330c532e624d546d616c7849eb,sha256:532a8ccbe2aa5cc8d5d789fd51537f7e03d80aa07758509b75d4e14f13d76079,c7a501c46a5e2fe9a4f6cbf26455783633a1a53d3b0399f3eed665fc9edc3e6f,d832140644e91ee90093316bed479771547ee1fdd3c6c2ffc164d3f91a32068c,True,True,True,False,False,True,82e6f97edd83641c514cc531383982fb2eb690735b82866f58f7148e69e90244,375148eabcf3931844af9cfbeff20fa8174112d8bfdc99d40955e06e4987b899,SubmitSessionInput,2a4d1dc9e2c0f886ecf3e61fc3836177624e4be378a14effc6e87b03667d9223,63.326993,2.04022,2122.018362,2187.385575
cap16-measured-26,26,measured,16,559e0bb531b3e4330c532e624d546d616c7849eb,sha256:532a8ccbe2aa5cc8d5d789fd51537f7e03d80aa07758509b75d4e14f13d76079,c7a501c46a5e2fe9a4f6cbf26455783633a1a53d3b0399f3eed665fc9edc3e6f,d832140644e91ee90093316bed479771547ee1fdd3c6c2ffc164d3f91a32068c,True,True,True,False,False,True,82e6f97edd83641c514cc531383982fb2eb690735b82866f58f7148e69e90244,375148eabcf3931844af9cfbeff20fa8174112d8bfdc99d40955e06e4987b899,RecordPartyExecution,b1739daa76e946b7edc4030ca289bf2435bd4e0e8dd6b6d055b40ba51a578798,36.119843,2.157261,2172.996417,2211.273521
cap16-measured-26,26,measured,16,559e0bb531b3e4330c532e624d546d616c7849eb,sha256:532a8ccbe2aa5cc8d5d789fd51537f7e03d80aa07758509b75d4e14f13d76079,c7a501c46a5e2fe9a4f6cbf26455783633a1a53d3b0399f3eed665fc9edc3e6f,d832140644e91ee90093316bed479771547ee1fdd3c6c2ffc164d3f91a32068c,True,True,True,False,False,True,82e6f97edd83641c514cc531383982fb2eb690735b82866f58f7148e69e90244,375148eabcf3931844af9cfbeff20fa8174112d8bfdc99d40955e06e4987b899,RecordPartyExecution,04353b0f8b5f874482445056d46d2ccc60113b898228f3195631a0fba35af880,26.519433,2.902065,2122.78726,2152.208758
cap16-measured-26,26,measured,16,559e0bb531b3e4330c532e624d546d616c7849eb,sha256:532a8ccbe2aa5cc8d5d789fd51537f7e03d80aa07758509b75d4e14f13d76079,c7a501c46a5e2fe9a4f6cbf26455783633a1a53d3b0399f3eed665fc9edc3e6f,d832140644e91ee90093316bed479771547ee1fdd3c6c2ffc164d3f91a32068c,True,True,True,False,False,True,82e6f97edd83641c514cc531383982fb2eb690735b82866f58f7148e69e90244,375148eabcf3931844af9cfbeff20fa8174112d8bfdc99d40955e06e4987b899,RecordPartyExecution,8266e7cd969cafa348b4a4f706cbaa24b257df40ff820fc31140067e197ff4f6,18.355672,2.118061,2124.599429,2145.073162
cap16-measured-26,26,measured,16,559e0bb531b3e4330c532e624d546d616c7849eb,sha256:532a8ccbe2aa5cc8d5d789fd51537f7e03d80aa07758509b75d4e14f13d76079,c7a501c46a5e2fe9a4f6cbf26455783633a1a53d3b0399f3eed665fc9edc3e6f,d832140644e91ee90093316bed479771547ee1fdd3c6c2ffc164d3f91a32068c,True,True,True,False,False,True,82e6f97edd83641c514cc531383982fb2eb690735b82866f58f7148e69e90244,375148eabcf3931844af9cfbeff20fa8174112d8bfdc99d40955e06e4987b899,FinalizeSession,50ed18a7871e397b87162c32a3de3cf476c798b00be1f1fedaba1a424c4885a8,41.313539,3.234968,2128.714571,2173.263078
cap16-measured-27,27,measured,16,559e0bb531b3e4330c532e624d546d616c7849eb,sha256:532a8ccbe2aa5cc8d5d789fd51537f7e03d80aa07758509b75d4e14f13d76079,923935277474c2e5a36c31f1aab1d83167f7d5f974c34cd2eef14a2970de5c8c,3cf61669536fdee623654e1102d04007dbb45aa478139ffc88a912ab47172a3b,True,True,True,False,False,True,13aa45fb7776bf41bec7ad3c5b5ce6eaa64fa3bfa3ed5b77a5c87c30542a273d,c872ccdce38ba1e1ec95877254c8b81dbf55420fbc5cd1660b9631d2a367ccb1,RegisterCommittee,fdde83db073a8ff145372c309fa99b0090e1552e68b34ec3667bfe2faebe28e0,40.067684,2.054009,2129.222079,2171.343772
cap16-measured-27,27,measured,16,559e0bb531b3e4330c532e624d546d616c7849eb,sha256:532a8ccbe2aa5cc8d5d789fd51537f7e03d80aa07758509b75d4e14f13d76079,923935277474c2e5a36c31f1aab1d83167f7d5f974c34cd2eef14a2970de5c8c,3cf61669536fdee623654e1102d04007dbb45aa478139ffc88a912ab47172a3b,True,True,True,False,False,True,13aa45fb7776bf41bec7ad3c5b5ce6eaa64fa3bfa3ed5b77a5c87c30542a273d,c872ccdce38ba1e1ec95877254c8b81dbf55420fbc5cd1660b9631d2a367ccb1,RegisterInputAttestorKey,4a080f166d24105f69e5ba28492d1bf4f20a55f838478ed35d8765f96174c45a,20.033023,2.260565,2131.839367,2154.132955
cap16-measured-27,27,measured,16,559e0bb531b3e4330c532e624d546d616c7849eb,sha256:532a8ccbe2aa5cc8d5d789fd51537f7e03d80aa07758509b75d4e14f13d76079,923935277474c2e5a36c31f1aab1d83167f7d5f974c34cd2eef14a2970de5c8c,3cf61669536fdee623654e1102d04007dbb45aa478139ffc88a912ab47172a3b,True,True,True,False,False,True,13aa45fb7776bf41bec7ad3c5b5ce6eaa64fa3bfa3ed5b77a5c87c30542a273d,c872ccdce38ba1e1ec95877254c8b81dbf55420fbc5cd1660b9631d2a367ccb1,SubmitInputCommitment,a3eab3e2b7bc80d07f2377ea8765f01f0b166bb9963d04ae094879d469a69742,41.534901,2.670404,2116.579068,2160.784373
cap16-measured-27,27,measured,16,559e0bb531b3e4330c532e624d546d616c7849eb,sha256:532a8ccbe2aa5cc8d5d789fd51537f7e03d80aa07758509b75d4e14f13d76079,923935277474c2e5a36c31f1aab1d83167f7d5f974c34cd2eef14a2970de5c8c,3cf61669536fdee623654e1102d04007dbb45aa478139ffc88a912ab47172a3b,True,True,True,False,False,True,13aa45fb7776bf41bec7ad3c5b5ce6eaa64fa3bfa3ed5b77a5c87c30542a273d,c872ccdce38ba1e1ec95877254c8b81dbf55420fbc5cd1660b9631d2a367ccb1,SubmitInputCommitment,e0a7abf83059493252eb1e15e165de76cbf1dbdc9eb5365260e677e4a351e826,40.254505,2.316583,2125.737819,2168.308907
cap16-measured-27,27,measured,16,559e0bb531b3e4330c532e624d546d616c7849eb,sha256:532a8ccbe2aa5cc8d5d789fd51537f7e03d80aa07758509b75d4e14f13d76079,923935277474c2e5a36c31f1aab1d83167f7d5f974c34cd2eef14a2970de5c8c,3cf61669536fdee623654e1102d04007dbb45aa478139ffc88a912ab47172a3b,True,True,True,False,False,True,13aa45fb7776bf41bec7ad3c5b5ce6eaa64fa3bfa3ed5b77a5c87c30542a273d,c872ccdce38ba1e1ec95877254c8b81dbf55420fbc5cd1660b9631d2a367ccb1,SubmitSessionInput,e82fe9140176ee109bb2d46eb4b2ace090c590db4ed949250ce7208e1b690550,70.075407,1.931282,2130.006568,2202.013257
cap16-measured-27,27,measured,16,559e0bb531b3e4330c532e624d546d616c7849eb,sha256:532a8ccbe2aa5cc8d5d789fd51537f7e03d80aa07758509b75d4e14f13d76079,923935277474c2e5a36c31f1aab1d83167f7d5f974c34cd2eef14a2970de5c8c,3cf61669536fdee623654e1102d04007dbb45aa478139ffc88a912ab47172a3b,True,True,True,False,False,True,13aa45fb7776bf41bec7ad3c5b5ce6eaa64fa3bfa3ed5b77a5c87c30542a273d,c872ccdce38ba1e1ec95877254c8b81dbf55420fbc5cd1660b9631d2a367ccb1,RecordPartyExecution,ac4df6fd110a7d716c9e5909c9bbfda1061ac56d698a4285ac2c73df3384b345,34.25003,1.933897,2138.560525,2174.744452
cap16-measured-27,27,measured,16,559e0bb531b3e4330c532e624d546d616c7849eb,sha256:532a8ccbe2aa5cc8d5d789fd51537f7e03d80aa07758509b75d4e14f13d76079,923935277474c2e5a36c31f1aab1d83167f7d5f974c34cd2eef14a2970de5c8c,3cf61669536fdee623654e1102d04007dbb45aa478139ffc88a912ab47172a3b,True,True,True,False,False,True,13aa45fb7776bf41bec7ad3c5b5ce6eaa64fa3bfa3ed5b77a5c87c30542a273d,c872ccdce38ba1e1ec95877254c8b81dbf55420fbc5cd1660b9631d2a367ccb1,RecordPartyExecution,98323b9aa379d08af887438ddc522e21709116b266cd5df44541897ef1250fb1,31.363764,2.899015,2100.579887,2134.842666
cap16-measured-27,27,measured,16,559e0bb531b3e4330c532e624d546d616c7849eb,sha256:532a8ccbe2aa5cc8d5d789fd51537f7e03d80aa07758509b75d4e14f13d76079,923935277474c2e5a36c31f1aab1d83167f7d5f974c34cd2eef14a2970de5c8c,3cf61669536fdee623654e1102d04007dbb45aa478139ffc88a912ab47172a3b,True,True,True,False,False,True,13aa45fb7776bf41bec7ad3c5b5ce6eaa64fa3bfa3ed5b77a5c87c30542a273d,c872ccdce38ba1e1ec95877254c8b81dbf55420fbc5cd1660b9631d2a367ccb1,RecordPartyExecution,c67ab18404de65abeec0f41a6f2dee34202b64af1f883ec7d9bc3a43e95edae5,33.239854,3.933035,2121.591565,2158.764454
cap16-measured-27,27,measured,16,559e0bb531b3e4330c532e624d546d616c7849eb,sha256:532a8ccbe2aa5cc8d5d789fd51537f7e03d80aa07758509b75d4e14f13d76079,923935277474c2e5a36c31f1aab1d83167f7d5f974c34cd2eef14a2970de5c8c,3cf61669536fdee623654e1102d04007dbb45aa478139ffc88a912ab47172a3b,True,True,True,False,False,True,13aa45fb7776bf41bec7ad3c5b5ce6eaa64fa3bfa3ed5b77a5c87c30542a273d,c872ccdce38ba1e1ec95877254c8b81dbf55420fbc5cd1660b9631d2a367ccb1,FinalizeSession,5177996971dba636d6e2daa33a6e63664ef1685f28c21d6e92322cae762eb03b,38.37683,2.091544,2155.007235,2195.475609
cap16-measured-28,28,measured,16,559e0bb531b3e4330c532e624d546d616c7849eb,sha256:532a8ccbe2aa5cc8d5d789fd51537f7e03d80aa07758509b75d4e14f13d76079,72dd822e64dfb5dc64a9bb14e1da51829f6fe2a0eab8306297576b443965e441,45e83df5e87f5ae6e09d070f75916a1c48b1b7b595aa4ecc753a16f74199cbb4,True,True,True,False,False,True,553bdf61db7f6dfdf403300c0e1b383b235551b56be66b0a2c79aad093ae14e3,12e1b6904f7ff223159780060cc9cf022a0cbac05f3f67b893368906a5802a0a,RegisterCommittee,faa687220fc036b27c04a4eaee2f2d218abd8e97ade42b770f2905b299f935b1,44.103733,2.416343,2122.591675,2169.111751
cap16-measured-28,28,measured,16,559e0bb531b3e4330c532e624d546d616c7849eb,sha256:532a8ccbe2aa5cc8d5d789fd51537f7e03d80aa07758509b75d4e14f13d76079,72dd822e64dfb5dc64a9bb14e1da51829f6fe2a0eab8306297576b443965e441,45e83df5e87f5ae6e09d070f75916a1c48b1b7b595aa4ecc753a16f74199cbb4,True,True,True,False,False,True,553bdf61db7f6dfdf403300c0e1b383b235551b56be66b0a2c79aad093ae14e3,12e1b6904f7ff223159780060cc9cf022a0cbac05f3f67b893368906a5802a0a,RegisterInputAttestorKey,c510131268d568ccf0754f832d3398d0f01e6df6652cb356db4d4f3da89a0ab2,18.197819,2.203423,2138.350294,2158.751536
cap16-measured-28,28,measured,16,559e0bb531b3e4330c532e624d546d616c7849eb,sha256:532a8ccbe2aa5cc8d5d789fd51537f7e03d80aa07758509b75d4e14f13d76079,72dd822e64dfb5dc64a9bb14e1da51829f6fe2a0eab8306297576b443965e441,45e83df5e87f5ae6e09d070f75916a1c48b1b7b595aa4ecc753a16f74199cbb4,True,True,True,False,False,True,553bdf61db7f6dfdf403300c0e1b383b235551b56be66b0a2c79aad093ae14e3,12e1b6904f7ff223159780060cc9cf022a0cbac05f3f67b893368906a5802a0a,SubmitInputCommitment,69e9e82ad642788000095601432723b312f0f2f0ff7700fc5a1be01aae3e3b9e,52.40563,2.91327,2141.158086,2196.476986
cap16-measured-28,28,measured,16,559e0bb531b3e4330c532e624d546d616c7849eb,sha256:532a8ccbe2aa5cc8d5d789fd51537f7e03d80aa07758509b75d4e14f13d76079,72dd822e64dfb5dc64a9bb14e1da51829f6fe2a0eab8306297576b443965e441,45e83df5e87f5ae6e09d070f75916a1c48b1b7b595aa4ecc753a16f74199cbb4,True,True,True,False,False,True,553bdf61db7f6dfdf403300c0e1b383b235551b56be66b0a2c79aad093ae14e3,12e1b6904f7ff223159780060cc9cf022a0cbac05f3f67b893368906a5802a0a,SubmitInputCommitment,8a2540c4baa441dc936bfe7aa6ed70ff42636b7e4905f14b010a36fc19cd720b,34.909989,5.388932,2132.389191,2172.688112
cap16-measured-28,28,measured,16,559e0bb531b3e4330c532e624d546d616c7849eb,sha256:532a8ccbe2aa5cc8d5d789fd51537f7e03d80aa07758509b75d4e14f13d76079,72dd822e64dfb5dc64a9bb14e1da51829f6fe2a0eab8306297576b443965e441,45e83df5e87f5ae6e09d070f75916a1c48b1b7b595aa4ecc753a16f74199cbb4,True,True,True,False,False,True,553bdf61db7f6dfdf403300c0e1b383b235551b56be66b0a2c79aad093ae14e3,12e1b6904f7ff223159780060cc9cf022a0cbac05f3f67b893368906a5802a0a,SubmitSessionInput,c20547cd5a1abbbd06c20b1177abd5384c5643091b29f72953b6c9e2db472a0e,68.265582,2.704097,2110.50388,2181.473559
cap16-measured-28,28,measured,16,559e0bb531b3e4330c532e624d546d616c7849eb,sha256:532a8ccbe2aa5cc8d5d789fd51537f7e03d80aa07758509b75d4e14f13d76079,72dd822e64dfb5dc64a9bb14e1da51829f6fe2a0eab8306297576b443965e441,45e83df5e87f5ae6e09d070f75916a1c48b1b7b595aa4ecc753a16f74199cbb4,True,True,True,False,False,True,553bdf61db7f6dfdf403300c0e1b383b235551b56be66b0a2c79aad093ae14e3,12e1b6904f7ff223159780060cc9cf022a0cbac05f3f67b893368906a5802a0a,RecordPartyExecution,a97b6c507fbe8e44e09306c098fc3d7afb6fa91914ae2e19f20279b7882f5661,47.310177,3.771048,2159.25714,2210.338365
cap16-measured-28,28,measured,16,559e0bb531b3e4330c532e624d546d616c7849eb,sha256:532a8ccbe2aa5cc8d5d789fd51537f7e03d80aa07758509b75d4e14f13d76079,72dd822e64dfb5dc64a9bb14e1da51829f6fe2a0eab8306297576b443965e441,45e83df5e87f5ae6e09d070f75916a1c48b1b7b595aa4ecc753a16f74199cbb4,True,True,True,False,False,True,553bdf61db7f6dfdf403300c0e1b383b235551b56be66b0a2c79aad093ae14e3,12e1b6904f7ff223159780060cc9cf022a0cbac05f3f67b893368906a5802a0a,RecordPartyExecution,96492675af74214816c4802a7f8b536e0610eac0a51436fa7ba10efab5c84839,22.025442,2.451075,2177.798355,2202.274872
cap16-measured-28,28,measured,16,559e0bb531b3e4330c532e624d546d616c7849eb,sha256:532a8ccbe2aa5cc8d5d789fd51537f7e03d80aa07758509b75d4e14f13d76079,72dd822e64dfb5dc64a9bb14e1da51829f6fe2a0eab8306297576b443965e441,45e83df5e87f5ae6e09d070f75916a1c48b1b7b595aa4ecc753a16f74199cbb4,True,True,True,False,False,True,553bdf61db7f6dfdf403300c0e1b383b235551b56be66b0a2c79aad093ae14e3,12e1b6904f7ff223159780060cc9cf022a0cbac05f3f67b893368906a5802a0a,RecordPartyExecution,25b0174b94284e9b2223cbd69403e965dda28daa88de4032da5321b4bb3d3171,26.196793,3.088259,2149.659516,2178.944568
cap16-measured-28,28,measured,16,559e0bb531b3e4330c532e624d546d616c7849eb,sha256:532a8ccbe2aa5cc8d5d789fd51537f7e03d80aa07758509b75d4e14f13d76079,72dd822e64dfb5dc64a9bb14e1da51829f6fe2a0eab8306297576b443965e441,45e83df5e87f5ae6e09d070f75916a1c48b1b7b595aa4ecc753a16f74199cbb4,True,True,True,False,False,True,553bdf61db7f6dfdf403300c0e1b383b235551b56be66b0a2c79aad093ae14e3,12e1b6904f7ff223159780060cc9cf022a0cbac05f3f67b893368906a5802a0a,FinalizeSession,bdd5889ea93ab2a6062a769ed061ee52ff1609dde791467c3d136f8574183635,53.392323,2.664103,2128.17856,2184.234986
cap16-measured-29,29,measured,16,559e0bb531b3e4330c532e624d546d616c7849eb,sha256:532a8ccbe2aa5cc8d5d789fd51537f7e03d80aa07758509b75d4e14f13d76079,282297659a420acd8225e0bacd21b9b1417f0cdc78f19ab7707ebc68cbc98c64,4302af80fc6d71b62f6ce5d5b42200f45f0287d4e00033ae4884c8c016abb74e,True,True,True,False,False,True,78c458c8170f765c7f018ca9c132b85067b9028f8d6e373178755c5f0060c0b5,1380d7a236753abc68cc0c5085299c2d53d425b68fb1541b5b71d11592f3d78d,RegisterCommittee,739c16332997864fd9c7e33fe26d3a9de38e310483af8eff6233a23b29a1e602,56.639291,2.052941,2131.752992,2190.445224
cap16-measured-29,29,measured,16,559e0bb531b3e4330c532e624d546d616c7849eb,sha256:532a8ccbe2aa5cc8d5d789fd51537f7e03d80aa07758509b75d4e14f13d76079,282297659a420acd8225e0bacd21b9b1417f0cdc78f19ab7707ebc68cbc98c64,4302af80fc6d71b62f6ce5d5b42200f45f0287d4e00033ae4884c8c016abb74e,True,True,True,False,False,True,78c458c8170f765c7f018ca9c132b85067b9028f8d6e373178755c5f0060c0b5,1380d7a236753abc68cc0c5085299c2d53d425b68fb1541b5b71d11592f3d78d,RegisterInputAttestorKey,eddaa885a782b73f397a510eb269d8d5bab1cf09041cff7a5f12b7c687bc6b8f,19.360023,3.221709,2140.212576,2162.794308
cap16-measured-29,29,measured,16,559e0bb531b3e4330c532e624d546d616c7849eb,sha256:532a8ccbe2aa5cc8d5d789fd51537f7e03d80aa07758509b75d4e14f13d76079,282297659a420acd8225e0bacd21b9b1417f0cdc78f19ab7707ebc68cbc98c64,4302af80fc6d71b62f6ce5d5b42200f45f0287d4e00033ae4884c8c016abb74e,True,True,True,False,False,True,78c458c8170f765c7f018ca9c132b85067b9028f8d6e373178755c5f0060c0b5,1380d7a236753abc68cc0c5085299c2d53d425b68fb1541b5b71d11592f3d78d,SubmitInputCommitment,2a904d1de8f48ed36b22c6b003dbf5a6964822caf9a22af23b44fc4775ff503d,52.174538,3.252686,2161.234786,2216.66201
cap16-measured-29,29,measured,16,559e0bb531b3e4330c532e624d546d616c7849eb,sha256:532a8ccbe2aa5cc8d5d789fd51537f7e03d80aa07758509b75d4e14f13d76079,282297659a420acd8225e0bacd21b9b1417f0cdc78f19ab7707ebc68cbc98c64,4302af80fc6d71b62f6ce5d5b42200f45f0287d4e00033ae4884c8c016abb74e,True,True,True,False,False,True,78c458c8170f765c7f018ca9c132b85067b9028f8d6e373178755c5f0060c0b5,1380d7a236753abc68cc0c5085299c2d53d425b68fb1541b5b71d11592f3d78d,SubmitInputCommitment,8c20625360caec23ee2cc777cff698ee0e464a4d003b803d57a74c7411eabd00,46.136804,3.395234,2158.965347,2208.497385
cap16-measured-29,29,measured,16,559e0bb531b3e4330c532e624d546d616c7849eb,sha256:532a8ccbe2aa5cc8d5d789fd51537f7e03d80aa07758509b75d4e14f13d76079,282297659a420acd8225e0bacd21b9b1417f0cdc78f19ab7707ebc68cbc98c64,4302af80fc6d71b62f6ce5d5b42200f45f0287d4e00033ae4884c8c016abb74e,True,True,True,False,False,True,78c458c8170f765c7f018ca9c132b85067b9028f8d6e373178755c5f0060c0b5,1380d7a236753abc68cc0c5085299c2d53d425b68fb1541b5b71d11592f3d78d,SubmitSessionInput,58bbf30c52a7d012468b4d97b725e6b90a318db70bdabca5653a6e0292d3c666,88.628136,3.799075,2140.54339,2232.970601
cap16-measured-29,29,measured,16,559e0bb531b3e4330c532e624d546d616c7849eb,sha256:532a8ccbe2aa5cc8d5d789fd51537f7e03d80aa07758509b75d4e14f13d76079,282297659a420acd8225e0bacd21b9b1417f0cdc78f19ab7707ebc68cbc98c64,4302af80fc6d71b62f6ce5d5b42200f45f0287d4e00033ae4884c8c016abb74e,True,True,True,False,False,True,78c458c8170f765c7f018ca9c132b85067b9028f8d6e373178755c5f0060c0b5,1380d7a236753abc68cc0c5085299c2d53d425b68fb1541b5b71d11592f3d78d,RecordPartyExecution,252267c9670e138a8629ac7642a643e5030c2a785d156f76be1e7da4a2f46c58,34.45418,3.106166,2144.810735,2182.371081
cap16-measured-29,29,measured,16,559e0bb531b3e4330c532e624d546d616c7849eb,sha256:532a8ccbe2aa5cc8d5d789fd51537f7e03d80aa07758509b75d4e14f13d76079,282297659a420acd8225e0bacd21b9b1417f0cdc78f19ab7707ebc68cbc98c64,4302af80fc6d71b62f6ce5d5b42200f45f0287d4e00033ae4884c8c016abb74e,True,True,True,False,False,True,78c458c8170f765c7f018ca9c132b85067b9028f8d6e373178755c5f0060c0b5,1380d7a236753abc68cc0c5085299c2d53d425b68fb1541b5b71d11592f3d78d,RecordPartyExecution,036a2d8572d65bbccb884323d6a789637aae03c5948c8d8306bf3705be187ed5,23.334413,2.377286,2122.690276,2148.401975
cap16-measured-29,29,measured,16,559e0bb531b3e4330c532e624d546d616c7849eb,sha256:532a8ccbe2aa5cc8d5d789fd51537f7e03d80aa07758509b75d4e14f13d76079,282297659a420acd8225e0bacd21b9b1417f0cdc78f19ab7707ebc68cbc98c64,4302af80fc6d71b62f6ce5d5b42200f45f0287d4e00033ae4884c8c016abb74e,True,True,True,False,False,True,78c458c8170f765c7f018ca9c132b85067b9028f8d6e373178755c5f0060c0b5,1380d7a236753abc68cc0c5085299c2d53d425b68fb1541b5b71d11592f3d78d,RecordPartyExecution,0e907b35a34e8014321a80174e726d75a6055cff4c966e1a1cc205133dcebf86,22.94872,3.9184,2121.558308,2148.425428
cap16-measured-29,29,measured,16,559e0bb531b3e4330c532e624d546d616c7849eb,sha256:532a8ccbe2aa5cc8d5d789fd51537f7e03d80aa07758509b75d4e14f13d76079,282297659a420acd8225e0bacd21b9b1417f0cdc78f19ab7707ebc68cbc98c64,4302af80fc6d71b62f6ce5d5b42200f45f0287d4e00033ae4884c8c016abb74e,True,True,True,False,False,True,78c458c8170f765c7f018ca9c132b85067b9028f8d6e373178755c5f0060c0b5,1380d7a236753abc68cc0c5085299c2d53d425b68fb1541b5b71d11592f3d78d,FinalizeSession,392775a8afe8fbb86581f02659c27e2f2923db424add527b11d9cd36c2c7d19c,49.227649,2.801561,2115.702794,2167.732004
cap16-warmup-00,0,warmup,16,559e0bb531b3e4330c532e624d546d616c7849eb,sha256:532a8ccbe2aa5cc8d5d789fd51537f7e03d80aa07758509b75d4e14f13d76079,5a1035fa903fceedae09d098ab1c3927ff9ebe6eec71780596cc907fe94fdeeb,3ca584e3c4a6d0fa0eda62a345444685cc1c6611c3de779f6fb11296f5330eb4,True,True,True,False,False,True,3452441dca243df074b047143e41b87a65c76528e1a8a8b2f916473eb42587ac,e916607bb63a804816b4551499c30fc87a818efdeeb6fd41512e6573e1833954,RegisterCommittee,7d8a518e00e22e527ae921fc917c9269c8d359cdfca3b80fd02a72bd6ac8b4b0,218.372727,8.474186,2194.531842,2421.378755
cap16-warmup-00,0,warmup,16,559e0bb531b3e4330c532e624d546d616c7849eb,sha256:532a8ccbe2aa5cc8d5d789fd51537f7e03d80aa07758509b75d4e14f13d76079,5a1035fa903fceedae09d098ab1c3927ff9ebe6eec71780596cc907fe94fdeeb,3ca584e3c4a6d0fa0eda62a345444685cc1c6611c3de779f6fb11296f5330eb4,True,True,True,False,False,True,3452441dca243df074b047143e41b87a65c76528e1a8a8b2f916473eb42587ac,e916607bb63a804816b4551499c30fc87a818efdeeb6fd41512e6573e1833954,RegisterInputAttestorKey,9d8037af1c98fbcfb5053e6fa23aad520ad7a9e4dd157ee8b6cf0fd4b4fdf51e,51.250852,4.026588,2183.820325,2239.097765
cap16-warmup-00,0,warmup,16,559e0bb531b3e4330c532e624d546d616c7849eb,sha256:532a8ccbe2aa5cc8d5d789fd51537f7e03d80aa07758509b75d4e14f13d76079,5a1035fa903fceedae09d098ab1c3927ff9ebe6eec71780596cc907fe94fdeeb,3ca584e3c4a6d0fa0eda62a345444685cc1c6611c3de779f6fb11296f5330eb4,True,True,True,False,False,True,3452441dca243df074b047143e41b87a65c76528e1a8a8b2f916473eb42587ac,e916607bb63a804816b4551499c30fc87a818efdeeb6fd41512e6573e1833954,SubmitInputCommitment,13fc127891f34374411bbc4f2a93dd49370be6b0ba3f68908fc5b7ed1cec026b,141.377886,8.361793,2200.342843,2350.082522
cap16-warmup-00,0,warmup,16,559e0bb531b3e4330c532e624d546d616c7849eb,sha256:532a8ccbe2aa5cc8d5d789fd51537f7e03d80aa07758509b75d4e14f13d76079,5a1035fa903fceedae09d098ab1c3927ff9ebe6eec71780596cc907fe94fdeeb,3ca584e3c4a6d0fa0eda62a345444685cc1c6611c3de779f6fb11296f5330eb4,True,True,True,False,False,True,3452441dca243df074b047143e41b87a65c76528e1a8a8b2f916473eb42587ac,e916607bb63a804816b4551499c30fc87a818efdeeb6fd41512e6573e1833954,SubmitInputCommitment,6e1e6b8a188d206faa3c2780145e6d0074aa3b745b5844c4253f02539ff305b2,74.858052,4.308162,2202.604179,2281.770393
cap16-warmup-00,0,warmup,16,559e0bb531b3e4330c532e624d546d616c7849eb,sha256:532a8ccbe2aa5cc8d5d789fd51537f7e03d80aa07758509b75d4e14f13d76079,5a1035fa903fceedae09d098ab1c3927ff9ebe6eec71780596cc907fe94fdeeb,3ca584e3c4a6d0fa0eda62a345444685cc1c6611c3de779f6fb11296f5330eb4,True,True,True,False,False,True,3452441dca243df074b047143e41b87a65c76528e1a8a8b2f916473eb42587ac,e916607bb63a804816b4551499c30fc87a818efdeeb6fd41512e6573e1833954,SubmitSessionInput,c9519bbf9551f91f497d8abdb90148d26e4ea0357ae70cf4b7a7d65c6b310e95,154.044154,6.014645,2635.126663,2795.185462
cap16-warmup-00,0,warmup,16,559e0bb531b3e4330c532e624d546d616c7849eb,sha256:532a8ccbe2aa5cc8d5d789fd51537f7e03d80aa07758509b75d4e14f13d76079,5a1035fa903fceedae09d098ab1c3927ff9ebe6eec71780596cc907fe94fdeeb,3ca584e3c4a6d0fa0eda62a345444685cc1c6611c3de779f6fb11296f5330eb4,True,True,True,False,False,True,3452441dca243df074b047143e41b87a65c76528e1a8a8b2f916473eb42587ac,e916607bb63a804816b4551499c30fc87a818efdeeb6fd41512e6573e1833954,RecordPartyExecution,34d7dfa595882c5640aaaddaf852e12ba9547ed0b8ed8ee6e33dc0c17460163e,40.603915,3.722467,2160.739453,2205.065835
cap16-warmup-00,0,warmup,16,559e0bb531b3e4330c532e624d546d616c7849eb,sha256:532a8ccbe2aa5cc8d5d789fd51537f7e03d80aa07758509b75d4e14f13d76079,5a1035fa903fceedae09d098ab1c3927ff9ebe6eec71780596cc907fe94fdeeb,3ca584e3c4a6d0fa0eda62a345444685cc1c6611c3de779f6fb11296f5330eb4,True,True,True,False,False,True,3452441dca243df074b047143e41b87a65c76528e1a8a8b2f916473eb42587ac,e916607bb63a804816b4551499c30fc87a818efdeeb6fd41512e6573e1833954,RecordPartyExecution,3632acb0e58779d0eb0e56cc55499a46eff62bd2799d3e5f2223613a551a61b1,23.396245,3.42657,2132.959884,2159.782699
cap16-warmup-00,0,warmup,16,559e0bb531b3e4330c532e624d546d616c7849eb,sha256:532a8ccbe2aa5cc8d5d789fd51537f7e03d80aa07758509b75d4e14f13d76079,5a1035fa903fceedae09d098ab1c3927ff9ebe6eec71780596cc907fe94fdeeb,3ca584e3c4a6d0fa0eda62a345444685cc1c6611c3de779f6fb11296f5330eb4,True,True,True,False,False,True,3452441dca243df074b047143e41b87a65c76528e1a8a8b2f916473eb42587ac,e916607bb63a804816b4551499c30fc87a818efdeeb6fd41512e6573e1833954,RecordPartyExecution,d88f0e4cc280528293ffd3d3d85ca9bdab848a55e2f8a97293e4065e72ec3ed1,23.700407,2.787456,2133.342223,2159.830086
cap16-warmup-00,0,warmup,16,559e0bb531b3e4330c532e624d546d616c7849eb,sha256:532a8ccbe2aa5cc8d5d789fd51537f7e03d80aa07758509b75d4e14f13d76079,5a1035fa903fceedae09d098ab1c3927ff9ebe6eec71780596cc907fe94fdeeb,3ca584e3c4a6d0fa0eda62a345444685cc1c6611c3de779f6fb11296f5330eb4,True,True,True,False,False,True,3452441dca243df074b047143e41b87a65c76528e1a8a8b2f916473eb42587ac,e916607bb63a804816b4551499c30fc87a818efdeeb6fd41512e6573e1833954,FinalizeSession,41bcaedad96342a66654964e42c60633c092c39bc9ef5532e4ee5cf960d1896a,41.132084,3.136472,2157.606234,2201.87479
cap16-warmup-01,1,warmup,16,559e0bb531b3e4330c532e624d546d616c7849eb,sha256:532a8ccbe2aa5cc8d5d789fd51537f7e03d80aa07758509b75d4e14f13d76079,2e4ead12648c41ca83bf13e1c39443cba9e87a1fb11394aa0ad49e03131ac3bc,825011544bb4f9d0e28ada5a5ac1e2cc172de80265e3fb32ed6956eabfc17024,True,True,True,False,False,True,6f8d1d5c58dcd559aa0e79bc7ac5dddc6fca93b3234b4985ab1f32a88bd242a1,6f3ac385461c0b78cba94b6f4e934f9cfc625cf7f8ed724f698b04bd2a6b2f31,RegisterCommittee,eba1de283b3e7fe706712042c591708fb7a648acf8a53627d5cc57e108f59aef,87.775637,5.49542,2138.887353,2232.15841
cap16-warmup-01,1,warmup,16,559e0bb531b3e4330c532e624d546d616c7849eb,sha256:532a8ccbe2aa5cc8d5d789fd51537f7e03d80aa07758509b75d4e14f13d76079,2e4ead12648c41ca83bf13e1c39443cba9e87a1fb11394aa0ad49e03131ac3bc,825011544bb4f9d0e28ada5a5ac1e2cc172de80265e3fb32ed6956eabfc17024,True,True,True,False,False,True,6f8d1d5c58dcd559aa0e79bc7ac5dddc6fca93b3234b4985ab1f32a88bd242a1,6f3ac385461c0b78cba94b6f4e934f9cfc625cf7f8ed724f698b04bd2a6b2f31,RegisterInputAttestorKey,c5504c90626cc18f37047c48f9699b4311b11cf931c9677640a4a99872c1ccd7,23.112623,4.594291,2148.123947,2175.830861
cap16-warmup-01,1,warmup,16,559e0bb531b3e4330c532e624d546d616c7849eb,sha256:532a8ccbe2aa5cc8d5d789fd51537f7e03d80aa07758509b75d4e14f13d76079,2e4ead12648c41ca83bf13e1c39443cba9e87a1fb11394aa0ad49e03131ac3bc,825011544bb4f9d0e28ada5a5ac1e2cc172de80265e3fb32ed6956eabfc17024,True,True,True,False,False,True,6f8d1d5c58dcd559aa0e79bc7ac5dddc6fca93b3234b4985ab1f32a88bd242a1,6f3ac385461c0b78cba94b6f4e934f9cfc625cf7f8ed724f698b04bd2a6b2f31,SubmitInputCommitment,7c9c2d083abbc9296eabfb707a85d31009283b9811894b9d4f77a2c2d0562c2e,82.204269,4.47638,2240.54162,2327.222269
cap16-warmup-01,1,warmup,16,559e0bb531b3e4330c532e624d546d616c7849eb,sha256:532a8ccbe2aa5cc8d5d789fd51537f7e03d80aa07758509b75d4e14f13d76079,2e4ead12648c41ca83bf13e1c39443cba9e87a1fb11394aa0ad49e03131ac3bc,825011544bb4f9d0e28ada5a5ac1e2cc172de80265e3fb32ed6956eabfc17024,True,True,True,False,False,True,6f8d1d5c58dcd559aa0e79bc7ac5dddc6fca93b3234b4985ab1f32a88bd242a1,6f3ac385461c0b78cba94b6f4e934f9cfc625cf7f8ed724f698b04bd2a6b2f31,SubmitInputCommitment,e134866d2d80652d2d5ef7cf1dd0b178daf12ed65a8a4ffd880d9363c9b1b91b,65.719598,6.471734,2168.096763,2240.288095
cap16-warmup-01,1,warmup,16,559e0bb531b3e4330c532e624d546d616c7849eb,sha256:532a8ccbe2aa5cc8d5d789fd51537f7e03d80aa07758509b75d4e14f13d76079,2e4ead12648c41ca83bf13e1c39443cba9e87a1fb11394aa0ad49e03131ac3bc,825011544bb4f9d0e28ada5a5ac1e2cc172de80265e3fb32ed6956eabfc17024,True,True,True,False,False,True,6f8d1d5c58dcd559aa0e79bc7ac5dddc6fca93b3234b4985ab1f32a88bd242a1,6f3ac385461c0b78cba94b6f4e934f9cfc625cf7f8ed724f698b04bd2a6b2f31,SubmitSessionInput,e61d1740fcc42c6e49f6006175c62086bdcd68b80cd05bcaa2c7a5560aaa0ab5,79.531301,2.982748,2143.365814,2225.879863
cap16-warmup-01,1,warmup,16,559e0bb531b3e4330c532e624d546d616c7849eb,sha256:532a8ccbe2aa5cc8d5d789fd51537f7e03d80aa07758509b75d4e14f13d76079,2e4ead12648c41ca83bf13e1c39443cba9e87a1fb11394aa0ad49e03131ac3bc,825011544bb4f9d0e28ada5a5ac1e2cc172de80265e3fb32ed6956eabfc17024,True,True,True,False,False,True,6f8d1d5c58dcd559aa0e79bc7ac5dddc6fca93b3234b4985ab1f32a88bd242a1,6f3ac385461c0b78cba94b6f4e934f9cfc625cf7f8ed724f698b04bd2a6b2f31,RecordPartyExecution,9055407762e81e865d3fdf741a11e86fd5efabe0601b1e2c60657dab230dd609,148.101905,23.804903,2229.563253,2401.470061
cap16-warmup-01,1,warmup,16,559e0bb531b3e4330c532e624d546d616c7849eb,sha256:532a8ccbe2aa5cc8d5d789fd51537f7e03d80aa07758509b75d4e14f13d76079,2e4ead12648c41ca83bf13e1c39443cba9e87a1fb11394aa0ad49e03131ac3bc,825011544bb4f9d0e28ada5a5ac1e2cc172de80265e3fb32ed6956eabfc17024,True,True,True,False,False,True,6f8d1d5c58dcd559aa0e79bc7ac5dddc6fca93b3234b4985ab1f32a88bd242a1,6f3ac385461c0b78cba94b6f4e934f9cfc625cf7f8ed724f698b04bd2a6b2f31,RecordPartyExecution,8974a7d7f51dd5d352371702e57b2f15b96e8ffa7d6a3035374780428bd1fd12,51.794467,6.1849,2297.106828,2355.086195
cap16-warmup-01,1,warmup,16,559e0bb531b3e4330c532e624d546d616c7849eb,sha256:532a8ccbe2aa5cc8d5d789fd51537f7e03d80aa07758509b75d4e14f13d76079,2e4ead12648c41ca83bf13e1c39443cba9e87a1fb11394aa0ad49e03131ac3bc,825011544bb4f9d0e28ada5a5ac1e2cc172de80265e3fb32ed6956eabfc17024,True,True,True,False,False,True,6f8d1d5c58dcd559aa0e79bc7ac5dddc6fca93b3234b4985ab1f32a88bd242a1,6f3ac385461c0b78cba94b6f4e934f9cfc625cf7f8ed724f698b04bd2a6b2f31,RecordPartyExecution,8833c4c131bee716e3805cc4c535d635f034d0698e4986fa111384bd82b9468c,31.28758,7.844258,2163.31652,2202.448358
cap16-warmup-01,1,warmup,16,559e0bb531b3e4330c532e624d546d616c7849eb,sha256:532a8ccbe2aa5cc8d5d789fd51537f7e03d80aa07758509b75d4e14f13d76079,2e4ead12648c41ca83bf13e1c39443cba9e87a1fb11394aa0ad49e03131ac3bc,825011544bb4f9d0e28ada5a5ac1e2cc172de80265e3fb32ed6956eabfc17024,True,True,True,False,False,True,6f8d1d5c58dcd559aa0e79bc7ac5dddc6fca93b3234b4985ab1f32a88bd242a1,6f3ac385461c0b78cba94b6f4e934f9cfc625cf7f8ed724f698b04bd2a6b2f31,FinalizeSession,e96032d08d4120d54cddcd19784ae6fdaa21ab65ea7993ba92033401164063e9,62.993613,3.734417,2185.398924,2252.126954
cap16-warmup-02,2,warmup,16,559e0bb531b3e4330c532e624d546d616c7849eb,sha256:532a8ccbe2aa5cc8d5d789fd51537f7e03d80aa07758509b75d4e14f13d76079,eda5c3415e77e54a283d19faf41acc41cc4f9b7c643f09fe0bc60960265b2d5f,af41a6fc7dce085b8b94d85e6d804ea9f0ee20890f4007e30e3941078deda279,True,True,True,False,False,True,84566c0f62f787d74f0be5ccf3d4ba7fa52872e2a8d77989ef3c563623733155,28a7730e46426db3b06f9cb64e285ad3e52878be45e86df98b08cdd1b99cd6ba,RegisterCommittee,be865dc985ea4d6936c3b605f07783cfc616f26cad0ed280fd7142299477a0e0,75.826547,4.147219,2172.261022,2252.234788
cap16-warmup-02,2,warmup,16,559e0bb531b3e4330c532e624d546d616c7849eb,sha256:532a8ccbe2aa5cc8d5d789fd51537f7e03d80aa07758509b75d4e14f13d76079,eda5c3415e77e54a283d19faf41acc41cc4f9b7c643f09fe0bc60960265b2d5f,af41a6fc7dce085b8b94d85e6d804ea9f0ee20890f4007e30e3941078deda279,True,True,True,False,False,True,84566c0f62f787d74f0be5ccf3d4ba7fa52872e2a8d77989ef3c563623733155,28a7730e46426db3b06f9cb64e285ad3e52878be45e86df98b08cdd1b99cd6ba,RegisterInputAttestorKey,3a4ef4ca9b149f8764992cede092dbba45ca075caae677ca734f7130baea59aa,26.484063,4.30318,2140.12477,2170.912013
cap16-warmup-02,2,warmup,16,559e0bb531b3e4330c532e624d546d616c7849eb,sha256:532a8ccbe2aa5cc8d5d789fd51537f7e03d80aa07758509b75d4e14f13d76079,eda5c3415e77e54a283d19faf41acc41cc4f9b7c643f09fe0bc60960265b2d5f,af41a6fc7dce085b8b94d85e6d804ea9f0ee20890f4007e30e3941078deda279,True,True,True,False,False,True,84566c0f62f787d74f0be5ccf3d4ba7fa52872e2a8d77989ef3c563623733155,28a7730e46426db3b06f9cb64e285ad3e52878be45e86df98b08cdd1b99cd6ba,SubmitInputCommitment,5eec2b1cfe021daeff5d1878f87a0cb883ba0d629b010bcdadcd38323378a7c6,66.655171,3.455143,2215.3047,2285.415014
cap16-warmup-02,2,warmup,16,559e0bb531b3e4330c532e624d546d616c7849eb,sha256:532a8ccbe2aa5cc8d5d789fd51537f7e03d80aa07758509b75d4e14f13d76079,eda5c3415e77e54a283d19faf41acc41cc4f9b7c643f09fe0bc60960265b2d5f,af41a6fc7dce085b8b94d85e6d804ea9f0ee20890f4007e30e3941078deda279,True,True,True,False,False,True,84566c0f62f787d74f0be5ccf3d4ba7fa52872e2a8d77989ef3c563623733155,28a7730e46426db3b06f9cb64e285ad3e52878be45e86df98b08cdd1b99cd6ba,SubmitInputCommitment,dab39751e08b14f2749bb590e710b02afaf204d60d180e3f343793d080fbffa7,62.380189,5.372769,2177.723555,2245.476513
cap16-warmup-02,2,warmup,16,559e0bb531b3e4330c532e624d546d616c7849eb,sha256:532a8ccbe2aa5cc8d5d789fd51537f7e03d80aa07758509b75d4e14f13d76079,eda5c3415e77e54a283d19faf41acc41cc4f9b7c643f09fe0bc60960265b2d5f,af41a6fc7dce085b8b94d85e6d804ea9f0ee20890f4007e30e3941078deda279,True,True,True,False,False,True,84566c0f62f787d74f0be5ccf3d4ba7fa52872e2a8d77989ef3c563623733155,28a7730e46426db3b06f9cb64e285ad3e52878be45e86df98b08cdd1b99cd6ba,SubmitSessionInput,b739555a02721a2397e60b1d5dbeb518f13a4a4d7d87290d1f7f0ae00c7037ae,101.430107,6.069602,2175.372987,2282.872696
cap16-warmup-02,2,warmup,16,559e0bb531b3e4330c532e624d546d616c7849eb,sha256:532a8ccbe2aa5cc8d5d789fd51537f7e03d80aa07758509b75d4e14f13d76079,eda5c3415e77e54a283d19faf41acc41cc4f9b7c643f09fe0bc60960265b2d5f,af41a6fc7dce085b8b94d85e6d804ea9f0ee20890f4007e30e3941078deda279,True,True,True,False,False,True,84566c0f62f787d74f0be5ccf3d4ba7fa52872e2a8d77989ef3c563623733155,28a7730e46426db3b06f9cb64e285ad3e52878be45e86df98b08cdd1b99cd6ba,RecordPartyExecution,dd44dbfc1008f4bbace483f15051cb0b6916d45c5271a263941fe5bf18b03d31,63.049312,4.063769,2184.314395,2251.427476
cap16-warmup-02,2,warmup,16,559e0bb531b3e4330c532e624d546d616c7849eb,sha256:532a8ccbe2aa5cc8d5d789fd51537f7e03d80aa07758509b75d4e14f13d76079,eda5c3415e77e54a283d19faf41acc41cc4f9b7c643f09fe0bc60960265b2d5f,af41a6fc7dce085b8b94d85e6d804ea9f0ee20890f4007e30e3941078deda279,True,True,True,False,False,True,84566c0f62f787d74f0be5ccf3d4ba7fa52872e2a8d77989ef3c563623733155,28a7730e46426db3b06f9cb64e285ad3e52878be45e86df98b08cdd1b99cd6ba,RecordPartyExecution,bbd6ac7ef197805d2db7a2c9b425007a443147101a995a21096d11bbed496710,25.607634,2.269752,2151.019909,2178.897295
cap16-warmup-02,2,warmup,16,559e0bb531b3e4330c532e624d546d616c7849eb,sha256:532a8ccbe2aa5cc8d5d789fd51537f7e03d80aa07758509b75d4e14f13d76079,eda5c3415e77e54a283d19faf41acc41cc4f9b7c643f09fe0bc60960265b2d5f,af41a6fc7dce085b8b94d85e6d804ea9f0ee20890f4007e30e3941078deda279,True,True,True,False,False,True,84566c0f62f787d74f0be5ccf3d4ba7fa52872e2a8d77989ef3c563623733155,28a7730e46426db3b06f9cb64e285ad3e52878be45e86df98b08cdd1b99cd6ba,RecordPartyExecution,b8ac00380153ffc83abbc1c2eea6a767f2a712fe5aec1a1c0928adf5c7f2ae21,23.431602,2.61812,2153.35572,2179.405442
cap16-warmup-02,2,warmup,16,559e0bb531b3e4330c532e624d546d616c7849eb,sha256:532a8ccbe2aa5cc8d5d789fd51537f7e03d80aa07758509b75d4e14f13d76079,eda5c3415e77e54a283d19faf41acc41cc4f9b7c643f09fe0bc60960265b2d5f,af41a6fc7dce085b8b94d85e6d804ea9f0ee20890f4007e30e3941078deda279,True,True,True,False,False,True,84566c0f62f787d74f0be5ccf3d4ba7fa52872e2a8d77989ef3c563623733155,28a7730e46426db3b06f9cb64e285ad3e52878be45e86df98b08cdd1b99cd6ba,FinalizeSession,82f337bb62d5340e731dce28c1dc6a10b67b3ae6f9293f6cb6c2d92439a75225,54.794262,3.871473,2149.603994,2208.269729
cap16-warmup-03,3,warmup,16,559e0bb531b3e4330c532e624d546d616c7849eb,sha256:532a8ccbe2aa5cc8d5d789fd51537f7e03d80aa07758509b75d4e14f13d76079,1a102c46d44fe21f6f668b8a1f25f3e45cbcbdf3524798d9db4b8337e2079c79,843d9c370f1a8b038b334c62f8dbefb0081c0acc8a391af142bf8325dc114b32,True,True,True,False,False,True,7c1d71098ae05a3f1094204308c392e1a85f8640453809514f2117b780516ad7,fe2be3c2e129d49d1904c10cb36545c655bf0ee37c728f1a258ce855e0b1a824,RegisterCommittee,fa20dadb639cc33b2ec0f90cbddbbfb2748db2c66ada48ac1840f90cf0121696,47.620634,2.071935,2124.758599,2174.451168
cap16-warmup-03,3,warmup,16,559e0bb531b3e4330c532e624d546d616c7849eb,sha256:532a8ccbe2aa5cc8d5d789fd51537f7e03d80aa07758509b75d4e14f13d76079,1a102c46d44fe21f6f668b8a1f25f3e45cbcbdf3524798d9db4b8337e2079c79,843d9c370f1a8b038b334c62f8dbefb0081c0acc8a391af142bf8325dc114b32,True,True,True,False,False,True,7c1d71098ae05a3f1094204308c392e1a85f8640453809514f2117b780516ad7,fe2be3c2e129d49d1904c10cb36545c655bf0ee37c728f1a258ce855e0b1a824,RegisterInputAttestorKey,e537de84f989ccca81bf2298f64e06608274319e58a0388d1fbe9a13675401a0,24.606724,2.721496,2133.4562,2160.78442
cap16-warmup-03,3,warmup,16,559e0bb531b3e4330c532e624d546d616c7849eb,sha256:532a8ccbe2aa5cc8d5d789fd51537f7e03d80aa07758509b75d4e14f13d76079,1a102c46d44fe21f6f668b8a1f25f3e45cbcbdf3524798d9db4b8337e2079c79,843d9c370f1a8b038b334c62f8dbefb0081c0acc8a391af142bf8325dc114b32,True,True,True,False,False,True,7c1d71098ae05a3f1094204308c392e1a85f8640453809514f2117b780516ad7,fe2be3c2e129d49d1904c10cb36545c655bf0ee37c728f1a258ce855e0b1a824,SubmitInputCommitment,1f86cd731f434ff60c2559cea2cd17766261b30b92cd0edef8a102167c4efd84,41.783083,2.887493,2131.034534,2175.70511
cap16-warmup-03,3,warmup,16,559e0bb531b3e4330c532e624d546d616c7849eb,sha256:532a8ccbe2aa5cc8d5d789fd51537f7e03d80aa07758509b75d4e14f13d76079,1a102c46d44fe21f6f668b8a1f25f3e45cbcbdf3524798d9db4b8337e2079c79,843d9c370f1a8b038b334c62f8dbefb0081c0acc8a391af142bf8325dc114b32,True,True,True,False,False,True,7c1d71098ae05a3f1094204308c392e1a85f8640453809514f2117b780516ad7,fe2be3c2e129d49d1904c10cb36545c655bf0ee37c728f1a258ce855e0b1a824,SubmitInputCommitment,61e0b11e850162037f9a1da7e104ee2d37c9756e7d20e526a7bb960cac7c6baa,55.696526,2.422703,2142.917613,2201.036842
cap16-warmup-03,3,warmup,16,559e0bb531b3e4330c532e624d546d616c7849eb,sha256:532a8ccbe2aa5cc8d5d789fd51537f7e03d80aa07758509b75d4e14f13d76079,1a102c46d44fe21f6f668b8a1f25f3e45cbcbdf3524798d9db4b8337e2079c79,843d9c370f1a8b038b334c62f8dbefb0081c0acc8a391af142bf8325dc114b32,True,True,True,False,False,True,7c1d71098ae05a3f1094204308c392e1a85f8640453809514f2117b780516ad7,fe2be3c2e129d49d1904c10cb36545c655bf0ee37c728f1a258ce855e0b1a824,SubmitSessionInput,44bf4946b05e55ee43b1e913cb999d3771a093ce691f9ad761301f1b99117531,99.871614,3.985555,2156.340067,2260.197236
cap16-warmup-03,3,warmup,16,559e0bb531b3e4330c532e624d546d616c7849eb,sha256:532a8ccbe2aa5cc8d5d789fd51537f7e03d80aa07758509b75d4e14f13d76079,1a102c46d44fe21f6f668b8a1f25f3e45cbcbdf3524798d9db4b8337e2079c79,843d9c370f1a8b038b334c62f8dbefb0081c0acc8a391af142bf8325dc114b32,True,True,True,False,False,True,7c1d71098ae05a3f1094204308c392e1a85f8640453809514f2117b780516ad7,fe2be3c2e129d49d1904c10cb36545c655bf0ee37c728f1a258ce855e0b1a824,RecordPartyExecution,e8889836a17546d6b669a59073a760eaba4e2cbed7f10cfe4c99d9146b6d9dbc,86.094265,4.286909,2258.236447,2348.617621
cap16-warmup-03,3,warmup,16,559e0bb531b3e4330c532e624d546d616c7849eb,sha256:532a8ccbe2aa5cc8d5d789fd51537f7e03d80aa07758509b75d4e14f13d76079,1a102c46d44fe21f6f668b8a1f25f3e45cbcbdf3524798d9db4b8337e2079c79,843d9c370f1a8b038b334c62f8dbefb0081c0acc8a391af142bf8325dc114b32,True,True,True,False,False,True,7c1d71098ae05a3f1094204308c392e1a85f8640453809514f2117b780516ad7,fe2be3c2e129d49d1904c10cb36545c655bf0ee37c728f1a258ce855e0b1a824,RecordPartyExecution,906f04abd4c002e29024a4fb65e7ee172217f1b2b80fb190bad1da07ce936274,57.43133,9.172028,2198.70033,2265.303688
cap16-warmup-03,3,warmup,16,559e0bb531b3e4330c532e624d546d616c7849eb,sha256:532a8ccbe2aa5cc8d5d789fd51537f7e03d80aa07758509b75d4e14f13d76079,1a102c46d44fe21f6f668b8a1f25f3e45cbcbdf3524798d9db4b8337e2079c79,843d9c370f1a8b038b334c62f8dbefb0081c0acc8a391af142bf8325dc114b32,True,True,True,False,False,True,7c1d71098ae05a3f1094204308c392e1a85f8640453809514f2117b780516ad7,fe2be3c2e129d49d1904c10cb36545c655bf0ee37c728f1a258ce855e0b1a824,RecordPartyExecution,39a493a8770021ce5393ee4ea3fea535aeb833d205096b67b2bb0a17728a100a,35.717831,3.391366,2168.474858,2207.584055
cap16-warmup-03,3,warmup,16,559e0bb531b3e4330c532e624d546d616c7849eb,sha256:532a8ccbe2aa5cc8d5d789fd51537f7e03d80aa07758509b75d4e14f13d76079,1a102c46d44fe21f6f668b8a1f25f3e45cbcbdf3524798d9db4b8337e2079c79,843d9c370f1a8b038b334c62f8dbefb0081c0acc8a391af142bf8325dc114b32,True,True,True,False,False,True,7c1d71098ae05a3f1094204308c392e1a85f8640453809514f2117b780516ad7,fe2be3c2e129d49d1904c10cb36545c655bf0ee37c728f1a258ce855e0b1a824,FinalizeSession,94b8146f064e90d86701a9ea78fc0681e4b925177e9af172004eeda78b9a0bcb,72.286573,5.114569,2151.115432,2228.516574
cap16-warmup-04,4,warmup,16,559e0bb531b3e4330c532e624d546d616c7849eb,sha256:532a8ccbe2aa5cc8d5d789fd51537f7e03d80aa07758509b75d4e14f13d76079,1c3e864931b847af794a32a05fb38009eaa60e0fbe4f0b73344167c7c579f6e6,8a90389d514812eb41b9965c6f6547dc06a386208c1b07196e74a3dc90e534e2,True,True,True,False,False,True,23650f89b74b8ebb5f9298fc56eac719e7a5925710b78412c2a1c99a794bee15,7242646fa7d28f2db69733ac009d8a4310f9a79e302293cd319ade60865a2ef6,RegisterCommittee,9d89ef2642d67010b4b33be94d254e85d14c6f9ee765cbc109d03db437476cd0,74.744756,4.211725,2182.935587,2261.892068
cap16-warmup-04,4,warmup,16,559e0bb531b3e4330c532e624d546d616c7849eb,sha256:532a8ccbe2aa5cc8d5d789fd51537f7e03d80aa07758509b75d4e14f13d76079,1c3e864931b847af794a32a05fb38009eaa60e0fbe4f0b73344167c7c579f6e6,8a90389d514812eb41b9965c6f6547dc06a386208c1b07196e74a3dc90e534e2,True,True,True,False,False,True,23650f89b74b8ebb5f9298fc56eac719e7a5925710b78412c2a1c99a794bee15,7242646fa7d28f2db69733ac009d8a4310f9a79e302293cd319ade60865a2ef6,RegisterInputAttestorKey,7f2cf47584026d1b0deca2a5de8a20dbe4844e2cc05255deeb6740d02773775b,26.589455,3.46916,2131.930754,2161.989369
cap16-warmup-04,4,warmup,16,559e0bb531b3e4330c532e624d546d616c7849eb,sha256:532a8ccbe2aa5cc8d5d789fd51537f7e03d80aa07758509b75d4e14f13d76079,1c3e864931b847af794a32a05fb38009eaa60e0fbe4f0b73344167c7c579f6e6,8a90389d514812eb41b9965c6f6547dc06a386208c1b07196e74a3dc90e534e2,True,True,True,False,False,True,23650f89b74b8ebb5f9298fc56eac719e7a5925710b78412c2a1c99a794bee15,7242646fa7d28f2db69733ac009d8a4310f9a79e302293cd319ade60865a2ef6,SubmitInputCommitment,3b47780961482d06adb55f241ce24bc4c3c7f301db89925e70e11192f79c7ea1,68.161763,5.036424,2155.611155,2228.809342
cap16-warmup-04,4,warmup,16,559e0bb531b3e4330c532e624d546d616c7849eb,sha256:532a8ccbe2aa5cc8d5d789fd51537f7e03d80aa07758509b75d4e14f13d76079,1c3e864931b847af794a32a05fb38009eaa60e0fbe4f0b73344167c7c579f6e6,8a90389d514812eb41b9965c6f6547dc06a386208c1b07196e74a3dc90e534e2,True,True,True,False,False,True,23650f89b74b8ebb5f9298fc56eac719e7a5925710b78412c2a1c99a794bee15,7242646fa7d28f2db69733ac009d8a4310f9a79e302293cd319ade60865a2ef6,SubmitInputCommitment,8067dc35489dfa1c2d9ee13ff8ea8c82fccfad654797ddb09a1aef0d247029d1,65.127781,3.363071,2156.109714,2224.600566
cap16-warmup-04,4,warmup,16,559e0bb531b3e4330c532e624d546d616c7849eb,sha256:532a8ccbe2aa5cc8d5d789fd51537f7e03d80aa07758509b75d4e14f13d76079,1c3e864931b847af794a32a05fb38009eaa60e0fbe4f0b73344167c7c579f6e6,8a90389d514812eb41b9965c6f6547dc06a386208c1b07196e74a3dc90e534e2,True,True,True,False,False,True,23650f89b74b8ebb5f9298fc56eac719e7a5925710b78412c2a1c99a794bee15,7242646fa7d28f2db69733ac009d8a4310f9a79e302293cd319ade60865a2ef6,SubmitSessionInput,150ce47a8f21caee97e09134c69e98bf731b633d7457e1bba2f89fbf71b3bcb4,93.22457,2.987429,2387.516131,2483.72813
cap16-warmup-04,4,warmup,16,559e0bb531b3e4330c532e624d546d616c7849eb,sha256:532a8ccbe2aa5cc8d5d789fd51537f7e03d80aa07758509b75d4e14f13d76079,1c3e864931b847af794a32a05fb38009eaa60e0fbe4f0b73344167c7c579f6e6,8a90389d514812eb41b9965c6f6547dc06a386208c1b07196e74a3dc90e534e2,True,True,True,False,False,True,23650f89b74b8ebb5f9298fc56eac719e7a5925710b78412c2a1c99a794bee15,7242646fa7d28f2db69733ac009d8a4310f9a79e302293cd319ade60865a2ef6,RecordPartyExecution,febb67404cff957235289e1ef9756bfbba0c9f70e5e406d65ffc365a5394677c,44.885755,2.355382,2160.282018,2207.523155
cap16-warmup-04,4,warmup,16,559e0bb531b3e4330c532e624d546d616c7849eb,sha256:532a8ccbe2aa5cc8d5d789fd51537f7e03d80aa07758509b75d4e14f13d76079,1c3e864931b847af794a32a05fb38009eaa60e0fbe4f0b73344167c7c579f6e6,8a90389d514812eb41b9965c6f6547dc06a386208c1b07196e74a3dc90e534e2,True,True,True,False,False,True,23650f89b74b8ebb5f9298fc56eac719e7a5925710b78412c2a1c99a794bee15,7242646fa7d28f2db69733ac009d8a4310f9a79e302293cd319ade60865a2ef6,RecordPartyExecution,0a3a85603ca5418e8e0ae95803054b03cf90e39bd90e715c5bbef56d049c8153,24.206728,3.459694,2128.941232,2156.607654
cap16-warmup-04,4,warmup,16,559e0bb531b3e4330c532e624d546d616c7849eb,sha256:532a8ccbe2aa5cc8d5d789fd51537f7e03d80aa07758509b75d4e14f13d76079,1c3e864931b847af794a32a05fb38009eaa60e0fbe4f0b73344167c7c579f6e6,8a90389d514812eb41b9965c6f6547dc06a386208c1b07196e74a3dc90e534e2,True,True,True,False,False,True,23650f89b74b8ebb5f9298fc56eac719e7a5925710b78412c2a1c99a794bee15,7242646fa7d28f2db69733ac009d8a4310f9a79e302293cd319ade60865a2ef6,RecordPartyExecution,fab1640e473684b3caedf1915a051fda7582b34a8255ca8c74d467687fd0bac8,18.164742,2.820331,2131.118022,2152.103095
cap16-warmup-04,4,warmup,16,559e0bb531b3e4330c532e624d546d616c7849eb,sha256:532a8ccbe2aa5cc8d5d789fd51537f7e03d80aa07758509b75d4e14f13d76079,1c3e864931b847af794a32a05fb38009eaa60e0fbe4f0b73344167c7c579f6e6,8a90389d514812eb41b9965c6f6547dc06a386208c1b07196e74a3dc90e534e2,True,True,True,False,False,True,23650f89b74b8ebb5f9298fc56eac719e7a5925710b78412c2a1c99a794bee15,7242646fa7d28f2db69733ac009d8a4310f9a79e302293cd319ade60865a2ef6,FinalizeSession,6e2aaf2390372b48edd46e14e7c146acefca475c3dada5080d7de3ffdbe9dfbf,44.713585,1.926464,2127.520763,2174.160812
cap32-measured-00,0,measured,32,559e0bb531b3e4330c532e624d546d616c7849eb,sha256:532a8ccbe2aa5cc8d5d789fd51537f7e03d80aa07758509b75d4e14f13d76079,5f4d9159bf0180371fa1c59b873f867f8de8a2e64167f72757ada076c6204c02,a208379cdecb693e98a73141af4657335fe7ed3ccfa76122441fe55ca1880546,True,True,True,False,False,True,ad1647b97749dafffa5c21ba8e3d7f1a286da39bcff4851300ce101abc88b0a5,b598a4e14acde1529aa609433c9beab043060ea90d5ec6f235a4f3882cb08753,RegisterCommittee,e5b983ac036ed934b5cf00a066eaf9460d5abb608b8b7a9a289f029487b7a2be,51.999567,2.338595,2114.986693,2169.324855
cap32-measured-00,0,measured,32,559e0bb531b3e4330c532e624d546d616c7849eb,sha256:532a8ccbe2aa5cc8d5d789fd51537f7e03d80aa07758509b75d4e14f13d76079,5f4d9159bf0180371fa1c59b873f867f8de8a2e64167f72757ada076c6204c02,a208379cdecb693e98a73141af4657335fe7ed3ccfa76122441fe55ca1880546,True,True,True,False,False,True,ad1647b97749dafffa5c21ba8e3d7f1a286da39bcff4851300ce101abc88b0a5,b598a4e14acde1529aa609433c9beab043060ea90d5ec6f235a4f3882cb08753,RegisterInputAttestorKey,bb6f935dd2aa8ecd8211284996e86e471f29ed77b551fef326f3e3bc5be16c9e,13.980923,1.963126,2118.795078,2134.739127
cap32-measured-00,0,measured,32,559e0bb531b3e4330c532e624d546d616c7849eb,sha256:532a8ccbe2aa5cc8d5d789fd51537f7e03d80aa07758509b75d4e14f13d76079,5f4d9159bf0180371fa1c59b873f867f8de8a2e64167f72757ada076c6204c02,a208379cdecb693e98a73141af4657335fe7ed3ccfa76122441fe55ca1880546,True,True,True,False,False,True,ad1647b97749dafffa5c21ba8e3d7f1a286da39bcff4851300ce101abc88b0a5,b598a4e14acde1529aa609433c9beab043060ea90d5ec6f235a4f3882cb08753,SubmitInputCommitment,a73b41c3730176c2816691e92188111902c0444b0768759a0972383827dcd5ff,37.110783,2.96555,2128.551434,2168.627767
cap32-measured-00,0,measured,32,559e0bb531b3e4330c532e624d546d616c7849eb,sha256:532a8ccbe2aa5cc8d5d789fd51537f7e03d80aa07758509b75d4e14f13d76079,5f4d9159bf0180371fa1c59b873f867f8de8a2e64167f72757ada076c6204c02,a208379cdecb693e98a73141af4657335fe7ed3ccfa76122441fe55ca1880546,True,True,True,False,False,True,ad1647b97749dafffa5c21ba8e3d7f1a286da39bcff4851300ce101abc88b0a5,b598a4e14acde1529aa609433c9beab043060ea90d5ec6f235a4f3882cb08753,SubmitInputCommitment,4b3eb30c2f0fd5205e7b9040b4b12cae1dbeea4f054b9a3afabe5eca0a4dc84b,31.320336,2.751584,2127.522002,2161.593922
cap32-measured-00,0,measured,32,559e0bb531b3e4330c532e624d546d616c7849eb,sha256:532a8ccbe2aa5cc8d5d789fd51537f7e03d80aa07758509b75d4e14f13d76079,5f4d9159bf0180371fa1c59b873f867f8de8a2e64167f72757ada076c6204c02,a208379cdecb693e98a73141af4657335fe7ed3ccfa76122441fe55ca1880546,True,True,True,False,False,True,ad1647b97749dafffa5c21ba8e3d7f1a286da39bcff4851300ce101abc88b0a5,b598a4e14acde1529aa609433c9beab043060ea90d5ec6f235a4f3882cb08753,SubmitSessionInput,7cc9b6b733ce70aee22da62c9a203b5c1c5721af3349a4320904a75a71b2f6ff,56.563764,1.819546,2143.279113,2201.662423
cap32-measured-00,0,measured,32,559e0bb531b3e4330c532e624d546d616c7849eb,sha256:532a8ccbe2aa5cc8d5d789fd51537f7e03d80aa07758509b75d4e14f13d76079,5f4d9159bf0180371fa1c59b873f867f8de8a2e64167f72757ada076c6204c02,a208379cdecb693e98a73141af4657335fe7ed3ccfa76122441fe55ca1880546,True,True,True,False,False,True,ad1647b97749dafffa5c21ba8e3d7f1a286da39bcff4851300ce101abc88b0a5,b598a4e14acde1529aa609433c9beab043060ea90d5ec6f235a4f3882cb08753,RecordPartyExecution,03dad41d0d0bb666713d4c27f9c7151e3f67785dc3aa6a86b39277487b3f6a93,32.283889,2.488853,2192.269248,2227.04199
cap32-measured-00,0,measured,32,559e0bb531b3e4330c532e624d546d616c7849eb,sha256:532a8ccbe2aa5cc8d5d789fd51537f7e03d80aa07758509b75d4e14f13d76079,5f4d9159bf0180371fa1c59b873f867f8de8a2e64167f72757ada076c6204c02,a208379cdecb693e98a73141af4657335fe7ed3ccfa76122441fe55ca1880546,True,True,True,False,False,True,ad1647b97749dafffa5c21ba8e3d7f1a286da39bcff4851300ce101abc88b0a5,b598a4e14acde1529aa609433c9beab043060ea90d5ec6f235a4f3882cb08753,RecordPartyExecution,a561ff2bc8fa3688479f2d3738ac2a22e16006196320a073a51ef93381bb4960,22.154636,4.442416,2119.021001,2145.618053
cap32-measured-00,0,measured,32,559e0bb531b3e4330c532e624d546d616c7849eb,sha256:532a8ccbe2aa5cc8d5d789fd51537f7e03d80aa07758509b75d4e14f13d76079,5f4d9159bf0180371fa1c59b873f867f8de8a2e64167f72757ada076c6204c02,a208379cdecb693e98a73141af4657335fe7ed3ccfa76122441fe55ca1880546,True,True,True,False,False,True,ad1647b97749dafffa5c21ba8e3d7f1a286da39bcff4851300ce101abc88b0a5,b598a4e14acde1529aa609433c9beab043060ea90d5ec6f235a4f3882cb08753,RecordPartyExecution,917c9369b1c202d7e4d92107f74cb64ad6ab7013cdfafa0622dd376db1df41d0,19.105151,2.04117,2121.215251,2142.361572
cap32-measured-00,0,measured,32,559e0bb531b3e4330c532e624d546d616c7849eb,sha256:532a8ccbe2aa5cc8d5d789fd51537f7e03d80aa07758509b75d4e14f13d76079,5f4d9159bf0180371fa1c59b873f867f8de8a2e64167f72757ada076c6204c02,a208379cdecb693e98a73141af4657335fe7ed3ccfa76122441fe55ca1880546,True,True,True,False,False,True,ad1647b97749dafffa5c21ba8e3d7f1a286da39bcff4851300ce101abc88b0a5,b598a4e14acde1529aa609433c9beab043060ea90d5ec6f235a4f3882cb08753,FinalizeSession,12ca16bb64bc88ec78c4d4ecdd937ce0b58d53c02382f6fb0ca0ea347633455b,41.425708,2.015615,2125.140764,2168.582087
cap32-measured-01,1,measured,32,559e0bb531b3e4330c532e624d546d616c7849eb,sha256:532a8ccbe2aa5cc8d5d789fd51537f7e03d80aa07758509b75d4e14f13d76079,3ed58b64a8ff6aa2d74d03a968f959496b9f7090558d4e18c50f4a4f7d9e9f61,0269db5c93c3240547b0ab3af32fbe75b0d9772e2f83c256e965ea6dc54f0274,True,True,True,False,False,True,8c221766c9c60a6527ec684ed01b4ab2d68da12ee15b1e2dc70020ed24b07c8c,364a98132ee9903d941f410f7ab9b02e43ac5b4a58c16ad3fbcff75226923dfd,RegisterCommittee,1528be4b2555ea4c8cd65826ebe43a5c1fa20a0733d6598590ba33d6eb66a927,38.813786,1.835059,2118.557909,2159.206754
cap32-measured-01,1,measured,32,559e0bb531b3e4330c532e624d546d616c7849eb,sha256:532a8ccbe2aa5cc8d5d789fd51537f7e03d80aa07758509b75d4e14f13d76079,3ed58b64a8ff6aa2d74d03a968f959496b9f7090558d4e18c50f4a4f7d9e9f61,0269db5c93c3240547b0ab3af32fbe75b0d9772e2f83c256e965ea6dc54f0274,True,True,True,False,False,True,8c221766c9c60a6527ec684ed01b4ab2d68da12ee15b1e2dc70020ed24b07c8c,364a98132ee9903d941f410f7ab9b02e43ac5b4a58c16ad3fbcff75226923dfd,RegisterInputAttestorKey,b8b1767f111c30b975a3488eae65c2fd4c8414038ad66f4fcf65138a3e276d49,12.889273,1.596847,2143.944576,2158.430696
cap32-measured-01,1,measured,32,559e0bb531b3e4330c532e624d546d616c7849eb,sha256:532a8ccbe2aa5cc8d5d789fd51537f7e03d80aa07758509b75d4e14f13d76079,3ed58b64a8ff6aa2d74d03a968f959496b9f7090558d4e18c50f4a4f7d9e9f61,0269db5c93c3240547b0ab3af32fbe75b0d9772e2f83c256e965ea6dc54f0274,True,True,True,False,False,True,8c221766c9c60a6527ec684ed01b4ab2d68da12ee15b1e2dc70020ed24b07c8c,364a98132ee9903d941f410f7ab9b02e43ac5b4a58c16ad3fbcff75226923dfd,SubmitInputCommitment,882ff02aacdc096706c54d84fa10310b43ef770002118fd3f7ad52733d7e07f4,61.938738,3.046558,2149.505837,2214.491133
cap32-measured-01,1,measured,32,559e0bb531b3e4330c532e624d546d616c7849eb,sha256:532a8ccbe2aa5cc8d5d789fd51537f7e03d80aa07758509b75d4e14f13d76079,3ed58b64a8ff6aa2d74d03a968f959496b9f7090558d4e18c50f4a4f7d9e9f61,0269db5c93c3240547b0ab3af32fbe75b0d9772e2f83c256e965ea6dc54f0274,True,True,True,False,False,True,8c221766c9c60a6527ec684ed01b4ab2d68da12ee15b1e2dc70020ed24b07c8c,364a98132ee9903d941f410f7ab9b02e43ac5b4a58c16ad3fbcff75226923dfd,SubmitInputCommitment,de955549db8abc4be722853383df42079127aa53ab1817cf0b8796b0a7b8bf8e,43.82729,2.885627,2129.755308,2176.468225
cap32-measured-01,1,measured,32,559e0bb531b3e4330c532e624d546d616c7849eb,sha256:532a8ccbe2aa5cc8d5d789fd51537f7e03d80aa07758509b75d4e14f13d76079,3ed58b64a8ff6aa2d74d03a968f959496b9f7090558d4e18c50f4a4f7d9e9f61,0269db5c93c3240547b0ab3af32fbe75b0d9772e2f83c256e965ea6dc54f0274,True,True,True,False,False,True,8c221766c9c60a6527ec684ed01b4ab2d68da12ee15b1e2dc70020ed24b07c8c,364a98132ee9903d941f410f7ab9b02e43ac5b4a58c16ad3fbcff75226923dfd,SubmitSessionInput,6169e9d2e317d2b1db5f253a75ce8f667059ef226b857a51ead27fdb8215de95,55.131529,2.744703,2120.376665,2178.252897
cap32-measured-01,1,measured,32,559e0bb531b3e4330c532e624d546d616c7849eb,sha256:532a8ccbe2aa5cc8d5d789fd51537f7e03d80aa07758509b75d4e14f13d76079,3ed58b64a8ff6aa2d74d03a968f959496b9f7090558d4e18c50f4a4f7d9e9f61,0269db5c93c3240547b0ab3af32fbe75b0d9772e2f83c256e965ea6dc54f0274,True,True,True,False,False,True,8c221766c9c60a6527ec684ed01b4ab2d68da12ee15b1e2dc70020ed24b07c8c,364a98132ee9903d941f410f7ab9b02e43ac5b4a58c16ad3fbcff75226923dfd,RecordPartyExecution,6dbc7eb9b01d3b9b3170fab139a02a8df78e4f73dd7167433a752f9423ca6b0c,43.350328,2.424459,2400.963222,2446.738009
cap32-measured-01,1,measured,32,559e0bb531b3e4330c532e624d546d616c7849eb,sha256:532a8ccbe2aa5cc8d5d789fd51537f7e03d80aa07758509b75d4e14f13d76079,3ed58b64a8ff6aa2d74d03a968f959496b9f7090558d4e18c50f4a4f7d9e9f61,0269db5c93c3240547b0ab3af32fbe75b0d9772e2f83c256e965ea6dc54f0274,True,True,True,False,False,True,8c221766c9c60a6527ec684ed01b4ab2d68da12ee15b1e2dc70020ed24b07c8c,364a98132ee9903d941f410f7ab9b02e43ac5b4a58c16ad3fbcff75226923dfd,RecordPartyExecution,ba21c6b27b98b215b4b57f08e0f3ba07a971c018b8c1d41ea6c93c1661297c02,26.905687,11.307844,2196.014753,2234.228284
cap32-measured-01,1,measured,32,559e0bb531b3e4330c532e624d546d616c7849eb,sha256:532a8ccbe2aa5cc8d5d789fd51537f7e03d80aa07758509b75d4e14f13d76079,3ed58b64a8ff6aa2d74d03a968f959496b9f7090558d4e18c50f4a4f7d9e9f61,0269db5c93c3240547b0ab3af32fbe75b0d9772e2f83c256e965ea6dc54f0274,True,True,True,False,False,True,8c221766c9c60a6527ec684ed01b4ab2d68da12ee15b1e2dc70020ed24b07c8c,364a98132ee9903d941f410f7ab9b02e43ac5b4a58c16ad3fbcff75226923dfd,RecordPartyExecution,a88a0d1f9374ab853edf05cda04a9d4a3df6c3c0823ac17ed5dba46e918d9e25,22.084301,3.192093,2121.031109,2146.307503
cap32-measured-01,1,measured,32,559e0bb531b3e4330c532e624d546d616c7849eb,sha256:532a8ccbe2aa5cc8d5d789fd51537f7e03d80aa07758509b75d4e14f13d76079,3ed58b64a8ff6aa2d74d03a968f959496b9f7090558d4e18c50f4a4f7d9e9f61,0269db5c93c3240547b0ab3af32fbe75b0d9772e2f83c256e965ea6dc54f0274,True,True,True,False,False,True,8c221766c9c60a6527ec684ed01b4ab2d68da12ee15b1e2dc70020ed24b07c8c,364a98132ee9903d941f410f7ab9b02e43ac5b4a58c16ad3fbcff75226923dfd,FinalizeSession,23aca44b1a19c408b2dccf7af7e46f5772ce2c7cac6a0a46c08ea19e5ad75f86,40.292524,2.29737,2129.75437,2172.344264
cap32-measured-02,2,measured,32,559e0bb531b3e4330c532e624d546d616c7849eb,sha256:532a8ccbe2aa5cc8d5d789fd51537f7e03d80aa07758509b75d4e14f13d76079,7e44f990eca594f7071d970495d05a92412c566c3c196bf2648d42de1ddd90d4,402590088357b78b3b3fec75bb22eb565310f2504b77d28f0e581de9eef7a100,True,True,True,False,False,True,fb0dbf2a28243e48bb9c8c92b5fffb0c2168d28250574daea5868762c5ef89a5,b65182aed706c49c126169c0c01a33bee50794df9728d8ad509db44c244d6e5f,RegisterCommittee,c0366c9fbdb17c267ef2768e8354d0994eba2e897f675c0889b8bb2fef544938,67.740543,2.945366,2153.211992,2223.897901
cap32-measured-02,2,measured,32,559e0bb531b3e4330c532e624d546d616c7849eb,sha256:532a8ccbe2aa5cc8d5d789fd51537f7e03d80aa07758509b75d4e14f13d76079,7e44f990eca594f7071d970495d05a92412c566c3c196bf2648d42de1ddd90d4,402590088357b78b3b3fec75bb22eb565310f2504b77d28f0e581de9eef7a100,True,True,True,False,False,True,fb0dbf2a28243e48bb9c8c92b5fffb0c2168d28250574daea5868762c5ef89a5,b65182aed706c49c126169c0c01a33bee50794df9728d8ad509db44c244d6e5f,RegisterInputAttestorKey,9165b6f234bde601ead35881a435705ff1fc97aeb6d15576e897d039a38130c2,32.347517,3.563408,2150.568377,2186.479302
cap32-measured-02,2,measured,32,559e0bb531b3e4330c532e624d546d616c7849eb,sha256:532a8ccbe2aa5cc8d5d789fd51537f7e03d80aa07758509b75d4e14f13d76079,7e44f990eca594f7071d970495d05a92412c566c3c196bf2648d42de1ddd90d4,402590088357b78b3b3fec75bb22eb565310f2504b77d28f0e581de9eef7a100,True,True,True,False,False,True,fb0dbf2a28243e48bb9c8c92b5fffb0c2168d28250574daea5868762c5ef89a5,b65182aed706c49c126169c0c01a33bee50794df9728d8ad509db44c244d6e5f,SubmitInputCommitment,7d3b0796c03f14643e31b492e89771d23fd929607e7084165367d55d4e233e45,56.963914,2.76157,2186.345882,2246.071366
cap32-measured-02,2,measured,32,559e0bb531b3e4330c532e624d546d616c7849eb,sha256:532a8ccbe2aa5cc8d5d789fd51537f7e03d80aa07758509b75d4e14f13d76079,7e44f990eca594f7071d970495d05a92412c566c3c196bf2648d42de1ddd90d4,402590088357b78b3b3fec75bb22eb565310f2504b77d28f0e581de9eef7a100,True,True,True,False,False,True,fb0dbf2a28243e48bb9c8c92b5fffb0c2168d28250574daea5868762c5ef89a5,b65182aed706c49c126169c0c01a33bee50794df9728d8ad509db44c244d6e5f,SubmitInputCommitment,3c342e0f04d19e11a66c81fdcad21afde7e5714c7a5983a123ca9e2242b4624d,51.162872,3.776733,2191.156539,2246.096144
cap32-measured-02,2,measured,32,559e0bb531b3e4330c532e624d546d616c7849eb,sha256:532a8ccbe2aa5cc8d5d789fd51537f7e03d80aa07758509b75d4e14f13d76079,7e44f990eca594f7071d970495d05a92412c566c3c196bf2648d42de1ddd90d4,402590088357b78b3b3fec75bb22eb565310f2504b77d28f0e581de9eef7a100,True,True,True,False,False,True,fb0dbf2a28243e48bb9c8c92b5fffb0c2168d28250574daea5868762c5ef89a5,b65182aed706c49c126169c0c01a33bee50794df9728d8ad509db44c244d6e5f,SubmitSessionInput,657c76ea96417b2944eccd5558b712573672a7e4f5b9805caa8bef9c7c688b4b,120.11093,4.086993,2136.334246,2260.532169
cap32-measured-02,2,measured,32,559e0bb531b3e4330c532e624d546d616c7849eb,sha256:532a8ccbe2aa5cc8d5d789fd51537f7e03d80aa07758509b75d4e14f13d76079,7e44f990eca594f7071d970495d05a92412c566c3c196bf2648d42de1ddd90d4,402590088357b78b3b3fec75bb22eb565310f2504b77d28f0e581de9eef7a100,True,True,True,False,False,True,fb0dbf2a28243e48bb9c8c92b5fffb0c2168d28250574daea5868762c5ef89a5,b65182aed706c49c126169c0c01a33bee50794df9728d8ad509db44c244d6e5f,RecordPartyExecution,9a224a5a7e95211682c6d42ca31ee8b61a91d46ccda8926eae491db48c24454f,31.251596,2.192906,2136.456388,2169.90089
cap32-measured-02,2,measured,32,559e0bb531b3e4330c532e624d546d616c7849eb,sha256:532a8ccbe2aa5cc8d5d789fd51537f7e03d80aa07758509b75d4e14f13d76079,7e44f990eca594f7071d970495d05a92412c566c3c196bf2648d42de1ddd90d4,402590088357b78b3b3fec75bb22eb565310f2504b77d28f0e581de9eef7a100,True,True,True,False,False,True,fb0dbf2a28243e48bb9c8c92b5fffb0c2168d28250574daea5868762c5ef89a5,b65182aed706c49c126169c0c01a33bee50794df9728d8ad509db44c244d6e5f,RecordPartyExecution,46e7ca95217ae64ed1b3729b9367834d24f6b68e94f1f9e14f80fca4f22b79f4,21.851907,2.671784,2145.015963,2169.539654
cap32-measured-02,2,measured,32,559e0bb531b3e4330c532e624d546d616c7849eb,sha256:532a8ccbe2aa5cc8d5d789fd51537f7e03d80aa07758509b75d4e14f13d76079,7e44f990eca594f7071d970495d05a92412c566c3c196bf2648d42de1ddd90d4,402590088357b78b3b3fec75bb22eb565310f2504b77d28f0e581de9eef7a100,True,True,True,False,False,True,fb0dbf2a28243e48bb9c8c92b5fffb0c2168d28250574daea5868762c5ef89a5,b65182aed706c49c126169c0c01a33bee50794df9728d8ad509db44c244d6e5f,RecordPartyExecution,31419e6167b1550f4c983be9c001535178f6b71262849e855816064b07b5bb53,16.245869,2.01204,2122.513692,2140.771601
cap32-measured-02,2,measured,32,559e0bb531b3e4330c532e624d546d616c7849eb,sha256:532a8ccbe2aa5cc8d5d789fd51537f7e03d80aa07758509b75d4e14f13d76079,7e44f990eca594f7071d970495d05a92412c566c3c196bf2648d42de1ddd90d4,402590088357b78b3b3fec75bb22eb565310f2504b77d28f0e581de9eef7a100,True,True,True,False,False,True,fb0dbf2a28243e48bb9c8c92b5fffb0c2168d28250574daea5868762c5ef89a5,b65182aed706c49c126169c0c01a33bee50794df9728d8ad509db44c244d6e5f,FinalizeSession,d81e91805346b32da54b3d32d276e8f55e15b9785da1d12c5b925361cd9e83d1,34.89677,1.690525,2123.668493,2160.255788
cap32-measured-03,3,measured,32,559e0bb531b3e4330c532e624d546d616c7849eb,sha256:532a8ccbe2aa5cc8d5d789fd51537f7e03d80aa07758509b75d4e14f13d76079,b94b2e69595127394892bfe6f5e128b934d310097a90f8cfa5026b9c1625f5a3,6fd64e5647866b69345362782780b5050a05f572c404f06d38e093e9d218e840,True,True,True,False,False,True,45ac3c5d89643857622367a250afbbad03d74e4148c3181e8cffbff1e743d0ff,2dc15d8e39863acfb107f1666a26c4211315f96b0ea25794fef5c310dad2c19b,RegisterCommittee,9537ef6e2c73f95da8dd2307aae3bbd41db3969abe414a4f8b5f37126d63dd54,48.913046,2.133986,2117.943256,2168.990288
cap32-measured-03,3,measured,32,559e0bb531b3e4330c532e624d546d616c7849eb,sha256:532a8ccbe2aa5cc8d5d789fd51537f7e03d80aa07758509b75d4e14f13d76079,b94b2e69595127394892bfe6f5e128b934d310097a90f8cfa5026b9c1625f5a3,6fd64e5647866b69345362782780b5050a05f572c404f06d38e093e9d218e840,True,True,True,False,False,True,45ac3c5d89643857622367a250afbbad03d74e4148c3181e8cffbff1e743d0ff,2dc15d8e39863acfb107f1666a26c4211315f96b0ea25794fef5c310dad2c19b,RegisterInputAttestorKey,529c95275af3c8274224b26edb08a05fa1ad22be33294d34df6a39f67770dbf5,18.217597,3.666242,2106.411032,2128.294871
cap32-measured-03,3,measured,32,559e0bb531b3e4330c532e624d546d616c7849eb,sha256:532a8ccbe2aa5cc8d5d789fd51537f7e03d80aa07758509b75d4e14f13d76079,b94b2e69595127394892bfe6f5e128b934d310097a90f8cfa5026b9c1625f5a3,6fd64e5647866b69345362782780b5050a05f572c404f06d38e093e9d218e840,True,True,True,False,False,True,45ac3c5d89643857622367a250afbbad03d74e4148c3181e8cffbff1e743d0ff,2dc15d8e39863acfb107f1666a26c4211315f96b0ea25794fef5c310dad2c19b,SubmitInputCommitment,9be37d7ae9ed949f0cdeac4bdfae26df4d57e927a2c8eaec4476ff8ab8c5869f,37.87256,2.000931,2113.093567,2152.967058
cap32-measured-03,3,measured,32,559e0bb531b3e4330c532e624d546d616c7849eb,sha256:532a8ccbe2aa5cc8d5d789fd51537f7e03d80aa07758509b75d4e14f13d76079,b94b2e69595127394892bfe6f5e128b934d310097a90f8cfa5026b9c1625f5a3,6fd64e5647866b69345362782780b5050a05f572c404f06d38e093e9d218e840,True,True,True,False,False,True,45ac3c5d89643857622367a250afbbad03d74e4148c3181e8cffbff1e743d0ff,2dc15d8e39863acfb107f1666a26c4211315f96b0ea25794fef5c310dad2c19b,SubmitInputCommitment,4467a81f8aa66c0d3da4146207ec21d07be7196343c4ed21e37bf9ba227d85cb,28.50597,1.909174,2116.420912,2146.836056
cap32-measured-03,3,measured,32,559e0bb531b3e4330c532e624d546d616c7849eb,sha256:532a8ccbe2aa5cc8d5d789fd51537f7e03d80aa07758509b75d4e14f13d76079,b94b2e69595127394892bfe6f5e128b934d310097a90f8cfa5026b9c1625f5a3,6fd64e5647866b69345362782780b5050a05f572c404f06d38e093e9d218e840,True,True,True,False,False,True,45ac3c5d89643857622367a250afbbad03d74e4148c3181e8cffbff1e743d0ff,2dc15d8e39863acfb107f1666a26c4211315f96b0ea25794fef5c310dad2c19b,SubmitSessionInput,f4acc8ab31a3882ee0bba1c0cc6e9a84849f7c6a7c01257bf2bc54c51d375323,53.613785,2.000136,2118.977935,2174.591856
cap32-measured-03,3,measured,32,559e0bb531b3e4330c532e624d546d616c7849eb,sha256:532a8ccbe2aa5cc8d5d789fd51537f7e03d80aa07758509b75d4e14f13d76079,b94b2e69595127394892bfe6f5e128b934d310097a90f8cfa5026b9c1625f5a3,6fd64e5647866b69345362782780b5050a05f572c404f06d38e093e9d218e840,True,True,True,False,False,True,45ac3c5d89643857622367a250afbbad03d74e4148c3181e8cffbff1e743d0ff,2dc15d8e39863acfb107f1666a26c4211315f96b0ea25794fef5c310dad2c19b,RecordPartyExecution,00c07f70a6ebb84036bcaf01fb49e427ccafbc01207fdb000c968805f30924eb,29.88655,1.788504,2139.431909,2171.106963
cap32-measured-03,3,measured,32,559e0bb531b3e4330c532e624d546d616c7849eb,sha256:532a8ccbe2aa5cc8d5d789fd51537f7e03d80aa07758509b75d4e14f13d76079,b94b2e69595127394892bfe6f5e128b934d310097a90f8cfa5026b9c1625f5a3,6fd64e5647866b69345362782780b5050a05f572c404f06d38e093e9d218e840,True,True,True,False,False,True,45ac3c5d89643857622367a250afbbad03d74e4148c3181e8cffbff1e743d0ff,2dc15d8e39863acfb107f1666a26c4211315f96b0ea25794fef5c310dad2c19b,RecordPartyExecution,3f8af2ce2e1ed5c3b7ed1cfd76242f8e7b14c639b6ab6760104075afaf16ca86,33.17746,2.166537,2123.196307,2158.540304
cap32-measured-03,3,measured,32,559e0bb531b3e4330c532e624d546d616c7849eb,sha256:532a8ccbe2aa5cc8d5d789fd51537f7e03d80aa07758509b75d4e14f13d76079,b94b2e69595127394892bfe6f5e128b934d310097a90f8cfa5026b9c1625f5a3,6fd64e5647866b69345362782780b5050a05f572c404f06d38e093e9d218e840,True,True,True,False,False,True,45ac3c5d89643857622367a250afbbad03d74e4148c3181e8cffbff1e743d0ff,2dc15d8e39863acfb107f1666a26c4211315f96b0ea25794fef5c310dad2c19b,RecordPartyExecution,1c5aaa201562c15812dd63ad1c110b481fc95d985bd04b5cc6782d043198e652,22.878774,2.297818,2130.464408,2155.641
cap32-measured-03,3,measured,32,559e0bb531b3e4330c532e624d546d616c7849eb,sha256:532a8ccbe2aa5cc8d5d789fd51537f7e03d80aa07758509b75d4e14f13d76079,b94b2e69595127394892bfe6f5e128b934d310097a90f8cfa5026b9c1625f5a3,6fd64e5647866b69345362782780b5050a05f572c404f06d38e093e9d218e840,True,True,True,False,False,True,45ac3c5d89643857622367a250afbbad03d74e4148c3181e8cffbff1e743d0ff,2dc15d8e39863acfb107f1666a26c4211315f96b0ea25794fef5c310dad2c19b,FinalizeSession,afe24ebb036ac3304107406a959ccfcdd2bb5dbd80becbdfb38e08095e2db79f,35.48331,3.27432,2106.198771,2144.956401
cap32-measured-04,4,measured,32,559e0bb531b3e4330c532e624d546d616c7849eb,sha256:532a8ccbe2aa5cc8d5d789fd51537f7e03d80aa07758509b75d4e14f13d76079,723562684daa9066359b1e41d031b52ee8ef93bb496665415614b7652215c4cd,59ee0b28d68b0ffa5b46da18b0bf2698d756c3730cdfa361df47a61da0c56257,True,True,True,False,False,True,54b166d2012be7f529afe10fd35eae9521d8b2ab86f5dc1ca652d85a8cbb1f3e,9bb513df6bbb75f1f3b77cd9e11cca9555654726d7c71c38cbaf43c771703aa1,RegisterCommittee,71e146250ebe7b2a3bf961c9b9bc69d09c6aa5381b40b9f62ac90dde378df582,37.172117,1.747376,2118.004131,2156.923624
cap32-measured-04,4,measured,32,559e0bb531b3e4330c532e624d546d616c7849eb,sha256:532a8ccbe2aa5cc8d5d789fd51537f7e03d80aa07758509b75d4e14f13d76079,723562684daa9066359b1e41d031b52ee8ef93bb496665415614b7652215c4cd,59ee0b28d68b0ffa5b46da18b0bf2698d756c3730cdfa361df47a61da0c56257,True,True,True,False,False,True,54b166d2012be7f529afe10fd35eae9521d8b2ab86f5dc1ca652d85a8cbb1f3e,9bb513df6bbb75f1f3b77cd9e11cca9555654726d7c71c38cbaf43c771703aa1,RegisterInputAttestorKey,ca9c02787275ad802198c792d37db5e674ac4bf169a1246631f53da2d1959851,12.399984,1.719176,2130.636309,2144.755469
cap32-measured-04,4,measured,32,559e0bb531b3e4330c532e624d546d616c7849eb,sha256:532a8ccbe2aa5cc8d5d789fd51537f7e03d80aa07758509b75d4e14f13d76079,723562684daa9066359b1e41d031b52ee8ef93bb496665415614b7652215c4cd,59ee0b28d68b0ffa5b46da18b0bf2698d756c3730cdfa361df47a61da0c56257,True,True,True,False,False,True,54b166d2012be7f529afe10fd35eae9521d8b2ab86f5dc1ca652d85a8cbb1f3e,9bb513df6bbb75f1f3b77cd9e11cca9555654726d7c71c38cbaf43c771703aa1,SubmitInputCommitment,3e3adef5f616f0a33d5ff31613d5e1f3a2c4b915522571a7d9be893743949f3e,38.729268,1.876137,2128.080861,2168.686266
cap32-measured-04,4,measured,32,559e0bb531b3e4330c532e624d546d616c7849eb,sha256:532a8ccbe2aa5cc8d5d789fd51537f7e03d80aa07758509b75d4e14f13d76079,723562684daa9066359b1e41d031b52ee8ef93bb496665415614b7652215c4cd,59ee0b28d68b0ffa5b46da18b0bf2698d756c3730cdfa361df47a61da0c56257,True,True,True,False,False,True,54b166d2012be7f529afe10fd35eae9521d8b2ab86f5dc1ca652d85a8cbb1f3e,9bb513df6bbb75f1f3b77cd9e11cca9555654726d7c71c38cbaf43c771703aa1,SubmitInputCommitment,c17cc152338532cb17a547aa28f454f9786eea148345424cae89c57bf8ed6054,27.133204,2.346536,2126.173789,2155.653529
cap32-measured-04,4,measured,32,559e0bb531b3e4330c532e624d546d616c7849eb,sha256:532a8ccbe2aa5cc8d5d789fd51537f7e03d80aa07758509b75d4e14f13d76079,723562684daa9066359b1e41d031b52ee8ef93bb496665415614b7652215c4cd,59ee0b28d68b0ffa5b46da18b0bf2698d756c3730cdfa361df47a61da0c56257,True,True,True,False,False,True,54b166d2012be7f529afe10fd35eae9521d8b2ab86f5dc1ca652d85a8cbb1f3e,9bb513df6bbb75f1f3b77cd9e11cca9555654726d7c71c38cbaf43c771703aa1,SubmitSessionInput,381a1a93e451702ab1962184522da53a04b666ab2cea511458dd00649e308ae7,54.64794,1.859054,2137.724232,2194.231226
cap32-measured-04,4,measured,32,559e0bb531b3e4330c532e624d546d616c7849eb,sha256:532a8ccbe2aa5cc8d5d789fd51537f7e03d80aa07758509b75d4e14f13d76079,723562684daa9066359b1e41d031b52ee8ef93bb496665415614b7652215c4cd,59ee0b28d68b0ffa5b46da18b0bf2698d756c3730cdfa361df47a61da0c56257,True,True,True,False,False,True,54b166d2012be7f529afe10fd35eae9521d8b2ab86f5dc1ca652d85a8cbb1f3e,9bb513df6bbb75f1f3b77cd9e11cca9555654726d7c71c38cbaf43c771703aa1,RecordPartyExecution,edd2a91b2d71ea948c899546b23c89da2fa404bbaf5dd0aea12aa052d7ee7041,62.597026,2.248406,2135.599395,2200.444827
cap32-measured-04,4,measured,32,559e0bb531b3e4330c532e624d546d616c7849eb,sha256:532a8ccbe2aa5cc8d5d789fd51537f7e03d80aa07758509b75d4e14f13d76079,723562684daa9066359b1e41d031b52ee8ef93bb496665415614b7652215c4cd,59ee0b28d68b0ffa5b46da18b0bf2698d756c3730cdfa361df47a61da0c56257,True,True,True,False,False,True,54b166d2012be7f529afe10fd35eae9521d8b2ab86f5dc1ca652d85a8cbb1f3e,9bb513df6bbb75f1f3b77cd9e11cca9555654726d7c71c38cbaf43c771703aa1,RecordPartyExecution,6964fedc846eb8056252c277c7be238408d82e31f509dcd3a58e945deca233cd,15.723075,1.864962,2103.399567,2120.987604
cap32-measured-04,4,measured,32,559e0bb531b3e4330c532e624d546d616c7849eb,sha256:532a8ccbe2aa5cc8d5d789fd51537f7e03d80aa07758509b75d4e14f13d76079,723562684daa9066359b1e41d031b52ee8ef93bb496665415614b7652215c4cd,59ee0b28d68b0ffa5b46da18b0bf2698d756c3730cdfa361df47a61da0c56257,True,True,True,False,False,True,54b166d2012be7f529afe10fd35eae9521d8b2ab86f5dc1ca652d85a8cbb1f3e,9bb513df6bbb75f1f3b77cd9e11cca9555654726d7c71c38cbaf43c771703aa1,RecordPartyExecution,ec48ceda8212e96abf252c779d63676980c43aee91ed9f588dfd569ba85dcd0e,15.828124,1.963913,2121.961096,2139.753133
cap32-measured-04,4,measured,32,559e0bb531b3e4330c532e624d546d616c7849eb,sha256:532a8ccbe2aa5cc8d5d789fd51537f7e03d80aa07758509b75d4e14f13d76079,723562684daa9066359b1e41d031b52ee8ef93bb496665415614b7652215c4cd,59ee0b28d68b0ffa5b46da18b0bf2698d756c3730cdfa361df47a61da0c56257,True,True,True,False,False,True,54b166d2012be7f529afe10fd35eae9521d8b2ab86f5dc1ca652d85a8cbb1f3e,9bb513df6bbb75f1f3b77cd9e11cca9555654726d7c71c38cbaf43c771703aa1,FinalizeSession,c4aab70f3f89a81bb2bb661c2cba218cf5a668c811c192ac17793e0667731d1c,31.255584,1.615557,2111.646046,2144.517187
cap32-measured-05,5,measured,32,559e0bb531b3e4330c532e624d546d616c7849eb,sha256:532a8ccbe2aa5cc8d5d789fd51537f7e03d80aa07758509b75d4e14f13d76079,4e68112b52dba301aa72884d238b831309f8aeeb0f1ce790f23d5ffac9e17d2d,5fd9dfadcc60c23ae62022b7c464f5cda2eb268bdd5a1133352e5f8a4177f16b,True,True,True,False,False,True,6a8e73ac3fd890e783e9f4313013d129d0deb4b19ad3b280bfbfe995251f52c8,9cae27a749f34610ac4113988fae95e6576cd15d2fb4bea06a7e3c46f62526ad,RegisterCommittee,ab465aad3904eeb86697e43842c69322583ae25284c4394241ed8a2edca7bb4a,46.545812,2.543297,2107.30425,2156.393359
cap32-measured-05,5,measured,32,559e0bb531b3e4330c532e624d546d616c7849eb,sha256:532a8ccbe2aa5cc8d5d789fd51537f7e03d80aa07758509b75d4e14f13d76079,4e68112b52dba301aa72884d238b831309f8aeeb0f1ce790f23d5ffac9e17d2d,5fd9dfadcc60c23ae62022b7c464f5cda2eb268bdd5a1133352e5f8a4177f16b,True,True,True,False,False,True,6a8e73ac3fd890e783e9f4313013d129d0deb4b19ad3b280bfbfe995251f52c8,9cae27a749f34610ac4113988fae95e6576cd15d2fb4bea06a7e3c46f62526ad,RegisterInputAttestorKey,aae1746259619153e07a6e5a9af912e1e5dce3a1a780a5bbe77fd8f9ddca77b6,15.08377,1.649843,2107.89611,2124.629723
cap32-measured-05,5,measured,32,559e0bb531b3e4330c532e624d546d616c7849eb,sha256:532a8ccbe2aa5cc8d5d789fd51537f7e03d80aa07758509b75d4e14f13d76079,4e68112b52dba301aa72884d238b831309f8aeeb0f1ce790f23d5ffac9e17d2d,5fd9dfadcc60c23ae62022b7c464f5cda2eb268bdd5a1133352e5f8a4177f16b,True,True,True,False,False,True,6a8e73ac3fd890e783e9f4313013d129d0deb4b19ad3b280bfbfe995251f52c8,9cae27a749f34610ac4113988fae95e6576cd15d2fb4bea06a7e3c46f62526ad,SubmitInputCommitment,b18d72d7062e0f86370cfe1ea1a942455d7bcae431ce7cdc05449ff9ff99a3ac,34.723746,1.869788,2119.469288,2156.062822
cap32-measured-05,5,measured,32,559e0bb531b3e4330c532e624d546d616c7849eb,sha256:532a8ccbe2aa5cc8d5d789fd51537f7e03d80aa07758509b75d4e14f13d76079,4e68112b52dba301aa72884d238b831309f8aeeb0f1ce790f23d5ffac9e17d2d,5fd9dfadcc60c23ae62022b7c464f5cda2eb268bdd5a1133352e5f8a4177f16b,True,True,True,False,False,True,6a8e73ac3fd890e783e9f4313013d129d0deb4b19ad3b280bfbfe995251f52c8,9cae27a749f34610ac4113988fae95e6576cd15d2fb4bea06a7e3c46f62526ad,SubmitInputCommitment,e9196346df631dd3d19445352a950a7583370c76507693a812b7e01989e30361,27.091722,2.317963,2117.874822,2147.284507
cap32-measured-05,5,measured,32,559e0bb531b3e4330c532e624d546d616c7849eb,sha256:532a8ccbe2aa5cc8d5d789fd51537f7e03d80aa07758509b75d4e14f13d76079,4e68112b52dba301aa72884d238b831309f8aeeb0f1ce790f23d5ffac9e17d2d,5fd9dfadcc60c23ae62022b7c464f5cda2eb268bdd5a1133352e5f8a4177f16b,True,True,True,False,False,True,6a8e73ac3fd890e783e9f4313013d129d0deb4b19ad3b280bfbfe995251f52c8,9cae27a749f34610ac4113988fae95e6576cd15d2fb4bea06a7e3c46f62526ad,SubmitSessionInput,b73c21420ccc71d0db934752c02b855033db2d1703ae156d744942daa2522442,57.830164,2.912372,2121.776431,2182.518967
cap32-measured-05,5,measured,32,559e0bb531b3e4330c532e624d546d616c7849eb,sha256:532a8ccbe2aa5cc8d5d789fd51537f7e03d80aa07758509b75d4e14f13d76079,4e68112b52dba301aa72884d238b831309f8aeeb0f1ce790f23d5ffac9e17d2d,5fd9dfadcc60c23ae62022b7c464f5cda2eb268bdd5a1133352e5f8a4177f16b,True,True,True,False,False,True,6a8e73ac3fd890e783e9f4313013d129d0deb4b19ad3b280bfbfe995251f52c8,9cae27a749f34610ac4113988fae95e6576cd15d2fb4bea06a7e3c46f62526ad,RecordPartyExecution,60e71ac56c40623677cd083e4b769960a25cffab22a315898881ecd3e97b16a9,33.867556,1.997014,2115.203162,2151.067732
cap32-measured-05,5,measured,32,559e0bb531b3e4330c532e624d546d616c7849eb,sha256:532a8ccbe2aa5cc8d5d789fd51537f7e03d80aa07758509b75d4e14f13d76079,4e68112b52dba301aa72884d238b831309f8aeeb0f1ce790f23d5ffac9e17d2d,5fd9dfadcc60c23ae62022b7c464f5cda2eb268bdd5a1133352e5f8a4177f16b,True,True,True,False,False,True,6a8e73ac3fd890e783e9f4313013d129d0deb4b19ad3b280bfbfe995251f52c8,9cae27a749f34610ac4113988fae95e6576cd15d2fb4bea06a7e3c46f62526ad,RecordPartyExecution,60298b1d0f3bb1867a7c6204328f014ce2460a8fcb75372853042352ce4e5e44,25.693294,1.609603,2114.678704,2141.981601
cap32-measured-05,5,measured,32,559e0bb531b3e4330c532e624d546d616c7849eb,sha256:532a8ccbe2aa5cc8d5d789fd51537f7e03d80aa07758509b75d4e14f13d76079,4e68112b52dba301aa72884d238b831309f8aeeb0f1ce790f23d5ffac9e17d2d,5fd9dfadcc60c23ae62022b7c464f5cda2eb268bdd5a1133352e5f8a4177f16b,True,True,True,False,False,True,6a8e73ac3fd890e783e9f4313013d129d0deb4b19ad3b280bfbfe995251f52c8,9cae27a749f34610ac4113988fae95e6576cd15d2fb4bea06a7e3c46f62526ad,RecordPartyExecution,0b192e7b846676454aa2a6611a2a53bbac863429d8b992202da3aaa7bf3f926f,17.378059,1.852654,2105.897368,2125.128081
cap32-measured-05,5,measured,32,559e0bb531b3e4330c532e624d546d616c7849eb,sha256:532a8ccbe2aa5cc8d5d789fd51537f7e03d80aa07758509b75d4e14f13d76079,4e68112b52dba301aa72884d238b831309f8aeeb0f1ce790f23d5ffac9e17d2d,5fd9dfadcc60c23ae62022b7c464f5cda2eb268bdd5a1133352e5f8a4177f16b,True,True,True,False,False,True,6a8e73ac3fd890e783e9f4313013d129d0deb4b19ad3b280bfbfe995251f52c8,9cae27a749f34610ac4113988fae95e6576cd15d2fb4bea06a7e3c46f62526ad,FinalizeSession,948dc7eff20b2a8691b048126db96ea8e5b1c6590c4f0ef62bd14b828eaed903,35.598011,1.940399,2135.516806,2173.055216
cap32-measured-06,6,measured,32,559e0bb531b3e4330c532e624d546d616c7849eb,sha256:532a8ccbe2aa5cc8d5d789fd51537f7e03d80aa07758509b75d4e14f13d76079,cf20875837233abf5f889a00ab54d766abcd94eb05699c66b41fab5bb58b5644,0a4ff2efd057f7a8198f2043bd72a83fbd776f657910ccb56dba6ddcf26af3d0,True,True,True,False,False,True,a22771b7ee93791f3efc233a8b6def44c8cb300e70c0d5600517a1832fcb991b,6c13142e6d8314e281a5556401fe90a0062a6d7a48b9fdc2c44c21fae9d07b85,RegisterCommittee,5c739d5fe9d1c3214d623dec0515856a4e1a52bc850d0060db0fe2db3fc1ecc5,49.026804,2.332994,2121.747221,2173.107019
cap32-measured-06,6,measured,32,559e0bb531b3e4330c532e624d546d616c7849eb,sha256:532a8ccbe2aa5cc8d5d789fd51537f7e03d80aa07758509b75d4e14f13d76079,cf20875837233abf5f889a00ab54d766abcd94eb05699c66b41fab5bb58b5644,0a4ff2efd057f7a8198f2043bd72a83fbd776f657910ccb56dba6ddcf26af3d0,True,True,True,False,False,True,a22771b7ee93791f3efc233a8b6def44c8cb300e70c0d5600517a1832fcb991b,6c13142e6d8314e281a5556401fe90a0062a6d7a48b9fdc2c44c21fae9d07b85,RegisterInputAttestorKey,d96da0783d38f01211dcf69ea4f86d92068ca6a69f528eb9df47ec86ad2aefa7,16.373202,1.936466,2111.002891,2129.312559
cap32-measured-06,6,measured,32,559e0bb531b3e4330c532e624d546d616c7849eb,sha256:532a8ccbe2aa5cc8d5d789fd51537f7e03d80aa07758509b75d4e14f13d76079,cf20875837233abf5f889a00ab54d766abcd94eb05699c66b41fab5bb58b5644,0a4ff2efd057f7a8198f2043bd72a83fbd776f657910ccb56dba6ddcf26af3d0,True,True,True,False,False,True,a22771b7ee93791f3efc233a8b6def44c8cb300e70c0d5600517a1832fcb991b,6c13142e6d8314e281a5556401fe90a0062a6d7a48b9fdc2c44c21fae9d07b85,SubmitInputCommitment,d3110c0c5b31ac991c6b21bf08763de3c0ff10ab6b1f2038d9e6f6094a4ec5b2,34.525133,1.719749,2117.583715,2153.828597
cap32-measured-06,6,measured,32,559e0bb531b3e4330c532e624d546d616c7849eb,sha256:532a8ccbe2aa5cc8d5d789fd51537f7e03d80aa07758509b75d4e14f13d76079,cf20875837233abf5f889a00ab54d766abcd94eb05699c66b41fab5bb58b5644,0a4ff2efd057f7a8198f2043bd72a83fbd776f657910ccb56dba6ddcf26af3d0,True,True,True,False,False,True,a22771b7ee93791f3efc233a8b6def44c8cb300e70c0d5600517a1832fcb991b,6c13142e6d8314e281a5556401fe90a0062a6d7a48b9fdc2c44c21fae9d07b85,SubmitInputCommitment,3a4494dada1c5d71a55e0ae0178697271747395f7ec484cd91cc0c694085f677,39.413413,2.383255,2130.618935,2172.415603
cap32-measured-06,6,measured,32,559e0bb531b3e4330c532e624d546d616c7849eb,sha256:532a8ccbe2aa5cc8d5d789fd51537f7e03d80aa07758509b75d4e14f13d76079,cf20875837233abf5f889a00ab54d766abcd94eb05699c66b41fab5bb58b5644,0a4ff2efd057f7a8198f2043bd72a83fbd776f657910ccb56dba6ddcf26af3d0,True,True,True,False,False,True,a22771b7ee93791f3efc233a8b6def44c8cb300e70c0d5600517a1832fcb991b,6c13142e6d8314e281a5556401fe90a0062a6d7a48b9fdc2c44c21fae9d07b85,SubmitSessionInput,ca5278c3f0caeabe4a79f76d4176357d566e2bfd8542358f337b7f04d8d1bdef,52.840178,2.769889,2115.774353,2171.38442
cap32-measured-06,6,measured,32,559e0bb531b3e4330c532e624d546d616c7849eb,sha256:532a8ccbe2aa5cc8d5d789fd51537f7e03d80aa07758509b75d4e14f13d76079,cf20875837233abf5f889a00ab54d766abcd94eb05699c66b41fab5bb58b5644,0a4ff2efd057f7a8198f2043bd72a83fbd776f657910ccb56dba6ddcf26af3d0,True,True,True,False,False,True,a22771b7ee93791f3efc233a8b6def44c8cb300e70c0d5600517a1832fcb991b,6c13142e6d8314e281a5556401fe90a0062a6d7a48b9fdc2c44c21fae9d07b85,RecordPartyExecution,18167c6d3b1beef4075bb80f786b2a10f66440bbeb39c7b45391beb2e164f1e1,26.857451,1.946037,2143.520517,2172.324005
cap32-measured-06,6,measured,32,559e0bb531b3e4330c532e624d546d616c7849eb,sha256:532a8ccbe2aa5cc8d5d789fd51537f7e03d80aa07758509b75d4e14f13d76079,cf20875837233abf5f889a00ab54d766abcd94eb05699c66b41fab5bb58b5644,0a4ff2efd057f7a8198f2043bd72a83fbd776f657910ccb56dba6ddcf26af3d0,True,True,True,False,False,True,a22771b7ee93791f3efc233a8b6def44c8cb300e70c0d5600517a1832fcb991b,6c13142e6d8314e281a5556401fe90a0062a6d7a48b9fdc2c44c21fae9d07b85,RecordPartyExecution,77a13ebf5ad7b5ed11e32ed0ceaf0c75c43fe38435a1d83e4bf63248a9b5d892,15.08112,1.646645,2116.17968,2132.907445
cap32-measured-06,6,measured,32,559e0bb531b3e4330c532e624d546d616c7849eb,sha256:532a8ccbe2aa5cc8d5d789fd51537f7e03d80aa07758509b75d4e14f13d76079,cf20875837233abf5f889a00ab54d766abcd94eb05699c66b41fab5bb58b5644,0a4ff2efd057f7a8198f2043bd72a83fbd776f657910ccb56dba6ddcf26af3d0,True,True,True,False,False,True,a22771b7ee93791f3efc233a8b6def44c8cb300e70c0d5600517a1832fcb991b,6c13142e6d8314e281a5556401fe90a0062a6d7a48b9fdc2c44c21fae9d07b85,RecordPartyExecution,60dcdc32271d57f2f9b82f67154e1a6541b90a5d16f0d9db1173c6da9624c20f,20.713637,1.62946,2108.405517,2130.748614
cap32-measured-06,6,measured,32,559e0bb531b3e4330c532e624d546d616c7849eb,sha256:532a8ccbe2aa5cc8d5d789fd51537f7e03d80aa07758509b75d4e14f13d76079,cf20875837233abf5f889a00ab54d766abcd94eb05699c66b41fab5bb58b5644,0a4ff2efd057f7a8198f2043bd72a83fbd776f657910ccb56dba6ddcf26af3d0,True,True,True,False,False,True,a22771b7ee93791f3efc233a8b6def44c8cb300e70c0d5600517a1832fcb991b,6c13142e6d8314e281a5556401fe90a0062a6d7a48b9fdc2c44c21fae9d07b85,FinalizeSession,819e829c8384402b2ce9aba811c142d1809df74427c40f88e9a266d71c14e9f3,32.307195,2.012908,2107.604668,2141.924771
cap32-measured-07,7,measured,32,559e0bb531b3e4330c532e624d546d616c7849eb,sha256:532a8ccbe2aa5cc8d5d789fd51537f7e03d80aa07758509b75d4e14f13d76079,1cd03ae3674fcaa4f1a10c179610f66d07176ca82bbf087fbe2e416419d4454f,c11579f55567654f625ff12413b56e85f66e9134a13b90fe5f86be602083cb78,True,True,True,False,False,True,6f01f89c5736aa7284a5fe9a75aab884ac6bb3171df632631373a0799175cb00,57c3b0bd3985c35c651386f350bbc3847ffd08f0379a72a12feb73d3ea5cd393,RegisterCommittee,c43a5115595b022539d7573498cc6cd7890b983a53fc3be45ce4d521d70b121c,36.151449,2.323936,2109.186349,2147.661734
cap32-measured-07,7,measured,32,559e0bb531b3e4330c532e624d546d616c7849eb,sha256:532a8ccbe2aa5cc8d5d789fd51537f7e03d80aa07758509b75d4e14f13d76079,1cd03ae3674fcaa4f1a10c179610f66d07176ca82bbf087fbe2e416419d4454f,c11579f55567654f625ff12413b56e85f66e9134a13b90fe5f86be602083cb78,True,True,True,False,False,True,6f01f89c5736aa7284a5fe9a75aab884ac6bb3171df632631373a0799175cb00,57c3b0bd3985c35c651386f350bbc3847ffd08f0379a72a12feb73d3ea5cd393,RegisterInputAttestorKey,a3b9edb3455f43ea1decd10c0e9249e1c0573721f0c594fbe21ef1cb94e54163,12.510609,1.721067,2109.734315,2123.965991
cap32-measured-07,7,measured,32,559e0bb531b3e4330c532e624d546d616c7849eb,sha256:532a8ccbe2aa5cc8d5d789fd51537f7e03d80aa07758509b75d4e14f13d76079,1cd03ae3674fcaa4f1a10c179610f66d07176ca82bbf087fbe2e416419d4454f,c11579f55567654f625ff12413b56e85f66e9134a13b90fe5f86be602083cb78,True,True,True,False,False,True,6f01f89c5736aa7284a5fe9a75aab884ac6bb3171df632631373a0799175cb00,57c3b0bd3985c35c651386f350bbc3847ffd08f0379a72a12feb73d3ea5cd393,SubmitInputCommitment,ad00b46f4aed33252692ce6b858321c2abc337672dd5950a6895ca7864bac4dd,42.750958,1.746523,2119.456203,2163.953684
cap32-measured-07,7,measured,32,559e0bb531b3e4330c532e624d546d616c7849eb,sha256:532a8ccbe2aa5cc8d5d789fd51537f7e03d80aa07758509b75d4e14f13d76079,1cd03ae3674fcaa4f1a10c179610f66d07176ca82bbf087fbe2e416419d4454f,c11579f55567654f625ff12413b56e85f66e9134a13b90fe5f86be602083cb78,True,True,True,False,False,True,6f01f89c5736aa7284a5fe9a75aab884ac6bb3171df632631373a0799175cb00,57c3b0bd3985c35c651386f350bbc3847ffd08f0379a72a12feb73d3ea5cd393,SubmitInputCommitment,cc81992717fd6ddb8fa35780d3eeb1233c5b04ccc79c32c94fdd3222ceae8d4e,30.099497,1.862018,2112.067999,2144.029514
cap32-measured-07,7,measured,32,559e0bb531b3e4330c532e624d546d616c7849eb,sha256:532a8ccbe2aa5cc8d5d789fd51537f7e03d80aa07758509b75d4e14f13d76079,1cd03ae3674fcaa4f1a10c179610f66d07176ca82bbf087fbe2e416419d4454f,c11579f55567654f625ff12413b56e85f66e9134a13b90fe5f86be602083cb78,True,True,True,False,False,True,6f01f89c5736aa7284a5fe9a75aab884ac6bb3171df632631373a0799175cb00,57c3b0bd3985c35c651386f350bbc3847ffd08f0379a72a12feb73d3ea5cd393,SubmitSessionInput,6ad6ec84fa1c5ea6f708238cdbbbde86e089730e146f122b2920dea55a3f3cec,69.302015,1.994642,2122.738403,2194.03506
cap32-measured-07,7,measured,32,559e0bb531b3e4330c532e624d546d616c7849eb,sha256:532a8ccbe2aa5cc8d5d789fd51537f7e03d80aa07758509b75d4e14f13d76079,1cd03ae3674fcaa4f1a10c179610f66d07176ca82bbf087fbe2e416419d4454f,c11579f55567654f625ff12413b56e85f66e9134a13b90fe5f86be602083cb78,True,True,True,False,False,True,6f01f89c5736aa7284a5fe9a75aab884ac6bb3171df632631373a0799175cb00,57c3b0bd3985c35c651386f350bbc3847ffd08f0379a72a12feb73d3ea5cd393,RecordPartyExecution,7478612a32d8d578fedbc6436bf55f636bde03be0c22339b58d7f49e2fb10613,47.685619,3.16286,2131.266431,2182.11491
cap32-measured-07,7,measured,32,559e0bb531b3e4330c532e624d546d616c7849eb,sha256:532a8ccbe2aa5cc8d5d789fd51537f7e03d80aa07758509b75d4e14f13d76079,1cd03ae3674fcaa4f1a10c179610f66d07176ca82bbf087fbe2e416419d4454f,c11579f55567654f625ff12413b56e85f66e9134a13b90fe5f86be602083cb78,True,True,True,False,False,True,6f01f89c5736aa7284a5fe9a75aab884ac6bb3171df632631373a0799175cb00,57c3b0bd3985c35c651386f350bbc3847ffd08f0379a72a12feb73d3ea5cd393,RecordPartyExecution,99eca1ca954ac75ed59fe20de846aa0475cff4932f58fe37c4c5aa636ecff595,17.982536,2.075803,2116.074716,2136.133055
cap32-measured-07,7,measured,32,559e0bb531b3e4330c532e624d546d616c7849eb,sha256:532a8ccbe2aa5cc8d5d789fd51537f7e03d80aa07758509b75d4e14f13d76079,1cd03ae3674fcaa4f1a10c179610f66d07176ca82bbf087fbe2e416419d4454f,c11579f55567654f625ff12413b56e85f66e9134a13b90fe5f86be602083cb78,True,True,True,False,False,True,6f01f89c5736aa7284a5fe9a75aab884ac6bb3171df632631373a0799175cb00,57c3b0bd3985c35c651386f350bbc3847ffd08f0379a72a12feb73d3ea5cd393,RecordPartyExecution,59236146b1911db2c05795dbbe268243f5dd082ebd9ec420b2313ab770a4ef4a,15.839793,2.087905,2105.058339,2122.986037
cap32-measured-07,7,measured,32,559e0bb531b3e4330c532e624d546d616c7849eb,sha256:532a8ccbe2aa5cc8d5d789fd51537f7e03d80aa07758509b75d4e14f13d76079,1cd03ae3674fcaa4f1a10c179610f66d07176ca82bbf087fbe2e416419d4454f,c11579f55567654f625ff12413b56e85f66e9134a13b90fe5f86be602083cb78,True,True,True,False,False,True,6f01f89c5736aa7284a5fe9a75aab884ac6bb3171df632631373a0799175cb00,57c3b0bd3985c35c651386f350bbc3847ffd08f0379a72a12feb73d3ea5cd393,FinalizeSession,ef9dcfe06d3ccb3519050fb87ef77d1ba107dcdd3eb40bf17dcb90f298e7f89e,35.250074,1.714887,2112.188159,2149.15312
cap32-measured-08,8,measured,32,559e0bb531b3e4330c532e624d546d616c7849eb,sha256:532a8ccbe2aa5cc8d5d789fd51537f7e03d80aa07758509b75d4e14f13d76079,f3af744c17dc07b376df154cbf50ae7b104d4db138d09e7775b09c3cb4bbd0f8,9d2a879382ff23a01ee408ba99d9129425cc59320f36cb444daf2265c3271c11,True,True,True,False,False,True,d5688305b85e5206756e1857231da4ce175187bdb70ad1cf7f93ccf4db4cd07a,d7b3b4c87e383221583233c19341f1f6d201396dc9262677ccaac45fd912f129,RegisterCommittee,5eeb280f4aaa8c5d1dcf3de2312be0a517a8ee36858155978634b62e7f69f658,65.879452,1.953319,2155.09976,2222.932531
cap32-measured-08,8,measured,32,559e0bb531b3e4330c532e624d546d616c7849eb,sha256:532a8ccbe2aa5cc8d5d789fd51537f7e03d80aa07758509b75d4e14f13d76079,f3af744c17dc07b376df154cbf50ae7b104d4db138d09e7775b09c3cb4bbd0f8,9d2a879382ff23a01ee408ba99d9129425cc59320f36cb444daf2265c3271c11,True,True,True,False,False,True,d5688305b85e5206756e1857231da4ce175187bdb70ad1cf7f93ccf4db4cd07a,d7b3b4c87e383221583233c19341f1f6d201396dc9262677ccaac45fd912f129,RegisterInputAttestorKey,b06e4225e2df67703990fd9362f35331a40527f83f559e0e2fc8188f4baa7103,13.677987,1.773977,2114.711494,2130.163458
cap32-measured-08,8,measured,32,559e0bb531b3e4330c532e624d546d616c7849eb,sha256:532a8ccbe2aa5cc8d5d789fd51537f7e03d80aa07758509b75d4e14f13d76079,f3af744c17dc07b376df154cbf50ae7b104d4db138d09e7775b09c3cb4bbd0f8,9d2a879382ff23a01ee408ba99d9129425cc59320f36cb444daf2265c3271c11,True,True,True,False,False,True,d5688305b85e5206756e1857231da4ce175187bdb70ad1cf7f93ccf4db4cd07a,d7b3b4c87e383221583233c19341f1f6d201396dc9262677ccaac45fd912f129,SubmitInputCommitment,277ac594f46a0f4cd9ca5551b39d154b4d003cf7bea69026ce0060d40f83e2ff,34.252775,1.942208,2128.917792,2165.112775
cap32-measured-08,8,measured,32,559e0bb531b3e4330c532e624d546d616c7849eb,sha256:532a8ccbe2aa5cc8d5d789fd51537f7e03d80aa07758509b75d4e14f13d76079,f3af744c17dc07b376df154cbf50ae7b104d4db138d09e7775b09c3cb4bbd0f8,9d2a879382ff23a01ee408ba99d9129425cc59320f36cb444daf2265c3271c11,True,True,True,False,False,True,d5688305b85e5206756e1857231da4ce175187bdb70ad1cf7f93ccf4db4cd07a,d7b3b4c87e383221583233c19341f1f6d201396dc9262677ccaac45fd912f129,SubmitInputCommitment,4d16712d8d7da5208ec55d6c842db2132ba33316891bc8db65598053ab673462,29.03873,3.357942,2099.027676,2131.424348
cap32-measured-08,8,measured,32,559e0bb531b3e4330c532e624d546d616c7849eb,sha256:532a8ccbe2aa5cc8d5d789fd51537f7e03d80aa07758509b75d4e14f13d76079,f3af744c17dc07b376df154cbf50ae7b104d4db138d09e7775b09c3cb4bbd0f8,9d2a879382ff23a01ee408ba99d9129425cc59320f36cb444daf2265c3271c11,True,True,True,False,False,True,d5688305b85e5206756e1857231da4ce175187bdb70ad1cf7f93ccf4db4cd07a,d7b3b4c87e383221583233c19341f1f6d201396dc9262677ccaac45fd912f129,SubmitSessionInput,fe920ea44fd130500e7cd99af8b6295a7122a257cb3190ebddd2a4d7dee1a8b2,54.42441,1.708698,2110.078283,2166.211391
cap32-measured-08,8,measured,32,559e0bb531b3e4330c532e624d546d616c7849eb,sha256:532a8ccbe2aa5cc8d5d789fd51537f7e03d80aa07758509b75d4e14f13d76079,f3af744c17dc07b376df154cbf50ae7b104d4db138d09e7775b09c3cb4bbd0f8,9d2a879382ff23a01ee408ba99d9129425cc59320f36cb444daf2265c3271c11,True,True,True,False,False,True,d5688305b85e5206756e1857231da4ce175187bdb70ad1cf7f93ccf4db4cd07a,d7b3b4c87e383221583233c19341f1f6d201396dc9262677ccaac45fd912f129,RecordPartyExecution,212708104aa6a35d14e02262cad82b195e4798bfe308dcbd57391514ce09db99,25.148724,1.768577,2148.701225,2175.618526
cap32-measured-08,8,measured,32,559e0bb531b3e4330c532e624d546d616c7849eb,sha256:532a8ccbe2aa5cc8d5d789fd51537f7e03d80aa07758509b75d4e14f13d76079,f3af744c17dc07b376df154cbf50ae7b104d4db138d09e7775b09c3cb4bbd0f8,9d2a879382ff23a01ee408ba99d9129425cc59320f36cb444daf2265c3271c11,True,True,True,False,False,True,d5688305b85e5206756e1857231da4ce175187bdb70ad1cf7f93ccf4db4cd07a,d7b3b4c87e383221583233c19341f1f6d201396dc9262677ccaac45fd912f129,RecordPartyExecution,b8ff7d62925b53774a241215afe175bf0f27becced9e9eaff33164da31dead63,21.324932,2.2494,2110.803908,2134.37824
cap32-measured-08,8,measured,32,559e0bb531b3e4330c532e624d546d616c7849eb,sha256:532a8ccbe2aa5cc8d5d789fd51537f7e03d80aa07758509b75d4e14f13d76079,f3af744c17dc07b376df154cbf50ae7b104d4db138d09e7775b09c3cb4bbd0f8,9d2a879382ff23a01ee408ba99d9129425cc59320f36cb444daf2265c3271c11,True,True,True,False,False,True,d5688305b85e5206756e1857231da4ce175187bdb70ad1cf7f93ccf4db4cd07a,d7b3b4c87e383221583233c19341f1f6d201396dc9262677ccaac45fd912f129,RecordPartyExecution,5f72598d7a6b00b3c71d57e00f74e31492acfc6c3775e9d953d29b0b5e2c82a1,18.202616,2.05421,2119.192789,2139.449615
cap32-measured-08,8,measured,32,559e0bb531b3e4330c532e624d546d616c7849eb,sha256:532a8ccbe2aa5cc8d5d789fd51537f7e03d80aa07758509b75d4e14f13d76079,f3af744c17dc07b376df154cbf50ae7b104d4db138d09e7775b09c3cb4bbd0f8,9d2a879382ff23a01ee408ba99d9129425cc59320f36cb444daf2265c3271c11,True,True,True,False,False,True,d5688305b85e5206756e1857231da4ce175187bdb70ad1cf7f93ccf4db4cd07a,d7b3b4c87e383221583233c19341f1f6d201396dc9262677ccaac45fd912f129,FinalizeSession,47f2df0ec34be37fa921f64c4e2de46780f0dbf6586e73c33712a9304d38f9a8,35.952002,1.715462,2109.368673,2147.036137
cap32-measured-09,9,measured,32,559e0bb531b3e4330c532e624d546d616c7849eb,sha256:532a8ccbe2aa5cc8d5d789fd51537f7e03d80aa07758509b75d4e14f13d76079,04bf894ec22e641e96788f19599d5bb376c95fb920d21bf0143ecd133e5ec599,ad7196973f01ac12ab35dc697d1fb421054c62139a20d98e855a50b519b0949a,True,True,True,False,False,True,79b1e23115d0d4f046f6bd28d73bccf1ec2c37f1382e55a426a615e4bb8f5431,26fd0be2572589c5d5b081844a8ac298ab33a7aad740cb7244657ab26224b655,RegisterCommittee,272225d9d83b5403e165ab3c996e7a9df92e2037c794e2c4609d41b48e16543c,38.895136,2.052863,2116.338748,2157.286747
cap32-measured-09,9,measured,32,559e0bb531b3e4330c532e624d546d616c7849eb,sha256:532a8ccbe2aa5cc8d5d789fd51537f7e03d80aa07758509b75d4e14f13d76079,04bf894ec22e641e96788f19599d5bb376c95fb920d21bf0143ecd133e5ec599,ad7196973f01ac12ab35dc697d1fb421054c62139a20d98e855a50b519b0949a,True,True,True,False,False,True,79b1e23115d0d4f046f6bd28d73bccf1ec2c37f1382e55a426a615e4bb8f5431,26fd0be2572589c5d5b081844a8ac298ab33a7aad740cb7244657ab26224b655,RegisterInputAttestorKey,16429f3ee00d9ff6117c91eef72590e271f9eb4fda34155f5486874bf14f2344,17.186619,2.630845,2108.632926,2128.45039
cap32-measured-09,9,measured,32,559e0bb531b3e4330c532e624d546d616c7849eb,sha256:532a8ccbe2aa5cc8d5d789fd51537f7e03d80aa07758509b75d4e14f13d76079,04bf894ec22e641e96788f19599d5bb376c95fb920d21bf0143ecd133e5ec599,ad7196973f01ac12ab35dc697d1fb421054c62139a20d98e855a50b519b0949a,True,True,True,False,False,True,79b1e23115d0d4f046f6bd28d73bccf1ec2c37f1382e55a426a615e4bb8f5431,26fd0be2572589c5d5b081844a8ac298ab33a7aad740cb7244657ab26224b655,SubmitInputCommitment,380d764369300df50429bcaa524c6173307c691a9ec93a3782dcd1f70dc57140,33.254121,1.82707,2134.324685,2169.405876
cap32-measured-09,9,measured,32,559e0bb531b3e4330c532e624d546d616c7849eb,sha256:532a8ccbe2aa5cc8d5d789fd51537f7e03d80aa07758509b75d4e14f13d76079,04bf894ec22e641e96788f19599d5bb376c95fb920d21bf0143ecd133e5ec599,ad7196973f01ac12ab35dc697d1fb421054c62139a20d98e855a50b519b0949a,True,True,True,False,False,True,79b1e23115d0d4f046f6bd28d73bccf1ec2c37f1382e55a426a615e4bb8f5431,26fd0be2572589c5d5b081844a8ac298ab33a7aad740cb7244657ab26224b655,SubmitInputCommitment,9b2900fbbce8f5fb0de36714b40041d71d4e6c8168497def4ffa47f73ab28d46,34.783143,1.969226,2125.458344,2162.210713
cap32-measured-09,9,measured,32,559e0bb531b3e4330c532e624d546d616c7849eb,sha256:532a8ccbe2aa5cc8d5d789fd51537f7e03d80aa07758509b75d4e14f13d76079,04bf894ec22e641e96788f19599d5bb376c95fb920d21bf0143ecd133e5ec599,ad7196973f01ac12ab35dc697d1fb421054c62139a20d98e855a50b519b0949a,True,True,True,False,False,True,79b1e23115d0d4f046f6bd28d73bccf1ec2c37f1382e55a426a615e4bb8f5431,26fd0be2572589c5d5b081844a8ac298ab33a7aad740cb7244657ab26224b655,SubmitSessionInput,8f695f58c78114491c81fab79a877032fb68126ae7a043db95593d73ea4afa75,50.897664,2.35451,2109.784412,2163.036586
cap32-measured-09,9,measured,32,559e0bb531b3e4330c532e624d546d616c7849eb,sha256:532a8ccbe2aa5cc8d5d789fd51537f7e03d80aa07758509b75d4e14f13d76079,04bf894ec22e641e96788f19599d5bb376c95fb920d21bf0143ecd133e5ec599,ad7196973f01ac12ab35dc697d1fb421054c62139a20d98e855a50b519b0949a,True,True,True,False,False,True,79b1e23115d0d4f046f6bd28d73bccf1ec2c37f1382e55a426a615e4bb8f5431,26fd0be2572589c5d5b081844a8ac298ab33a7aad740cb7244657ab26224b655,RecordPartyExecution,ecc37e6c2220d6575675cb4807acd850f3f0bb8d953e14ac3d2cb4b81c852c0d,54.871244,3.498779,2067.685179,2126.055202
cap32-measured-09,9,measured,32,559e0bb531b3e4330c532e624d546d616c7849eb,sha256:532a8ccbe2aa5cc8d5d789fd51537f7e03d80aa07758509b75d4e14f13d76079,04bf894ec22e641e96788f19599d5bb376c95fb920d21bf0143ecd133e5ec599,ad7196973f01ac12ab35dc697d1fb421054c62139a20d98e855a50b519b0949a,True,True,True,False,False,True,79b1e23115d0d4f046f6bd28d73bccf1ec2c37f1382e55a426a615e4bb8f5431,26fd0be2572589c5d5b081844a8ac298ab33a7aad740cb7244657ab26224b655,RecordPartyExecution,389dc2d4a8f1e71d3714e49c9f64a6d673edde6786f46c76048751aba527c8a2,21.650364,2.300583,2063.1871,2087.138047
cap32-measured-09,9,measured,32,559e0bb531b3e4330c532e624d546d616c7849eb,sha256:532a8ccbe2aa5cc8d5d789fd51537f7e03d80aa07758509b75d4e14f13d76079,04bf894ec22e641e96788f19599d5bb376c95fb920d21bf0143ecd133e5ec599,ad7196973f01ac12ab35dc697d1fb421054c62139a20d98e855a50b519b0949a,True,True,True,False,False,True,79b1e23115d0d4f046f6bd28d73bccf1ec2c37f1382e55a426a615e4bb8f5431,26fd0be2572589c5d5b081844a8ac298ab33a7aad740cb7244657ab26224b655,RecordPartyExecution,ec6945f4c22d8bf1961d494f85accbdd279e28081ba951f1055719beb975e187,15.234904,1.666874,2063.944401,2080.846179
cap32-measured-09,9,measured,32,559e0bb531b3e4330c532e624d546d616c7849eb,sha256:532a8ccbe2aa5cc8d5d789fd51537f7e03d80aa07758509b75d4e14f13d76079,04bf894ec22e641e96788f19599d5bb376c95fb920d21bf0143ecd133e5ec599,ad7196973f01ac12ab35dc697d1fb421054c62139a20d98e855a50b519b0949a,True,True,True,False,False,True,79b1e23115d0d4f046f6bd28d73bccf1ec2c37f1382e55a426a615e4bb8f5431,26fd0be2572589c5d5b081844a8ac298ab33a7aad740cb7244657ab26224b655,FinalizeSession,4b5fe61ab37aa40e48be63f003aa829ce2a371bebbf14a0196819395ca8607a3,34.178348,1.920317,2065.027688,2101.126353
cap32-measured-10,10,measured,32,559e0bb531b3e4330c532e624d546d616c7849eb,sha256:532a8ccbe2aa5cc8d5d789fd51537f7e03d80aa07758509b75d4e14f13d76079,b820ad8f706c55a7fb3f9f25f97d97b442b9cc03c350619715f6f91a5e34e1f8,6f6e4f8647d5cba203bb3cb5d8f296df7233b2645cc30feaf76575305221c5a3,True,True,True,False,False,True,bf72595a85cb69b19d23df38a653a76b143cea204ac3e83de0f0273b937fdf76,ef52aab7777931667942ce8cdf3fe4211afcaa1782c3e2f0f227b86de7a1de36,RegisterCommittee,5733d2bb79769fdaeae8e6d2cb812f4633dec80742b8461c73d38f573d498e3c,38.259614,1.650491,2064.257915,2104.16802
cap32-measured-10,10,measured,32,559e0bb531b3e4330c532e624d546d616c7849eb,sha256:532a8ccbe2aa5cc8d5d789fd51537f7e03d80aa07758509b75d4e14f13d76079,b820ad8f706c55a7fb3f9f25f97d97b442b9cc03c350619715f6f91a5e34e1f8,6f6e4f8647d5cba203bb3cb5d8f296df7233b2645cc30feaf76575305221c5a3,True,True,True,False,False,True,bf72595a85cb69b19d23df38a653a76b143cea204ac3e83de0f0273b937fdf76,ef52aab7777931667942ce8cdf3fe4211afcaa1782c3e2f0f227b86de7a1de36,RegisterInputAttestorKey,f3abc9dacf6661859412d90d178d994dd57ab553b03c92ce3ec14a8514752ede,13.543109,1.625997,2065.015423,2080.184529
cap32-measured-10,10,measured,32,559e0bb531b3e4330c532e624d546d616c7849eb,sha256:532a8ccbe2aa5cc8d5d789fd51537f7e03d80aa07758509b75d4e14f13d76079,b820ad8f706c55a7fb3f9f25f97d97b442b9cc03c350619715f6f91a5e34e1f8,6f6e4f8647d5cba203bb3cb5d8f296df7233b2645cc30feaf76575305221c5a3,True,True,True,False,False,True,bf72595a85cb69b19d23df38a653a76b143cea204ac3e83de0f0273b937fdf76,ef52aab7777931667942ce8cdf3fe4211afcaa1782c3e2f0f227b86de7a1de36,SubmitInputCommitment,80279063ed5a056df91c6eb23f8717d96d9974cfbf3d61583584a44d4a3c3069,32.208247,1.681119,2066.66957,2100.558936
cap32-measured-10,10,measured,32,559e0bb531b3e4330c532e624d546d616c7849eb,sha256:532a8ccbe2aa5cc8d5d789fd51537f7e03d80aa07758509b75d4e14f13d76079,b820ad8f706c55a7fb3f9f25f97d97b442b9cc03c350619715f6f91a5e34e1f8,6f6e4f8647d5cba203bb3cb5d8f296df7233b2645cc30feaf76575305221c5a3,True,True,True,False,False,True,bf72595a85cb69b19d23df38a653a76b143cea204ac3e83de0f0273b937fdf76,ef52aab7777931667942ce8cdf3fe4211afcaa1782c3e2f0f227b86de7a1de36,SubmitInputCommitment,114a5b048469383f3a887aca03bd1bad8a46675e556cebb40740d80aad0a715a,36.034955,1.802823,2063.474402,2101.31218
cap32-measured-10,10,measured,32,559e0bb531b3e4330c532e624d546d616c7849eb,sha256:532a8ccbe2aa5cc8d5d789fd51537f7e03d80aa07758509b75d4e14f13d76079,b820ad8f706c55a7fb3f9f25f97d97b442b9cc03c350619715f6f91a5e34e1f8,6f6e4f8647d5cba203bb3cb5d8f296df7233b2645cc30feaf76575305221c5a3,True,True,True,False,False,True,bf72595a85cb69b19d23df38a653a76b143cea204ac3e83de0f0273b937fdf76,ef52aab7777931667942ce8cdf3fe4211afcaa1782c3e2f0f227b86de7a1de36,SubmitSessionInput,21a8746e43dbfbe25ec4d23cafc036934eef99c970d5bf79adee7aa2b753f1aa,61.818424,2.89102,2059.183787,2123.893231
cap32-measured-10,10,measured,32,559e0bb531b3e4330c532e624d546d616c7849eb,sha256:532a8ccbe2aa5cc8d5d789fd51537f7e03d80aa07758509b75d4e14f13d76079,b820ad8f706c55a7fb3f9f25f97d97b442b9cc03c350619715f6f91a5e34e1f8,6f6e4f8647d5cba203bb3cb5d8f296df7233b2645cc30feaf76575305221c5a3,True,True,True,False,False,True,bf72595a85cb69b19d23df38a653a76b143cea204ac3e83de0f0273b937fdf76,ef52aab7777931667942ce8cdf3fe4211afcaa1782c3e2f0f227b86de7a1de36,RecordPartyExecution,739dabe255ed0ca63f57eff21a1d58c55a68bc26549335ae459328a713d1f124,32.578369,2.03152,2075.039829,2109.649718
cap32-measured-10,10,measured,32,559e0bb531b3e4330c532e624d546d616c7849eb,sha256:532a8ccbe2aa5cc8d5d789fd51537f7e03d80aa07758509b75d4e14f13d76079,b820ad8f706c55a7fb3f9f25f97d97b442b9cc03c350619715f6f91a5e34e1f8,6f6e4f8647d5cba203bb3cb5d8f296df7233b2645cc30feaf76575305221c5a3,True,True,True,False,False,True,bf72595a85cb69b19d23df38a653a76b143cea204ac3e83de0f0273b937fdf76,ef52aab7777931667942ce8cdf3fe4211afcaa1782c3e2f0f227b86de7a1de36,RecordPartyExecution,2813a19e4cbf29a5b57f7ec64a189fb23ef320e935cf68638e6dca31572ef661,22.306538,2.131501,2056.965319,2081.403358
cap32-measured-10,10,measured,32,559e0bb531b3e4330c532e624d546d616c7849eb,sha256:532a8ccbe2aa5cc8d5d789fd51537f7e03d80aa07758509b75d4e14f13d76079,b820ad8f706c55a7fb3f9f25f97d97b442b9cc03c350619715f6f91a5e34e1f8,6f6e4f8647d5cba203bb3cb5d8f296df7233b2645cc30feaf76575305221c5a3,True,True,True,False,False,True,bf72595a85cb69b19d23df38a653a76b143cea204ac3e83de0f0273b937fdf76,ef52aab7777931667942ce8cdf3fe4211afcaa1782c3e2f0f227b86de7a1de36,RecordPartyExecution,455ba92ef9f465c5d7c5d825a4796d67f441876ca1510c88e07f0103ce8b6bd8,18.21917,1.982207,2057.49137,2077.692747
cap32-measured-10,10,measured,32,559e0bb531b3e4330c532e624d546d616c7849eb,sha256:532a8ccbe2aa5cc8d5d789fd51537f7e03d80aa07758509b75d4e14f13d76079,b820ad8f706c55a7fb3f9f25f97d97b442b9cc03c350619715f6f91a5e34e1f8,6f6e4f8647d5cba203bb3cb5d8f296df7233b2645cc30feaf76575305221c5a3,True,True,True,False,False,True,bf72595a85cb69b19d23df38a653a76b143cea204ac3e83de0f0273b937fdf76,ef52aab7777931667942ce8cdf3fe4211afcaa1782c3e2f0f227b86de7a1de36,FinalizeSession,222d76d10a1deec3b60dd07f72f18708f24867394e5f0e58a1eb44b5808c5189,34.659248,2.45391,2057.696325,2094.809483
cap32-measured-11,11,measured,32,559e0bb531b3e4330c532e624d546d616c7849eb,sha256:532a8ccbe2aa5cc8d5d789fd51537f7e03d80aa07758509b75d4e14f13d76079,ee23213e98b0c2ba5c9164aee373f772f6689ef064b77a39aaac2df0bb4fe4b1,a7ba56d75061d05bd508237eb4f629c2625ce30a30cd1c8207ae7d1b2db042d3,True,True,True,False,False,True,ec3d9b1b9d5e881f65dc77eb668374a410b52f3a8fa9cb0c8c823212242eb150,e64b3d72d40b369db692bbe896c5127285811ec3b8f77a64ab99bfad04fdd824,RegisterCommittee,5bfa013c497e55e3bead85d79c644605e591ee76a9f7b675e03c97931c9146de,36.573654,1.660334,2061.732252,2099.96624
cap32-measured-11,11,measured,32,559e0bb531b3e4330c532e624d546d616c7849eb,sha256:532a8ccbe2aa5cc8d5d789fd51537f7e03d80aa07758509b75d4e14f13d76079,ee23213e98b0c2ba5c9164aee373f772f6689ef064b77a39aaac2df0bb4fe4b1,a7ba56d75061d05bd508237eb4f629c2625ce30a30cd1c8207ae7d1b2db042d3,True,True,True,False,False,True,ec3d9b1b9d5e881f65dc77eb668374a410b52f3a8fa9cb0c8c823212242eb150,e64b3d72d40b369db692bbe896c5127285811ec3b8f77a64ab99bfad04fdd824,RegisterInputAttestorKey,4b1005895bb4ac5a60c77d360c14ccc9f9ee5f8a50830e69f51956dfb8f4b4c0,16.391825,3.301847,2063.543258,2083.23693
cap32-measured-11,11,measured,32,559e0bb531b3e4330c532e624d546d616c7849eb,sha256:532a8ccbe2aa5cc8d5d789fd51537f7e03d80aa07758509b75d4e14f13d76079,ee23213e98b0c2ba5c9164aee373f772f6689ef064b77a39aaac2df0bb4fe4b1,a7ba56d75061d05bd508237eb4f629c2625ce30a30cd1c8207ae7d1b2db042d3,True,True,True,False,False,True,ec3d9b1b9d5e881f65dc77eb668374a410b52f3a8fa9cb0c8c823212242eb150,e64b3d72d40b369db692bbe896c5127285811ec3b8f77a64ab99bfad04fdd824,SubmitInputCommitment,877f4ba0f27408ae03f206f42d9466553cfa73d831c589ead6eb113ccfd18665,39.728145,3.92073,2069.758108,2113.406983
cap32-measured-11,11,measured,32,559e0bb531b3e4330c532e624d546d616c7849eb,sha256:532a8ccbe2aa5cc8d5d789fd51537f7e03d80aa07758509b75d4e14f13d76079,ee23213e98b0c2ba5c9164aee373f772f6689ef064b77a39aaac2df0bb4fe4b1,a7ba56d75061d05bd508237eb4f629c2625ce30a30cd1c8207ae7d1b2db042d3,True,True,True,False,False,True,ec3d9b1b9d5e881f65dc77eb668374a410b52f3a8fa9cb0c8c823212242eb150,e64b3d72d40b369db692bbe896c5127285811ec3b8f77a64ab99bfad04fdd824,SubmitInputCommitment,420da7c350195ef2431cafc2021c01078cab8af6751b3f63a606119807d396af,32.120643,1.842074,2071.91694,2105.879657
cap32-measured-11,11,measured,32,559e0bb531b3e4330c532e624d546d616c7849eb,sha256:532a8ccbe2aa5cc8d5d789fd51537f7e03d80aa07758509b75d4e14f13d76079,ee23213e98b0c2ba5c9164aee373f772f6689ef064b77a39aaac2df0bb4fe4b1,a7ba56d75061d05bd508237eb4f629c2625ce30a30cd1c8207ae7d1b2db042d3,True,True,True,False,False,True,ec3d9b1b9d5e881f65dc77eb668374a410b52f3a8fa9cb0c8c823212242eb150,e64b3d72d40b369db692bbe896c5127285811ec3b8f77a64ab99bfad04fdd824,SubmitSessionInput,e755c2c1b8dad766b746e11a3dfb5c1a928700574554c135599ddc89a61ed645,53.436341,1.867979,2071.993377,2127.297697
cap32-measured-11,11,measured,32,559e0bb531b3e4330c532e624d546d616c7849eb,sha256:532a8ccbe2aa5cc8d5d789fd51537f7e03d80aa07758509b75d4e14f13d76079,ee23213e98b0c2ba5c9164aee373f772f6689ef064b77a39aaac2df0bb4fe4b1,a7ba56d75061d05bd508237eb4f629c2625ce30a30cd1c8207ae7d1b2db042d3,True,True,True,False,False,True,ec3d9b1b9d5e881f65dc77eb668374a410b52f3a8fa9cb0c8c823212242eb150,e64b3d72d40b369db692bbe896c5127285811ec3b8f77a64ab99bfad04fdd824,RecordPartyExecution,a242f9859c0407879f3dcfda2475394017f03a09cf16737b0ab71b3bdacb762d,28.971433,2.070841,2072.532236,2103.57451
cap32-measured-11,11,measured,32,559e0bb531b3e4330c532e624d546d616c7849eb,sha256:532a8ccbe2aa5cc8d5d789fd51537f7e03d80aa07758509b75d4e14f13d76079,ee23213e98b0c2ba5c9164aee373f772f6689ef064b77a39aaac2df0bb4fe4b1,a7ba56d75061d05bd508237eb4f629c2625ce30a30cd1c8207ae7d1b2db042d3,True,True,True,False,False,True,ec3d9b1b9d5e881f65dc77eb668374a410b52f3a8fa9cb0c8c823212242eb150,e64b3d72d40b369db692bbe896c5127285811ec3b8f77a64ab99bfad04fdd824,RecordPartyExecution,59ab0368be7b780b71af96ba1c20bc6c732ba6b10383965a283e7850bd735465,18.442606,2.158873,2075.980755,2096.582234
cap32-measured-11,11,measured,32,559e0bb531b3e4330c532e624d546d616c7849eb,sha256:532a8ccbe2aa5cc8d5d789fd51537f7e03d80aa07758509b75d4e14f13d76079,ee23213e98b0c2ba5c9164aee373f772f6689ef064b77a39aaac2df0bb4fe4b1,a7ba56d75061d05bd508237eb4f629c2625ce30a30cd1c8207ae7d1b2db042d3,True,True,True,False,False,True,ec3d9b1b9d5e881f65dc77eb668374a410b52f3a8fa9cb0c8c823212242eb150,e64b3d72d40b369db692bbe896c5127285811ec3b8f77a64ab99bfad04fdd824,RecordPartyExecution,4115830fe5e01b76176138abe947772380c37f54ebb34115eed46ba29d2cff8e,15.258886,1.556057,2069.841615,2086.656558
cap32-measured-11,11,measured,32,559e0bb531b3e4330c532e624d546d616c7849eb,sha256:532a8ccbe2aa5cc8d5d789fd51537f7e03d80aa07758509b75d4e14f13d76079,ee23213e98b0c2ba5c9164aee373f772f6689ef064b77a39aaac2df0bb4fe4b1,a7ba56d75061d05bd508237eb4f629c2625ce30a30cd1c8207ae7d1b2db042d3,True,True,True,False,False,True,ec3d9b1b9d5e881f65dc77eb668374a410b52f3a8fa9cb0c8c823212242eb150,e64b3d72d40b369db692bbe896c5127285811ec3b8f77a64ab99bfad04fdd824,FinalizeSession,8d9e85c28cbf5fbe1d786ca8d59572cbe07e68fd43e7a1ba720696f33648e454,33.63186,1.771986,2069.280627,2104.684473
cap32-measured-12,12,measured,32,559e0bb531b3e4330c532e624d546d616c7849eb,sha256:532a8ccbe2aa5cc8d5d789fd51537f7e03d80aa07758509b75d4e14f13d76079,a5b33b1dfae2a084e18dd1ffe88e7762b2841e859f99d4f0cffffd1124ac6ebf,51d893f58323fbb372110c223543711e7d3aa8616c91733231fcef721df6af58,True,True,True,False,False,True,67ef27cd6626efda3d713d2b940dc1b74712025608943d93aa2288b1f1fd0bfe,2becb38ae74be8c311f495e93caca9e1f92a76d44d5e49925ba02f07f56389ab,RegisterCommittee,6a9b23be48d1f4a2b63a39630b8dc029f5ccea5f74f5285bddc6b9381bffebf7,38.620695,1.657742,2057.649067,2097.927504
cap32-measured-12,12,measured,32,559e0bb531b3e4330c532e624d546d616c7849eb,sha256:532a8ccbe2aa5cc8d5d789fd51537f7e03d80aa07758509b75d4e14f13d76079,a5b33b1dfae2a084e18dd1ffe88e7762b2841e859f99d4f0cffffd1124ac6ebf,51d893f58323fbb372110c223543711e7d3aa8616c91733231fcef721df6af58,True,True,True,False,False,True,67ef27cd6626efda3d713d2b940dc1b74712025608943d93aa2288b1f1fd0bfe,2becb38ae74be8c311f495e93caca9e1f92a76d44d5e49925ba02f07f56389ab,RegisterInputAttestorKey,206862eb4f50da49f041ddc3157efbd2afd7f8698544b618c311a56a98374706,12.48376,1.981906,2058.558597,2073.024263
cap32-measured-12,12,measured,32,559e0bb531b3e4330c532e624d546d616c7849eb,sha256:532a8ccbe2aa5cc8d5d789fd51537f7e03d80aa07758509b75d4e14f13d76079,a5b33b1dfae2a084e18dd1ffe88e7762b2841e859f99d4f0cffffd1124ac6ebf,51d893f58323fbb372110c223543711e7d3aa8616c91733231fcef721df6af58,True,True,True,False,False,True,67ef27cd6626efda3d713d2b940dc1b74712025608943d93aa2288b1f1fd0bfe,2becb38ae74be8c311f495e93caca9e1f92a76d44d5e49925ba02f07f56389ab,SubmitInputCommitment,e812a36222f5808e4dfc5d2aa5a6b363e8c63b006f093d33ef10fdb5a325ddf3,32.45454,1.759039,2065.733271,2099.94685
cap32-measured-12,12,measured,32,559e0bb531b3e4330c532e624d546d616c7849eb,sha256:532a8ccbe2aa5cc8d5d789fd51537f7e03d80aa07758509b75d4e14f13d76079,a5b33b1dfae2a084e18dd1ffe88e7762b2841e859f99d4f0cffffd1124ac6ebf,51d893f58323fbb372110c223543711e7d3aa8616c91733231fcef721df6af58,True,True,True,False,False,True,67ef27cd6626efda3d713d2b940dc1b74712025608943d93aa2288b1f1fd0bfe,2becb38ae74be8c311f495e93caca9e1f92a76d44d5e49925ba02f07f56389ab,SubmitInputCommitment,23b2e8e63d118b927ab6ab573f890af6c5ea4f558e196ed594353fe306879aa1,29.133488,1.94708,2062.534326,2093.614894
cap32-measured-12,12,measured,32,559e0bb531b3e4330c532e624d546d616c7849eb,sha256:532a8ccbe2aa5cc8d5d789fd51537f7e03d80aa07758509b75d4e14f13d76079,a5b33b1dfae2a084e18dd1ffe88e7762b2841e859f99d4f0cffffd1124ac6ebf,51d893f58323fbb372110c223543711e7d3aa8616c91733231fcef721df6af58,True,True,True,False,False,True,67ef27cd6626efda3d713d2b940dc1b74712025608943d93aa2288b1f1fd0bfe,2becb38ae74be8c311f495e93caca9e1f92a76d44d5e49925ba02f07f56389ab,SubmitSessionInput,ab2ab193a8a7d6699c4c6fc4d1ff4e8896f376f8377b9293d47f55f690b7b81e,52.59308,1.859396,2060.667334,2115.11981
cap32-measured-12,12,measured,32,559e0bb531b3e4330c532e624d546d616c7849eb,sha256:532a8ccbe2aa5cc8d5d789fd51537f7e03d80aa07758509b75d4e14f13d76079,a5b33b1dfae2a084e18dd1ffe88e7762b2841e859f99d4f0cffffd1124ac6ebf,51d893f58323fbb372110c223543711e7d3aa8616c91733231fcef721df6af58,True,True,True,False,False,True,67ef27cd6626efda3d713d2b940dc1b74712025608943d93aa2288b1f1fd0bfe,2becb38ae74be8c311f495e93caca9e1f92a76d44d5e49925ba02f07f56389ab,RecordPartyExecution,ae3d37295cf1adea6f4365e359bee94bd895919369f18ee782e604bb17a8c547,54.744238,3.78373,2071.487261,2130.015229
cap32-measured-12,12,measured,32,559e0bb531b3e4330c532e624d546d616c7849eb,sha256:532a8ccbe2aa5cc8d5d789fd51537f7e03d80aa07758509b75d4e14f13d76079,a5b33b1dfae2a084e18dd1ffe88e7762b2841e859f99d4f0cffffd1124ac6ebf,51d893f58323fbb372110c223543711e7d3aa8616c91733231fcef721df6af58,True,True,True,False,False,True,67ef27cd6626efda3d713d2b940dc1b74712025608943d93aa2288b1f1fd0bfe,2becb38ae74be8c311f495e93caca9e1f92a76d44d5e49925ba02f07f56389ab,RecordPartyExecution,6ed31f3ba621bca45f554563cb38f1a851a9903904622cb54bbe3d84ea7988d6,20.281727,1.905547,2064.230403,2086.417677
cap32-measured-12,12,measured,32,559e0bb531b3e4330c532e624d546d616c7849eb,sha256:532a8ccbe2aa5cc8d5d789fd51537f7e03d80aa07758509b75d4e14f13d76079,a5b33b1dfae2a084e18dd1ffe88e7762b2841e859f99d4f0cffffd1124ac6ebf,51d893f58323fbb372110c223543711e7d3aa8616c91733231fcef721df6af58,True,True,True,False,False,True,67ef27cd6626efda3d713d2b940dc1b74712025608943d93aa2288b1f1fd0bfe,2becb38ae74be8c311f495e93caca9e1f92a76d44d5e49925ba02f07f56389ab,RecordPartyExecution,aab35ae499c95cd4c0c08861136964fd89c0c844b48d150a516506510ac42e48,16.410416,1.607085,2071.852282,2089.869783
cap32-measured-12,12,measured,32,559e0bb531b3e4330c532e624d546d616c7849eb,sha256:532a8ccbe2aa5cc8d5d789fd51537f7e03d80aa07758509b75d4e14f13d76079,a5b33b1dfae2a084e18dd1ffe88e7762b2841e859f99d4f0cffffd1124ac6ebf,51d893f58323fbb372110c223543711e7d3aa8616c91733231fcef721df6af58,True,True,True,False,False,True,67ef27cd6626efda3d713d2b940dc1b74712025608943d93aa2288b1f1fd0bfe,2becb38ae74be8c311f495e93caca9e1f92a76d44d5e49925ba02f07f56389ab,FinalizeSession,bc25e7b510d42acd80e08ad5a80180531c63c053a7946b3e5deecb3ec60dad06,32.776461,1.943865,2076.000929,2110.721255
cap32-measured-13,13,measured,32,559e0bb531b3e4330c532e624d546d616c7849eb,sha256:532a8ccbe2aa5cc8d5d789fd51537f7e03d80aa07758509b75d4e14f13d76079,f246cacf0990acc8d99e39ae4c3c3c319768c1473a892b639ecdee63a7534c64,3b7bfda6270f513919ce8aca27db0fe74b4755ad9c56591693e6ac8be37c0b00,True,True,True,False,False,True,d46ab8bf28c01c248eb533ff46b84fdfe08335f4cea7c5d0e8c964674ab7b118,50cd64e53b619e1032ad1598c747ea2a29a052e1feb3a0046807523619852ae0,RegisterCommittee,44fad8233a80c44253df6cdc06ce731a1bb114e5cfc303de49d034460f81b962,37.493501,1.70333,2069.786283,2108.983114
cap32-measured-13,13,measured,32,559e0bb531b3e4330c532e624d546d616c7849eb,sha256:532a8ccbe2aa5cc8d5d789fd51537f7e03d80aa07758509b75d4e14f13d76079,f246cacf0990acc8d99e39ae4c3c3c319768c1473a892b639ecdee63a7534c64,3b7bfda6270f513919ce8aca27db0fe74b4755ad9c56591693e6ac8be37c0b00,True,True,True,False,False,True,d46ab8bf28c01c248eb533ff46b84fdfe08335f4cea7c5d0e8c964674ab7b118,50cd64e53b619e1032ad1598c747ea2a29a052e1feb3a0046807523619852ae0,RegisterInputAttestorKey,8be369dd199dc3d407e958f6c690800a916ed7f102abf5876d2d69a1e8e22cfc,13.736632,1.463066,2064.906153,2080.105851
cap32-measured-13,13,measured,32,559e0bb531b3e4330c532e624d546d616c7849eb,sha256:532a8ccbe2aa5cc8d5d789fd51537f7e03d80aa07758509b75d4e14f13d76079,f246cacf0990acc8d99e39ae4c3c3c319768c1473a892b639ecdee63a7534c64,3b7bfda6270f513919ce8aca27db0fe74b4755ad9c56591693e6ac8be37c0b00,True,True,True,False,False,True,d46ab8bf28c01c248eb533ff46b84fdfe08335f4cea7c5d0e8c964674ab7b118,50cd64e53b619e1032ad1598c747ea2a29a052e1feb3a0046807523619852ae0,SubmitInputCommitment,91feeb962f724c61e439868538e9ee5b75e394026cd90c4754ec9288e49aac74,37.878755,2.09914,2070.249404,2110.227299
cap32-measured-13,13,measured,32,559e0bb531b3e4330c532e624d546d616c7849eb,sha256:532a8ccbe2aa5cc8d5d789fd51537f7e03d80aa07758509b75d4e14f13d76079,f246cacf0990acc8d99e39ae4c3c3c319768c1473a892b639ecdee63a7534c64,3b7bfda6270f513919ce8aca27db0fe74b4755ad9c56591693e6ac8be37c0b00,True,True,True,False,False,True,d46ab8bf28c01c248eb533ff46b84fdfe08335f4cea7c5d0e8c964674ab7b118,50cd64e53b619e1032ad1598c747ea2a29a052e1feb3a0046807523619852ae0,SubmitInputCommitment,d45562aa9625ce0014d13e20c136f8a16a0037070a1d7bfeed4fc0326574ad9b,28.416694,1.961356,2077.068161,2107.446211
cap32-measured-13,13,measured,32,559e0bb531b3e4330c532e624d546d616c7849eb,sha256:532a8ccbe2aa5cc8d5d789fd51537f7e03d80aa07758509b75d4e14f13d76079,f246cacf0990acc8d99e39ae4c3c3c319768c1473a892b639ecdee63a7534c64,3b7bfda6270f513919ce8aca27db0fe74b4755ad9c56591693e6ac8be37c0b00,True,True,True,False,False,True,d46ab8bf28c01c248eb533ff46b84fdfe08335f4cea7c5d0e8c964674ab7b118,50cd64e53b619e1032ad1598c747ea2a29a052e1feb3a0046807523619852ae0,SubmitSessionInput,e7f29680e3fa301cf0da5fcb560bb1982840f11374bda460a34449e07afd8564,55.884202,1.735018,2052.929035,2110.548255
cap32-measured-13,13,measured,32,559e0bb531b3e4330c532e624d546d616c7849eb,sha256:532a8ccbe2aa5cc8d5d789fd51537f7e03d80aa07758509b75d4e14f13d76079,f246cacf0990acc8d99e39ae4c3c3c319768c1473a892b639ecdee63a7534c64,3b7bfda6270f513919ce8aca27db0fe74b4755ad9c56591693e6ac8be37c0b00,True,True,True,False,False,True,d46ab8bf28c01c248eb533ff46b84fdfe08335f4cea7c5d0e8c964674ab7b118,50cd64e53b619e1032ad1598c747ea2a29a052e1feb3a0046807523619852ae0,RecordPartyExecution,893c2c28f8c771d77033afe9e31cec3ed54d3df551c05c94b794e2d34a7c671a,27.41797,1.781479,2075.764316,2104.963765
cap32-measured-13,13,measured,32,559e0bb531b3e4330c532e624d546d616c7849eb,sha256:532a8ccbe2aa5cc8d5d789fd51537f7e03d80aa07758509b75d4e14f13d76079,f246cacf0990acc8d99e39ae4c3c3c319768c1473a892b639ecdee63a7534c64,3b7bfda6270f513919ce8aca27db0fe74b4755ad9c56591693e6ac8be37c0b00,True,True,True,False,False,True,d46ab8bf28c01c248eb533ff46b84fdfe08335f4cea7c5d0e8c964674ab7b118,50cd64e53b619e1032ad1598c747ea2a29a052e1feb3a0046807523619852ae0,RecordPartyExecution,3687df8b749d85ea6f43093e9853d688cff196dd8c6106f635d77adb62db7291,16.451101,1.784099,2058.125055,2076.360255
cap32-measured-13,13,measured,32,559e0bb531b3e4330c532e624d546d616c7849eb,sha256:532a8ccbe2aa5cc8d5d789fd51537f7e03d80aa07758509b75d4e14f13d76079,f246cacf0990acc8d99e39ae4c3c3c319768c1473a892b639ecdee63a7534c64,3b7bfda6270f513919ce8aca27db0fe74b4755ad9c56591693e6ac8be37c0b00,True,True,True,False,False,True,d46ab8bf28c01c248eb533ff46b84fdfe08335f4cea7c5d0e8c964674ab7b118,50cd64e53b619e1032ad1598c747ea2a29a052e1feb3a0046807523619852ae0,RecordPartyExecution,b3124547ac69843eda032cec7307cb6056ecf6b07d50582bc37c29fa829ebc2c,14.843252,1.708772,2072.097853,2088.649877
cap32-measured-13,13,measured,32,559e0bb531b3e4330c532e624d546d616c7849eb,sha256:532a8ccbe2aa5cc8d5d789fd51537f7e03d80aa07758509b75d4e14f13d76079,f246cacf0990acc8d99e39ae4c3c3c319768c1473a892b639ecdee63a7534c64,3b7bfda6270f513919ce8aca27db0fe74b4755ad9c56591693e6ac8be37c0b00,True,True,True,False,False,True,d46ab8bf28c01c248eb533ff46b84fdfe08335f4cea7c5d0e8c964674ab7b118,50cd64e53b619e1032ad1598c747ea2a29a052e1feb3a0046807523619852ae0,FinalizeSession,0a7df0d4d9440bbe2815af4ef0c41fae0a5f21e270f65275acf797489e30e662,31.612606,1.591541,2063.06086,2096.265007
cap32-measured-14,14,measured,32,559e0bb531b3e4330c532e624d546d616c7849eb,sha256:532a8ccbe2aa5cc8d5d789fd51537f7e03d80aa07758509b75d4e14f13d76079,97135b1aee8f293772a4a4fe7dee05a4ad63b30ec83631df939def93a8e1261b,1603e5416ecaa3fe35aa918db11a0cfee57acdb468000d61d21618dec1550be6,True,True,True,False,False,True,42188c876b86266a7d89fe456c667a0b6a466e2d2dc7c2ba7fe094b5910839a5,649818ab36807797efd55aaac5db9c6dfd0dac743df3c2b1aab8d6c7e4c30909,RegisterCommittee,06c7c9db6c1ada00f3315dd83689a0c5f19332e95edc46905090f209c56508c8,40.660019,2.129403,2060.019515,2102.808937
cap32-measured-14,14,measured,32,559e0bb531b3e4330c532e624d546d616c7849eb,sha256:532a8ccbe2aa5cc8d5d789fd51537f7e03d80aa07758509b75d4e14f13d76079,97135b1aee8f293772a4a4fe7dee05a4ad63b30ec83631df939def93a8e1261b,1603e5416ecaa3fe35aa918db11a0cfee57acdb468000d61d21618dec1550be6,True,True,True,False,False,True,42188c876b86266a7d89fe456c667a0b6a466e2d2dc7c2ba7fe094b5910839a5,649818ab36807797efd55aaac5db9c6dfd0dac743df3c2b1aab8d6c7e4c30909,RegisterInputAttestorKey,004f006bb9a75e9df2c209d3bf7e97ac058d710fa1bdcbe72d08e769f6951023,13.078579,1.558667,2069.604562,2084.241808
cap32-measured-14,14,measured,32,559e0bb531b3e4330c532e624d546d616c7849eb,sha256:532a8ccbe2aa5cc8d5d789fd51537f7e03d80aa07758509b75d4e14f13d76079,97135b1aee8f293772a4a4fe7dee05a4ad63b30ec83631df939def93a8e1261b,1603e5416ecaa3fe35aa918db11a0cfee57acdb468000d61d21618dec1550be6,True,True,True,False,False,True,42188c876b86266a7d89fe456c667a0b6a466e2d2dc7c2ba7fe094b5910839a5,649818ab36807797efd55aaac5db9c6dfd0dac743df3c2b1aab8d6c7e4c30909,SubmitInputCommitment,bb09b321f82c4f84b3802a31b34e4a5fa886d18145038e1f9dac7c8cc6b0c091,32.006536,1.870399,2064.306478,2098.183413
cap32-measured-14,14,measured,32,559e0bb531b3e4330c532e624d546d616c7849eb,sha256:532a8ccbe2aa5cc8d5d789fd51537f7e03d80aa07758509b75d4e14f13d76079,97135b1aee8f293772a4a4fe7dee05a4ad63b30ec83631df939def93a8e1261b,1603e5416ecaa3fe35aa918db11a0cfee57acdb468000d61d21618dec1550be6,True,True,True,False,False,True,42188c876b86266a7d89fe456c667a0b6a466e2d2dc7c2ba7fe094b5910839a5,649818ab36807797efd55aaac5db9c6dfd0dac743df3c2b1aab8d6c7e4c30909,SubmitInputCommitment,6e626fed14de09b63f844f3cfb8bb39dfeb988786ad6ea6baa9aa71398e3702f,30.754697,2.530176,2066.056359,2099.341232
cap32-measured-14,14,measured,32,559e0bb531b3e4330c532e624d546d616c7849eb,sha256:532a8ccbe2aa5cc8d5d789fd51537f7e03d80aa07758509b75d4e14f13d76079,97135b1aee8f293772a4a4fe7dee05a4ad63b30ec83631df939def93a8e1261b,1603e5416ecaa3fe35aa918db11a0cfee57acdb468000d61d21618dec1550be6,True,True,True,False,False,True,42188c876b86266a7d89fe456c667a0b6a466e2d2dc7c2ba7fe094b5910839a5,649818ab36807797efd55aaac5db9c6dfd0dac743df3c2b1aab8d6c7e4c30909,SubmitSessionInput,1b48fd5e92919219db69d12d6dfce329be1350150db35704b30fdd473cee1d07,55.185242,1.975233,2064.098359,2121.258834
cap32-measured-14,14,measured,32,559e0bb531b3e4330c532e624d546d616c7849eb,sha256:532a8ccbe2aa5cc8d5d789fd51537f7e03d80aa07758509b75d4e14f13d76079,97135b1aee8f293772a4a4fe7dee05a4ad63b30ec83631df939def93a8e1261b,1603e5416ecaa3fe35aa918db11a0cfee57acdb468000d61d21618dec1550be6,True,True,True,False,False,True,42188c876b86266a7d89fe456c667a0b6a466e2d2dc7c2ba7fe094b5910839a5,649818ab36807797efd55aaac5db9c6dfd0dac743df3c2b1aab8d6c7e4c30909,RecordPartyExecution,e72355ccf2a4359f809e06de2b9e15e65003812f22ac9b882ae3e1913ed3f728,30.81591,1.785701,2072.921273,2105.522884
cap32-measured-14,14,measured,32,559e0bb531b3e4330c532e624d546d616c7849eb,sha256:532a8ccbe2aa5cc8d5d789fd51537f7e03d80aa07758509b75d4e14f13d76079,97135b1aee8f293772a4a4fe7dee05a4ad63b30ec83631df939def93a8e1261b,1603e5416ecaa3fe35aa918db11a0cfee57acdb468000d61d21618dec1550be6,True,True,True,False,False,True,42188c876b86266a7d89fe456c667a0b6a466e2d2dc7c2ba7fe094b5910839a5,649818ab36807797efd55aaac5db9c6dfd0dac743df3c2b1aab8d6c7e4c30909,RecordPartyExecution,932cf381a310fe37f41aa6bf840cc1e8937c090030734782482903ad2cb4ba29,19.348659,2.150705,2068.570372,2090.069736
cap32-measured-14,14,measured,32,559e0bb531b3e4330c532e624d546d616c7849eb,sha256:532a8ccbe2aa5cc8d5d789fd51537f7e03d80aa07758509b75d4e14f13d76079,97135b1aee8f293772a4a4fe7dee05a4ad63b30ec83631df939def93a8e1261b,1603e5416ecaa3fe35aa918db11a0cfee57acdb468000d61d21618dec1550be6,True,True,True,False,False,True,42188c876b86266a7d89fe456c667a0b6a466e2d2dc7c2ba7fe094b5910839a5,649818ab36807797efd55aaac5db9c6dfd0dac743df3c2b1aab8d6c7e4c30909,RecordPartyExecution,27a0b3a2f78d4472bf0a0985213d8168fc9ab887f92e3f0451c706ec76dcf2c9,14.774573,1.624132,2072.201731,2088.600436
cap32-measured-14,14,measured,32,559e0bb531b3e4330c532e624d546d616c7849eb,sha256:532a8ccbe2aa5cc8d5d789fd51537f7e03d80aa07758509b75d4e14f13d76079,97135b1aee8f293772a4a4fe7dee05a4ad63b30ec83631df939def93a8e1261b,1603e5416ecaa3fe35aa918db11a0cfee57acdb468000d61d21618dec1550be6,True,True,True,False,False,True,42188c876b86266a7d89fe456c667a0b6a466e2d2dc7c2ba7fe094b5910839a5,649818ab36807797efd55aaac5db9c6dfd0dac743df3c2b1aab8d6c7e4c30909,FinalizeSession,5567013e707e9c1cb13b7ec6ee650b5bb8daa9729effc303033f4d7d24b0c578,34.303789,1.957005,2059.601726,2095.86252
cap32-measured-15,15,measured,32,559e0bb531b3e4330c532e624d546d616c7849eb,sha256:532a8ccbe2aa5cc8d5d789fd51537f7e03d80aa07758509b75d4e14f13d76079,727569fd3708d1afec11b52eb220e7d0f43d08e13aaf9d73c88a990da981917a,8680d8f3d9060cdbc4ab584a2d83d09f0bad38f909c0d52c286be9574cb4a1b6,True,True,True,False,False,True,a5fff373f1086cc5c01aebce0c1c98253cc73ca14dc24e9b6d8f18bdae4b9d7c,bb1e40647a9c37e273d5bdbc6548737ac54f97d57165cf7dab41967121609992,RegisterCommittee,9c29759089ef9ae60d105c6c83deb319439128f2d2812a376e8601c194267891,38.497544,1.781533,2061.570062,2101.849139
cap32-measured-15,15,measured,32,559e0bb531b3e4330c532e624d546d616c7849eb,sha256:532a8ccbe2aa5cc8d5d789fd51537f7e03d80aa07758509b75d4e14f13d76079,727569fd3708d1afec11b52eb220e7d0f43d08e13aaf9d73c88a990da981917a,8680d8f3d9060cdbc4ab584a2d83d09f0bad38f909c0d52c286be9574cb4a1b6,True,True,True,False,False,True,a5fff373f1086cc5c01aebce0c1c98253cc73ca14dc24e9b6d8f18bdae4b9d7c,bb1e40647a9c37e273d5bdbc6548737ac54f97d57165cf7dab41967121609992,RegisterInputAttestorKey,f67eaef37ab9179d8c98d283708cb65b6e9e51b971716b842984fb71da896b3b,17.119768,1.931283,2070.305384,2089.356435
cap32-measured-15,15,measured,32,559e0bb531b3e4330c532e624d546d616c7849eb,sha256:532a8ccbe2aa5cc8d5d789fd51537f7e03d80aa07758509b75d4e14f13d76079,727569fd3708d1afec11b52eb220e7d0f43d08e13aaf9d73c88a990da981917a,8680d8f3d9060cdbc4ab584a2d83d09f0bad38f909c0d52c286be9574cb4a1b6,True,True,True,False,False,True,a5fff373f1086cc5c01aebce0c1c98253cc73ca14dc24e9b6d8f18bdae4b9d7c,bb1e40647a9c37e273d5bdbc6548737ac54f97d57165cf7dab41967121609992,SubmitInputCommitment,5aa905bbc6c36091d9a0dc58efa5ab231a991e6af79f035f759b1b6d81cb23ea,33.734231,1.959027,2086.451363,2122.144621
cap32-measured-15,15,measured,32,559e0bb531b3e4330c532e624d546d616c7849eb,sha256:532a8ccbe2aa5cc8d5d789fd51537f7e03d80aa07758509b75d4e14f13d76079,727569fd3708d1afec11b52eb220e7d0f43d08e13aaf9d73c88a990da981917a,8680d8f3d9060cdbc4ab584a2d83d09f0bad38f909c0d52c286be9574cb4a1b6,True,True,True,False,False,True,a5fff373f1086cc5c01aebce0c1c98253cc73ca14dc24e9b6d8f18bdae4b9d7c,bb1e40647a9c37e273d5bdbc6548737ac54f97d57165cf7dab41967121609992,SubmitInputCommitment,9a6722d8d64e88f3f98cbff79ce7746b513faaf53ace1ab390c2bb9c76470efb,30.226277,1.940648,2085.161857,2117.328782
cap32-measured-15,15,measured,32,559e0bb531b3e4330c532e624d546d616c7849eb,sha256:532a8ccbe2aa5cc8d5d789fd51537f7e03d80aa07758509b75d4e14f13d76079,727569fd3708d1afec11b52eb220e7d0f43d08e13aaf9d73c88a990da981917a,8680d8f3d9060cdbc4ab584a2d83d09f0bad38f909c0d52c286be9574cb4a1b6,True,True,True,False,False,True,a5fff373f1086cc5c01aebce0c1c98253cc73ca14dc24e9b6d8f18bdae4b9d7c,bb1e40647a9c37e273d5bdbc6548737ac54f97d57165cf7dab41967121609992,SubmitSessionInput,f8b6efeed1881384f3d66ae259754a08e9a2b8eb699b4875d8fc0679c1421e65,57.370829,1.823704,2072.095435,2131.289968
cap32-measured-15,15,measured,32,559e0bb531b3e4330c532e624d546d616c7849eb,sha256:532a8ccbe2aa5cc8d5d789fd51537f7e03d80aa07758509b75d4e14f13d76079,727569fd3708d1afec11b52eb220e7d0f43d08e13aaf9d73c88a990da981917a,8680d8f3d9060cdbc4ab584a2d83d09f0bad38f909c0d52c286be9574cb4a1b6,True,True,True,False,False,True,a5fff373f1086cc5c01aebce0c1c98253cc73ca14dc24e9b6d8f18bdae4b9d7c,bb1e40647a9c37e273d5bdbc6548737ac54f97d57165cf7dab41967121609992,RecordPartyExecution,e7af8f5051a365dd2be8d2e28aa7e2e4a5edb0f309edbc1bbc43e33dba3434aa,27.460232,1.900005,2077.979405,2107.339642
cap32-measured-15,15,measured,32,559e0bb531b3e4330c532e624d546d616c7849eb,sha256:532a8ccbe2aa5cc8d5d789fd51537f7e03d80aa07758509b75d4e14f13d76079,727569fd3708d1afec11b52eb220e7d0f43d08e13aaf9d73c88a990da981917a,8680d8f3d9060cdbc4ab584a2d83d09f0bad38f909c0d52c286be9574cb4a1b6,True,True,True,False,False,True,a5fff373f1086cc5c01aebce0c1c98253cc73ca14dc24e9b6d8f18bdae4b9d7c,bb1e40647a9c37e273d5bdbc6548737ac54f97d57165cf7dab41967121609992,RecordPartyExecution,bbef176afc4c369afa2185c7263e4c30cad3af7ee87a287040855f69b6d5aea0,22.468243,1.986788,2067.535448,2091.990479
cap32-measured-15,15,measured,32,559e0bb531b3e4330c532e624d546d616c7849eb,sha256:532a8ccbe2aa5cc8d5d789fd51537f7e03d80aa07758509b75d4e14f13d76079,727569fd3708d1afec11b52eb220e7d0f43d08e13aaf9d73c88a990da981917a,8680d8f3d9060cdbc4ab584a2d83d09f0bad38f909c0d52c286be9574cb4a1b6,True,True,True,False,False,True,a5fff373f1086cc5c01aebce0c1c98253cc73ca14dc24e9b6d8f18bdae4b9d7c,bb1e40647a9c37e273d5bdbc6548737ac54f97d57165cf7dab41967121609992,RecordPartyExecution,45c6f1bd2f65e6cf178d4116634039a9169e00e7cfd1b8a9bbffb45cfc901ac0,17.788081,1.977224,2084.530852,2104.296157
cap32-measured-15,15,measured,32,559e0bb531b3e4330c532e624d546d616c7849eb,sha256:532a8ccbe2aa5cc8d5d789fd51537f7e03d80aa07758509b75d4e14f13d76079,727569fd3708d1afec11b52eb220e7d0f43d08e13aaf9d73c88a990da981917a,8680d8f3d9060cdbc4ab584a2d83d09f0bad38f909c0d52c286be9574cb4a1b6,True,True,True,False,False,True,a5fff373f1086cc5c01aebce0c1c98253cc73ca14dc24e9b6d8f18bdae4b9d7c,bb1e40647a9c37e273d5bdbc6548737ac54f97d57165cf7dab41967121609992,FinalizeSession,0ffa545776392b86509053a910dcf2ffab667993469c495f4339feb5fec99771,37.641707,1.852487,2067.424491,2106.918685
cap32-measured-16,16,measured,32,559e0bb531b3e4330c532e624d546d616c7849eb,sha256:532a8ccbe2aa5cc8d5d789fd51537f7e03d80aa07758509b75d4e14f13d76079,986d24b79629a3ea743fd8497b01dec9748615733cb90ff49939bcfc87d877b2,045d0ca6449409590388a5bfe52f18a31274cb377924b22614cfe4c6c19890fc,True,True,True,False,False,True,8ef59f2532cb9b34daa9c89aac515a2383a6afb69d7224e6b1a6a1199591fe20,902a01d76b3524a7871c8da8286b7c007967c495d0cccfb74c5c7f64eac1489e,RegisterCommittee,03ca162d9b73624b3d35f51f273096c7990486db3eae7a88795160022a079ea1,39.37208,2.197206,2058.887666,2100.456952
cap32-measured-16,16,measured,32,559e0bb531b3e4330c532e624d546d616c7849eb,sha256:532a8ccbe2aa5cc8d5d789fd51537f7e03d80aa07758509b75d4e14f13d76079,986d24b79629a3ea743fd8497b01dec9748615733cb90ff49939bcfc87d877b2,045d0ca6449409590388a5bfe52f18a31274cb377924b22614cfe4c6c19890fc,True,True,True,False,False,True,8ef59f2532cb9b34daa9c89aac515a2383a6afb69d7224e6b1a6a1199591fe20,902a01d76b3524a7871c8da8286b7c007967c495d0cccfb74c5c7f64eac1489e,RegisterInputAttestorKey,542753d4152543f3891b231d03bc11ddab3db6f520b44dcd78b8498eb250cb12,13.656627,1.580307,2061.529671,2076.766605
cap32-measured-16,16,measured,32,559e0bb531b3e4330c532e624d546d616c7849eb,sha256:532a8ccbe2aa5cc8d5d789fd51537f7e03d80aa07758509b75d4e14f13d76079,986d24b79629a3ea743fd8497b01dec9748615733cb90ff49939bcfc87d877b2,045d0ca6449409590388a5bfe52f18a31274cb377924b22614cfe4c6c19890fc,True,True,True,False,False,True,8ef59f2532cb9b34daa9c89aac515a2383a6afb69d7224e6b1a6a1199591fe20,902a01d76b3524a7871c8da8286b7c007967c495d0cccfb74c5c7f64eac1489e,SubmitInputCommitment,d99bb57b92d75040847f98303ade2665d68a0eeb39d19772c35ac0a79d2eb89e,36.440268,1.750269,2082.234532,2120.425069
cap32-measured-16,16,measured,32,559e0bb531b3e4330c532e624d546d616c7849eb,sha256:532a8ccbe2aa5cc8d5d789fd51537f7e03d80aa07758509b75d4e14f13d76079,986d24b79629a3ea743fd8497b01dec9748615733cb90ff49939bcfc87d877b2,045d0ca6449409590388a5bfe52f18a31274cb377924b22614cfe4c6c19890fc,True,True,True,False,False,True,8ef59f2532cb9b34daa9c89aac515a2383a6afb69d7224e6b1a6a1199591fe20,902a01d76b3524a7871c8da8286b7c007967c495d0cccfb74c5c7f64eac1489e,SubmitInputCommitment,610933b8fc04edd243072b860de3d8b3fd64411787848a975811de73406d0709,30.300954,1.892437,2069.823756,2102.017147
cap32-measured-16,16,measured,32,559e0bb531b3e4330c532e624d546d616c7849eb,sha256:532a8ccbe2aa5cc8d5d789fd51537f7e03d80aa07758509b75d4e14f13d76079,986d24b79629a3ea743fd8497b01dec9748615733cb90ff49939bcfc87d877b2,045d0ca6449409590388a5bfe52f18a31274cb377924b22614cfe4c6c19890fc,True,True,True,False,False,True,8ef59f2532cb9b34daa9c89aac515a2383a6afb69d7224e6b1a6a1199591fe20,902a01d76b3524a7871c8da8286b7c007967c495d0cccfb74c5c7f64eac1489e,SubmitSessionInput,b1d10ad022dacb44289ec12f9b4d6723a594e00de4e69eecd9a0dc93a52b9455,55.684127,2.607642,2076.622305,2134.914074
cap32-measured-16,16,measured,32,559e0bb531b3e4330c532e624d546d616c7849eb,sha256:532a8ccbe2aa5cc8d5d789fd51537f7e03d80aa07758509b75d4e14f13d76079,986d24b79629a3ea743fd8497b01dec9748615733cb90ff49939bcfc87d877b2,045d0ca6449409590388a5bfe52f18a31274cb377924b22614cfe4c6c19890fc,True,True,True,False,False,True,8ef59f2532cb9b34daa9c89aac515a2383a6afb69d7224e6b1a6a1199591fe20,902a01d76b3524a7871c8da8286b7c007967c495d0cccfb74c5c7f64eac1489e,RecordPartyExecution,1a9340cb15fe1502f2d9f4036f56e467eaf86ffb23afe2a67ffbddee79ba64d2,47.480268,3.228571,2077.796313,2128.505152
cap32-measured-16,16,measured,32,559e0bb531b3e4330c532e624d546d616c7849eb,sha256:532a8ccbe2aa5cc8d5d789fd51537f7e03d80aa07758509b75d4e14f13d76079,986d24b79629a3ea743fd8497b01dec9748615733cb90ff49939bcfc87d877b2,045d0ca6449409590388a5bfe52f18a31274cb377924b22614cfe4c6c19890fc,True,True,True,False,False,True,8ef59f2532cb9b34daa9c89aac515a2383a6afb69d7224e6b1a6a1199591fe20,902a01d76b3524a7871c8da8286b7c007967c495d0cccfb74c5c7f64eac1489e,RecordPartyExecution,8f917f697d0deaefba3cec1c0d4277625023a0553800ac7c2a4447de73217858,17.547325,2.056655,2065.736172,2085.340152
cap32-measured-16,16,measured,32,559e0bb531b3e4330c532e624d546d616c7849eb,sha256:532a8ccbe2aa5cc8d5d789fd51537f7e03d80aa07758509b75d4e14f13d76079,986d24b79629a3ea743fd8497b01dec9748615733cb90ff49939bcfc87d877b2,045d0ca6449409590388a5bfe52f18a31274cb377924b22614cfe4c6c19890fc,True,True,True,False,False,True,8ef59f2532cb9b34daa9c89aac515a2383a6afb69d7224e6b1a6a1199591fe20,902a01d76b3524a7871c8da8286b7c007967c495d0cccfb74c5c7f64eac1489e,RecordPartyExecution,6b72838843ea509e19ef793e63f6a81f8da93d202414b0d75d5853ecd84c8890,16.936373,1.664716,2061.236701,2079.83779
cap32-measured-16,16,measured,32,559e0bb531b3e4330c532e624d546d616c7849eb,sha256:532a8ccbe2aa5cc8d5d789fd51537f7e03d80aa07758509b75d4e14f13d76079,986d24b79629a3ea743fd8497b01dec9748615733cb90ff49939bcfc87d877b2,045d0ca6449409590388a5bfe52f18a31274cb377924b22614cfe4c6c19890fc,True,True,True,False,False,True,8ef59f2532cb9b34daa9c89aac515a2383a6afb69d7224e6b1a6a1199591fe20,902a01d76b3524a7871c8da8286b7c007967c495d0cccfb74c5c7f64eac1489e,FinalizeSession,e496dab8296e516bfe2a553f9617240172756ca6bdedec4868f0a09689b9e682,55.787681,3.108202,2060.221877,2119.11776
cap32-measured-17,17,measured,32,559e0bb531b3e4330c532e624d546d616c7849eb,sha256:532a8ccbe2aa5cc8d5d789fd51537f7e03d80aa07758509b75d4e14f13d76079,78f56306dcb74d5d3ea70077a2edf692adb5b46aabde547905f2840a1c9e7c6c,9ac90af1b7f35d9f8a603708ec89a455398d3f4d1db49a59424e86601fd0b20b,True,True,True,False,False,True,a8ade0dbe7ad22299be495f75bbf69e122ba9713d2f21d7dbeffc51184161cd4,9bade85af263e1453f00f4f3a2d7c1f842edd7ad306107a0503eb908833ffa1c,RegisterCommittee,4ed711271fa67e8d08469ccdaa8074754ed367c313f045fff41d26f6293a1bbd,38.679993,2.176306,2063.540421,2104.39672
cap32-measured-17,17,measured,32,559e0bb531b3e4330c532e624d546d616c7849eb,sha256:532a8ccbe2aa5cc8d5d789fd51537f7e03d80aa07758509b75d4e14f13d76079,78f56306dcb74d5d3ea70077a2edf692adb5b46aabde547905f2840a1c9e7c6c,9ac90af1b7f35d9f8a603708ec89a455398d3f4d1db49a59424e86601fd0b20b,True,True,True,False,False,True,a8ade0dbe7ad22299be495f75bbf69e122ba9713d2f21d7dbeffc51184161cd4,9bade85af263e1453f00f4f3a2d7c1f842edd7ad306107a0503eb908833ffa1c,RegisterInputAttestorKey,28397132f2eab8c8a940d0ea83cc2d792590e75104efec6a8b36b43e6704f973,13.356568,1.691724,2061.740376,2076.788668
cap32-measured-17,17,measured,32,559e0bb531b3e4330c532e624d546d616c7849eb,sha256:532a8ccbe2aa5cc8d5d789fd51537f7e03d80aa07758509b75d4e14f13d76079,78f56306dcb74d5d3ea70077a2edf692adb5b46aabde547905f2840a1c9e7c6c,9ac90af1b7f35d9f8a603708ec89a455398d3f4d1db49a59424e86601fd0b20b,True,True,True,False,False,True,a8ade0dbe7ad22299be495f75bbf69e122ba9713d2f21d7dbeffc51184161cd4,9bade85af263e1453f00f4f3a2d7c1f842edd7ad306107a0503eb908833ffa1c,SubmitInputCommitment,e7c55f6c35899cf21495ca3e24103f7cdacfe9988fd6eec407f85e4c46f9ad0d,32.984771,1.674879,2070.085138,2104.744788
cap32-measured-17,17,measured,32,559e0bb531b3e4330c532e624d546d616c7849eb,sha256:532a8ccbe2aa5cc8d5d789fd51537f7e03d80aa07758509b75d4e14f13d76079,78f56306dcb74d5d3ea70077a2edf692adb5b46aabde547905f2840a1c9e7c6c,9ac90af1b7f35d9f8a603708ec89a455398d3f4d1db49a59424e86601fd0b20b,True,True,True,False,False,True,a8ade0dbe7ad22299be495f75bbf69e122ba9713d2f21d7dbeffc51184161cd4,9bade85af263e1453f00f4f3a2d7c1f842edd7ad306107a0503eb908833ffa1c,SubmitInputCommitment,cad07d0ecdbb3efacf2d56b0185701b66a6050dcedfc5b9b41771f0cf2006c10,35.034312,1.865994,2071.670757,2108.571063
cap32-measured-17,17,measured,32,559e0bb531b3e4330c532e624d546d616c7849eb,sha256:532a8ccbe2aa5cc8d5d789fd51537f7e03d80aa07758509b75d4e14f13d76079,78f56306dcb74d5d3ea70077a2edf692adb5b46aabde547905f2840a1c9e7c6c,9ac90af1b7f35d9f8a603708ec89a455398d3f4d1db49a59424e86601fd0b20b,True,True,True,False,False,True,a8ade0dbe7ad22299be495f75bbf69e122ba9713d2f21d7dbeffc51184161cd4,9bade85af263e1453f00f4f3a2d7c1f842edd7ad306107a0503eb908833ffa1c,SubmitSessionInput,4ebe9a96867d03ff79c03e9e9e2c197eb5e4d4d3b04308a9eb102a529957cce4,61.634718,1.92255,2060.039716,2123.596984
cap32-measured-17,17,measured,32,559e0bb531b3e4330c532e624d546d616c7849eb,sha256:532a8ccbe2aa5cc8d5d789fd51537f7e03d80aa07758509b75d4e14f13d76079,78f56306dcb74d5d3ea70077a2edf692adb5b46aabde547905f2840a1c9e7c6c,9ac90af1b7f35d9f8a603708ec89a455398d3f4d1db49a59424e86601fd0b20b,True,True,True,False,False,True,a8ade0dbe7ad22299be495f75bbf69e122ba9713d2f21d7dbeffc51184161cd4,9bade85af263e1453f00f4f3a2d7c1f842edd7ad306107a0503eb908833ffa1c,RecordPartyExecution,7cc6491d7ed24639010e7ed9d15643c54f20ac692324d8b06cc8f53419c039bb,25.646638,1.865784,2074.633699,2102.146121
cap32-measured-17,17,measured,32,559e0bb531b3e4330c532e624d546d616c7849eb,sha256:532a8ccbe2aa5cc8d5d789fd51537f7e03d80aa07758509b75d4e14f13d76079,78f56306dcb74d5d3ea70077a2edf692adb5b46aabde547905f2840a1c9e7c6c,9ac90af1b7f35d9f8a603708ec89a455398d3f4d1db49a59424e86601fd0b20b,True,True,True,False,False,True,a8ade0dbe7ad22299be495f75bbf69e122ba9713d2f21d7dbeffc51184161cd4,9bade85af263e1453f00f4f3a2d7c1f842edd7ad306107a0503eb908833ffa1c,RecordPartyExecution,9781c5fc701db7045b51a0941d8d070405a391edb7c0387f1cb9d6d2a20439d7,17.076395,1.653552,2068.420577,2087.150524
cap32-measured-17,17,measured,32,559e0bb531b3e4330c532e624d546d616c7849eb,sha256:532a8ccbe2aa5cc8d5d789fd51537f7e03d80aa07758509b75d4e14f13d76079,78f56306dcb74d5d3ea70077a2edf692adb5b46aabde547905f2840a1c9e7c6c,9ac90af1b7f35d9f8a603708ec89a455398d3f4d1db49a59424e86601fd0b20b,True,True,True,False,False,True,a8ade0dbe7ad22299be495f75bbf69e122ba9713d2f21d7dbeffc51184161cd4,9bade85af263e1453f00f4f3a2d7c1f842edd7ad306107a0503eb908833ffa1c,RecordPartyExecution,a53e885379e5d3e40012ef9c36119dfa0fa33c1b7505ac052b140b9c46d7251a,17.987956,1.614584,2063.306336,2082.908876
cap32-measured-17,17,measured,32,559e0bb531b3e4330c532e624d546d616c7849eb,sha256:532a8ccbe2aa5cc8d5d789fd51537f7e03d80aa07758509b75d4e14f13d76079,78f56306dcb74d5d3ea70077a2edf692adb5b46aabde547905f2840a1c9e7c6c,9ac90af1b7f35d9f8a603708ec89a455398d3f4d1db49a59424e86601fd0b20b,True,True,True,False,False,True,a8ade0dbe7ad22299be495f75bbf69e122ba9713d2f21d7dbeffc51184161cd4,9bade85af263e1453f00f4f3a2d7c1f842edd7ad306107a0503eb908833ffa1c,FinalizeSession,6e676e49bc5d47b4ed56870d7d22b47a90e72c626256b5c3eb4368806caf289c,34.772254,1.889322,2061.307047,2097.968623
cap32-measured-18,18,measured,32,559e0bb531b3e4330c532e624d546d616c7849eb,sha256:532a8ccbe2aa5cc8d5d789fd51537f7e03d80aa07758509b75d4e14f13d76079,8042a27018eb9e44eeddf468e18e3fddf387a3bca4e53815388a9e86e1a2cc99,3b381fad43689383d6becd7387bc5ca05222b2656760be8e01c647f79491d2ac,True,True,True,False,False,True,b82a2e6660bbcffa41bc710fa2f5dedd4ece7af377702ba14ae890e0202f8a49,94d7aaa6a19bd1354ac8c10e9ecb4c1099f002a5c1e5ea8e6d36c6d1498618ad,RegisterCommittee,c2b115bd29ee2e4556a7547ffcb1bdd75f68b47213844c0e5182187dd13389c3,39.327925,1.75513,2056.203372,2097.286427
cap32-measured-18,18,measured,32,559e0bb531b3e4330c532e624d546d616c7849eb,sha256:532a8ccbe2aa5cc8d5d789fd51537f7e03d80aa07758509b75d4e14f13d76079,8042a27018eb9e44eeddf468e18e3fddf387a3bca4e53815388a9e86e1a2cc99,3b381fad43689383d6becd7387bc5ca05222b2656760be8e01c647f79491d2ac,True,True,True,False,False,True,b82a2e6660bbcffa41bc710fa2f5dedd4ece7af377702ba14ae890e0202f8a49,94d7aaa6a19bd1354ac8c10e9ecb4c1099f002a5c1e5ea8e6d36c6d1498618ad,RegisterInputAttestorKey,c107d5aa7f907ec26a2384a458565a0d056370d4fb36748eb4a785af704dc16f,14.441658,1.656092,2071.876697,2087.974447
cap32-measured-18,18,measured,32,559e0bb531b3e4330c532e624d546d616c7849eb,sha256:532a8ccbe2aa5cc8d5d789fd51537f7e03d80aa07758509b75d4e14f13d76079,8042a27018eb9e44eeddf468e18e3fddf387a3bca4e53815388a9e86e1a2cc99,3b381fad43689383d6becd7387bc5ca05222b2656760be8e01c647f79491d2ac,True,True,True,False,False,True,b82a2e6660bbcffa41bc710fa2f5dedd4ece7af377702ba14ae890e0202f8a49,94d7aaa6a19bd1354ac8c10e9ecb4c1099f002a5c1e5ea8e6d36c6d1498618ad,SubmitInputCommitment,ac1a1036305c1d3bf590ee96581a8b52b3b1eee4150dd0c4a23115e39e05fc74,34.878655,1.905307,2080.818505,2117.602467
cap32-measured-18,18,measured,32,559e0bb531b3e4330c532e624d546d616c7849eb,sha256:532a8ccbe2aa5cc8d5d789fd51537f7e03d80aa07758509b75d4e14f13d76079,8042a27018eb9e44eeddf468e18e3fddf387a3bca4e53815388a9e86e1a2cc99,3b381fad43689383d6becd7387bc5ca05222b2656760be8e01c647f79491d2ac,True,True,True,False,False,True,b82a2e6660bbcffa41bc710fa2f5dedd4ece7af377702ba14ae890e0202f8a49,94d7aaa6a19bd1354ac8c10e9ecb4c1099f002a5c1e5ea8e6d36c6d1498618ad,SubmitInputCommitment,a8319e45255ead381781245aba4dee08c41de568515544a78aa5df3ec2420059,28.817676,2.380371,2064.566967,2095.765014
cap32-measured-18,18,measured,32,559e0bb531b3e4330c532e624d546d616c7849eb,sha256:532a8ccbe2aa5cc8d5d789fd51537f7e03d80aa07758509b75d4e14f13d76079,8042a27018eb9e44eeddf468e18e3fddf387a3bca4e53815388a9e86e1a2cc99,3b381fad43689383d6becd7387bc5ca05222b2656760be8e01c647f79491d2ac,True,True,True,False,False,True,b82a2e6660bbcffa41bc710fa2f5dedd4ece7af377702ba14ae890e0202f8a49,94d7aaa6a19bd1354ac8c10e9ecb4c1099f002a5c1e5ea8e6d36c6d1498618ad,SubmitSessionInput,06aa0433c550d858670b4157b724f3dac6c47935ff94c4dbe3a9ad2a72a1e225,53.645929,1.759918,2057.495875,2112.901722
cap32-measured-18,18,measured,32,559e0bb531b3e4330c532e624d546d616c7849eb,sha256:532a8ccbe2aa5cc8d5d789fd51537f7e03d80aa07758509b75d4e14f13d76079,8042a27018eb9e44eeddf468e18e3fddf387a3bca4e53815388a9e86e1a2cc99,3b381fad43689383d6becd7387bc5ca05222b2656760be8e01c647f79491d2ac,True,True,True,False,False,True,b82a2e6660bbcffa41bc710fa2f5dedd4ece7af377702ba14ae890e0202f8a49,94d7aaa6a19bd1354ac8c10e9ecb4c1099f002a5c1e5ea8e6d36c6d1498618ad,RecordPartyExecution,37f1735a66a6982c30bc8ea54b4abdc7d3c6355200b87d9d1c536fdf8634fcbe,51.522687,3.537768,2079.232165,2134.29262
cap32-measured-18,18,measured,32,559e0bb531b3e4330c532e624d546d616c7849eb,sha256:532a8ccbe2aa5cc8d5d789fd51537f7e03d80aa07758509b75d4e14f13d76079,8042a27018eb9e44eeddf468e18e3fddf387a3bca4e53815388a9e86e1a2cc99,3b381fad43689383d6becd7387bc5ca05222b2656760be8e01c647f79491d2ac,True,True,True,False,False,True,b82a2e6660bbcffa41bc710fa2f5dedd4ece7af377702ba14ae890e0202f8a49,94d7aaa6a19bd1354ac8c10e9ecb4c1099f002a5c1e5ea8e6d36c6d1498618ad,RecordPartyExecution,d43a59b0470391fcb73401f3375a7f89fbd04bab9818b8ec1f43f1a3630bb6de,24.111499,3.893282,2054.752885,2082.757666
cap32-measured-18,18,measured,32,559e0bb531b3e4330c532e624d546d616c7849eb,sha256:532a8ccbe2aa5cc8d5d789fd51537f7e03d80aa07758509b75d4e14f13d76079,8042a27018eb9e44eeddf468e18e3fddf387a3bca4e53815388a9e86e1a2cc99,3b381fad43689383d6becd7387bc5ca05222b2656760be8e01c647f79491d2ac,True,True,True,False,False,True,b82a2e6660bbcffa41bc710fa2f5dedd4ece7af377702ba14ae890e0202f8a49,94d7aaa6a19bd1354ac8c10e9ecb4c1099f002a5c1e5ea8e6d36c6d1498618ad,RecordPartyExecution,37cac958ba8c8cbb17632959b6d943c84af63e36f5fc9f88610a3e16d7d3ea7c,15.441141,1.899434,2059.160892,2076.501467
cap32-measured-18,18,measured,32,559e0bb531b3e4330c532e624d546d616c7849eb,sha256:532a8ccbe2aa5cc8d5d789fd51537f7e03d80aa07758509b75d4e14f13d76079,8042a27018eb9e44eeddf468e18e3fddf387a3bca4e53815388a9e86e1a2cc99,3b381fad43689383d6becd7387bc5ca05222b2656760be8e01c647f79491d2ac,True,True,True,False,False,True,b82a2e6660bbcffa41bc710fa2f5dedd4ece7af377702ba14ae890e0202f8a49,94d7aaa6a19bd1354ac8c10e9ecb4c1099f002a5c1e5ea8e6d36c6d1498618ad,FinalizeSession,732b901d67010dfed1b0c5096cb30cafefabcc3dc1723a4ffb78b94833706feb,32.179379,2.489258,2063.811812,2098.480449
cap32-measured-19,19,measured,32,559e0bb531b3e4330c532e624d546d616c7849eb,sha256:532a8ccbe2aa5cc8d5d789fd51537f7e03d80aa07758509b75d4e14f13d76079,a5fda43ee4009210e4166e1915232ac81544fe072bda4fa96f4fbc88127de4a3,b5f26f4808a587caf1877bed2b6d64a32a5d8b36b6c628313f2d445bd36678e8,True,True,True,False,False,True,29927fef7b2b90e7a8297f61ddb76e178060d046d30d604762af61e57aa07cdd,08345d839c20653f846d25f77e41dac60a5556628ec79f5321a59f8118896d89,RegisterCommittee,5bf1c18f37906510b43c9c5a21f7ae816874cece302463c5e70949f486002880,34.866177,1.603177,2064.883923,2101.353277
cap32-measured-19,19,measured,32,559e0bb531b3e4330c532e624d546d616c7849eb,sha256:532a8ccbe2aa5cc8d5d789fd51537f7e03d80aa07758509b75d4e14f13d76079,a5fda43ee4009210e4166e1915232ac81544fe072bda4fa96f4fbc88127de4a3,b5f26f4808a587caf1877bed2b6d64a32a5d8b36b6c628313f2d445bd36678e8,True,True,True,False,False,True,29927fef7b2b90e7a8297f61ddb76e178060d046d30d604762af61e57aa07cdd,08345d839c20653f846d25f77e41dac60a5556628ec79f5321a59f8118896d89,RegisterInputAttestorKey,c850ae542d7d0ca63f5a2c27904b18484c1f9df5a28337f00832581706d4e1a1,13.605643,1.766932,2055.226601,2070.599176
cap32-measured-19,19,measured,32,559e0bb531b3e4330c532e624d546d616c7849eb,sha256:532a8ccbe2aa5cc8d5d789fd51537f7e03d80aa07758509b75d4e14f13d76079,a5fda43ee4009210e4166e1915232ac81544fe072bda4fa96f4fbc88127de4a3,b5f26f4808a587caf1877bed2b6d64a32a5d8b36b6c628313f2d445bd36678e8,True,True,True,False,False,True,29927fef7b2b90e7a8297f61ddb76e178060d046d30d604762af61e57aa07cdd,08345d839c20653f846d25f77e41dac60a5556628ec79f5321a59f8118896d89,SubmitInputCommitment,f656ea774f595ee566552fd6d29ed988693a471828251177e78fd097376d874f,35.420904,2.335196,2065.314526,2103.070626
cap32-measured-19,19,measured,32,559e0bb531b3e4330c532e624d546d616c7849eb,sha256:532a8ccbe2aa5cc8d5d789fd51537f7e03d80aa07758509b75d4e14f13d76079,a5fda43ee4009210e4166e1915232ac81544fe072bda4fa96f4fbc88127de4a3,b5f26f4808a587caf1877bed2b6d64a32a5d8b36b6c628313f2d445bd36678e8,True,True,True,False,False,True,29927fef7b2b90e7a8297f61ddb76e178060d046d30d604762af61e57aa07cdd,08345d839c20653f846d25f77e41dac60a5556628ec79f5321a59f8118896d89,SubmitInputCommitment,771cece5ba84e0fbaa3a44d114d67229df1acf8595a254eef1b50f21829ea75d,29.808232,2.066831,2069.138001,2101.013064
cap32-measured-19,19,measured,32,559e0bb531b3e4330c532e624d546d616c7849eb,sha256:532a8ccbe2aa5cc8d5d789fd51537f7e03d80aa07758509b75d4e14f13d76079,a5fda43ee4009210e4166e1915232ac81544fe072bda4fa96f4fbc88127de4a3,b5f26f4808a587caf1877bed2b6d64a32a5d8b36b6c628313f2d445bd36678e8,True,True,True,False,False,True,29927fef7b2b90e7a8297f61ddb76e178060d046d30d604762af61e57aa07cdd,08345d839c20653f846d25f77e41dac60a5556628ec79f5321a59f8118896d89,SubmitSessionInput,63849354c51d20a7c528d4a7426c057fd4384a9ec7c08622bb85cba30a3ac236,54.117065,2.097383,2065.038159,2121.252607
cap32-measured-19,19,measured,32,559e0bb531b3e4330c532e624d546d616c7849eb,sha256:532a8ccbe2aa5cc8d5d789fd51537f7e03d80aa07758509b75d4e14f13d76079,a5fda43ee4009210e4166e1915232ac81544fe072bda4fa96f4fbc88127de4a3,b5f26f4808a587caf1877bed2b6d64a32a5d8b36b6c628313f2d445bd36678e8,True,True,True,False,False,True,29927fef7b2b90e7a8297f61ddb76e178060d046d30d604762af61e57aa07cdd,08345d839c20653f846d25f77e41dac60a5556628ec79f5321a59f8118896d89,RecordPartyExecution,6bc716347fcfa8a8b39da4fbb4f53043d0a1f4192d926428ce448f8a84548802,61.790608,4.093128,2072.244344,2138.12808
cap32-measured-19,19,measured,32,559e0bb531b3e4330c532e624d546d616c7849eb,sha256:532a8ccbe2aa5cc8d5d789fd51537f7e03d80aa07758509b75d4e14f13d76079,a5fda43ee4009210e4166e1915232ac81544fe072bda4fa96f4fbc88127de4a3,b5f26f4808a587caf1877bed2b6d64a32a5d8b36b6c628313f2d445bd36678e8,True,True,True,False,False,True,29927fef7b2b90e7a8297f61ddb76e178060d046d30d604762af61e57aa07cdd,08345d839c20653f846d25f77e41dac60a5556628ec79f5321a59f8118896d89,RecordPartyExecution,ace170068b827aac0b7121816c2891ef5c731861c74dae6ea3983db741c79cbc,19.799743,2.043542,2063.319689,2085.162974
cap32-measured-19,19,measured,32,559e0bb531b3e4330c532e624d546d616c7849eb,sha256:532a8ccbe2aa5cc8d5d789fd51537f7e03d80aa07758509b75d4e14f13d76079,a5fda43ee4009210e4166e1915232ac81544fe072bda4fa96f4fbc88127de4a3,b5f26f4808a587caf1877bed2b6d64a32a5d8b36b6c628313f2d445bd36678e8,True,True,True,False,False,True,29927fef7b2b90e7a8297f61ddb76e178060d046d30d604762af61e57aa07cdd,08345d839c20653f846d25f77e41dac60a5556628ec79f5321a59f8118896d89,RecordPartyExecution,618729293b55d7f90704e7ce563d81e9b6c349a69a26020125a9b6151608b276,13.280619,1.638901,2060.288803,2075.208323
cap32-measured-19,19,measured,32,559e0bb531b3e4330c532e624d546d616c7849eb,sha256:532a8ccbe2aa5cc8d5d789fd51537f7e03d80aa07758509b75d4e14f13d76079,a5fda43ee4009210e4166e1915232ac81544fe072bda4fa96f4fbc88127de4a3,b5f26f4808a587caf1877bed2b6d64a32a5d8b36b6c628313f2d445bd36678e8,True,True,True,False,False,True,29927fef7b2b90e7a8297f61ddb76e178060d046d30d604762af61e57aa07cdd,08345d839c20653f846d25f77e41dac60a5556628ec79f5321a59f8118896d89,FinalizeSession,d823ba80cb4dbb5a4b7f336ea34d04c343287da741b3857f07886d12585ead98,32.653565,2.115076,2061.369899,2096.13854
cap32-measured-20,20,measured,32,559e0bb531b3e4330c532e624d546d616c7849eb,sha256:532a8ccbe2aa5cc8d5d789fd51537f7e03d80aa07758509b75d4e14f13d76079,c1ab71a7b237126f22b0901cd294c979c3531564b1ac341830827ecba64e8040,4b4feaa84b62b8503831a20f25ccbb59d46e4c3860659cef2e6c1e0825f7b596,True,True,True,False,False,True,79d6743e5b111f1d6dc76e1b01331d7fe350296dd560621460ed1813af047c2d,4791562ef7420ed6856f9a195b5263d44793fe711dc1ba36377454b23ed30842,RegisterCommittee,eb5a432b1c250a1cf5016d386ee94b5f3df39cfdc4c9ec15c9f025a5973d7533,40.687728,1.962729,2061.677002,2104.327459
cap32-measured-20,20,measured,32,559e0bb531b3e4330c532e624d546d616c7849eb,sha256:532a8ccbe2aa5cc8d5d789fd51537f7e03d80aa07758509b75d4e14f13d76079,c1ab71a7b237126f22b0901cd294c979c3531564b1ac341830827ecba64e8040,4b4feaa84b62b8503831a20f25ccbb59d46e4c3860659cef2e6c1e0825f7b596,True,True,True,False,False,True,79d6743e5b111f1d6dc76e1b01331d7fe350296dd560621460ed1813af047c2d,4791562ef7420ed6856f9a195b5263d44793fe711dc1ba36377454b23ed30842,RegisterInputAttestorKey,eb0568f46e9bc984711990c3bb7c1bd81517c0ddda55066a5540b6b3e502e53e,13.439099,1.938941,2057.5151,2072.89314
cap32-measured-20,20,measured,32,559e0bb531b3e4330c532e624d546d616c7849eb,sha256:532a8ccbe2aa5cc8d5d789fd51537f7e03d80aa07758509b75d4e14f13d76079,c1ab71a7b237126f22b0901cd294c979c3531564b1ac341830827ecba64e8040,4b4feaa84b62b8503831a20f25ccbb59d46e4c3860659cef2e6c1e0825f7b596,True,True,True,False,False,True,79d6743e5b111f1d6dc76e1b01331d7fe350296dd560621460ed1813af047c2d,4791562ef7420ed6856f9a195b5263d44793fe711dc1ba36377454b23ed30842,SubmitInputCommitment,cd216cacad773b7fe4722033d22e710fe309d78fded1b33a786632103f1b64b9,31.137033,2.328748,2078.67674,2112.142521
cap32-measured-20,20,measured,32,559e0bb531b3e4330c532e624d546d616c7849eb,sha256:532a8ccbe2aa5cc8d5d789fd51537f7e03d80aa07758509b75d4e14f13d76079,c1ab71a7b237126f22b0901cd294c979c3531564b1ac341830827ecba64e8040,4b4feaa84b62b8503831a20f25ccbb59d46e4c3860659cef2e6c1e0825f7b596,True,True,True,False,False,True,79d6743e5b111f1d6dc76e1b01331d7fe350296dd560621460ed1813af047c2d,4791562ef7420ed6856f9a195b5263d44793fe711dc1ba36377454b23ed30842,SubmitInputCommitment,f2df8080fc9c1106f087963b5e2d3f99006599e5c21df3a9e4ec124a1d0dfe9f,28.131217,1.837765,2082.480255,2112.449237
cap32-measured-20,20,measured,32,559e0bb531b3e4330c532e624d546d616c7849eb,sha256:532a8ccbe2aa5cc8d5d789fd51537f7e03d80aa07758509b75d4e14f13d76079,c1ab71a7b237126f22b0901cd294c979c3531564b1ac341830827ecba64e8040,4b4feaa84b62b8503831a20f25ccbb59d46e4c3860659cef2e6c1e0825f7b596,True,True,True,False,False,True,79d6743e5b111f1d6dc76e1b01331d7fe350296dd560621460ed1813af047c2d,4791562ef7420ed6856f9a195b5263d44793fe711dc1ba36377454b23ed30842,SubmitSessionInput,51ee02691336c49c7d1afb764e6bb389cbbee4266ed9c8fde704111d5538fdc9,68.162218,1.802281,2076.109542,2146.074041
cap32-measured-20,20,measured,32,559e0bb531b3e4330c532e624d546d616c7849eb,sha256:532a8ccbe2aa5cc8d5d789fd51537f7e03d80aa07758509b75d4e14f13d76079,c1ab71a7b237126f22b0901cd294c979c3531564b1ac341830827ecba64e8040,4b4feaa84b62b8503831a20f25ccbb59d46e4c3860659cef2e6c1e0825f7b596,True,True,True,False,False,True,79d6743e5b111f1d6dc76e1b01331d7fe350296dd560621460ed1813af047c2d,4791562ef7420ed6856f9a195b5263d44793fe711dc1ba36377454b23ed30842,RecordPartyExecution,3815dfc5c2fa94d78fbd3e5946e1e70380f7dc12f35225775e60bc2a8df04978,27.090748,1.747087,2083.240573,2112.078408
cap32-measured-20,20,measured,32,559e0bb531b3e4330c532e624d546d616c7849eb,sha256:532a8ccbe2aa5cc8d5d789fd51537f7e03d80aa07758509b75d4e14f13d76079,c1ab71a7b237126f22b0901cd294c979c3531564b1ac341830827ecba64e8040,4b4feaa84b62b8503831a20f25ccbb59d46e4c3860659cef2e6c1e0825f7b596,True,True,True,False,False,True,79d6743e5b111f1d6dc76e1b01331d7fe350296dd560621460ed1813af047c2d,4791562ef7420ed6856f9a195b5263d44793fe711dc1ba36377454b23ed30842,RecordPartyExecution,7e141b14dcec13eb2d7767e4a4e54a02a9850d9065993b299475099ce0bbd7e6,17.123046,1.85571,2054.85907,2073.837826
cap32-measured-20,20,measured,32,559e0bb531b3e4330c532e624d546d616c7849eb,sha256:532a8ccbe2aa5cc8d5d789fd51537f7e03d80aa07758509b75d4e14f13d76079,c1ab71a7b237126f22b0901cd294c979c3531564b1ac341830827ecba64e8040,4b4feaa84b62b8503831a20f25ccbb59d46e4c3860659cef2e6c1e0825f7b596,True,True,True,False,False,True,79d6743e5b111f1d6dc76e1b01331d7fe350296dd560621460ed1813af047c2d,4791562ef7420ed6856f9a195b5263d44793fe711dc1ba36377454b23ed30842,RecordPartyExecution,f3f77db4ed4c3bd4079abe69076713999eac1208a16329bc2f83fde6b4f41945,16.747594,1.574755,2067.964517,2086.286866
cap32-measured-20,20,measured,32,559e0bb531b3e4330c532e624d546d616c7849eb,sha256:532a8ccbe2aa5cc8d5d789fd51537f7e03d80aa07758509b75d4e14f13d76079,c1ab71a7b237126f22b0901cd294c979c3531564b1ac341830827ecba64e8040,4b4feaa84b62b8503831a20f25ccbb59d46e4c3860659cef2e6c1e0825f7b596,True,True,True,False,False,True,79d6743e5b111f1d6dc76e1b01331d7fe350296dd560621460ed1813af047c2d,4791562ef7420ed6856f9a195b5263d44793fe711dc1ba36377454b23ed30842,FinalizeSession,30a8b01eaec5f7517169ce3ce2d19bbc80e09aae0c64711a7b37f1d5f44b121d,33.763045,2.035326,2054.491277,2090.289648
cap32-measured-21,21,measured,32,559e0bb531b3e4330c532e624d546d616c7849eb,sha256:532a8ccbe2aa5cc8d5d789fd51537f7e03d80aa07758509b75d4e14f13d76079,5a3f9f2134f3c19e9cd87f7130973a427d456fbe55ac841463727cda48194f33,8227a952f7d9538141681f848fd1bcffc5877bb5c87aebfc5c8e3c23027aa584,True,True,True,False,False,True,38ca1946bc24f1158b1beaf58f4d9c4e02ef462288709310fc37bc69453b71f1,ce4ce40aed6aeb299133f6a49500e31f9f2077d0a10303e86e66574f873fd709,RegisterCommittee,ff6904e7013411a999100f8bc17ff7c2b5e34933cda567092873ca99cfebaeaa,42.785965,2.26291,2070.026364,2115.075239
cap32-measured-21,21,measured,32,559e0bb531b3e4330c532e624d546d616c7849eb,sha256:532a8ccbe2aa5cc8d5d789fd51537f7e03d80aa07758509b75d4e14f13d76079,5a3f9f2134f3c19e9cd87f7130973a427d456fbe55ac841463727cda48194f33,8227a952f7d9538141681f848fd1bcffc5877bb5c87aebfc5c8e3c23027aa584,True,True,True,False,False,True,38ca1946bc24f1158b1beaf58f4d9c4e02ef462288709310fc37bc69453b71f1,ce4ce40aed6aeb299133f6a49500e31f9f2077d0a10303e86e66574f873fd709,RegisterInputAttestorKey,4cb23331d100a5410e8ae239a0d2a487c54b157c5e4362823b57c7b0d3cf6371,11.796306,1.680071,2060.23915,2073.715527
cap32-measured-21,21,measured,32,559e0bb531b3e4330c532e624d546d616c7849eb,sha256:532a8ccbe2aa5cc8d5d789fd51537f7e03d80aa07758509b75d4e14f13d76079,5a3f9f2134f3c19e9cd87f7130973a427d456fbe55ac841463727cda48194f33,8227a952f7d9538141681f848fd1bcffc5877bb5c87aebfc5c8e3c23027aa584,True,True,True,False,False,True,38ca1946bc24f1158b1beaf58f4d9c4e02ef462288709310fc37bc69453b71f1,ce4ce40aed6aeb299133f6a49500e31f9f2077d0a10303e86e66574f873fd709,SubmitInputCommitment,e1b8b053b4099c3df0ca3d35ee450bce1e6ce4022acaa2bc225dccb1492226b6,36.587347,2.536951,2068.041311,2107.165609
cap32-measured-21,21,measured,32,559e0bb531b3e4330c532e624d546d616c7849eb,sha256:532a8ccbe2aa5cc8d5d789fd51537f7e03d80aa07758509b75d4e14f13d76079,5a3f9f2134f3c19e9cd87f7130973a427d456fbe55ac841463727cda48194f33,8227a952f7d9538141681f848fd1bcffc5877bb5c87aebfc5c8e3c23027aa584,True,True,True,False,False,True,38ca1946bc24f1158b1beaf58f4d9c4e02ef462288709310fc37bc69453b71f1,ce4ce40aed6aeb299133f6a49500e31f9f2077d0a10303e86e66574f873fd709,SubmitInputCommitment,f4d1b7c100c308704e0aa028f5600ca94cbd56dba61e06a5cb3d10e89834c7a6,33.396065,1.972327,2066.702298,2102.07069
cap32-measured-21,21,measured,32,559e0bb531b3e4330c532e624d546d616c7849eb,sha256:532a8ccbe2aa5cc8d5d789fd51537f7e03d80aa07758509b75d4e14f13d76079,5a3f9f2134f3c19e9cd87f7130973a427d456fbe55ac841463727cda48194f33,8227a952f7d9538141681f848fd1bcffc5877bb5c87aebfc5c8e3c23027aa584,True,True,True,False,False,True,38ca1946bc24f1158b1beaf58f4d9c4e02ef462288709310fc37bc69453b71f1,ce4ce40aed6aeb299133f6a49500e31f9f2077d0a10303e86e66574f873fd709,SubmitSessionInput,7334d6d2cf8c8af17ab25014c68682c77e2e6f57b121ab8b6133198c3e4b1f30,51.852489,2.269666,2059.343814,2113.465969
cap32-measured-21,21,measured,32,559e0bb531b3e4330c532e624d546d616c7849eb,sha256:532a8ccbe2aa5cc8d5d789fd51537f7e03d80aa07758509b75d4e14f13d76079,5a3f9f2134f3c19e9cd87f7130973a427d456fbe55ac841463727cda48194f33,8227a952f7d9538141681f848fd1bcffc5877bb5c87aebfc5c8e3c23027aa584,True,True,True,False,False,True,38ca1946bc24f1158b1beaf58f4d9c4e02ef462288709310fc37bc69453b71f1,ce4ce40aed6aeb299133f6a49500e31f9f2077d0a10303e86e66574f873fd709,RecordPartyExecution,dda21c080f892691f9afeaf5790d77da542f94aacb43762a5336434acd150736,29.951066,1.71843,2069.871914,2101.54141
cap32-measured-21,21,measured,32,559e0bb531b3e4330c532e624d546d616c7849eb,sha256:532a8ccbe2aa5cc8d5d789fd51537f7e03d80aa07758509b75d4e14f13d76079,5a3f9f2134f3c19e9cd87f7130973a427d456fbe55ac841463727cda48194f33,8227a952f7d9538141681f848fd1bcffc5877bb5c87aebfc5c8e3c23027aa584,True,True,True,False,False,True,38ca1946bc24f1158b1beaf58f4d9c4e02ef462288709310fc37bc69453b71f1,ce4ce40aed6aeb299133f6a49500e31f9f2077d0a10303e86e66574f873fd709,RecordPartyExecution,9c8c26e23929f28b532ac7e07662893b273a0185da4a1c096d22e5713952c2ca,21.006892,3.24097,2056.978404,2081.226266
cap32-measured-21,21,measured,32,559e0bb531b3e4330c532e624d546d616c7849eb,sha256:532a8ccbe2aa5cc8d5d789fd51537f7e03d80aa07758509b75d4e14f13d76079,5a3f9f2134f3c19e9cd87f7130973a427d456fbe55ac841463727cda48194f33,8227a952f7d9538141681f848fd1bcffc5877bb5c87aebfc5c8e3c23027aa584,True,True,True,False,False,True,38ca1946bc24f1158b1beaf58f4d9c4e02ef462288709310fc37bc69453b71f1,ce4ce40aed6aeb299133f6a49500e31f9f2077d0a10303e86e66574f873fd709,RecordPartyExecution,34092aea1220fa406b7b9564fff9b3ad1be1e60adf41dedac9c6060a2094b0a5,16.351396,1.576795,2060.267787,2078.195978
cap32-measured-21,21,measured,32,559e0bb531b3e4330c532e624d546d616c7849eb,sha256:532a8ccbe2aa5cc8d5d789fd51537f7e03d80aa07758509b75d4e14f13d76079,5a3f9f2134f3c19e9cd87f7130973a427d456fbe55ac841463727cda48194f33,8227a952f7d9538141681f848fd1bcffc5877bb5c87aebfc5c8e3c23027aa584,True,True,True,False,False,True,38ca1946bc24f1158b1beaf58f4d9c4e02ef462288709310fc37bc69453b71f1,ce4ce40aed6aeb299133f6a49500e31f9f2077d0a10303e86e66574f873fd709,FinalizeSession,91c38118888966f11979bac6f08afe665e17797927fa1e39360a0ecfd0ad9cd5,37.157258,2.032999,2062.968833,2102.15909
cap32-measured-22,22,measured,32,559e0bb531b3e4330c532e624d546d616c7849eb,sha256:532a8ccbe2aa5cc8d5d789fd51537f7e03d80aa07758509b75d4e14f13d76079,ebd6936aeb0f82c9e02409f35cebc266cc35eb01d4a2a9a0f5bcc92f2db3e638,42f9bd2e1f83cba214de2b6206df744c7e4b655131b49576856f02560dfd5f5f,True,True,True,False,False,True,54eea0ece9656abad4bc8fc864bf8d0c5fc9d507502368b212566858ec3c9ad4,fe547b56bb60e7ceff4c491a74ae08e4ac592820736e6df2a13d89ed41855262,RegisterCommittee,159daf73bd69b9bbe214721c07ba1d4bf1870e9734072d6f82cc110bdbbbcfcc,40.004546,1.864508,2067.580981,2109.450035
cap32-measured-22,22,measured,32,559e0bb531b3e4330c532e624d546d616c7849eb,sha256:532a8ccbe2aa5cc8d5d789fd51537f7e03d80aa07758509b75d4e14f13d76079,ebd6936aeb0f82c9e02409f35cebc266cc35eb01d4a2a9a0f5bcc92f2db3e638,42f9bd2e1f83cba214de2b6206df744c7e4b655131b49576856f02560dfd5f5f,True,True,True,False,False,True,54eea0ece9656abad4bc8fc864bf8d0c5fc9d507502368b212566858ec3c9ad4,fe547b56bb60e7ceff4c491a74ae08e4ac592820736e6df2a13d89ed41855262,RegisterInputAttestorKey,34a5523cfbb84e4871a077fbcc2fe61c216fb377e9e53231b3c133bbd19efd46,15.351976,1.711467,2061.024678,2078.088121
cap32-measured-22,22,measured,32,559e0bb531b3e4330c532e624d546d616c7849eb,sha256:532a8ccbe2aa5cc8d5d789fd51537f7e03d80aa07758509b75d4e14f13d76079,ebd6936aeb0f82c9e02409f35cebc266cc35eb01d4a2a9a0f5bcc92f2db3e638,42f9bd2e1f83cba214de2b6206df744c7e4b655131b49576856f02560dfd5f5f,True,True,True,False,False,True,54eea0ece9656abad4bc8fc864bf8d0c5fc9d507502368b212566858ec3c9ad4,fe547b56bb60e7ceff4c491a74ae08e4ac592820736e6df2a13d89ed41855262,SubmitInputCommitment,17b173f0f7d6ae64567dff3990b2ea6a040e8258981d4a25a0e6302a532bae3f,41.247371,4.08781,2075.82608,2121.161261
cap32-measured-22,22,measured,32,559e0bb531b3e4330c532e624d546d616c7849eb,sha256:532a8ccbe2aa5cc8d5d789fd51537f7e03d80aa07758509b75d4e14f13d76079,ebd6936aeb0f82c9e02409f35cebc266cc35eb01d4a2a9a0f5bcc92f2db3e638,42f9bd2e1f83cba214de2b6206df744c7e4b655131b49576856f02560dfd5f5f,True,True,True,False,False,True,54eea0ece9656abad4bc8fc864bf8d0c5fc9d507502368b212566858ec3c9ad4,fe547b56bb60e7ceff4c491a74ae08e4ac592820736e6df2a13d89ed41855262,SubmitInputCommitment,1cc7aeb98568ef2c67f35ed50ab45f37f489b2508db6b9a7af06e5a999c54bcc,27.993273,2.003644,2073.509875,2103.506792
cap32-measured-22,22,measured,32,559e0bb531b3e4330c532e624d546d616c7849eb,sha256:532a8ccbe2aa5cc8d5d789fd51537f7e03d80aa07758509b75d4e14f13d76079,ebd6936aeb0f82c9e02409f35cebc266cc35eb01d4a2a9a0f5bcc92f2db3e638,42f9bd2e1f83cba214de2b6206df744c7e4b655131b49576856f02560dfd5f5f,True,True,True,False,False,True,54eea0ece9656abad4bc8fc864bf8d0c5fc9d507502368b212566858ec3c9ad4,fe547b56bb60e7ceff4c491a74ae08e4ac592820736e6df2a13d89ed41855262,SubmitSessionInput,521d916c142a1667437a0391255caebeb729ff801f2571620ebffec4eeddcfad,58.478246,2.424231,2062.25012,2123.152597
cap32-measured-22,22,measured,32,559e0bb531b3e4330c532e624d546d616c7849eb,sha256:532a8ccbe2aa5cc8d5d789fd51537f7e03d80aa07758509b75d4e14f13d76079,ebd6936aeb0f82c9e02409f35cebc266cc35eb01d4a2a9a0f5bcc92f2db3e638,42f9bd2e1f83cba214de2b6206df744c7e4b655131b49576856f02560dfd5f5f,True,True,True,False,False,True,54eea0ece9656abad4bc8fc864bf8d0c5fc9d507502368b212566858ec3c9ad4,fe547b56bb60e7ceff4c491a74ae08e4ac592820736e6df2a13d89ed41855262,RecordPartyExecution,4292857c4d729839ff1b2534f01b5a578bff5993ab56aa2faa24200b6abb8c3b,40.279906,2.43315,2080.097318,2122.810374
cap32-measured-22,22,measured,32,559e0bb531b3e4330c532e624d546d616c7849eb,sha256:532a8ccbe2aa5cc8d5d789fd51537f7e03d80aa07758509b75d4e14f13d76079,ebd6936aeb0f82c9e02409f35cebc266cc35eb01d4a2a9a0f5bcc92f2db3e638,42f9bd2e1f83cba214de2b6206df744c7e4b655131b49576856f02560dfd5f5f,True,True,True,False,False,True,54eea0ece9656abad4bc8fc864bf8d0c5fc9d507502368b212566858ec3c9ad4,fe547b56bb60e7ceff4c491a74ae08e4ac592820736e6df2a13d89ed41855262,RecordPartyExecution,0f2cbb97c2f6b57608109f8eaa192b1aeda55fdeb1159aa277a9d1f1bd21710d,22.732369,1.949895,2059.004277,2083.686541
cap32-measured-22,22,measured,32,559e0bb531b3e4330c532e624d546d616c7849eb,sha256:532a8ccbe2aa5cc8d5d789fd51537f7e03d80aa07758509b75d4e14f13d76079,ebd6936aeb0f82c9e02409f35cebc266cc35eb01d4a2a9a0f5bcc92f2db3e638,42f9bd2e1f83cba214de2b6206df744c7e4b655131b49576856f02560dfd5f5f,True,True,True,False,False,True,54eea0ece9656abad4bc8fc864bf8d0c5fc9d507502368b212566858ec3c9ad4,fe547b56bb60e7ceff4c491a74ae08e4ac592820736e6df2a13d89ed41855262,RecordPartyExecution,abcd0e1ff5e5604b88673acd94c06302b977322fe7155e619f25484c74102d2a,16.607866,2.022586,2058.200088,2076.83054
cap32-measured-22,22,measured,32,559e0bb531b3e4330c532e624d546d616c7849eb,sha256:532a8ccbe2aa5cc8d5d789fd51537f7e03d80aa07758509b75d4e14f13d76079,ebd6936aeb0f82c9e02409f35cebc266cc35eb01d4a2a9a0f5bcc92f2db3e638,42f9bd2e1f83cba214de2b6206df744c7e4b655131b49576856f02560dfd5f5f,True,True,True,False,False,True,54eea0ece9656abad4bc8fc864bf8d0c5fc9d507502368b212566858ec3c9ad4,fe547b56bb60e7ceff4c491a74ae08e4ac592820736e6df2a13d89ed41855262,FinalizeSession,0659f416d64990938159483c61aac82e0182cee92d9f3a417e341a92a407302e,38.060178,2.231104,2065.208208,2105.49949
cap32-measured-23,23,measured,32,559e0bb531b3e4330c532e624d546d616c7849eb,sha256:532a8ccbe2aa5cc8d5d789fd51537f7e03d80aa07758509b75d4e14f13d76079,036ed3e17f4589f069a83789f29ff23b2670a44c275a8468025ff6b85a95eb93,02ae8ec1fcd27c6de88aed4e0a30d767f5a73690c991e8f2ceabab32e6fd391f,True,True,True,False,False,True,6d874291f058d5c69daaacaaaa8eda99834b8c8c324531f5ac4dc94c26ad5953,5d291548c8a389172a107921fdce23bf3dbce35fb4e3dd2caa8552b6b7f23636,RegisterCommittee,1c83a24295ca012840df8d5b912e0688161e7cbb1ed557c00e32df9b7a27ca1c,37.122189,1.944205,2057.289831,2096.356225
cap32-measured-23,23,measured,32,559e0bb531b3e4330c532e624d546d616c7849eb,sha256:532a8ccbe2aa5cc8d5d789fd51537f7e03d80aa07758509b75d4e14f13d76079,036ed3e17f4589f069a83789f29ff23b2670a44c275a8468025ff6b85a95eb93,02ae8ec1fcd27c6de88aed4e0a30d767f5a73690c991e8f2ceabab32e6fd391f,True,True,True,False,False,True,6d874291f058d5c69daaacaaaa8eda99834b8c8c324531f5ac4dc94c26ad5953,5d291548c8a389172a107921fdce23bf3dbce35fb4e3dd2caa8552b6b7f23636,RegisterInputAttestorKey,f4ed8e6099f20347bc80ba8bacc114ca8e8286d94d23ee214219a52558bf8d9b,11.728306,1.708631,2059.516211,2072.953148
cap32-measured-23,23,measured,32,559e0bb531b3e4330c532e624d546d616c7849eb,sha256:532a8ccbe2aa5cc8d5d789fd51537f7e03d80aa07758509b75d4e14f13d76079,036ed3e17f4589f069a83789f29ff23b2670a44c275a8468025ff6b85a95eb93,02ae8ec1fcd27c6de88aed4e0a30d767f5a73690c991e8f2ceabab32e6fd391f,True,True,True,False,False,True,6d874291f058d5c69daaacaaaa8eda99834b8c8c324531f5ac4dc94c26ad5953,5d291548c8a389172a107921fdce23bf3dbce35fb4e3dd2caa8552b6b7f23636,SubmitInputCommitment,e3244c769537c2906fe815f9cbdc19a4a7f636b1d008eeff0f13d3757099b7a8,39.272917,1.935994,2086.008316,2127.217227
cap32-measured-23,23,measured,32,559e0bb531b3e4330c532e624d546d616c7849eb,sha256:532a8ccbe2aa5cc8d5d789fd51537f7e03d80aa07758509b75d4e14f13d76079,036ed3e17f4589f069a83789f29ff23b2670a44c275a8468025ff6b85a95eb93,02ae8ec1fcd27c6de88aed4e0a30d767f5a73690c991e8f2ceabab32e6fd391f,True,True,True,False,False,True,6d874291f058d5c69daaacaaaa8eda99834b8c8c324531f5ac4dc94c26ad5953,5d291548c8a389172a107921fdce23bf3dbce35fb4e3dd2caa8552b6b7f23636,SubmitInputCommitment,b062bf0083cf81adc8d67fae4893803cabfb36c8dda4549d2497e46ea20e4bda,33.438431,2.460391,2078.42023,2114.319052
cap32-measured-23,23,measured,32,559e0bb531b3e4330c532e624d546d616c7849eb,sha256:532a8ccbe2aa5cc8d5d789fd51537f7e03d80aa07758509b75d4e14f13d76079,036ed3e17f4589f069a83789f29ff23b2670a44c275a8468025ff6b85a95eb93,02ae8ec1fcd27c6de88aed4e0a30d767f5a73690c991e8f2ceabab32e6fd391f,True,True,True,False,False,True,6d874291f058d5c69daaacaaaa8eda99834b8c8c324531f5ac4dc94c26ad5953,5d291548c8a389172a107921fdce23bf3dbce35fb4e3dd2caa8552b6b7f23636,SubmitSessionInput,ca51f4dfe4ea3394259c275d95a250decc811922e9376639be751b4b17d61e82,59.276146,2.147536,2068.223037,2129.646719
cap32-measured-23,23,measured,32,559e0bb531b3e4330c532e624d546d616c7849eb,sha256:532a8ccbe2aa5cc8d5d789fd51537f7e03d80aa07758509b75d4e14f13d76079,036ed3e17f4589f069a83789f29ff23b2670a44c275a8468025ff6b85a95eb93,02ae8ec1fcd27c6de88aed4e0a30d767f5a73690c991e8f2ceabab32e6fd391f,True,True,True,False,False,True,6d874291f058d5c69daaacaaaa8eda99834b8c8c324531f5ac4dc94c26ad5953,5d291548c8a389172a107921fdce23bf3dbce35fb4e3dd2caa8552b6b7f23636,RecordPartyExecution,92fd0697fcc3f1053166d2cbc526873ef83699a8ea631be53a1e2a907503599b,30.811028,2.207657,2082.259684,2115.278369
cap32-measured-23,23,measured,32,559e0bb531b3e4330c532e624d546d616c7849eb,sha256:532a8ccbe2aa5cc8d5d789fd51537f7e03d80aa07758509b75d4e14f13d76079,036ed3e17f4589f069a83789f29ff23b2670a44c275a8468025ff6b85a95eb93,02ae8ec1fcd27c6de88aed4e0a30d767f5a73690c991e8f2ceabab32e6fd391f,True,True,True,False,False,True,6d874291f058d5c69daaacaaaa8eda99834b8c8c324531f5ac4dc94c26ad5953,5d291548c8a389172a107921fdce23bf3dbce35fb4e3dd2caa8552b6b7f23636,RecordPartyExecution,1c684c1f4e2a489d673374c4dca2b14a860e0855fe5ba83a850b659edee8fbf0,17.308556,1.833794,2068.911988,2088.054338
cap32-measured-23,23,measured,32,559e0bb531b3e4330c532e624d546d616c7849eb,sha256:532a8ccbe2aa5cc8d5d789fd51537f7e03d80aa07758509b75d4e14f13d76079,036ed3e17f4589f069a83789f29ff23b2670a44c275a8468025ff6b85a95eb93,02ae8ec1fcd27c6de88aed4e0a30d767f5a73690c991e8f2ceabab32e6fd391f,True,True,True,False,False,True,6d874291f058d5c69daaacaaaa8eda99834b8c8c324531f5ac4dc94c26ad5953,5d291548c8a389172a107921fdce23bf3dbce35fb4e3dd2caa8552b6b7f23636,RecordPartyExecution,07e514b708bd78424f09cc2c5b087ccf474fc11b60aaab669a2e84b247a67049,14.261507,1.583652,2064.944803,2080.789962
cap32-measured-23,23,measured,32,559e0bb531b3e4330c532e624d546d616c7849eb,sha256:532a8ccbe2aa5cc8d5d789fd51537f7e03d80aa07758509b75d4e14f13d76079,036ed3e17f4589f069a83789f29ff23b2670a44c275a8468025ff6b85a95eb93,02ae8ec1fcd27c6de88aed4e0a30d767f5a73690c991e8f2ceabab32e6fd391f,True,True,True,False,False,True,6d874291f058d5c69daaacaaaa8eda99834b8c8c324531f5ac4dc94c26ad5953,5d291548c8a389172a107921fdce23bf3dbce35fb4e3dd2caa8552b6b7f23636,FinalizeSession,0adddcd5405522db6eba32cda441f59b6c1a2550ab4e49e265a4a10401b49558,33.286624,1.549675,2062.651366,2097.487665
cap32-measured-24,24,measured,32,559e0bb531b3e4330c532e624d546d616c7849eb,sha256:532a8ccbe2aa5cc8d5d789fd51537f7e03d80aa07758509b75d4e14f13d76079,e51858353c74db2c21eb09e2e149b9db326a2d07f716d1c5ce80cbde27400f7d,c7d53bf3680a309096885dd286512cba2540aa82bbeefc4742f69db98ae6191c,True,True,True,False,False,True,234adc9bc7dd17bfa97c31d13bc039a6f6902465bdf4cc153c491172a6927a2a,4ef1e30a794fb68d3e13e129906d689f818ddeada67bffdec0ddcd6387c15b78,RegisterCommittee,51df7c0c2257443b99098b39343285716a9f0a009332b6bedca7486441a53daa,35.137489,1.769288,2070.115621,2107.022398
cap32-measured-24,24,measured,32,559e0bb531b3e4330c532e624d546d616c7849eb,sha256:532a8ccbe2aa5cc8d5d789fd51537f7e03d80aa07758509b75d4e14f13d76079,e51858353c74db2c21eb09e2e149b9db326a2d07f716d1c5ce80cbde27400f7d,c7d53bf3680a309096885dd286512cba2540aa82bbeefc4742f69db98ae6191c,True,True,True,False,False,True,234adc9bc7dd17bfa97c31d13bc039a6f6902465bdf4cc153c491172a6927a2a,4ef1e30a794fb68d3e13e129906d689f818ddeada67bffdec0ddcd6387c15b78,RegisterInputAttestorKey,e76bfd5215f5fb7fbfd844c6b6b544eaad54c0e2f0a22e466e3c0debaa500c34,13.485164,1.607144,2058.206835,2073.299143
cap32-measured-24,24,measured,32,559e0bb531b3e4330c532e624d546d616c7849eb,sha256:532a8ccbe2aa5cc8d5d789fd51537f7e03d80aa07758509b75d4e14f13d76079,e51858353c74db2c21eb09e2e149b9db326a2d07f716d1c5ce80cbde27400f7d,c7d53bf3680a309096885dd286512cba2540aa82bbeefc4742f69db98ae6191c,True,True,True,False,False,True,234adc9bc7dd17bfa97c31d13bc039a6f6902465bdf4cc153c491172a6927a2a,4ef1e30a794fb68d3e13e129906d689f818ddeada67bffdec0ddcd6387c15b78,SubmitInputCommitment,f8ae5cfefa6d803107ecbffec98fda7c2de5b8029417f2dd1734ecdf10c94723,32.627684,1.796475,2065.200701,2099.62486
cap32-measured-24,24,measured,32,559e0bb531b3e4330c532e624d546d616c7849eb,sha256:532a8ccbe2aa5cc8d5d789fd51537f7e03d80aa07758509b75d4e14f13d76079,e51858353c74db2c21eb09e2e149b9db326a2d07f716d1c5ce80cbde27400f7d,c7d53bf3680a309096885dd286512cba2540aa82bbeefc4742f69db98ae6191c,True,True,True,False,False,True,234adc9bc7dd17bfa97c31d13bc039a6f6902465bdf4cc153c491172a6927a2a,4ef1e30a794fb68d3e13e129906d689f818ddeada67bffdec0ddcd6387c15b78,SubmitInputCommitment,7ba0d98ecbf0af138a12ef3671769f2a7b9e0f4513d8b1e2aa1ecaf6ab6c213b,27.485694,1.814793,2068.341359,2097.641846
cap32-measured-24,24,measured,32,559e0bb531b3e4330c532e624d546d616c7849eb,sha256:532a8ccbe2aa5cc8d5d789fd51537f7e03d80aa07758509b75d4e14f13d76079,e51858353c74db2c21eb09e2e149b9db326a2d07f716d1c5ce80cbde27400f7d,c7d53bf3680a309096885dd286512cba2540aa82bbeefc4742f69db98ae6191c,True,True,True,False,False,True,234adc9bc7dd17bfa97c31d13bc039a6f6902465bdf4cc153c491172a6927a2a,4ef1e30a794fb68d3e13e129906d689f818ddeada67bffdec0ddcd6387c15b78,SubmitSessionInput,9b54f2c3ce895b6a80093edfaa02d0edded68811ef4a822125ecf9949f5a220d,51.785808,1.844402,2072.736502,2126.366712
cap32-measured-24,24,measured,32,559e0bb531b3e4330c532e624d546d616c7849eb,sha256:532a8ccbe2aa5cc8d5d789fd51537f7e03d80aa07758509b75d4e14f13d76079,e51858353c74db2c21eb09e2e149b9db326a2d07f716d1c5ce80cbde27400f7d,c7d53bf3680a309096885dd286512cba2540aa82bbeefc4742f69db98ae6191c,True,True,True,False,False,True,234adc9bc7dd17bfa97c31d13bc039a6f6902465bdf4cc153c491172a6927a2a,4ef1e30a794fb68d3e13e129906d689f818ddeada67bffdec0ddcd6387c15b78,RecordPartyExecution,acb65875770eca90a063817be9370b638ba9e04a684436646471e23a2b8a80c6,30.422582,1.714179,2068.945407,2101.082168
cap32-measured-24,24,measured,32,559e0bb531b3e4330c532e624d546d616c7849eb,sha256:532a8ccbe2aa5cc8d5d789fd51537f7e03d80aa07758509b75d4e14f13d76079,e51858353c74db2c21eb09e2e149b9db326a2d07f716d1c5ce80cbde27400f7d,c7d53bf3680a309096885dd286512cba2540aa82bbeefc4742f69db98ae6191c,True,True,True,False,False,True,234adc9bc7dd17bfa97c31d13bc039a6f6902465bdf4cc153c491172a6927a2a,4ef1e30a794fb68d3e13e129906d689f818ddeada67bffdec0ddcd6387c15b78,RecordPartyExecution,5d4d3b58a7d6994b35f90a5e2b17243fb573e87c85c3bed1b56af11adc3444cd,21.245948,1.737895,2061.372761,2084.356604
cap32-measured-24,24,measured,32,559e0bb531b3e4330c532e624d546d616c7849eb,sha256:532a8ccbe2aa5cc8d5d789fd51537f7e03d80aa07758509b75d4e14f13d76079,e51858353c74db2c21eb09e2e149b9db326a2d07f716d1c5ce80cbde27400f7d,c7d53bf3680a309096885dd286512cba2540aa82bbeefc4742f69db98ae6191c,True,True,True,False,False,True,234adc9bc7dd17bfa97c31d13bc039a6f6902465bdf4cc153c491172a6927a2a,4ef1e30a794fb68d3e13e129906d689f818ddeada67bffdec0ddcd6387c15b78,RecordPartyExecution,7825139b8bceec22797b7922b4a0b348e768cf98f5119e20763d9e8829ed6a95,17.917742,1.826794,2058.940769,2078.685305
cap32-measured-24,24,measured,32,559e0bb531b3e4330c532e624d546d616c7849eb,sha256:532a8ccbe2aa5cc8d5d789fd51537f7e03d80aa07758509b75d4e14f13d76079,e51858353c74db2c21eb09e2e149b9db326a2d07f716d1c5ce80cbde27400f7d,c7d53bf3680a309096885dd286512cba2540aa82bbeefc4742f69db98ae6191c,True,True,True,False,False,True,234adc9bc7dd17bfa97c31d13bc039a6f6902465bdf4cc153c491172a6927a2a,4ef1e30a794fb68d3e13e129906d689f818ddeada67bffdec0ddcd6387c15b78,FinalizeSession,dc5bc0435eaafe24394050e9b935f162e09706af818dc87e024acf0b6ef1f83e,39.332647,1.977802,2065.690871,2107.00132
cap32-measured-25,25,measured,32,559e0bb531b3e4330c532e624d546d616c7849eb,sha256:532a8ccbe2aa5cc8d5d789fd51537f7e03d80aa07758509b75d4e14f13d76079,71f5e4696172ed54b66bd36ec87a16ebbcbc7855f9a0e24d63a5f3edefcaaafc,7e4f8c71f0b54b4142702a946a1da66eed33528bb26d3fb6a862c69f81672fc3,True,True,True,False,False,True,9e7173aeb6f6468caa961d8c4f967a8d5debd85b4ca11d1cbdf95db7310897e5,d01e4ffe324375f60d20e1c8d4e2ceabc810f99171e81fe6f7413ae109d1cfd2,RegisterCommittee,a7fe5f8232a5bcb252c742e444be57c71c0c08f8eeea87dc411f7c622b3e752c,36.168707,1.578223,2085.568099,2123.315029
cap32-measured-25,25,measured,32,559e0bb531b3e4330c532e624d546d616c7849eb,sha256:532a8ccbe2aa5cc8d5d789fd51537f7e03d80aa07758509b75d4e14f13d76079,71f5e4696172ed54b66bd36ec87a16ebbcbc7855f9a0e24d63a5f3edefcaaafc,7e4f8c71f0b54b4142702a946a1da66eed33528bb26d3fb6a862c69f81672fc3,True,True,True,False,False,True,9e7173aeb6f6468caa961d8c4f967a8d5debd85b4ca11d1cbdf95db7310897e5,d01e4ffe324375f60d20e1c8d4e2ceabc810f99171e81fe6f7413ae109d1cfd2,RegisterInputAttestorKey,5ec7be8e9333847599b4cdd8e687429527a3bab5e60a173e1ee4cc1a61415075,12.246961,1.730723,2068.295746,2082.27343
cap32-measured-25,25,measured,32,559e0bb531b3e4330c532e624d546d616c7849eb,sha256:532a8ccbe2aa5cc8d5d789fd51537f7e03d80aa07758509b75d4e14f13d76079,71f5e4696172ed54b66bd36ec87a16ebbcbc7855f9a0e24d63a5f3edefcaaafc,7e4f8c71f0b54b4142702a946a1da66eed33528bb26d3fb6a862c69f81672fc3,True,True,True,False,False,True,9e7173aeb6f6468caa961d8c4f967a8d5debd85b4ca11d1cbdf95db7310897e5,d01e4ffe324375f60d20e1c8d4e2ceabc810f99171e81fe6f7413ae109d1cfd2,SubmitInputCommitment,fffe5cbed27ae96d5a4b0ac0a40fce038a0a1b5ac97604849f4022be2cd6e404,34.618786,2.994832,2076.382873,2113.996491
cap32-measured-25,25,measured,32,559e0bb531b3e4330c532e624d546d616c7849eb,sha256:532a8ccbe2aa5cc8d5d789fd51537f7e03d80aa07758509b75d4e14f13d76079,71f5e4696172ed54b66bd36ec87a16ebbcbc7855f9a0e24d63a5f3edefcaaafc,7e4f8c71f0b54b4142702a946a1da66eed33528bb26d3fb6a862c69f81672fc3,True,True,True,False,False,True,9e7173aeb6f6468caa961d8c4f967a8d5debd85b4ca11d1cbdf95db7310897e5,d01e4ffe324375f60d20e1c8d4e2ceabc810f99171e81fe6f7413ae109d1cfd2,SubmitInputCommitment,56346588e2b44f38661486ad285d0441c694bf2f7302f06222fd568ba45f2a59,31.264589,1.876683,2070.591237,2103.732509
cap32-measured-25,25,measured,32,559e0bb531b3e4330c532e624d546d616c7849eb,sha256:532a8ccbe2aa5cc8d5d789fd51537f7e03d80aa07758509b75d4e14f13d76079,71f5e4696172ed54b66bd36ec87a16ebbcbc7855f9a0e24d63a5f3edefcaaafc,7e4f8c71f0b54b4142702a946a1da66eed33528bb26d3fb6a862c69f81672fc3,True,True,True,False,False,True,9e7173aeb6f6468caa961d8c4f967a8d5debd85b4ca11d1cbdf95db7310897e5,d01e4ffe324375f60d20e1c8d4e2ceabc810f99171e81fe6f7413ae109d1cfd2,SubmitSessionInput,b2e5915c4f69eb5053db74dd4f00ea6c829aaa77519abf3089fda37560435711,51.932111,1.636247,2056.901677,2110.470035
cap32-measured-25,25,measured,32,559e0bb531b3e4330c532e624d546d616c7849eb,sha256:532a8ccbe2aa5cc8d5d789fd51537f7e03d80aa07758509b75d4e14f13d76079,71f5e4696172ed54b66bd36ec87a16ebbcbc7855f9a0e24d63a5f3edefcaaafc,7e4f8c71f0b54b4142702a946a1da66eed33528bb26d3fb6a862c69f81672fc3,True,True,True,False,False,True,9e7173aeb6f6468caa961d8c4f967a8d5debd85b4ca11d1cbdf95db7310897e5,d01e4ffe324375f60d20e1c8d4e2ceabc810f99171e81fe6f7413ae109d1cfd2,RecordPartyExecution,646af3ee301a4c2d499ce3f6239b1e2df6b000c71a40134eafec7ff1ebe1d48a,29.813437,1.919059,2068.03422,2099.766716
cap32-measured-25,25,measured,32,559e0bb531b3e4330c532e624d546d616c7849eb,sha256:532a8ccbe2aa5cc8d5d789fd51537f7e03d80aa07758509b75d4e14f13d76079,71f5e4696172ed54b66bd36ec87a16ebbcbc7855f9a0e24d63a5f3edefcaaafc,7e4f8c71f0b54b4142702a946a1da66eed33528bb26d3fb6a862c69f81672fc3,True,True,True,False,False,True,9e7173aeb6f6468caa961d8c4f967a8d5debd85b4ca11d1cbdf95db7310897e5,d01e4ffe324375f60d20e1c8d4e2ceabc810f99171e81fe6f7413ae109d1cfd2,RecordPartyExecution,3a28e7f1f4ec7661f9900438b2faa2dfcf7e873e297efb54e1c15bdc3d32c9ec,18.377059,2.018446,2060.307073,2080.702578
cap32-measured-25,25,measured,32,559e0bb531b3e4330c532e624d546d616c7849eb,sha256:532a8ccbe2aa5cc8d5d789fd51537f7e03d80aa07758509b75d4e14f13d76079,71f5e4696172ed54b66bd36ec87a16ebbcbc7855f9a0e24d63a5f3edefcaaafc,7e4f8c71f0b54b4142702a946a1da66eed33528bb26d3fb6a862c69f81672fc3,True,True,True,False,False,True,9e7173aeb6f6468caa961d8c4f967a8d5debd85b4ca11d1cbdf95db7310897e5,d01e4ffe324375f60d20e1c8d4e2ceabc810f99171e81fe6f7413ae109d1cfd2,RecordPartyExecution,79a573389fa41b37b512b8f9df7279061b4e983fef7296cbf018f271291fda1c,17.531144,1.742463,2063.402149,2082.675756
cap32-measured-25,25,measured,32,559e0bb531b3e4330c532e624d546d616c7849eb,sha256:532a8ccbe2aa5cc8d5d789fd51537f7e03d80aa07758509b75d4e14f13d76079,71f5e4696172ed54b66bd36ec87a16ebbcbc7855f9a0e24d63a5f3edefcaaafc,7e4f8c71f0b54b4142702a946a1da66eed33528bb26d3fb6a862c69f81672fc3,True,True,True,False,False,True,9e7173aeb6f6468caa961d8c4f967a8d5debd85b4ca11d1cbdf95db7310897e5,d01e4ffe324375f60d20e1c8d4e2ceabc810f99171e81fe6f7413ae109d1cfd2,FinalizeSession,5f65d90f72429696d9d8260e5a84a04ed966eb846d410bef3ecd4890da46ffb8,32.765071,1.730053,2059.447633,2093.942757
cap32-measured-26,26,measured,32,559e0bb531b3e4330c532e624d546d616c7849eb,sha256:532a8ccbe2aa5cc8d5d789fd51537f7e03d80aa07758509b75d4e14f13d76079,e1df119674939ac762fcbc41ff8da02b8ecb28ebdcaebe12942dd89f2916acbc,cf3d7211a85ce812dbcbca21e84dd50db88b3baa32459e16b715faa53cdfb73a,True,True,True,False,False,True,217b3e461ae256318eac511badb33354c8df82b0ecf8575d0224506555cc0cb1,f70f78e9ccff864c5fe23ec91b1502aee7b14e8a49fbb5154c6d9efa92d9b358,RegisterCommittee,b759d2588a5e5cb40a880fa041d769b1f867dfa0545f962552ba0a1dfc938748,37.607777,1.830045,2062.328588,2101.76641
cap32-measured-26,26,measured,32,559e0bb531b3e4330c532e624d546d616c7849eb,sha256:532a8ccbe2aa5cc8d5d789fd51537f7e03d80aa07758509b75d4e14f13d76079,e1df119674939ac762fcbc41ff8da02b8ecb28ebdcaebe12942dd89f2916acbc,cf3d7211a85ce812dbcbca21e84dd50db88b3baa32459e16b715faa53cdfb73a,True,True,True,False,False,True,217b3e461ae256318eac511badb33354c8df82b0ecf8575d0224506555cc0cb1,f70f78e9ccff864c5fe23ec91b1502aee7b14e8a49fbb5154c6d9efa92d9b358,RegisterInputAttestorKey,1b09bcef45335f7450aa5be7a6debc24f0e48d87d656dddf82d0cc2bb623368b,12.529001,1.599295,2061.528826,2075.657122
cap32-measured-26,26,measured,32,559e0bb531b3e4330c532e624d546d616c7849eb,sha256:532a8ccbe2aa5cc8d5d789fd51537f7e03d80aa07758509b75d4e14f13d76079,e1df119674939ac762fcbc41ff8da02b8ecb28ebdcaebe12942dd89f2916acbc,cf3d7211a85ce812dbcbca21e84dd50db88b3baa32459e16b715faa53cdfb73a,True,True,True,False,False,True,217b3e461ae256318eac511badb33354c8df82b0ecf8575d0224506555cc0cb1,f70f78e9ccff864c5fe23ec91b1502aee7b14e8a49fbb5154c6d9efa92d9b358,SubmitInputCommitment,330f17ba169f65f532b00e85643ebbe50049f2f916c9703988cd2a9cadac59e3,31.719145,3.208778,2064.925204,2099.853127
cap32-measured-26,26,measured,32,559e0bb531b3e4330c532e624d546d616c7849eb,sha256:532a8ccbe2aa5cc8d5d789fd51537f7e03d80aa07758509b75d4e14f13d76079,e1df119674939ac762fcbc41ff8da02b8ecb28ebdcaebe12942dd89f2916acbc,cf3d7211a85ce812dbcbca21e84dd50db88b3baa32459e16b715faa53cdfb73a,True,True,True,False,False,True,217b3e461ae256318eac511badb33354c8df82b0ecf8575d0224506555cc0cb1,f70f78e9ccff864c5fe23ec91b1502aee7b14e8a49fbb5154c6d9efa92d9b358,SubmitInputCommitment,b6c93a4299176c02ff887a9aab5dcf4432a2dca147dffa88df668543bfcad503,29.001398,1.814821,2065.861676,2096.677895
cap32-measured-26,26,measured,32,559e0bb531b3e4330c532e624d546d616c7849eb,sha256:532a8ccbe2aa5cc8d5d789fd51537f7e03d80aa07758509b75d4e14f13d76079,e1df119674939ac762fcbc41ff8da02b8ecb28ebdcaebe12942dd89f2916acbc,cf3d7211a85ce812dbcbca21e84dd50db88b3baa32459e16b715faa53cdfb73a,True,True,True,False,False,True,217b3e461ae256318eac511badb33354c8df82b0ecf8575d0224506555cc0cb1,f70f78e9ccff864c5fe23ec91b1502aee7b14e8a49fbb5154c6d9efa92d9b358,SubmitSessionInput,89e07ac7aaaeb10448a098eedf3aefbe21498c8133c8aedfb9fab72f18d634f7,54.204776,2.917159,2059.670438,2116.792373
cap32-measured-26,26,measured,32,559e0bb531b3e4330c532e624d546d616c7849eb,sha256:532a8ccbe2aa5cc8d5d789fd51537f7e03d80aa07758509b75d4e14f13d76079,e1df119674939ac762fcbc41ff8da02b8ecb28ebdcaebe12942dd89f2916acbc,cf3d7211a85ce812dbcbca21e84dd50db88b3baa32459e16b715faa53cdfb73a,True,True,True,False,False,True,217b3e461ae256318eac511badb33354c8df82b0ecf8575d0224506555cc0cb1,f70f78e9ccff864c5fe23ec91b1502aee7b14e8a49fbb5154c6d9efa92d9b358,RecordPartyExecution,33775b5c4c25142579c5234765f52574d83cd6d5d4861e5e5dcf8c7b63922a71,28.928362,2.251528,2072.622982,2103.802872
cap32-measured-26,26,measured,32,559e0bb531b3e4330c532e624d546d616c7849eb,sha256:532a8ccbe2aa5cc8d5d789fd51537f7e03d80aa07758509b75d4e14f13d76079,e1df119674939ac762fcbc41ff8da02b8ecb28ebdcaebe12942dd89f2916acbc,cf3d7211a85ce812dbcbca21e84dd50db88b3baa32459e16b715faa53cdfb73a,True,True,True,False,False,True,217b3e461ae256318eac511badb33354c8df82b0ecf8575d0224506555cc0cb1,f70f78e9ccff864c5fe23ec91b1502aee7b14e8a49fbb5154c6d9efa92d9b358,RecordPartyExecution,6af2abcb7347af39b0137d37249f40060f5cff036d3ad399d6a7621b84938e70,19.807024,2.022735,2056.951743,2078.781502
cap32-measured-26,26,measured,32,559e0bb531b3e4330c532e624d546d616c7849eb,sha256:532a8ccbe2aa5cc8d5d789fd51537f7e03d80aa07758509b75d4e14f13d76079,e1df119674939ac762fcbc41ff8da02b8ecb28ebdcaebe12942dd89f2916acbc,cf3d7211a85ce812dbcbca21e84dd50db88b3baa32459e16b715faa53cdfb73a,True,True,True,False,False,True,217b3e461ae256318eac511badb33354c8df82b0ecf8575d0224506555cc0cb1,f70f78e9ccff864c5fe23ec91b1502aee7b14e8a49fbb5154c6d9efa92d9b358,RecordPartyExecution,260aa8a84761cea25d7343944017d22b04ba6cea00e285a129e3ef938dd81736,15.024467,1.523947,2056.723568,2073.271982
cap32-measured-26,26,measured,32,559e0bb531b3e4330c532e624d546d616c7849eb,sha256:532a8ccbe2aa5cc8d5d789fd51537f7e03d80aa07758509b75d4e14f13d76079,e1df119674939ac762fcbc41ff8da02b8ecb28ebdcaebe12942dd89f2916acbc,cf3d7211a85ce812dbcbca21e84dd50db88b3baa32459e16b715faa53cdfb73a,True,True,True,False,False,True,217b3e461ae256318eac511badb33354c8df82b0ecf8575d0224506555cc0cb1,f70f78e9ccff864c5fe23ec91b1502aee7b14e8a49fbb5154c6d9efa92d9b358,FinalizeSession,b88eb87842f3b16b9b192c575c61e59646b5f50f6f3994656ff31b66a0d159c7,33.883272,1.832023,2058.208773,2093.924068
cap32-measured-27,27,measured,32,559e0bb531b3e4330c532e624d546d616c7849eb,sha256:532a8ccbe2aa5cc8d5d789fd51537f7e03d80aa07758509b75d4e14f13d76079,68b68a5aacfd3d62d9a01f03bf95f8fc8ac60e8a207c40a68f9ff5460f9b6835,5af491037e4da91797d15248ca82dede896eca66ef4436d5c773f8d4310b6cd8,True,True,True,False,False,True,1bde99493467d100986d9866ad844bb11e037548a4dcd0f7100520b2329ab527,b05f4745efcb1125f62958c9c22902da7f5a17bdbd4759b76c3c4424843b911c,RegisterCommittee,cceba06a1d10ecdab0f8ec3d1802c7150a3e39ec02dd99dea5472f0050a3c10b,36.941334,2.033617,2070.139239,2109.11419
cap32-measured-27,27,measured,32,559e0bb531b3e4330c532e624d546d616c7849eb,sha256:532a8ccbe2aa5cc8d5d789fd51537f7e03d80aa07758509b75d4e14f13d76079,68b68a5aacfd3d62d9a01f03bf95f8fc8ac60e8a207c40a68f9ff5460f9b6835,5af491037e4da91797d15248ca82dede896eca66ef4436d5c773f8d4310b6cd8,True,True,True,False,False,True,1bde99493467d100986d9866ad844bb11e037548a4dcd0f7100520b2329ab527,b05f4745efcb1125f62958c9c22902da7f5a17bdbd4759b76c3c4424843b911c,RegisterInputAttestorKey,c0b7382b7fc99d900c5fce85c4d3e272f7513160855ed2dc08c10a3ca8036ebc,11.90416,1.983676,2060.312209,2074.200045
cap32-measured-27,27,measured,32,559e0bb531b3e4330c532e624d546d616c7849eb,sha256:532a8ccbe2aa5cc8d5d789fd51537f7e03d80aa07758509b75d4e14f13d76079,68b68a5aacfd3d62d9a01f03bf95f8fc8ac60e8a207c40a68f9ff5460f9b6835,5af491037e4da91797d15248ca82dede896eca66ef4436d5c773f8d4310b6cd8,True,True,True,False,False,True,1bde99493467d100986d9866ad844bb11e037548a4dcd0f7100520b2329ab527,b05f4745efcb1125f62958c9c22902da7f5a17bdbd4759b76c3c4424843b911c,SubmitInputCommitment,f89122874da3cbfb3de01f7dde5bb139239bd0619537612c8363f4df8668948e,32.477464,2.040662,2065.382216,2099.900342
cap32-measured-27,27,measured,32,559e0bb531b3e4330c532e624d546d616c7849eb,sha256:532a8ccbe2aa5cc8d5d789fd51537f7e03d80aa07758509b75d4e14f13d76079,68b68a5aacfd3d62d9a01f03bf95f8fc8ac60e8a207c40a68f9ff5460f9b6835,5af491037e4da91797d15248ca82dede896eca66ef4436d5c773f8d4310b6cd8,True,True,True,False,False,True,1bde99493467d100986d9866ad844bb11e037548a4dcd0f7100520b2329ab527,b05f4745efcb1125f62958c9c22902da7f5a17bdbd4759b76c3c4424843b911c,SubmitInputCommitment,aa3a9977c0d5d7b8425fd18df2585648e9d3cac05c5fa872efaa5083b9ea7286,29.265546,2.563462,2065.095683,2096.924691
cap32-measured-27,27,measured,32,559e0bb531b3e4330c532e624d546d616c7849eb,sha256:532a8ccbe2aa5cc8d5d789fd51537f7e03d80aa07758509b75d4e14f13d76079,68b68a5aacfd3d62d9a01f03bf95f8fc8ac60e8a207c40a68f9ff5460f9b6835,5af491037e4da91797d15248ca82dede896eca66ef4436d5c773f8d4310b6cd8,True,True,True,False,False,True,1bde99493467d100986d9866ad844bb11e037548a4dcd0f7100520b2329ab527,b05f4745efcb1125f62958c9c22902da7f5a17bdbd4759b76c3c4424843b911c,SubmitSessionInput,5e275037ee9d0aa36979b3485cd7ea9207a9f5e74818c24503eb1bd130d0fd7d,51.818399,3.600049,2073.435998,2128.854446
cap32-measured-27,27,measured,32,559e0bb531b3e4330c532e624d546d616c7849eb,sha256:532a8ccbe2aa5cc8d5d789fd51537f7e03d80aa07758509b75d4e14f13d76079,68b68a5aacfd3d62d9a01f03bf95f8fc8ac60e8a207c40a68f9ff5460f9b6835,5af491037e4da91797d15248ca82dede896eca66ef4436d5c773f8d4310b6cd8,True,True,True,False,False,True,1bde99493467d100986d9866ad844bb11e037548a4dcd0f7100520b2329ab527,b05f4745efcb1125f62958c9c22902da7f5a17bdbd4759b76c3c4424843b911c,RecordPartyExecution,81a30625b2c7fe69db82f74b6bb01dd230b76f7d7051bbf98f853c19489101c2,28.382155,2.092503,2071.042948,2101.517606
cap32-measured-27,27,measured,32,559e0bb531b3e4330c532e624d546d616c7849eb,sha256:532a8ccbe2aa5cc8d5d789fd51537f7e03d80aa07758509b75d4e14f13d76079,68b68a5aacfd3d62d9a01f03bf95f8fc8ac60e8a207c40a68f9ff5460f9b6835,5af491037e4da91797d15248ca82dede896eca66ef4436d5c773f8d4310b6cd8,True,True,True,False,False,True,1bde99493467d100986d9866ad844bb11e037548a4dcd0f7100520b2329ab527,b05f4745efcb1125f62958c9c22902da7f5a17bdbd4759b76c3c4424843b911c,RecordPartyExecution,0a61d04602e7c0b1fd33f80012a7f2d49516687ba1884cd708333ea6c5bca8a6,17.388553,1.760391,2076.11651,2095.265454
cap32-measured-27,27,measured,32,559e0bb531b3e4330c532e624d546d616c7849eb,sha256:532a8ccbe2aa5cc8d5d789fd51537f7e03d80aa07758509b75d4e14f13d76079,68b68a5aacfd3d62d9a01f03bf95f8fc8ac60e8a207c40a68f9ff5460f9b6835,5af491037e4da91797d15248ca82dede896eca66ef4436d5c773f8d4310b6cd8,True,True,True,False,False,True,1bde99493467d100986d9866ad844bb11e037548a4dcd0f7100520b2329ab527,b05f4745efcb1125f62958c9c22902da7f5a17bdbd4759b76c3c4424843b911c,RecordPartyExecution,7856dcdb23b0df7a094f4985c25eb4e6c9b9d1125ffc51abcc2fed68254be234,14.45864,2.250969,2071.038019,2087.747628
cap32-measured-27,27,measured,32,559e0bb531b3e4330c532e624d546d616c7849eb,sha256:532a8ccbe2aa5cc8d5d789fd51537f7e03d80aa07758509b75d4e14f13d76079,68b68a5aacfd3d62d9a01f03bf95f8fc8ac60e8a207c40a68f9ff5460f9b6835,5af491037e4da91797d15248ca82dede896eca66ef4436d5c773f8d4310b6cd8,True,True,True,False,False,True,1bde99493467d100986d9866ad844bb11e037548a4dcd0f7100520b2329ab527,b05f4745efcb1125f62958c9c22902da7f5a17bdbd4759b76c3c4424843b911c,FinalizeSession,05b644c0e4e7b3f39ea9a47af151fb44be82cda74cb20d7404e10a57d1b02879,36.454176,1.660805,2075.523599,2113.63858
cap32-measured-28,28,measured,32,559e0bb531b3e4330c532e624d546d616c7849eb,sha256:532a8ccbe2aa5cc8d5d789fd51537f7e03d80aa07758509b75d4e14f13d76079,209e7d00c27b3960c89a5be3b58d8b6046e345324251dc4e0bfd5ce1c930acf0,fbacff43b84699d5845bf24c42cdf32b977f45e8626a75cf86efa228b9d6d49b,True,True,True,False,False,True,d9a481be983a3d88c65cf3a3ba44059d7a6e1302a605306f66fe1c828882eb6d,ea9b3e3d6110fe0d739592f05bef01fbb35ae3a61ef67fc700dd1d8969916145,RegisterCommittee,2c61d77c8495b5cde4af84b5f4d8fa80720388460dab4134ad885ee82358d59a,35.151321,1.888322,2059.678206,2096.717849
cap32-measured-28,28,measured,32,559e0bb531b3e4330c532e624d546d616c7849eb,sha256:532a8ccbe2aa5cc8d5d789fd51537f7e03d80aa07758509b75d4e14f13d76079,209e7d00c27b3960c89a5be3b58d8b6046e345324251dc4e0bfd5ce1c930acf0,fbacff43b84699d5845bf24c42cdf32b977f45e8626a75cf86efa228b9d6d49b,True,True,True,False,False,True,d9a481be983a3d88c65cf3a3ba44059d7a6e1302a605306f66fe1c828882eb6d,ea9b3e3d6110fe0d739592f05bef01fbb35ae3a61ef67fc700dd1d8969916145,RegisterInputAttestorKey,47b6bd0ec25264b6dbedfec96deccc6a1b3569e6bea32b8587de07d9bc0da0c0,12.483409,1.685635,2064.326707,2078.495751
cap32-measured-28,28,measured,32,559e0bb531b3e4330c532e624d546d616c7849eb,sha256:532a8ccbe2aa5cc8d5d789fd51537f7e03d80aa07758509b75d4e14f13d76079,209e7d00c27b3960c89a5be3b58d8b6046e345324251dc4e0bfd5ce1c930acf0,fbacff43b84699d5845bf24c42cdf32b977f45e8626a75cf86efa228b9d6d49b,True,True,True,False,False,True,d9a481be983a3d88c65cf3a3ba44059d7a6e1302a605306f66fe1c828882eb6d,ea9b3e3d6110fe0d739592f05bef01fbb35ae3a61ef67fc700dd1d8969916145,SubmitInputCommitment,9eaa047b6e2bc7162940aec99669a8ae288cbfaceacb75c754af7b3fa2b8c880,31.156585,2.139556,2061.24797,2094.544111
cap32-measured-28,28,measured,32,559e0bb531b3e4330c532e624d546d616c7849eb,sha256:532a8ccbe2aa5cc8d5d789fd51537f7e03d80aa07758509b75d4e14f13d76079,209e7d00c27b3960c89a5be3b58d8b6046e345324251dc4e0bfd5ce1c930acf0,fbacff43b84699d5845bf24c42cdf32b977f45e8626a75cf86efa228b9d6d49b,True,True,True,False,False,True,d9a481be983a3d88c65cf3a3ba44059d7a6e1302a605306f66fe1c828882eb6d,ea9b3e3d6110fe0d739592f05bef01fbb35ae3a61ef67fc700dd1d8969916145,SubmitInputCommitment,30abf65289032d90c370e1a6db7a6177a97e29ec1e2ae82e39d57fafc25bcfa8,30.611436,2.051247,2075.831473,2108.494156
cap32-measured-28,28,measured,32,559e0bb531b3e4330c532e624d546d616c7849eb,sha256:532a8ccbe2aa5cc8d5d789fd51537f7e03d80aa07758509b75d4e14f13d76079,209e7d00c27b3960c89a5be3b58d8b6046e345324251dc4e0bfd5ce1c930acf0,fbacff43b84699d5845bf24c42cdf32b977f45e8626a75cf86efa228b9d6d49b,True,True,True,False,False,True,d9a481be983a3d88c65cf3a3ba44059d7a6e1302a605306f66fe1c828882eb6d,ea9b3e3d6110fe0d739592f05bef01fbb35ae3a61ef67fc700dd1d8969916145,SubmitSessionInput,17c21fa463b981f283285142fe50bd4ae9596a83011e059fcb58f819a310cae4,54.648149,2.45523,2053.981135,2111.084514
cap32-measured-28,28,measured,32,559e0bb531b3e4330c532e624d546d616c7849eb,sha256:532a8ccbe2aa5cc8d5d789fd51537f7e03d80aa07758509b75d4e14f13d76079,209e7d00c27b3960c89a5be3b58d8b6046e345324251dc4e0bfd5ce1c930acf0,fbacff43b84699d5845bf24c42cdf32b977f45e8626a75cf86efa228b9d6d49b,True,True,True,False,False,True,d9a481be983a3d88c65cf3a3ba44059d7a6e1302a605306f66fe1c828882eb6d,ea9b3e3d6110fe0d739592f05bef01fbb35ae3a61ef67fc700dd1d8969916145,RecordPartyExecution,c7c63f9cacc38588125ceb7c629bc326da6f6ed81a6daa9d44b3a4c0ce0649f1,25.827146,2.019377,2086.083042,2113.929565
cap32-measured-28,28,measured,32,559e0bb531b3e4330c532e624d546d616c7849eb,sha256:532a8ccbe2aa5cc8d5d789fd51537f7e03d80aa07758509b75d4e14f13d76079,209e7d00c27b3960c89a5be3b58d8b6046e345324251dc4e0bfd5ce1c930acf0,fbacff43b84699d5845bf24c42cdf32b977f45e8626a75cf86efa228b9d6d49b,True,True,True,False,False,True,d9a481be983a3d88c65cf3a3ba44059d7a6e1302a605306f66fe1c828882eb6d,ea9b3e3d6110fe0d739592f05bef01fbb35ae3a61ef67fc700dd1d8969916145,RecordPartyExecution,d003d4e9c808651b1cb50c5425be118c4ad71ac1deffba346fc36b90dee306e9,16.843314,4.175122,2057.795728,2078.814164
cap32-measured-28,28,measured,32,559e0bb531b3e4330c532e624d546d616c7849eb,sha256:532a8ccbe2aa5cc8d5d789fd51537f7e03d80aa07758509b75d4e14f13d76079,209e7d00c27b3960c89a5be3b58d8b6046e345324251dc4e0bfd5ce1c930acf0,fbacff43b84699d5845bf24c42cdf32b977f45e8626a75cf86efa228b9d6d49b,True,True,True,False,False,True,d9a481be983a3d88c65cf3a3ba44059d7a6e1302a605306f66fe1c828882eb6d,ea9b3e3d6110fe0d739592f05bef01fbb35ae3a61ef67fc700dd1d8969916145,RecordPartyExecution,51aa89bba7ab2b1919a3f03fb4c40ac5b33d163506677e6faa47893dd4bcf6d0,13.180453,1.597069,2065.413656,2080.191178
cap32-measured-28,28,measured,32,559e0bb531b3e4330c532e624d546d616c7849eb,sha256:532a8ccbe2aa5cc8d5d789fd51537f7e03d80aa07758509b75d4e14f13d76079,209e7d00c27b3960c89a5be3b58d8b6046e345324251dc4e0bfd5ce1c930acf0,fbacff43b84699d5845bf24c42cdf32b977f45e8626a75cf86efa228b9d6d49b,True,True,True,False,False,True,d9a481be983a3d88c65cf3a3ba44059d7a6e1302a605306f66fe1c828882eb6d,ea9b3e3d6110fe0d739592f05bef01fbb35ae3a61ef67fc700dd1d8969916145,FinalizeSession,419215d78c4b07d7ddab58c8f299ab5e2c0e18c2c268378c28dd9d0f44becaba,31.763787,1.586808,2064.151327,2097.501922
cap32-measured-29,29,measured,32,559e0bb531b3e4330c532e624d546d616c7849eb,sha256:532a8ccbe2aa5cc8d5d789fd51537f7e03d80aa07758509b75d4e14f13d76079,57a9f59eb4be7af4b9e952c4726579fcc62a2be67817b1cdd3f2812e76ae53b3,9e1a9d130222238450d245b2cd1e67df1a020b6b797ef01c31866b38acf552fa,True,True,True,False,False,True,db767bb5594fb0be9d3667b4d2daebfc3da997da6aa90cf857944c20c890c594,030ae5b1d708c8425f3683dc77cf212179a46f90965058a818c007795d918df0,RegisterCommittee,e9392fd47dd40243ac248c11ce1b0f0ced0df30748fc303b02e44d8acdda55b8,37.279002,1.744984,2061.507151,2100.531137
cap32-measured-29,29,measured,32,559e0bb531b3e4330c532e624d546d616c7849eb,sha256:532a8ccbe2aa5cc8d5d789fd51537f7e03d80aa07758509b75d4e14f13d76079,57a9f59eb4be7af4b9e952c4726579fcc62a2be67817b1cdd3f2812e76ae53b3,9e1a9d130222238450d245b2cd1e67df1a020b6b797ef01c31866b38acf552fa,True,True,True,False,False,True,db767bb5594fb0be9d3667b4d2daebfc3da997da6aa90cf857944c20c890c594,030ae5b1d708c8425f3683dc77cf212179a46f90965058a818c007795d918df0,RegisterInputAttestorKey,62e92b3be1ec34c1b3dc47928c880101d84d47991198882520ba8e1099488874,14.438802,1.827352,2061.429751,2077.695905
cap32-measured-29,29,measured,32,559e0bb531b3e4330c532e624d546d616c7849eb,sha256:532a8ccbe2aa5cc8d5d789fd51537f7e03d80aa07758509b75d4e14f13d76079,57a9f59eb4be7af4b9e952c4726579fcc62a2be67817b1cdd3f2812e76ae53b3,9e1a9d130222238450d245b2cd1e67df1a020b6b797ef01c31866b38acf552fa,True,True,True,False,False,True,db767bb5594fb0be9d3667b4d2daebfc3da997da6aa90cf857944c20c890c594,030ae5b1d708c8425f3683dc77cf212179a46f90965058a818c007795d918df0,SubmitInputCommitment,369ca8efc0a6b3b1b8a221307e11833ef6f88a796e3d5bbef6b8d57a9bf4af45,36.163616,2.222747,2088.632957,2127.01932
cap32-measured-29,29,measured,32,559e0bb531b3e4330c532e624d546d616c7849eb,sha256:532a8ccbe2aa5cc8d5d789fd51537f7e03d80aa07758509b75d4e14f13d76079,57a9f59eb4be7af4b9e952c4726579fcc62a2be67817b1cdd3f2812e76ae53b3,9e1a9d130222238450d245b2cd1e67df1a020b6b797ef01c31866b38acf552fa,True,True,True,False,False,True,db767bb5594fb0be9d3667b4d2daebfc3da997da6aa90cf857944c20c890c594,030ae5b1d708c8425f3683dc77cf212179a46f90965058a818c007795d918df0,SubmitInputCommitment,36a568896b59fa5e73a4ef515c8cd2ff2254ad6a36f4abc79f91ba06df2c021a,36.328086,1.915861,2061.604988,2099.848935
cap32-measured-29,29,measured,32,559e0bb531b3e4330c532e624d546d616c7849eb,sha256:532a8ccbe2aa5cc8d5d789fd51537f7e03d80aa07758509b75d4e14f13d76079,57a9f59eb4be7af4b9e952c4726579fcc62a2be67817b1cdd3f2812e76ae53b3,9e1a9d130222238450d245b2cd1e67df1a020b6b797ef01c31866b38acf552fa,True,True,True,False,False,True,db767bb5594fb0be9d3667b4d2daebfc3da997da6aa90cf857944c20c890c594,030ae5b1d708c8425f3683dc77cf212179a46f90965058a818c007795d918df0,SubmitSessionInput,c0b61dbf15ac5fcb98d063f91cc968c54a69846ca003f2dda690677142d4a3e4,52.921348,1.743233,2064.09404,2118.758621
cap32-measured-29,29,measured,32,559e0bb531b3e4330c532e624d546d616c7849eb,sha256:532a8ccbe2aa5cc8d5d789fd51537f7e03d80aa07758509b75d4e14f13d76079,57a9f59eb4be7af4b9e952c4726579fcc62a2be67817b1cdd3f2812e76ae53b3,9e1a9d130222238450d245b2cd1e67df1a020b6b797ef01c31866b38acf552fa,True,True,True,False,False,True,db767bb5594fb0be9d3667b4d2daebfc3da997da6aa90cf857944c20c890c594,030ae5b1d708c8425f3683dc77cf212179a46f90965058a818c007795d918df0,RecordPartyExecution,dcbb512f0fd1573b54f097907bb0354bbb4599838ccf538ef4202bac83209807,33.291294,2.028058,2071.885506,2107.204858
cap32-measured-29,29,measured,32,559e0bb531b3e4330c532e624d546d616c7849eb,sha256:532a8ccbe2aa5cc8d5d789fd51537f7e03d80aa07758509b75d4e14f13d76079,57a9f59eb4be7af4b9e952c4726579fcc62a2be67817b1cdd3f2812e76ae53b3,9e1a9d130222238450d245b2cd1e67df1a020b6b797ef01c31866b38acf552fa,True,True,True,False,False,True,db767bb5594fb0be9d3667b4d2daebfc3da997da6aa90cf857944c20c890c594,030ae5b1d708c8425f3683dc77cf212179a46f90965058a818c007795d918df0,RecordPartyExecution,b9aaa1620ea8ba4b1093151bfeac021d4ece8939666e9b94d9cd45f2d6573af6,22.788695,2.432144,2072.600344,2097.821183
cap32-measured-29,29,measured,32,559e0bb531b3e4330c532e624d546d616c7849eb,sha256:532a8ccbe2aa5cc8d5d789fd51537f7e03d80aa07758509b75d4e14f13d76079,57a9f59eb4be7af4b9e952c4726579fcc62a2be67817b1cdd3f2812e76ae53b3,9e1a9d130222238450d245b2cd1e67df1a020b6b797ef01c31866b38acf552fa,True,True,True,False,False,True,db767bb5594fb0be9d3667b4d2daebfc3da997da6aa90cf857944c20c890c594,030ae5b1d708c8425f3683dc77cf212179a46f90965058a818c007795d918df0,RecordPartyExecution,be71142a62d13da3ebfdf9f4b8cf1585c2737dbc81f08ea647c5ada766bfccf2,28.000259,2.477402,2065.464365,2095.942026
cap32-measured-29,29,measured,32,559e0bb531b3e4330c532e624d546d616c7849eb,sha256:532a8ccbe2aa5cc8d5d789fd51537f7e03d80aa07758509b75d4e14f13d76079,57a9f59eb4be7af4b9e952c4726579fcc62a2be67817b1cdd3f2812e76ae53b3,9e1a9d130222238450d245b2cd1e67df1a020b6b797ef01c31866b38acf552fa,True,True,True,False,False,True,db767bb5594fb0be9d3667b4d2daebfc3da997da6aa90cf857944c20c890c594,030ae5b1d708c8425f3683dc77cf212179a46f90965058a818c007795d918df0,FinalizeSession,db0b7be4a5e96c54c908c4d46b3b10162625093fbea3faa588626d93b5c164a5,36.957133,2.144615,2062.336319,2101.438067
cap32-warmup-00,0,warmup,32,559e0bb531b3e4330c532e624d546d616c7849eb,sha256:532a8ccbe2aa5cc8d5d789fd51537f7e03d80aa07758509b75d4e14f13d76079,d7c75a4967115f7cb788237434ab04e3832ce3b7809dfdad60c8ae094623a6b1,e016e6aabfb506ac7a7b907f336a2e3f767c07d648619a360ba19970cc810e63,True,True,True,False,False,True,f80e389b5b457e42a877001c25f8806ba19bfc07208996e257abd64c71b0445e,8496cf60b0c7343b05dbc1195a33f5166128aabdce8cc00326c10e0597bae9e8,RegisterCommittee,bd9324dd7e5c3a1d2c9fb32e6cf1553b633203bc5bd5943dee9235193d1ab420,43.018958,2.482061,2115.216227,2160.717246
cap32-warmup-00,0,warmup,32,559e0bb531b3e4330c532e624d546d616c7849eb,sha256:532a8ccbe2aa5cc8d5d789fd51537f7e03d80aa07758509b75d4e14f13d76079,d7c75a4967115f7cb788237434ab04e3832ce3b7809dfdad60c8ae094623a6b1,e016e6aabfb506ac7a7b907f336a2e3f767c07d648619a360ba19970cc810e63,True,True,True,False,False,True,f80e389b5b457e42a877001c25f8806ba19bfc07208996e257abd64c71b0445e,8496cf60b0c7343b05dbc1195a33f5166128aabdce8cc00326c10e0597bae9e8,RegisterInputAttestorKey,e97ce4e2f6fcb3ffb162d7b28af373bb3560e6dc6b91078127ad7152bb0ad1e2,15.503133,2.375207,2127.50844,2145.38678
cap32-warmup-00,0,warmup,32,559e0bb531b3e4330c532e624d546d616c7849eb,sha256:532a8ccbe2aa5cc8d5d789fd51537f7e03d80aa07758509b75d4e14f13d76079,d7c75a4967115f7cb788237434ab04e3832ce3b7809dfdad60c8ae094623a6b1,e016e6aabfb506ac7a7b907f336a2e3f767c07d648619a360ba19970cc810e63,True,True,True,False,False,True,f80e389b5b457e42a877001c25f8806ba19bfc07208996e257abd64c71b0445e,8496cf60b0c7343b05dbc1195a33f5166128aabdce8cc00326c10e0597bae9e8,SubmitInputCommitment,5fbbb269b6c7c178eed5709d3a7e27e280c3d605119c90a18874ee8dd7727a0e,41.929537,2.670636,2131.168113,2175.768286
cap32-warmup-00,0,warmup,32,559e0bb531b3e4330c532e624d546d616c7849eb,sha256:532a8ccbe2aa5cc8d5d789fd51537f7e03d80aa07758509b75d4e14f13d76079,d7c75a4967115f7cb788237434ab04e3832ce3b7809dfdad60c8ae094623a6b1,e016e6aabfb506ac7a7b907f336a2e3f767c07d648619a360ba19970cc810e63,True,True,True,False,False,True,f80e389b5b457e42a877001c25f8806ba19bfc07208996e257abd64c71b0445e,8496cf60b0c7343b05dbc1195a33f5166128aabdce8cc00326c10e0597bae9e8,SubmitInputCommitment,d6511058e8cad00d1fe316c438478c5a3cbed3b76709bebf18c1f7b41d94d131,48.290501,2.348835,2115.231465,2165.870801
cap32-warmup-00,0,warmup,32,559e0bb531b3e4330c532e624d546d616c7849eb,sha256:532a8ccbe2aa5cc8d5d789fd51537f7e03d80aa07758509b75d4e14f13d76079,d7c75a4967115f7cb788237434ab04e3832ce3b7809dfdad60c8ae094623a6b1,e016e6aabfb506ac7a7b907f336a2e3f767c07d648619a360ba19970cc810e63,True,True,True,False,False,True,f80e389b5b457e42a877001c25f8806ba19bfc07208996e257abd64c71b0445e,8496cf60b0c7343b05dbc1195a33f5166128aabdce8cc00326c10e0597bae9e8,SubmitSessionInput,6afe5fa6b9962ea017b937d4561d3257277ddf2a7053ae289bb60fd1272fcd25,66.377079,2.50717,2136.07221,2204.956459
cap32-warmup-00,0,warmup,32,559e0bb531b3e4330c532e624d546d616c7849eb,sha256:532a8ccbe2aa5cc8d5d789fd51537f7e03d80aa07758509b75d4e14f13d76079,d7c75a4967115f7cb788237434ab04e3832ce3b7809dfdad60c8ae094623a6b1,e016e6aabfb506ac7a7b907f336a2e3f767c07d648619a360ba19970cc810e63,True,True,True,False,False,True,f80e389b5b457e42a877001c25f8806ba19bfc07208996e257abd64c71b0445e,8496cf60b0c7343b05dbc1195a33f5166128aabdce8cc00326c10e0597bae9e8,RecordPartyExecution,731a9a98e67368b45a41bcdd3ef0949d085f2880a1d7b56c56fe5a96e4eb8a6f,49.614223,3.065276,2148.269556,2200.949055
cap32-warmup-00,0,warmup,32,559e0bb531b3e4330c532e624d546d616c7849eb,sha256:532a8ccbe2aa5cc8d5d789fd51537f7e03d80aa07758509b75d4e14f13d76079,d7c75a4967115f7cb788237434ab04e3832ce3b7809dfdad60c8ae094623a6b1,e016e6aabfb506ac7a7b907f336a2e3f767c07d648619a360ba19970cc810e63,True,True,True,False,False,True,f80e389b5b457e42a877001c25f8806ba19bfc07208996e257abd64c71b0445e,8496cf60b0c7343b05dbc1195a33f5166128aabdce8cc00326c10e0597bae9e8,RecordPartyExecution,0a33bb54e7b7a898939d519181b37f55d631ccdbb10f55b23472293b5ed1df98,25.788923,2.21762,2130.713957,2158.7205
cap32-warmup-00,0,warmup,32,559e0bb531b3e4330c532e624d546d616c7849eb,sha256:532a8ccbe2aa5cc8d5d789fd51537f7e03d80aa07758509b75d4e14f13d76079,d7c75a4967115f7cb788237434ab04e3832ce3b7809dfdad60c8ae094623a6b1,e016e6aabfb506ac7a7b907f336a2e3f767c07d648619a360ba19970cc810e63,True,True,True,False,False,True,f80e389b5b457e42a877001c25f8806ba19bfc07208996e257abd64c71b0445e,8496cf60b0c7343b05dbc1195a33f5166128aabdce8cc00326c10e0597bae9e8,RecordPartyExecution,8fa1d2c4322f44eded430c9c8093b60e2170e24941bc52f422267116353e7e7e,28.397915,3.723408,2135.265371,2167.386694
cap32-warmup-00,0,warmup,32,559e0bb531b3e4330c532e624d546d616c7849eb,sha256:532a8ccbe2aa5cc8d5d789fd51537f7e03d80aa07758509b75d4e14f13d76079,d7c75a4967115f7cb788237434ab04e3832ce3b7809dfdad60c8ae094623a6b1,e016e6aabfb506ac7a7b907f336a2e3f767c07d648619a360ba19970cc810e63,True,True,True,False,False,True,f80e389b5b457e42a877001c25f8806ba19bfc07208996e257abd64c71b0445e,8496cf60b0c7343b05dbc1195a33f5166128aabdce8cc00326c10e0597bae9e8,FinalizeSession,b7927158d0782e81563238fd9233f786e425ef3926ebb72d54f84248f12de7b3,43.014115,3.178751,2143.92309,2190.115956
cap32-warmup-01,1,warmup,32,559e0bb531b3e4330c532e624d546d616c7849eb,sha256:532a8ccbe2aa5cc8d5d789fd51537f7e03d80aa07758509b75d4e14f13d76079,13ea6beaffa41b0b869a154f6dcace60e862c37476ba60563b6ec12cf20553f5,9eed65c8586531d0c3345bc86028ea50ec1f660b6596cb3cd5c11fc9b48ec86e,True,True,True,False,False,True,1f0b01ff71c78dd627b61ada2b30be423e48339592944bac000e667747efdab9,0b05118bf947dcb2103933d633c43f80ecfb17f425a044f5d15473ad51ec0826,RegisterCommittee,d1e8bf8e2edf33bab9506ab61e0ecda9af695a82938185b3559ddd6ad71d30d9,61.96833,3.623607,2118.692956,2184.284893
cap32-warmup-01,1,warmup,32,559e0bb531b3e4330c532e624d546d616c7849eb,sha256:532a8ccbe2aa5cc8d5d789fd51537f7e03d80aa07758509b75d4e14f13d76079,13ea6beaffa41b0b869a154f6dcace60e862c37476ba60563b6ec12cf20553f5,9eed65c8586531d0c3345bc86028ea50ec1f660b6596cb3cd5c11fc9b48ec86e,True,True,True,False,False,True,1f0b01ff71c78dd627b61ada2b30be423e48339592944bac000e667747efdab9,0b05118bf947dcb2103933d633c43f80ecfb17f425a044f5d15473ad51ec0826,RegisterInputAttestorKey,21f603c2c4ca358ac473e430a7fe63ac77fce3ac95ed3fd027855bccc661e1ba,20.42663,2.385362,2122.314225,2145.126217
cap32-warmup-01,1,warmup,32,559e0bb531b3e4330c532e624d546d616c7849eb,sha256:532a8ccbe2aa5cc8d5d789fd51537f7e03d80aa07758509b75d4e14f13d76079,13ea6beaffa41b0b869a154f6dcace60e862c37476ba60563b6ec12cf20553f5,9eed65c8586531d0c3345bc86028ea50ec1f660b6596cb3cd5c11fc9b48ec86e,True,True,True,False,False,True,1f0b01ff71c78dd627b61ada2b30be423e48339592944bac000e667747efdab9,0b05118bf947dcb2103933d633c43f80ecfb17f425a044f5d15473ad51ec0826,SubmitInputCommitment,13b92b5cacc2ae99e68a9039263671b62acfe63d371aba2338d615e442a80f6e,42.735001,4.020193,2131.515968,2178.271162
cap32-warmup-01,1,warmup,32,559e0bb531b3e4330c532e624d546d616c7849eb,sha256:532a8ccbe2aa5cc8d5d789fd51537f7e03d80aa07758509b75d4e14f13d76079,13ea6beaffa41b0b869a154f6dcace60e862c37476ba60563b6ec12cf20553f5,9eed65c8586531d0c3345bc86028ea50ec1f660b6596cb3cd5c11fc9b48ec86e,True,True,True,False,False,True,1f0b01ff71c78dd627b61ada2b30be423e48339592944bac000e667747efdab9,0b05118bf947dcb2103933d633c43f80ecfb17f425a044f5d15473ad51ec0826,SubmitInputCommitment,d46b4217c14c7065d84adb0879be1cd0186572764219e469ad37fe4c18b5c261,39.07313,3.24728,2135.657719,2177.978129
cap32-warmup-01,1,warmup,32,559e0bb531b3e4330c532e624d546d616c7849eb,sha256:532a8ccbe2aa5cc8d5d789fd51537f7e03d80aa07758509b75d4e14f13d76079,13ea6beaffa41b0b869a154f6dcace60e862c37476ba60563b6ec12cf20553f5,9eed65c8586531d0c3345bc86028ea50ec1f660b6596cb3cd5c11fc9b48ec86e,True,True,True,False,False,True,1f0b01ff71c78dd627b61ada2b30be423e48339592944bac000e667747efdab9,0b05118bf947dcb2103933d633c43f80ecfb17f425a044f5d15473ad51ec0826,SubmitSessionInput,785d1e751afdd184f5af366d6c435aab3cd9a790223136491084495cd9f7dddc,96.588238,3.025151,2113.064756,2212.678145
cap32-warmup-01,1,warmup,32,559e0bb531b3e4330c532e624d546d616c7849eb,sha256:532a8ccbe2aa5cc8d5d789fd51537f7e03d80aa07758509b75d4e14f13d76079,13ea6beaffa41b0b869a154f6dcace60e862c37476ba60563b6ec12cf20553f5,9eed65c8586531d0c3345bc86028ea50ec1f660b6596cb3cd5c11fc9b48ec86e,True,True,True,False,False,True,1f0b01ff71c78dd627b61ada2b30be423e48339592944bac000e667747efdab9,0b05118bf947dcb2103933d633c43f80ecfb17f425a044f5d15473ad51ec0826,RecordPartyExecution,b9bbb6179b2bf3ba86c5259d9cca7366dee134c03b4ad0eb77782b863db59caa,37.776982,2.206424,2143.748508,2183.731914
cap32-warmup-01,1,warmup,32,559e0bb531b3e4330c532e624d546d616c7849eb,sha256:532a8ccbe2aa5cc8d5d789fd51537f7e03d80aa07758509b75d4e14f13d76079,13ea6beaffa41b0b869a154f6dcace60e862c37476ba60563b6ec12cf20553f5,9eed65c8586531d0c3345bc86028ea50ec1f660b6596cb3cd5c11fc9b48ec86e,True,True,True,False,False,True,1f0b01ff71c78dd627b61ada2b30be423e48339592944bac000e667747efdab9,0b05118bf947dcb2103933d633c43f80ecfb17f425a044f5d15473ad51ec0826,RecordPartyExecution,bb66666cb6f27990cb9d87b743438841bc4773a678afba7d6217ba1e569668af,20.874686,2.072561,2126.923737,2149.870984
cap32-warmup-01,1,warmup,32,559e0bb531b3e4330c532e624d546d616c7849eb,sha256:532a8ccbe2aa5cc8d5d789fd51537f7e03d80aa07758509b75d4e14f13d76079,13ea6beaffa41b0b869a154f6dcace60e862c37476ba60563b6ec12cf20553f5,9eed65c8586531d0c3345bc86028ea50ec1f660b6596cb3cd5c11fc9b48ec86e,True,True,True,False,False,True,1f0b01ff71c78dd627b61ada2b30be423e48339592944bac000e667747efdab9,0b05118bf947dcb2103933d633c43f80ecfb17f425a044f5d15473ad51ec0826,RecordPartyExecution,5c60769df23feb9f4182d3167d02c2f1a35486eb346bab03fd1d26ab6177a967,21.244876,1.672776,2133.248432,2156.166084
cap32-warmup-01,1,warmup,32,559e0bb531b3e4330c532e624d546d616c7849eb,sha256:532a8ccbe2aa5cc8d5d789fd51537f7e03d80aa07758509b75d4e14f13d76079,13ea6beaffa41b0b869a154f6dcace60e862c37476ba60563b6ec12cf20553f5,9eed65c8586531d0c3345bc86028ea50ec1f660b6596cb3cd5c11fc9b48ec86e,True,True,True,False,False,True,1f0b01ff71c78dd627b61ada2b30be423e48339592944bac000e667747efdab9,0b05118bf947dcb2103933d633c43f80ecfb17f425a044f5d15473ad51ec0826,FinalizeSession,35f2adf34aaff4c723787e178affea59a9899c81dc4992b3f6b81e65a8240ef6,42.828065,2.504329,2136.097938,2181.430332
cap32-warmup-02,2,warmup,32,559e0bb531b3e4330c532e624d546d616c7849eb,sha256:532a8ccbe2aa5cc8d5d789fd51537f7e03d80aa07758509b75d4e14f13d76079,7b3f6f0bebd2d58626eefebed807dc7398e4c4e13ca17ea8ea3e607b16d96ef3,4a2b293dc874c85be802989ee36624a30a0cc054c771fed17b7b4a0648fc328e,True,True,True,False,False,True,ab7cfe717fd2d0344b660cfdc5a1652418ced50c0f0d3bec5cae56433641be4f,e3d5ed217b868588bfb51f9d762d854547478ff4a53b06ef56388b041f9ec98a,RegisterCommittee,7c3829c04646c265b07e2aab7ab2b6572a810ab8cada3c3e85642c998aeba221,42.562413,3.863605,2124.935575,2171.361593
cap32-warmup-02,2,warmup,32,559e0bb531b3e4330c532e624d546d616c7849eb,sha256:532a8ccbe2aa5cc8d5d789fd51537f7e03d80aa07758509b75d4e14f13d76079,7b3f6f0bebd2d58626eefebed807dc7398e4c4e13ca17ea8ea3e607b16d96ef3,4a2b293dc874c85be802989ee36624a30a0cc054c771fed17b7b4a0648fc328e,True,True,True,False,False,True,ab7cfe717fd2d0344b660cfdc5a1652418ced50c0f0d3bec5cae56433641be4f,e3d5ed217b868588bfb51f9d762d854547478ff4a53b06ef56388b041f9ec98a,RegisterInputAttestorKey,7a7b37d6a219ec535c6e81bbfe837f8794c635276502f62ba6d85af4f4156008,18.505369,2.361744,2130.583385,2151.450498
cap32-warmup-02,2,warmup,32,559e0bb531b3e4330c532e624d546d616c7849eb,sha256:532a8ccbe2aa5cc8d5d789fd51537f7e03d80aa07758509b75d4e14f13d76079,7b3f6f0bebd2d58626eefebed807dc7398e4c4e13ca17ea8ea3e607b16d96ef3,4a2b293dc874c85be802989ee36624a30a0cc054c771fed17b7b4a0648fc328e,True,True,True,False,False,True,ab7cfe717fd2d0344b660cfdc5a1652418ced50c0f0d3bec5cae56433641be4f,e3d5ed217b868588bfb51f9d762d854547478ff4a53b06ef56388b041f9ec98a,SubmitInputCommitment,2ba88d7dd44e589fbe6c656644fd9b47f381d5bc6cd5902b966621605c8e0596,41.417507,2.106123,2151.818588,2195.342218
cap32-warmup-02,2,warmup,32,559e0bb531b3e4330c532e624d546d616c7849eb,sha256:532a8ccbe2aa5cc8d5d789fd51537f7e03d80aa07758509b75d4e14f13d76079,7b3f6f0bebd2d58626eefebed807dc7398e4c4e13ca17ea8ea3e607b16d96ef3,4a2b293dc874c85be802989ee36624a30a0cc054c771fed17b7b4a0648fc328e,True,True,True,False,False,True,ab7cfe717fd2d0344b660cfdc5a1652418ced50c0f0d3bec5cae56433641be4f,e3d5ed217b868588bfb51f9d762d854547478ff4a53b06ef56388b041f9ec98a,SubmitInputCommitment,0710e0fbd6486517f3d00af7dfb4b8ae8138827bff864a05b0ce8b43f9d7d541,33.750004,2.627821,2128.629159,2165.006984
cap32-warmup-02,2,warmup,32,559e0bb531b3e4330c532e624d546d616c7849eb,sha256:532a8ccbe2aa5cc8d5d789fd51537f7e03d80aa07758509b75d4e14f13d76079,7b3f6f0bebd2d58626eefebed807dc7398e4c4e13ca17ea8ea3e607b16d96ef3,4a2b293dc874c85be802989ee36624a30a0cc054c771fed17b7b4a0648fc328e,True,True,True,False,False,True,ab7cfe717fd2d0344b660cfdc5a1652418ced50c0f0d3bec5cae56433641be4f,e3d5ed217b868588bfb51f9d762d854547478ff4a53b06ef56388b041f9ec98a,SubmitSessionInput,ec4065bae362ebcb5e220fbab66ad8f7900bb8320375487d204e1046a1cf52d8,65.561794,1.958121,2137.596445,2205.11636
cap32-warmup-02,2,warmup,32,559e0bb531b3e4330c532e624d546d616c7849eb,sha256:532a8ccbe2aa5cc8d5d789fd51537f7e03d80aa07758509b75d4e14f13d76079,7b3f6f0bebd2d58626eefebed807dc7398e4c4e13ca17ea8ea3e607b16d96ef3,4a2b293dc874c85be802989ee36624a30a0cc054c771fed17b7b4a0648fc328e,True,True,True,False,False,True,ab7cfe717fd2d0344b660cfdc5a1652418ced50c0f0d3bec5cae56433641be4f,e3d5ed217b868588bfb51f9d762d854547478ff4a53b06ef56388b041f9ec98a,RecordPartyExecution,dd2b0eb54bda547edbd0182099f7e8241f257d499116ea68f7f4aca0ef8648e8,50.91256,2.640797,2153.794084,2207.347441
cap32-warmup-02,2,warmup,32,559e0bb531b3e4330c532e624d546d616c7849eb,sha256:532a8ccbe2aa5cc8d5d789fd51537f7e03d80aa07758509b75d4e14f13d76079,7b3f6f0bebd2d58626eefebed807dc7398e4c4e13ca17ea8ea3e607b16d96ef3,4a2b293dc874c85be802989ee36624a30a0cc054c771fed17b7b4a0648fc328e,True,True,True,False,False,True,ab7cfe717fd2d0344b660cfdc5a1652418ced50c0f0d3bec5cae56433641be4f,e3d5ed217b868588bfb51f9d762d854547478ff4a53b06ef56388b041f9ec98a,RecordPartyExecution,d7bb77c1677deca45e6e83d2eaa4b8bd7f900e582a8123fbf04127f8ad95ed09,23.994847,3.034234,2138.766632,2165.795713
cap32-warmup-02,2,warmup,32,559e0bb531b3e4330c532e624d546d616c7849eb,sha256:532a8ccbe2aa5cc8d5d789fd51537f7e03d80aa07758509b75d4e14f13d76079,7b3f6f0bebd2d58626eefebed807dc7398e4c4e13ca17ea8ea3e607b16d96ef3,4a2b293dc874c85be802989ee36624a30a0cc054c771fed17b7b4a0648fc328e,True,True,True,False,False,True,ab7cfe717fd2d0344b660cfdc5a1652418ced50c0f0d3bec5cae56433641be4f,e3d5ed217b868588bfb51f9d762d854547478ff4a53b06ef56388b041f9ec98a,RecordPartyExecution,6c443cfa2e674a87a19cf73669ee18515ff4058795af0ffbc3ebd4191422381c,23.108468,2.793797,2126.399423,2152.301688
cap32-warmup-02,2,warmup,32,559e0bb531b3e4330c532e624d546d616c7849eb,sha256:532a8ccbe2aa5cc8d5d789fd51537f7e03d80aa07758509b75d4e14f13d76079,7b3f6f0bebd2d58626eefebed807dc7398e4c4e13ca17ea8ea3e607b16d96ef3,4a2b293dc874c85be802989ee36624a30a0cc054c771fed17b7b4a0648fc328e,True,True,True,False,False,True,ab7cfe717fd2d0344b660cfdc5a1652418ced50c0f0d3bec5cae56433641be4f,e3d5ed217b868588bfb51f9d762d854547478ff4a53b06ef56388b041f9ec98a,FinalizeSession,4c67ddc58b5f6f433eda6b0763c144d23383778b2387c6c5dd381c05ddf239aa,41.984052,3.281737,2132.874494,2178.140283
cap32-warmup-03,3,warmup,32,559e0bb531b3e4330c532e624d546d616c7849eb,sha256:532a8ccbe2aa5cc8d5d789fd51537f7e03d80aa07758509b75d4e14f13d76079,2c47f10d279eaa64b26785b626b9cc952e4829765cff29a9ea844d599982ed59,6326e6a0086e7bac31f3f24fed5e2813ddb16c0046c6041f46f1e7a0fe32776e,True,True,True,False,False,True,c0277d1fefd8f4cfc971dd8b3bfd53931908695f31ca851b299e08d826691458,58c09b8da51c9622575c70f3b8b831f136b71d088e183b48c3361b197317c45a,RegisterCommittee,754dc49982cc91043e11d7285c08a1f113e466ba2adac58666fed9f63439d4f0,56.903153,3.403952,2136.254905,2196.56201
cap32-warmup-03,3,warmup,32,559e0bb531b3e4330c532e624d546d616c7849eb,sha256:532a8ccbe2aa5cc8d5d789fd51537f7e03d80aa07758509b75d4e14f13d76079,2c47f10d279eaa64b26785b626b9cc952e4829765cff29a9ea844d599982ed59,6326e6a0086e7bac31f3f24fed5e2813ddb16c0046c6041f46f1e7a0fe32776e,True,True,True,False,False,True,c0277d1fefd8f4cfc971dd8b3bfd53931908695f31ca851b299e08d826691458,58c09b8da51c9622575c70f3b8b831f136b71d088e183b48c3361b197317c45a,RegisterInputAttestorKey,207913479da3f502db77fbe99bdc055fae8fd0b4ef6081e43ae97fd868d4cdf9,22.266891,2.41089,2136.14248,2160.820261
cap32-warmup-03,3,warmup,32,559e0bb531b3e4330c532e624d546d616c7849eb,sha256:532a8ccbe2aa5cc8d5d789fd51537f7e03d80aa07758509b75d4e14f13d76079,2c47f10d279eaa64b26785b626b9cc952e4829765cff29a9ea844d599982ed59,6326e6a0086e7bac31f3f24fed5e2813ddb16c0046c6041f46f1e7a0fe32776e,True,True,True,False,False,True,c0277d1fefd8f4cfc971dd8b3bfd53931908695f31ca851b299e08d826691458,58c09b8da51c9622575c70f3b8b831f136b71d088e183b48c3361b197317c45a,SubmitInputCommitment,bb64381bb3a2725a40183381cd0592d9c01441f8d513caa01e8d1a01f1433340,66.476239,3.204747,2125.750469,2195.431455
cap32-warmup-03,3,warmup,32,559e0bb531b3e4330c532e624d546d616c7849eb,sha256:532a8ccbe2aa5cc8d5d789fd51537f7e03d80aa07758509b75d4e14f13d76079,2c47f10d279eaa64b26785b626b9cc952e4829765cff29a9ea844d599982ed59,6326e6a0086e7bac31f3f24fed5e2813ddb16c0046c6041f46f1e7a0fe32776e,True,True,True,False,False,True,c0277d1fefd8f4cfc971dd8b3bfd53931908695f31ca851b299e08d826691458,58c09b8da51c9622575c70f3b8b831f136b71d088e183b48c3361b197317c45a,SubmitInputCommitment,d5a7caa52aded95ab644236f72dcbf805f0ed0a02c4e9fc9eb96edccd93b6097,42.993785,3.570818,2159.905412,2206.470015
cap32-warmup-03,3,warmup,32,559e0bb531b3e4330c532e624d546d616c7849eb,sha256:532a8ccbe2aa5cc8d5d789fd51537f7e03d80aa07758509b75d4e14f13d76079,2c47f10d279eaa64b26785b626b9cc952e4829765cff29a9ea844d599982ed59,6326e6a0086e7bac31f3f24fed5e2813ddb16c0046c6041f46f1e7a0fe32776e,True,True,True,False,False,True,c0277d1fefd8f4cfc971dd8b3bfd53931908695f31ca851b299e08d826691458,58c09b8da51c9622575c70f3b8b831f136b71d088e183b48c3361b197317c45a,SubmitSessionInput,94802f4b18db2195d634a500129c6c11d779cd463aca7a04b530065e92e546a4,68.859805,3.333078,2171.722549,2243.915432
cap32-warmup-03,3,warmup,32,559e0bb531b3e4330c532e624d546d616c7849eb,sha256:532a8ccbe2aa5cc8d5d789fd51537f7e03d80aa07758509b75d4e14f13d76079,2c47f10d279eaa64b26785b626b9cc952e4829765cff29a9ea844d599982ed59,6326e6a0086e7bac31f3f24fed5e2813ddb16c0046c6041f46f1e7a0fe32776e,True,True,True,False,False,True,c0277d1fefd8f4cfc971dd8b3bfd53931908695f31ca851b299e08d826691458,58c09b8da51c9622575c70f3b8b831f136b71d088e183b48c3361b197317c45a,RecordPartyExecution,c4f172a8c3725374c0a60c71a72277d7c9355f26ee24c4257fa152c03aa92a89,49.074791,3.545751,2176.594283,2229.214825
cap32-warmup-03,3,warmup,32,559e0bb531b3e4330c532e624d546d616c7849eb,sha256:532a8ccbe2aa5cc8d5d789fd51537f7e03d80aa07758509b75d4e14f13d76079,2c47f10d279eaa64b26785b626b9cc952e4829765cff29a9ea844d599982ed59,6326e6a0086e7bac31f3f24fed5e2813ddb16c0046c6041f46f1e7a0fe32776e,True,True,True,False,False,True,c0277d1fefd8f4cfc971dd8b3bfd53931908695f31ca851b299e08d826691458,58c09b8da51c9622575c70f3b8b831f136b71d088e183b48c3361b197317c45a,RecordPartyExecution,c1688d621dcec0e35baf0ac6495e5a10975854a9f93a1278d1709fb44cdd0ce6,37.332234,5.960756,2129.500394,2172.793384
cap32-warmup-03,3,warmup,32,559e0bb531b3e4330c532e624d546d616c7849eb,sha256:532a8ccbe2aa5cc8d5d789fd51537f7e03d80aa07758509b75d4e14f13d76079,2c47f10d279eaa64b26785b626b9cc952e4829765cff29a9ea844d599982ed59,6326e6a0086e7bac31f3f24fed5e2813ddb16c0046c6041f46f1e7a0fe32776e,True,True,True,False,False,True,c0277d1fefd8f4cfc971dd8b3bfd53931908695f31ca851b299e08d826691458,58c09b8da51c9622575c70f3b8b831f136b71d088e183b48c3361b197317c45a,RecordPartyExecution,71190ab3b2bfdd706f71aae52fc14dbb222cc646637efc55e10020cab85487f3,25.177278,2.74089,2129.760288,2157.678456
cap32-warmup-03,3,warmup,32,559e0bb531b3e4330c532e624d546d616c7849eb,sha256:532a8ccbe2aa5cc8d5d789fd51537f7e03d80aa07758509b75d4e14f13d76079,2c47f10d279eaa64b26785b626b9cc952e4829765cff29a9ea844d599982ed59,6326e6a0086e7bac31f3f24fed5e2813ddb16c0046c6041f46f1e7a0fe32776e,True,True,True,False,False,True,c0277d1fefd8f4cfc971dd8b3bfd53931908695f31ca851b299e08d826691458,58c09b8da51c9622575c70f3b8b831f136b71d088e183b48c3361b197317c45a,FinalizeSession,d717d9f043140d517eb6c9d6a5bf82236a527b020a582ad5a026ce454d03c49d,47.562021,3.060757,2135.193638,2185.816416
cap32-warmup-04,4,warmup,32,559e0bb531b3e4330c532e624d546d616c7849eb,sha256:532a8ccbe2aa5cc8d5d789fd51537f7e03d80aa07758509b75d4e14f13d76079,f3d8369f69898b011474950f3b1158eead91f5cc6d9f5787f00a256e8ffb4aae,bb3403b1e5b1204170d4fc50a503b42a339e8cec86389c2b3dbd8f1c27063dd5,True,True,True,False,False,True,a700fe35dcc4fad9f8f068015aa3eea9460801bb48683493512acec19053fc8b,708d97fe1960821d90f1c468b53ce315b0700ec0fe33e811146e971c7b6e0a37,RegisterCommittee,c38ba52bf8023a701b2a87b6906f23ed7607b5bcff5a6ba4cae8be3b2ba652f2,61.889014,5.810726,2117.541393,2185.241133
cap32-warmup-04,4,warmup,32,559e0bb531b3e4330c532e624d546d616c7849eb,sha256:532a8ccbe2aa5cc8d5d789fd51537f7e03d80aa07758509b75d4e14f13d76079,f3d8369f69898b011474950f3b1158eead91f5cc6d9f5787f00a256e8ffb4aae,bb3403b1e5b1204170d4fc50a503b42a339e8cec86389c2b3dbd8f1c27063dd5,True,True,True,False,False,True,a700fe35dcc4fad9f8f068015aa3eea9460801bb48683493512acec19053fc8b,708d97fe1960821d90f1c468b53ce315b0700ec0fe33e811146e971c7b6e0a37,RegisterInputAttestorKey,b9d16ca3865eb490b18db66770d557fce1533ae432eac8bfe10fef9bb677e8f5,28.212861,5.283286,2135.115231,2168.611378
cap32-warmup-04,4,warmup,32,559e0bb531b3e4330c532e624d546d616c7849eb,sha256:532a8ccbe2aa5cc8d5d789fd51537f7e03d80aa07758509b75d4e14f13d76079,f3d8369f69898b011474950f3b1158eead91f5cc6d9f5787f00a256e8ffb4aae,bb3403b1e5b1204170d4fc50a503b42a339e8cec86389c2b3dbd8f1c27063dd5,True,True,True,False,False,True,a700fe35dcc4fad9f8f068015aa3eea9460801bb48683493512acec19053fc8b,708d97fe1960821d90f1c468b53ce315b0700ec0fe33e811146e971c7b6e0a37,SubmitInputCommitment,badf30d549f004fa1882c66c96c5e2f8833e424324e9e072aa42d2ccd368cc5f,47.371313,3.132876,2153.474032,2203.978221
cap32-warmup-04,4,warmup,32,559e0bb531b3e4330c532e624d546d616c7849eb,sha256:532a8ccbe2aa5cc8d5d789fd51537f7e03d80aa07758509b75d4e14f13d76079,f3d8369f69898b011474950f3b1158eead91f5cc6d9f5787f00a256e8ffb4aae,bb3403b1e5b1204170d4fc50a503b42a339e8cec86389c2b3dbd8f1c27063dd5,True,True,True,False,False,True,a700fe35dcc4fad9f8f068015aa3eea9460801bb48683493512acec19053fc8b,708d97fe1960821d90f1c468b53ce315b0700ec0fe33e811146e971c7b6e0a37,SubmitInputCommitment,c915fac9d215c8b0a82dbd040982370304cdcff884ac308b0ce39c6929bb6fff,39.102702,4.529725,2156.914764,2200.547191
cap32-warmup-04,4,warmup,32,559e0bb531b3e4330c532e624d546d616c7849eb,sha256:532a8ccbe2aa5cc8d5d789fd51537f7e03d80aa07758509b75d4e14f13d76079,f3d8369f69898b011474950f3b1158eead91f5cc6d9f5787f00a256e8ffb4aae,bb3403b1e5b1204170d4fc50a503b42a339e8cec86389c2b3dbd8f1c27063dd5,True,True,True,False,False,True,a700fe35dcc4fad9f8f068015aa3eea9460801bb48683493512acec19053fc8b,708d97fe1960821d90f1c468b53ce315b0700ec0fe33e811146e971c7b6e0a37,SubmitSessionInput,7b731d2552a50c9c516ad287477b68455cafe6f09681b98915df8d3b3d7345d1,64.021255,2.111265,2139.98891,2206.12143
cap32-warmup-04,4,warmup,32,559e0bb531b3e4330c532e624d546d616c7849eb,sha256:532a8ccbe2aa5cc8d5d789fd51537f7e03d80aa07758509b75d4e14f13d76079,f3d8369f69898b011474950f3b1158eead91f5cc6d9f5787f00a256e8ffb4aae,bb3403b1e5b1204170d4fc50a503b42a339e8cec86389c2b3dbd8f1c27063dd5,True,True,True,False,False,True,a700fe35dcc4fad9f8f068015aa3eea9460801bb48683493512acec19053fc8b,708d97fe1960821d90f1c468b53ce315b0700ec0fe33e811146e971c7b6e0a37,RecordPartyExecution,da06faaca2bf3d9eced17d3ad79c26cd8aa7f443c69978b88fc8f00ece30c074,33.657706,3.391901,2160.31934,2197.368947
cap32-warmup-04,4,warmup,32,559e0bb531b3e4330c532e624d546d616c7849eb,sha256:532a8ccbe2aa5cc8d5d789fd51537f7e03d80aa07758509b75d4e14f13d76079,f3d8369f69898b011474950f3b1158eead91f5cc6d9f5787f00a256e8ffb4aae,bb3403b1e5b1204170d4fc50a503b42a339e8cec86389c2b3dbd8f1c27063dd5,True,True,True,False,False,True,a700fe35dcc4fad9f8f068015aa3eea9460801bb48683493512acec19053fc8b,708d97fe1960821d90f1c468b53ce315b0700ec0fe33e811146e971c7b6e0a37,RecordPartyExecution,b93db3f08b0ae4c661e4ffcc04fb3749b8ef4ce16725892c7e35247c9cae2c3f,18.326356,2.842962,2131.624921,2152.794239
cap32-warmup-04,4,warmup,32,559e0bb531b3e4330c532e624d546d616c7849eb,sha256:532a8ccbe2aa5cc8d5d789fd51537f7e03d80aa07758509b75d4e14f13d76079,f3d8369f69898b011474950f3b1158eead91f5cc6d9f5787f00a256e8ffb4aae,bb3403b1e5b1204170d4fc50a503b42a339e8cec86389c2b3dbd8f1c27063dd5,True,True,True,False,False,True,a700fe35dcc4fad9f8f068015aa3eea9460801bb48683493512acec19053fc8b,708d97fe1960821d90f1c468b53ce315b0700ec0fe33e811146e971c7b6e0a37,RecordPartyExecution,32f93630479eff3b4048778b9bae5685cb816a278fed778b9914d332701cc240,19.224817,1.993437,2126.611384,2147.829638
cap32-warmup-04,4,warmup,32,559e0bb531b3e4330c532e624d546d616c7849eb,sha256:532a8ccbe2aa5cc8d5d789fd51537f7e03d80aa07758509b75d4e14f13d76079,f3d8369f69898b011474950f3b1158eead91f5cc6d9f5787f00a256e8ffb4aae,bb3403b1e5b1204170d4fc50a503b42a339e8cec86389c2b3dbd8f1c27063dd5,True,True,True,False,False,True,a700fe35dcc4fad9f8f068015aa3eea9460801bb48683493512acec19053fc8b,708d97fe1960821d90f1c468b53ce315b0700ec0fe33e811146e971c7b6e0a37,FinalizeSession,7c19ca150f5740d1da05cecfd4825358aeaa0f28c716038da2c024237d3c84bf,37.126627,2.809129,2115.805753,2155.741509
