[34m2026-07-15 18:16:56.731 UTC 0001 INFO[0m [chaincodeCmd] [34;1mInitCmdFactory[0m -> InitCmdFactory: Entry: invoke, true, true
[34m2026-07-15 18:16:56.731 UTC 0002 INFO[0m [grpc] [34;1mInfof[0m -> [core] original dial target is: "peer0.nsw.retf.com:7051"
[34m2026-07-15 18:16:56.732 UTC 0003 INFO[0m [grpc] [34;1mAddTraceEvent[0m -> [core] [Channel #1]Channel created
[34m2026-07-15 18:16:56.732 UTC 0004 INFO[0m [grpc] [34;1mAddTraceEvent[0m -> [core] [Channel #1]parsed dial target is: resolver.Target{URL:url.URL{Scheme:"passthrough", Opaque:"", User:(*url.Userinfo)(nil), Host:"", Path:"/peer0.nsw.retf.com:7051", Fragment:"", RawQuery:"", RawPath:"", RawFragment:"", ForceQuery:false, OmitHost:false}}
[34m2026-07-15 18:16:56.732 UTC 0005 INFO[0m [grpc] [34;1mAddTraceEvent[0m -> [core] [Channel #1]Channel authority set to "peer0.nsw.retf.com:7051"
[34m2026-07-15 18:16:56.732 UTC 0006 INFO[0m [grpc] [34;1mAddTraceEvent[0m -> [core] [Channel #1]Resolver state updated: {
  "Addresses": [
    {
      "Addr": "peer0.nsw.retf.com:7051",
      "ServerName": "",
      "Attributes": null,
      "BalancerAttributes": null,
      "Metadata": null
    }
  ],
  "Endpoints": [
    {
      "Addresses": [
        {
          "Addr": "peer0.nsw.retf.com:7051",
          "ServerName": "",
          "Attributes": null,
          "BalancerAttributes": null,
          "Metadata": null
        }
      ],
      "Attributes": null
    }
  ],
  "ServiceConfig": null,
  "Attributes": null
} (resolver returned new addresses)
[34m2026-07-15 18:16:56.732 UTC 0007 INFO[0m [grpc] [34;1mAddTraceEvent[0m -> [core] [Channel #1]Channel switches to new LB policy "pick_first"
[34m2026-07-15 18:16:56.732 UTC 0008 INFO[0m [grpc] [34;1mInfof[0m -> [pick-first-leaf-lb] [pick-first-leaf-lb 0x32d1a5f34870] Received new config {
  "shuffleAddressList": false
}, resolver state {
  "Addresses": [
    {
      "Addr": "peer0.nsw.retf.com:7051",
      "ServerName": "",
      "Attributes": null,
      "BalancerAttributes": null,
      "Metadata": null
    }
  ],
  "Endpoints": [
    {
      "Addresses": [
        {
          "Addr": "peer0.nsw.retf.com:7051",
          "ServerName": "",
          "Attributes": null,
          "BalancerAttributes": null,
          "Metadata": null
        }
      ],
      "Attributes": null
    }
  ],
  "ServiceConfig": null,
  "Attributes": null
}
[34m2026-07-15 18:16:56.732 UTC 0009 INFO[0m [grpc] [34;1mAddTraceEvent[0m -> [core] [Channel #1]Channel Connectivity change to CONNECTING
[34m2026-07-15 18:16:56.732 UTC 000a INFO[0m [grpc] [34;1mAddTraceEvent[0m -> [core] [Channel #1 SubChannel #2]Subchannel created
[34m2026-07-15 18:16:56.732 UTC 000b INFO[0m [grpc] [34;1mAddTraceEvent[0m -> [core] [Channel #1]Channel exiting idle mode
[34m2026-07-15 18:16:56.732 UTC 000c INFO[0m [grpc] [34;1mAddTraceEvent[0m -> [core] [Channel #1 SubChannel #2]Subchannel Connectivity change to CONNECTING
[34m2026-07-15 18:16:56.733 UTC 000d INFO[0m [grpc] [34;1mAddTraceEvent[0m -> [core] [Channel #1 SubChannel #2]Subchannel picks a new address "peer0.nsw.retf.com:7051" to connect
[34m2026-07-15 18:16:56.736 UTC 000e INFO[0m [grpc] [34;1mAddTraceEvent[0m -> [core] [Channel #1 SubChannel #2]Subchannel Connectivity change to READY
[34m2026-07-15 18:16:56.736 UTC 000f INFO[0m [grpc] [34;1mInfof[0m -> [pick-first-leaf-lb] [pick-first-leaf-lb 0x32d1a5f34870] SubConn 0x32d1a60fc280 reported connectivity state READY and the health listener is disabled. Transitioning SubConn to READY.
[34m2026-07-15 18:16:56.736 UTC 0010 INFO[0m [grpc] [34;1mAddTraceEvent[0m -> [core] [Channel #1]Channel Connectivity change to READY
[34m2026-07-15 18:16:56.736 UTC 0011 INFO[0m [grpc] [34;1mInfof[0m -> [core] original dial target is: "peer0.nsw.retf.com:7051"
[34m2026-07-15 18:16:56.736 UTC 0012 INFO[0m [grpc] [34;1mAddTraceEvent[0m -> [core] [Channel #4]Channel created
[34m2026-07-15 18:16:56.736 UTC 0013 INFO[0m [grpc] [34;1mAddTraceEvent[0m -> [core] [Channel #4]parsed dial target is: resolver.Target{URL:url.URL{Scheme:"passthrough", Opaque:"", User:(*url.Userinfo)(nil), Host:"", Path:"/peer0.nsw.retf.com:7051", Fragment:"", RawQuery:"", RawPath:"", RawFragment:"", ForceQuery:false, OmitHost:false}}
[34m2026-07-15 18:16:56.736 UTC 0014 INFO[0m [grpc] [34;1mAddTraceEvent[0m -> [core] [Channel #4]Channel authority set to "peer0.nsw.retf.com:7051"
[34m2026-07-15 18:16:56.736 UTC 0015 INFO[0m [grpc] [34;1mAddTraceEvent[0m -> [core] [Channel #4]Resolver state updated: {
  "Addresses": [
    {
      "Addr": "peer0.nsw.retf.com:7051",
      "ServerName": "",
      "Attributes": null,
      "BalancerAttributes": null,
      "Metadata": null
    }
  ],
  "Endpoints": [
    {
      "Addresses": [
        {
          "Addr": "peer0.nsw.retf.com:7051",
          "ServerName": "",
          "Attributes": null,
          "BalancerAttributes": null,
          "Metadata": null
        }
      ],
      "Attributes": null
    }
  ],
  "ServiceConfig": null,
  "Attributes": null
} (resolver returned new addresses)
[34m2026-07-15 18:16:56.736 UTC 0016 INFO[0m [grpc] [34;1mAddTraceEvent[0m -> [core] [Channel #4]Channel switches to new LB policy "pick_first"
[34m2026-07-15 18:16:56.736 UTC 0017 INFO[0m [grpc] [34;1mInfof[0m -> [pick-first-leaf-lb] [pick-first-leaf-lb 0x32d1a5c542d0] Received new config {
  "shuffleAddressList": false
}, resolver state {
  "Addresses": [
    {
      "Addr": "peer0.nsw.retf.com:7051",
      "ServerName": "",
      "Attributes": null,
      "BalancerAttributes": null,
      "Metadata": null
    }
  ],
  "Endpoints": [
    {
      "Addresses": [
        {
          "Addr": "peer0.nsw.retf.com:7051",
          "ServerName": "",
          "Attributes": null,
          "BalancerAttributes": null,
          "Metadata": null
        }
      ],
      "Attributes": null
    }
  ],
  "ServiceConfig": null,
  "Attributes": null
}
[34m2026-07-15 18:16:56.736 UTC 0018 INFO[0m [grpc] [34;1mAddTraceEvent[0m -> [core] [Channel #4]Channel Connectivity change to CONNECTING
[34m2026-07-15 18:16:56.736 UTC 0019 INFO[0m [grpc] [34;1mAddTraceEvent[0m -> [core] [Channel #4 SubChannel #5]Subchannel created
[34m2026-07-15 18:16:56.736 UTC 001a INFO[0m [grpc] [34;1mAddTraceEvent[0m -> [core] [Channel #4]Channel exiting idle mode
[34m2026-07-15 18:16:56.736 UTC 001b INFO[0m [grpc] [34;1mAddTraceEvent[0m -> [core] [Channel #4 SubChannel #5]Subchannel Connectivity change to CONNECTING
[34m2026-07-15 18:16:56.736 UTC 001c INFO[0m [grpc] [34;1mAddTraceEvent[0m -> [core] [Channel #4 SubChannel #5]Subchannel picks a new address "peer0.nsw.retf.com:7051" to connect
[34m2026-07-15 18:16:56.738 UTC 001d INFO[0m [grpc] [34;1mAddTraceEvent[0m -> [core] [Channel #4 SubChannel #5]Subchannel Connectivity change to READY
[34m2026-07-15 18:16:56.738 UTC 001e INFO[0m [grpc] [34;1mInfof[0m -> [pick-first-leaf-lb] [pick-first-leaf-lb 0x32d1a5c542d0] SubConn 0x32d1a5d7be00 reported connectivity state READY and the health listener is disabled. Transitioning SubConn to READY.
[34m2026-07-15 18:16:56.738 UTC 001f INFO[0m [grpc] [34;1mAddTraceEvent[0m -> [core] [Channel #4]Channel Connectivity change to READY
[34m2026-07-15 18:16:56.738 UTC 0020 INFO[0m [grpc] [34;1mInfof[0m -> [core] original dial target is: "peer0.qld.retf.com:7051"
[34m2026-07-15 18:16:56.738 UTC 0021 INFO[0m [grpc] [34;1mAddTraceEvent[0m -> [core] [Channel #7]Channel created
[34m2026-07-15 18:16:56.739 UTC 0022 INFO[0m [grpc] [34;1mAddTraceEvent[0m -> [core] [Channel #7]parsed dial target is: resolver.Target{URL:url.URL{Scheme:"passthrough", Opaque:"", User:(*url.Userinfo)(nil), Host:"", Path:"/peer0.qld.retf.com:7051", Fragment:"", RawQuery:"", RawPath:"", RawFragment:"", ForceQuery:false, OmitHost:false}}
[34m2026-07-15 18:16:56.739 UTC 0023 INFO[0m [grpc] [34;1mAddTraceEvent[0m -> [core] [Channel #7]Channel authority set to "peer0.qld.retf.com:7051"
[34m2026-07-15 18:16:56.739 UTC 0024 INFO[0m [grpc] [34;1mAddTraceEvent[0m -> [core] [Channel #7]Resolver state updated: {
  "Addresses": [
    {
      "Addr": "peer0.qld.retf.com:7051",
      "ServerName": "",
      "Attributes": null,
      "BalancerAttributes": null,
      "Metadata": null
    }
  ],
  "Endpoints": [
    {
      "Addresses": [
        {
          "Addr": "peer0.qld.retf.com:7051",
          "ServerName": "",
          "Attributes": null,
          "BalancerAttributes": null,
          "Metadata": null
        }
      ],
      "Attributes": null
    }
  ],
  "ServiceConfig": null,
  "Attributes": null
} (resolver returned new addresses)
[34m2026-07-15 18:16:56.739 UTC 0025 INFO[0m [grpc] [34;1mAddTraceEvent[0m -> [core] [Channel #7]Channel switches to new LB policy "pick_first"
[34m2026-07-15 18:16:56.739 UTC 0026 INFO[0m [grpc] [34;1mInfof[0m -> [pick-first-leaf-lb] [pick-first-leaf-lb 0x32d1a5c546c0] Received new config {
  "shuffleAddressList": false
}, resolver state {
  "Addresses": [
    {
      "Addr": "peer0.qld.retf.com:7051",
      "ServerName": "",
      "Attributes": null,
      "BalancerAttributes": null,
      "Metadata": null
    }
  ],
  "Endpoints": [
    {
      "Addresses": [
        {
          "Addr": "peer0.qld.retf.com:7051",
          "ServerName": "",
          "Attributes": null,
          "BalancerAttributes": null,
          "Metadata": null
        }
      ],
      "Attributes": null
    }
  ],
  "ServiceConfig": null,
  "Attributes": null
}
[34m2026-07-15 18:16:56.739 UTC 0027 INFO[0m [grpc] [34;1mAddTraceEvent[0m -> [core] [Channel #7]Channel Connectivity change to CONNECTING
[34m2026-07-15 18:16:56.739 UTC 0028 INFO[0m [grpc] [34;1mAddTraceEvent[0m -> [core] [Channel #7 SubChannel #8]Subchannel created
[34m2026-07-15 18:16:56.739 UTC 0029 INFO[0m [grpc] [34;1mAddTraceEvent[0m -> [core] [Channel #7]Channel exiting idle mode
[34m2026-07-15 18:16:56.739 UTC 002a INFO[0m [grpc] [34;1mAddTraceEvent[0m -> [core] [Channel #7 SubChannel #8]Subchannel Connectivity change to CONNECTING
[34m2026-07-15 18:16:56.740 UTC 002b INFO[0m [grpc] [34;1mAddTraceEvent[0m -> [core] [Channel #7 SubChannel #8]Subchannel picks a new address "peer0.qld.retf.com:7051" to connect
[34m2026-07-15 18:16:56.742 UTC 002c INFO[0m [grpc] [34;1mAddTraceEvent[0m -> [core] [Channel #7 SubChannel #8]Subchannel Connectivity change to READY
[34m2026-07-15 18:16:56.742 UTC 002d INFO[0m [grpc] [34;1mInfof[0m -> [pick-first-leaf-lb] [pick-first-leaf-lb 0x32d1a5c546c0] SubConn 0x32d1a60a2320 reported connectivity state READY and the health listener is disabled. Transitioning SubConn to READY.
[34m2026-07-15 18:16:56.742 UTC 002e INFO[0m [grpc] [34;1mAddTraceEvent[0m -> [core] [Channel #7]Channel Connectivity change to READY
[34m2026-07-15 18:16:56.742 UTC 002f INFO[0m [grpc] [34;1mInfof[0m -> [core] original dial target is: "peer0.qld.retf.com:7051"
[34m2026-07-15 18:16:56.742 UTC 0030 INFO[0m [grpc] [34;1mAddTraceEvent[0m -> [core] [Channel #10]Channel created
[34m2026-07-15 18:16:56.742 UTC 0031 INFO[0m [grpc] [34;1mAddTraceEvent[0m -> [core] [Channel #10]parsed dial target is: resolver.Target{URL:url.URL{Scheme:"passthrough", Opaque:"", User:(*url.Userinfo)(nil), Host:"", Path:"/peer0.qld.retf.com:7051", Fragment:"", RawQuery:"", RawPath:"", RawFragment:"", ForceQuery:false, OmitHost:false}}
[34m2026-07-15 18:16:56.742 UTC 0032 INFO[0m [grpc] [34;1mAddTraceEvent[0m -> [core] [Channel #10]Channel authority set to "peer0.qld.retf.com:7051"
[34m2026-07-15 18:16:56.742 UTC 0033 INFO[0m [grpc] [34;1mAddTraceEvent[0m -> [core] [Channel #10]Resolver state updated: {
  "Addresses": [
    {
      "Addr": "peer0.qld.retf.com:7051",
      "ServerName": "",
      "Attributes": null,
      "BalancerAttributes": null,
      "Metadata": null
    }
  ],
  "Endpoints": [
    {
      "Addresses": [
        {
          "Addr": "peer0.qld.retf.com:7051",
          "ServerName": "",
          "Attributes": null,
          "BalancerAttributes": null,
          "Metadata": null
        }
      ],
      "Attributes": null
    }
  ],
  "ServiceConfig": null,
  "Attributes": null
} (resolver returned new addresses)
[34m2026-07-15 18:16:56.742 UTC 0034 INFO[0m [grpc] [34;1mAddTraceEvent[0m -> [core] [Channel #10]Channel switches to new LB policy "pick_first"
[34m2026-07-15 18:16:56.742 UTC 0035 INFO[0m [grpc] [34;1mInfof[0m -> [pick-first-leaf-lb] [pick-first-leaf-lb 0x32d1a5f34bd0] Received new config {
  "shuffleAddressList": false
}, resolver state {
  "Addresses": [
    {
      "Addr": "peer0.qld.retf.com:7051",
      "ServerName": "",
      "Attributes": null,
      "BalancerAttributes": null,
      "Metadata": null
    }
  ],
  "Endpoints": [
    {
      "Addresses": [
        {
          "Addr": "peer0.qld.retf.com:7051",
          "ServerName": "",
          "Attributes": null,
          "BalancerAttributes": null,
          "Metadata": null
        }
      ],
      "Attributes": null
    }
  ],
  "ServiceConfig": null,
  "Attributes": null
}
[34m2026-07-15 18:16:56.742 UTC 0036 INFO[0m [grpc] [34;1mAddTraceEvent[0m -> [core] [Channel #10]Channel Connectivity change to CONNECTING
[34m2026-07-15 18:16:56.742 UTC 0037 INFO[0m [grpc] [34;1mAddTraceEvent[0m -> [core] [Channel #10 SubChannel #11]Subchannel created
[34m2026-07-15 18:16:56.742 UTC 0038 INFO[0m [grpc] [34;1mAddTraceEvent[0m -> [core] [Channel #10]Channel exiting idle mode
[34m2026-07-15 18:16:56.742 UTC 0039 INFO[0m [grpc] [34;1mAddTraceEvent[0m -> [core] [Channel #10 SubChannel #11]Subchannel Connectivity change to CONNECTING
[34m2026-07-15 18:16:56.742 UTC 003a INFO[0m [grpc] [34;1mAddTraceEvent[0m -> [core] [Channel #10 SubChannel #11]Subchannel picks a new address "peer0.qld.retf.com:7051" to connect
[34m2026-07-15 18:16:56.744 UTC 003b INFO[0m [grpc] [34;1mAddTraceEvent[0m -> [core] [Channel #10 SubChannel #11]Subchannel Connectivity change to READY
[34m2026-07-15 18:16:56.745 UTC 003c INFO[0m [grpc] [34;1mInfof[0m -> [pick-first-leaf-lb] [pick-first-leaf-lb 0x32d1a5f34bd0] SubConn 0x32d1a5ff4460 reported connectivity state READY and the health listener is disabled. Transitioning SubConn to READY.
[34m2026-07-15 18:16:56.745 UTC 003d INFO[0m [grpc] [34;1mAddTraceEvent[0m -> [core] [Channel #10]Channel Connectivity change to READY
[34m2026-07-15 18:16:56.745 UTC 003e INFO[0m [grpc] [34;1mInfof[0m -> [core] original dial target is: "peer0.sa.retf.com:7051"
[34m2026-07-15 18:16:56.745 UTC 003f INFO[0m [grpc] [34;1mAddTraceEvent[0m -> [core] [Channel #13]Channel created
[34m2026-07-15 18:16:56.745 UTC 0040 INFO[0m [grpc] [34;1mAddTraceEvent[0m -> [core] [Channel #13]parsed dial target is: resolver.Target{URL:url.URL{Scheme:"passthrough", Opaque:"", User:(*url.Userinfo)(nil), Host:"", Path:"/peer0.sa.retf.com:7051", Fragment:"", RawQuery:"", RawPath:"", RawFragment:"", ForceQuery:false, OmitHost:false}}
[34m2026-07-15 18:16:56.745 UTC 0041 INFO[0m [grpc] [34;1mAddTraceEvent[0m -> [core] [Channel #13]Channel authority set to "peer0.sa.retf.com:7051"
[34m2026-07-15 18:16:56.745 UTC 0042 INFO[0m [grpc] [34;1mAddTraceEvent[0m -> [core] [Channel #13]Resolver state updated: {
  "Addresses": [
    {
      "Addr": "peer0.sa.retf.com:7051",
      "ServerName": "",
      "Attributes": null,
      "BalancerAttributes": null,
      "Metadata": null
    }
  ],
  "Endpoints": [
    {
      "Addresses": [
        {
          "Addr": "peer0.sa.retf.com:7051",
          "ServerName": "",
          "Attributes": null,
          "BalancerAttributes": null,
          "Metadata": null
        }
      ],
      "Attributes": null
    }
  ],
  "ServiceConfig": null,
  "Attributes": null
} (resolver returned new addresses)
[34m2026-07-15 18:16:56.745 UTC 0043 INFO[0m [grpc] [34;1mAddTraceEvent[0m -> [core] [Channel #13]Channel switches to new LB policy "pick_first"
[34m2026-07-15 18:16:56.745 UTC 0044 INFO[0m [grpc] [34;1mInfof[0m -> [pick-first-leaf-lb] [pick-first-leaf-lb 0x32d1a5f34fc0] Received new config {
  "shuffleAddressList": false
}, resolver state {
  "Addresses": [
    {
      "Addr": "peer0.sa.retf.com:7051",
      "ServerName": "",
      "Attributes": null,
      "BalancerAttributes": null,
      "Metadata": null
    }
  ],
  "Endpoints": [
    {
      "Addresses": [
        {
          "Addr": "peer0.sa.retf.com:7051",
          "ServerName": "",
          "Attributes": null,
          "BalancerAttributes": null,
          "Metadata": null
        }
      ],
      "Attributes": null
    }
  ],
  "ServiceConfig": null,
  "Attributes": null
}
[34m2026-07-15 18:16:56.745 UTC 0045 INFO[0m [grpc] [34;1mAddTraceEvent[0m -> [core] [Channel #13]Channel Connectivity change to CONNECTING
[34m2026-07-15 18:16:56.745 UTC 0046 INFO[0m [grpc] [34;1mAddTraceEvent[0m -> [core] [Channel #13 SubChannel #14]Subchannel created
[34m2026-07-15 18:16:56.745 UTC 0047 INFO[0m [grpc] [34;1mAddTraceEvent[0m -> [core] [Channel #13]Channel exiting idle mode
[34m2026-07-15 18:16:56.745 UTC 0048 INFO[0m [grpc] [34;1mAddTraceEvent[0m -> [core] [Channel #13 SubChannel #14]Subchannel Connectivity change to CONNECTING
[34m2026-07-15 18:16:56.745 UTC 0049 INFO[0m [grpc] [34;1mAddTraceEvent[0m -> [core] [Channel #13 SubChannel #14]Subchannel picks a new address "peer0.sa.retf.com:7051" to connect
[34m2026-07-15 18:16:56.747 UTC 004a INFO[0m [grpc] [34;1mAddTraceEvent[0m -> [core] [Channel #13 SubChannel #14]Subchannel Connectivity change to READY
[34m2026-07-15 18:16:56.747 UTC 004b INFO[0m [grpc] [34;1mInfof[0m -> [pick-first-leaf-lb] [pick-first-leaf-lb 0x32d1a5f34fc0] SubConn 0x32d1a5ff48c0 reported connectivity state READY and the health listener is disabled. Transitioning SubConn to READY.
[34m2026-07-15 18:16:56.747 UTC 004c INFO[0m [grpc] [34;1mAddTraceEvent[0m -> [core] [Channel #13]Channel Connectivity change to READY
[34m2026-07-15 18:16:56.747 UTC 004d INFO[0m [grpc] [34;1mInfof[0m -> [core] original dial target is: "peer0.sa.retf.com:7051"
[34m2026-07-15 18:16:56.747 UTC 004e INFO[0m [grpc] [34;1mAddTraceEvent[0m -> [core] [Channel #16]Channel created
[34m2026-07-15 18:16:56.747 UTC 004f INFO[0m [grpc] [34;1mAddTraceEvent[0m -> [core] [Channel #16]parsed dial target is: resolver.Target{URL:url.URL{Scheme:"passthrough", Opaque:"", User:(*url.Userinfo)(nil), Host:"", Path:"/peer0.sa.retf.com:7051", Fragment:"", RawQuery:"", RawPath:"", RawFragment:"", ForceQuery:false, OmitHost:false}}
[34m2026-07-15 18:16:56.747 UTC 0050 INFO[0m [grpc] [34;1mAddTraceEvent[0m -> [core] [Channel #16]Channel authority set to "peer0.sa.retf.com:7051"
[34m2026-07-15 18:16:56.747 UTC 0051 INFO[0m [grpc] [34;1mAddTraceEvent[0m -> [core] [Channel #16]Resolver state updated: {
  "Addresses": [
    {
      "Addr": "peer0.sa.retf.com:7051",
      "ServerName": "",
      "Attributes": null,
      "BalancerAttributes": null,
      "Metadata": null
    }
  ],
  "Endpoints": [
    {
      "Addresses": [
        {
          "Addr": "peer0.sa.retf.com:7051",
          "ServerName": "",
          "Attributes": null,
          "BalancerAttributes": null,
          "Metadata": null
        }
      ],
      "Attributes": null
    }
  ],
  "ServiceConfig": null,
  "Attributes": null
} (resolver returned new addresses)
[34m2026-07-15 18:16:56.747 UTC 0052 INFO[0m [grpc] [34;1mAddTraceEvent[0m -> [core] [Channel #16]Channel switches to new LB policy "pick_first"
[34m2026-07-15 18:16:56.747 UTC 0053 INFO[0m [grpc] [34;1mInfof[0m -> [pick-first-leaf-lb] [pick-first-leaf-lb 0x32d1a5f353b0] Received new config {
  "shuffleAddressList": false
}, resolver state {
  "Addresses": [
    {
      "Addr": "peer0.sa.retf.com:7051",
      "ServerName": "",
      "Attributes": null,
      "BalancerAttributes": null,
      "Metadata": null
    }
  ],
  "Endpoints": [
    {
      "Addresses": [
        {
          "Addr": "peer0.sa.retf.com:7051",
          "ServerName": "",
          "Attributes": null,
          "BalancerAttributes": null,
          "Metadata": null
        }
      ],
      "Attributes": null
    }
  ],
  "ServiceConfig": null,
  "Attributes": null
}
[34m2026-07-15 18:16:56.747 UTC 0054 INFO[0m [grpc] [34;1mAddTraceEvent[0m -> [core] [Channel #16]Channel Connectivity change to CONNECTING
[34m2026-07-15 18:16:56.747 UTC 0055 INFO[0m [grpc] [34;1mAddTraceEvent[0m -> [core] [Channel #16 SubChannel #17]Subchannel created
[34m2026-07-15 18:16:56.747 UTC 0056 INFO[0m [grpc] [34;1mAddTraceEvent[0m -> [core] [Channel #16]Channel exiting idle mode
[34m2026-07-15 18:16:56.748 UTC 0057 INFO[0m [grpc] [34;1mAddTraceEvent[0m -> [core] [Channel #16 SubChannel #17]Subchannel Connectivity change to CONNECTING
[34m2026-07-15 18:16:56.748 UTC 0058 INFO[0m [grpc] [34;1mAddTraceEvent[0m -> [core] [Channel #16 SubChannel #17]Subchannel picks a new address "peer0.sa.retf.com:7051" to connect
[34m2026-07-15 18:16:56.749 UTC 0059 INFO[0m [grpc] [34;1mAddTraceEvent[0m -> [core] [Channel #16 SubChannel #17]Subchannel Connectivity change to READY
[34m2026-07-15 18:16:56.749 UTC 005a INFO[0m [grpc] [34;1mInfof[0m -> [pick-first-leaf-lb] [pick-first-leaf-lb 0x32d1a5f353b0] SubConn 0x32d1a5ff5130 reported connectivity state READY and the health listener is disabled. Transitioning SubConn to READY.
[34m2026-07-15 18:16:56.749 UTC 005b INFO[0m [grpc] [34;1mAddTraceEvent[0m -> [core] [Channel #16]Channel Connectivity change to READY
[33m2026-07-15 18:16:56.750 UTC 005c WARN[0m [grpc] [33;1mWarningf[0m -> [core] Adjusting keepalive ping interval to minimum period of 10s
[34m2026-07-15 18:16:56.750 UTC 005d INFO[0m [grpc] [34;1mInfof[0m -> [core] original dial target is: "orderer.orderer.retf.com:7050"
[34m2026-07-15 18:16:56.750 UTC 005e INFO[0m [grpc] [34;1mAddTraceEvent[0m -> [core] [Channel #19]Channel created
[34m2026-07-15 18:16:56.750 UTC 005f INFO[0m [grpc] [34;1mAddTraceEvent[0m -> [core] [Channel #19]parsed dial target is: resolver.Target{URL:url.URL{Scheme:"passthrough", Opaque:"", User:(*url.Userinfo)(nil), Host:"", Path:"/orderer.orderer.retf.com:7050", Fragment:"", RawQuery:"", RawPath:"", RawFragment:"", ForceQuery:false, OmitHost:false}}
[34m2026-07-15 18:16:56.750 UTC 0060 INFO[0m [grpc] [34;1mAddTraceEvent[0m -> [core] [Channel #19]Channel authority set to "orderer.orderer.retf.com"
[34m2026-07-15 18:16:56.750 UTC 0061 INFO[0m [grpc] [34;1mAddTraceEvent[0m -> [core] [Channel #19]Resolver state updated: {
  "Addresses": [
    {
      "Addr": "orderer.orderer.retf.com:7050",
      "ServerName": "",
      "Attributes": null,
      "BalancerAttributes": null,
      "Metadata": null
    }
  ],
  "Endpoints": [
    {
      "Addresses": [
        {
          "Addr": "orderer.orderer.retf.com:7050",
          "ServerName": "",
          "Attributes": null,
          "BalancerAttributes": null,
          "Metadata": null
        }
      ],
      "Attributes": null
    }
  ],
  "ServiceConfig": null,
  "Attributes": null
} (resolver returned new addresses)
[34m2026-07-15 18:16:56.750 UTC 0062 INFO[0m [grpc] [34;1mAddTraceEvent[0m -> [core] [Channel #19]Channel switches to new LB policy "pick_first"
[34m2026-07-15 18:16:56.750 UTC 0063 INFO[0m [grpc] [34;1mInfof[0m -> [pick-first-leaf-lb] [pick-first-leaf-lb 0x32d1a5f357a0] Received new config {
  "shuffleAddressList": false
}, resolver state {
  "Addresses": [
    {
      "Addr": "orderer.orderer.retf.com:7050",
      "ServerName": "",
      "Attributes": null,
      "BalancerAttributes": null,
      "Metadata": null
    }
  ],
  "Endpoints": [
    {
      "Addresses": [
        {
          "Addr": "orderer.orderer.retf.com:7050",
          "ServerName": "",
          "Attributes": null,
          "BalancerAttributes": null,
          "Metadata": null
        }
      ],
      "Attributes": null
    }
  ],
  "ServiceConfig": null,
  "Attributes": null
}
[34m2026-07-15 18:16:56.750 UTC 0064 INFO[0m [grpc] [34;1mAddTraceEvent[0m -> [core] [Channel #19]Channel Connectivity change to CONNECTING
[34m2026-07-15 18:16:56.750 UTC 0065 INFO[0m [grpc] [34;1mAddTraceEvent[0m -> [core] [Channel #19 SubChannel #20]Subchannel created
[34m2026-07-15 18:16:56.750 UTC 0066 INFO[0m [grpc] [34;1mAddTraceEvent[0m -> [core] [Channel #19]Channel exiting idle mode
[34m2026-07-15 18:16:56.750 UTC 0067 INFO[0m [grpc] [34;1mAddTraceEvent[0m -> [core] [Channel #19 SubChannel #20]Subchannel Connectivity change to CONNECTING
[34m2026-07-15 18:16:56.750 UTC 0068 INFO[0m [grpc] [34;1mAddTraceEvent[0m -> [core] [Channel #19 SubChannel #20]Subchannel picks a new address "orderer.orderer.retf.com:7050" to connect
[34m2026-07-15 18:16:56.753 UTC 0069 INFO[0m [grpc] [34;1mAddTraceEvent[0m -> [core] [Channel #19 SubChannel #20]Subchannel Connectivity change to READY
[34m2026-07-15 18:16:56.753 UTC 006a INFO[0m [grpc] [34;1mInfof[0m -> [pick-first-leaf-lb] [pick-first-leaf-lb 0x32d1a5f357a0] SubConn 0x32d1a5ff5900 reported connectivity state READY and the health listener is disabled. Transitioning SubConn to READY.
[34m2026-07-15 18:16:56.753 UTC 006b INFO[0m [grpc] [34;1mAddTraceEvent[0m -> [core] [Channel #19]Channel Connectivity change to READY
[34m2026-07-15 18:16:58.904 UTC 006c INFO[0m [chaincodeCmd] [34;1mClientWait[0m -> txid [0be989a1e791efeff19999da604a8cabc5f011463ad86d707d1247b61efedb55] committed with status (VALID) at peer0.nsw.retf.com:7051
[34m2026-07-15 18:16:58.926 UTC 006d INFO[0m [chaincodeCmd] [34;1mClientWait[0m -> txid [0be989a1e791efeff19999da604a8cabc5f011463ad86d707d1247b61efedb55] committed with status (VALID) at peer0.sa.retf.com:7051
[34m2026-07-15 18:16:58.934 UTC 006e INFO[0m [chaincodeCmd] [34;1mClientWait[0m -> txid [0be989a1e791efeff19999da604a8cabc5f011463ad86d707d1247b61efedb55] committed with status (VALID) at peer0.qld.retf.com:7051
[34m2026-07-15 18:16:58.935 UTC 006f INFO[0m [chaincodeCmd] [34;1mchaincodeInvokeOrQuery[0m -> Chaincode invoke successful. result: status:200 payload:"{\"schema_version\":\"saib-retf-s2.2.2-governance/1\",\"key_id\":\"s222-governance-root\",\"public_key_b64\":\"RNH0uUUphlFOLdQQzdNn9l6h4mKpmmk1NbdD/VAgeAQ=\",\"public_key_sha256\":\"36c5c005bd01b33e32cbff4b1c52da84d8542d8acc520f99fab384f03709d7a8\",\"status\":\"active\",\"last_nonce\":0}"
[34m2026-07-15 18:17:00.005 UTC 0001 INFO[0m [chaincodeCmd] [34;1mInitCmdFactory[0m -> InitCmdFactory: Entry: invoke, true, true
[34m2026-07-15 18:17:00.005 UTC 0002 INFO[0m [grpc] [34;1mInfof[0m -> [core] original dial target is: "peer0.nsw.retf.com:7051"
[34m2026-07-15 18:17:00.005 UTC 0003 INFO[0m [grpc] [34;1mAddTraceEvent[0m -> [core] [Channel #1]Channel created
[34m2026-07-15 18:17:00.005 UTC 0004 INFO[0m [grpc] [34;1mAddTraceEvent[0m -> [core] [Channel #1]parsed dial target is: resolver.Target{URL:url.URL{Scheme:"passthrough", Opaque:"", User:(*url.Userinfo)(nil), Host:"", Path:"/peer0.nsw.retf.com:7051", Fragment:"", RawQuery:"", RawPath:"", RawFragment:"", ForceQuery:false, OmitHost:false}}
[34m2026-07-15 18:17:00.005 UTC 0005 INFO[0m [grpc] [34;1mAddTraceEvent[0m -> [core] [Channel #1]Channel authority set to "peer0.nsw.retf.com:7051"
[34m2026-07-15 18:17:00.006 UTC 0006 INFO[0m [grpc] [34;1mAddTraceEvent[0m -> [core] [Channel #1]Resolver state updated: {
  "Addresses": [
    {
      "Addr": "peer0.nsw.retf.com:7051",
      "ServerName": "",
      "Attributes": null,
      "BalancerAttributes": null,
      "Metadata": null
    }
  ],
  "Endpoints": [
    {
      "Addresses": [
        {
          "Addr": "peer0.nsw.retf.com:7051",
          "ServerName": "",
          "Attributes": null,
          "BalancerAttributes": null,
          "Metadata": null
        }
      ],
      "Attributes": null
    }
  ],
  "ServiceConfig": null,
  "Attributes": null
} (resolver returned new addresses)
[34m2026-07-15 18:17:00.006 UTC 0007 INFO[0m [grpc] [34;1mAddTraceEvent[0m -> [core] [Channel #1]Channel switches to new LB policy "pick_first"
[34m2026-07-15 18:17:00.006 UTC 0008 INFO[0m [grpc] [34;1mInfof[0m -> [pick-first-leaf-lb] [pick-first-leaf-lb 0x34eb2e1462d0] Received new config {
  "shuffleAddressList": false
}, resolver state {
  "Addresses": [
    {
      "Addr": "peer0.nsw.retf.com:7051",
      "ServerName": "",
      "Attributes": null,
      "BalancerAttributes": null,
      "Metadata": null
    }
  ],
  "Endpoints": [
    {
      "Addresses": [
        {
          "Addr": "peer0.nsw.retf.com:7051",
          "ServerName": "",
          "Attributes": null,
          "BalancerAttributes": null,
          "Metadata": null
        }
      ],
      "Attributes": null
    }
  ],
  "ServiceConfig": null,
  "Attributes": null
}
[34m2026-07-15 18:17:00.006 UTC 0009 INFO[0m [grpc] [34;1mAddTraceEvent[0m -> [core] [Channel #1]Channel Connectivity change to CONNECTING
[34m2026-07-15 18:17:00.006 UTC 000a INFO[0m [grpc] [34;1mAddTraceEvent[0m -> [core] [Channel #1 SubChannel #2]Subchannel created
[34m2026-07-15 18:17:00.006 UTC 000b INFO[0m [grpc] [34;1mAddTraceEvent[0m -> [core] [Channel #1]Channel exiting idle mode
[34m2026-07-15 18:17:00.006 UTC 000c INFO[0m [grpc] [34;1mAddTraceEvent[0m -> [core] [Channel #1 SubChannel #2]Subchannel Connectivity change to CONNECTING
[34m2026-07-15 18:17:00.006 UTC 000d INFO[0m [grpc] [34;1mAddTraceEvent[0m -> [core] [Channel #1 SubChannel #2]Subchannel picks a new address "peer0.nsw.retf.com:7051" to connect
[34m2026-07-15 18:17:00.009 UTC 000e INFO[0m [grpc] [34;1mAddTraceEvent[0m -> [core] [Channel #1 SubChannel #2]Subchannel Connectivity change to READY
[34m2026-07-15 18:17:00.009 UTC 000f INFO[0m [grpc] [34;1mInfof[0m -> [pick-first-leaf-lb] [pick-first-leaf-lb 0x34eb2e1462d0] SubConn 0x34eb2e0cc410 reported connectivity state READY and the health listener is disabled. Transitioning SubConn to READY.
[34m2026-07-15 18:17:00.009 UTC 0010 INFO[0m [grpc] [34;1mAddTraceEvent[0m -> [core] [Channel #1]Channel Connectivity change to READY
[34m2026-07-15 18:17:00.009 UTC 0011 INFO[0m [grpc] [34;1mInfof[0m -> [core] original dial target is: "peer0.nsw.retf.com:7051"
[34m2026-07-15 18:17:00.009 UTC 0012 INFO[0m [grpc] [34;1mAddTraceEvent[0m -> [core] [Channel #4]Channel created
[34m2026-07-15 18:17:00.009 UTC 0013 INFO[0m [grpc] [34;1mAddTraceEvent[0m -> [core] [Channel #4]parsed dial target is: resolver.Target{URL:url.URL{Scheme:"passthrough", Opaque:"", User:(*url.Userinfo)(nil), Host:"", Path:"/peer0.nsw.retf.com:7051", Fragment:"", RawQuery:"", RawPath:"", RawFragment:"", ForceQuery:false, OmitHost:false}}
[34m2026-07-15 18:17:00.009 UTC 0014 INFO[0m [grpc] [34;1mAddTraceEvent[0m -> [core] [Channel #4]Channel authority set to "peer0.nsw.retf.com:7051"
[34m2026-07-15 18:17:00.009 UTC 0015 INFO[0m [grpc] [34;1mAddTraceEvent[0m -> [core] [Channel #4]Resolver state updated: {
  "Addresses": [
    {
      "Addr": "peer0.nsw.retf.com:7051",
      "ServerName": "",
      "Attributes": null,
      "BalancerAttributes": null,
      "Metadata": null
    }
  ],
  "Endpoints": [
    {
      "Addresses": [
        {
          "Addr": "peer0.nsw.retf.com:7051",
          "ServerName": "",
          "Attributes": null,
          "BalancerAttributes": null,
          "Metadata": null
        }
      ],
      "Attributes": null
    }
  ],
  "ServiceConfig": null,
  "Attributes": null
} (resolver returned new addresses)
[34m2026-07-15 18:17:00.009 UTC 0016 INFO[0m [grpc] [34;1mAddTraceEvent[0m -> [core] [Channel #4]Channel switches to new LB policy "pick_first"
[34m2026-07-15 18:17:00.010 UTC 0017 INFO[0m [grpc] [34;1mInfof[0m -> [pick-first-leaf-lb] [pick-first-leaf-lb 0x34eb2e23c7e0] Received new config {
  "shuffleAddressList": false
}, resolver state {
  "Addresses": [
    {
      "Addr": "peer0.nsw.retf.com:7051",
      "ServerName": "",
      "Attributes": null,
      "BalancerAttributes": null,
      "Metadata": null
    }
  ],
  "Endpoints": [
    {
      "Addresses": [
        {
          "Addr": "peer0.nsw.retf.com:7051",
          "ServerName": "",
          "Attributes": null,
          "BalancerAttributes": null,
          "Metadata": null
        }
      ],
      "Attributes": null
    }
  ],
  "ServiceConfig": null,
  "Attributes": null
}
[34m2026-07-15 18:17:00.010 UTC 0018 INFO[0m [grpc] [34;1mAddTraceEvent[0m -> [core] [Channel #4]Channel Connectivity change to CONNECTING
[34m2026-07-15 18:17:00.010 UTC 0019 INFO[0m [grpc] [34;1mAddTraceEvent[0m -> [core] [Channel #4 SubChannel #5]Subchannel created
[34m2026-07-15 18:17:00.010 UTC 001a INFO[0m [grpc] [34;1mAddTraceEvent[0m -> [core] [Channel #4]Channel exiting idle mode
[34m2026-07-15 18:17:00.010 UTC 001b INFO[0m [grpc] [34;1mAddTraceEvent[0m -> [core] [Channel #4 SubChannel #5]Subchannel Connectivity change to CONNECTING
[34m2026-07-15 18:17:00.010 UTC 001c INFO[0m [grpc] [34;1mAddTraceEvent[0m -> [core] [Channel #4 SubChannel #5]Subchannel picks a new address "peer0.nsw.retf.com:7051" to connect
[34m2026-07-15 18:17:00.014 UTC 001d INFO[0m [grpc] [34;1mAddTraceEvent[0m -> [core] [Channel #4 SubChannel #5]Subchannel Connectivity change to READY
[34m2026-07-15 18:17:00.014 UTC 001e INFO[0m [grpc] [34;1mInfof[0m -> [pick-first-leaf-lb] [pick-first-leaf-lb 0x34eb2e23c7e0] SubConn 0x34eb2e23a910 reported connectivity state READY and the health listener is disabled. Transitioning SubConn to READY.
[34m2026-07-15 18:17:00.014 UTC 001f INFO[0m [grpc] [34;1mAddTraceEvent[0m -> [core] [Channel #4]Channel Connectivity change to READY
[34m2026-07-15 18:17:00.014 UTC 0020 INFO[0m [grpc] [34;1mInfof[0m -> [core] original dial target is: "peer0.qld.retf.com:7051"
[34m2026-07-15 18:17:00.014 UTC 0021 INFO[0m [grpc] [34;1mAddTraceEvent[0m -> [core] [Channel #7]Channel created
[34m2026-07-15 18:17:00.014 UTC 0022 INFO[0m [grpc] [34;1mAddTraceEvent[0m -> [core] [Channel #7]parsed dial target is: resolver.Target{URL:url.URL{Scheme:"passthrough", Opaque:"", User:(*url.Userinfo)(nil), Host:"", Path:"/peer0.qld.retf.com:7051", Fragment:"", RawQuery:"", RawPath:"", RawFragment:"", ForceQuery:false, OmitHost:false}}
[34m2026-07-15 18:17:00.014 UTC 0023 INFO[0m [grpc] [34;1mAddTraceEvent[0m -> [core] [Channel #7]Channel authority set to "peer0.qld.retf.com:7051"
[34m2026-07-15 18:17:00.014 UTC 0024 INFO[0m [grpc] [34;1mAddTraceEvent[0m -> [core] [Channel #7]Resolver state updated: {
  "Addresses": [
    {
      "Addr": "peer0.qld.retf.com:7051",
      "ServerName": "",
      "Attributes": null,
      "BalancerAttributes": null,
      "Metadata": null
    }
  ],
  "Endpoints": [
    {
      "Addresses": [
        {
          "Addr": "peer0.qld.retf.com:7051",
          "ServerName": "",
          "Attributes": null,
          "BalancerAttributes": null,
          "Metadata": null
        }
      ],
      "Attributes": null
    }
  ],
  "ServiceConfig": null,
  "Attributes": null
} (resolver returned new addresses)
[34m2026-07-15 18:17:00.014 UTC 0025 INFO[0m [grpc] [34;1mAddTraceEvent[0m -> [core] [Channel #7]Channel switches to new LB policy "pick_first"
[34m2026-07-15 18:17:00.014 UTC 0026 INFO[0m [grpc] [34;1mInfof[0m -> [pick-first-leaf-lb] [pick-first-leaf-lb 0x34eb2e23c5a0] Received new config {
  "shuffleAddressList": false
}, resolver state {
  "Addresses": [
    {
      "Addr": "peer0.qld.retf.com:7051",
      "ServerName": "",
      "Attributes": null,
      "BalancerAttributes": null,
      "Metadata": null
    }
  ],
  "Endpoints": [
    {
      "Addresses": [
        {
          "Addr": "peer0.qld.retf.com:7051",
          "ServerName": "",
          "Attributes": null,
          "BalancerAttributes": null,
          "Metadata": null
        }
      ],
      "Attributes": null
    }
  ],
  "ServiceConfig": null,
  "Attributes": null
}
[34m2026-07-15 18:17:00.014 UTC 0027 INFO[0m [grpc] [34;1mAddTraceEvent[0m -> [core] [Channel #7]Channel Connectivity change to CONNECTING
[34m2026-07-15 18:17:00.014 UTC 0028 INFO[0m [grpc] [34;1mAddTraceEvent[0m -> [core] [Channel #7 SubChannel #8]Subchannel created
[34m2026-07-15 18:17:00.014 UTC 0029 INFO[0m [grpc] [34;1mAddTraceEvent[0m -> [core] [Channel #7]Channel exiting idle mode
[34m2026-07-15 18:17:00.014 UTC 002a INFO[0m [grpc] [34;1mAddTraceEvent[0m -> [core] [Channel #7 SubChannel #8]Subchannel Connectivity change to CONNECTING
[34m2026-07-15 18:17:00.014 UTC 002b INFO[0m [grpc] [34;1mAddTraceEvent[0m -> [core] [Channel #7 SubChannel #8]Subchannel picks a new address "peer0.qld.retf.com:7051" to connect
[34m2026-07-15 18:17:00.017 UTC 002c INFO[0m [grpc] [34;1mAddTraceEvent[0m -> [core] [Channel #7 SubChannel #8]Subchannel Connectivity change to READY
[34m2026-07-15 18:17:00.017 UTC 002d INFO[0m [grpc] [34;1mInfof[0m -> [pick-first-leaf-lb] [pick-first-leaf-lb 0x34eb2e23c5a0] SubConn 0x34eb2df7ad70 reported connectivity state READY and the health listener is disabled. Transitioning SubConn to READY.
[34m2026-07-15 18:17:00.017 UTC 002e INFO[0m [grpc] [34;1mAddTraceEvent[0m -> [core] [Channel #7]Channel Connectivity change to READY
[34m2026-07-15 18:17:00.017 UTC 002f INFO[0m [grpc] [34;1mInfof[0m -> [core] original dial target is: "peer0.qld.retf.com:7051"
[34m2026-07-15 18:17:00.017 UTC 0030 INFO[0m [grpc] [34;1mAddTraceEvent[0m -> [core] [Channel #10]Channel created
[34m2026-07-15 18:17:00.017 UTC 0031 INFO[0m [grpc] [34;1mAddTraceEvent[0m -> [core] [Channel #10]parsed dial target is: resolver.Target{URL:url.URL{Scheme:"passthrough", Opaque:"", User:(*url.Userinfo)(nil), Host:"", Path:"/peer0.qld.retf.com:7051", Fragment:"", RawQuery:"", RawPath:"", RawFragment:"", ForceQuery:false, OmitHost:false}}
[34m2026-07-15 18:17:00.017 UTC 0032 INFO[0m [grpc] [34;1mAddTraceEvent[0m -> [core] [Channel #10]Channel authority set to "peer0.qld.retf.com:7051"
[34m2026-07-15 18:17:00.017 UTC 0033 INFO[0m [grpc] [34;1mAddTraceEvent[0m -> [core] [Channel #10]Resolver state updated: {
  "Addresses": [
    {
      "Addr": "peer0.qld.retf.com:7051",
      "ServerName": "",
      "Attributes": null,
      "BalancerAttributes": null,
      "Metadata": null
    }
  ],
  "Endpoints": [
    {
      "Addresses": [
        {
          "Addr": "peer0.qld.retf.com:7051",
          "ServerName": "",
          "Attributes": null,
          "BalancerAttributes": null,
          "Metadata": null
        }
      ],
      "Attributes": null
    }
  ],
  "ServiceConfig": null,
  "Attributes": null
} (resolver returned new addresses)
[34m2026-07-15 18:17:00.017 UTC 0034 INFO[0m [grpc] [34;1mAddTraceEvent[0m -> [core] [Channel #10]Channel switches to new LB policy "pick_first"
[34m2026-07-15 18:17:00.017 UTC 0035 INFO[0m [grpc] [34;1mInfof[0m -> [pick-first-leaf-lb] [pick-first-leaf-lb 0x34eb2e146630] Received new config {
  "shuffleAddressList": false
}, resolver state {
  "Addresses": [
    {
      "Addr": "peer0.qld.retf.com:7051",
      "ServerName": "",
      "Attributes": null,
      "BalancerAttributes": null,
      "Metadata": null
    }
  ],
  "Endpoints": [
    {
      "Addresses": [
        {
          "Addr": "peer0.qld.retf.com:7051",
          "ServerName": "",
          "Attributes": null,
          "BalancerAttributes": null,
          "Metadata": null
        }
      ],
      "Attributes": null
    }
  ],
  "ServiceConfig": null,
  "Attributes": null
}
[34m2026-07-15 18:17:00.017 UTC 0036 INFO[0m [grpc] [34;1mAddTraceEvent[0m -> [core] [Channel #10]Channel Connectivity change to CONNECTING
[34m2026-07-15 18:17:00.017 UTC 0037 INFO[0m [grpc] [34;1mAddTraceEvent[0m -> [core] [Channel #10 SubChannel #11]Subchannel created
[34m2026-07-15 18:17:00.017 UTC 0038 INFO[0m [grpc] [34;1mAddTraceEvent[0m -> [core] [Channel #10]Channel exiting idle mode
[34m2026-07-15 18:17:00.017 UTC 0039 INFO[0m [grpc] [34;1mAddTraceEvent[0m -> [core] [Channel #10 SubChannel #11]Subchannel Connectivity change to CONNECTING
[34m2026-07-15 18:17:00.018 UTC 003a INFO[0m [grpc] [34;1mAddTraceEvent[0m -> [core] [Channel #10 SubChannel #11]Subchannel picks a new address "peer0.qld.retf.com:7051" to connect
[34m2026-07-15 18:17:00.020 UTC 003b INFO[0m [grpc] [34;1mAddTraceEvent[0m -> [core] [Channel #10 SubChannel #11]Subchannel Connectivity change to READY
[34m2026-07-15 18:17:00.020 UTC 003c INFO[0m [grpc] [34;1mInfof[0m -> [pick-first-leaf-lb] [pick-first-leaf-lb 0x34eb2e146630] SubConn 0x34eb2e0cd360 reported connectivity state READY and the health listener is disabled. Transitioning SubConn to READY.
[34m2026-07-15 18:17:00.020 UTC 003d INFO[0m [grpc] [34;1mAddTraceEvent[0m -> [core] [Channel #10]Channel Connectivity change to READY
[34m2026-07-15 18:17:00.021 UTC 003e INFO[0m [grpc] [34;1mInfof[0m -> [core] original dial target is: "peer0.sa.retf.com:7051"
[34m2026-07-15 18:17:00.021 UTC 003f INFO[0m [grpc] [34;1mAddTraceEvent[0m -> [core] [Channel #13]Channel created
[34m2026-07-15 18:17:00.021 UTC 0040 INFO[0m [grpc] [34;1mAddTraceEvent[0m -> [core] [Channel #13]parsed dial target is: resolver.Target{URL:url.URL{Scheme:"passthrough", Opaque:"", User:(*url.Userinfo)(nil), Host:"", Path:"/peer0.sa.retf.com:7051", Fragment:"", RawQuery:"", RawPath:"", RawFragment:"", ForceQuery:false, OmitHost:false}}
[34m2026-07-15 18:17:00.021 UTC 0041 INFO[0m [grpc] [34;1mAddTraceEvent[0m -> [core] [Channel #13]Channel authority set to "peer0.sa.retf.com:7051"
[34m2026-07-15 18:17:00.021 UTC 0042 INFO[0m [grpc] [34;1mAddTraceEvent[0m -> [core] [Channel #13]Resolver state updated: {
  "Addresses": [
    {
      "Addr": "peer0.sa.retf.com:7051",
      "ServerName": "",
      "Attributes": null,
      "BalancerAttributes": null,
      "Metadata": null
    }
  ],
  "Endpoints": [
    {
      "Addresses": [
        {
          "Addr": "peer0.sa.retf.com:7051",
          "ServerName": "",
          "Attributes": null,
          "BalancerAttributes": null,
          "Metadata": null
        }
      ],
      "Attributes": null
    }
  ],
  "ServiceConfig": null,
  "Attributes": null
} (resolver returned new addresses)
[34m2026-07-15 18:17:00.021 UTC 0043 INFO[0m [grpc] [34;1mAddTraceEvent[0m -> [core] [Channel #13]Channel switches to new LB policy "pick_first"
[34m2026-07-15 18:17:00.021 UTC 0044 INFO[0m [grpc] [34;1mInfof[0m -> [pick-first-leaf-lb] [pick-first-leaf-lb 0x34eb2dde6090] Received new config {
  "shuffleAddressList": false
}, resolver state {
  "Addresses": [
    {
      "Addr": "peer0.sa.retf.com:7051",
      "ServerName": "",
      "Attributes": null,
      "BalancerAttributes": null,
      "Metadata": null
    }
  ],
  "Endpoints": [
    {
      "Addresses": [
        {
          "Addr": "peer0.sa.retf.com:7051",
          "ServerName": "",
          "Attributes": null,
          "BalancerAttributes": null,
          "Metadata": null
        }
      ],
      "Attributes": null
    }
  ],
  "ServiceConfig": null,
  "Attributes": null
}
[34m2026-07-15 18:17:00.021 UTC 0045 INFO[0m [grpc] [34;1mAddTraceEvent[0m -> [core] [Channel #13]Channel Connectivity change to CONNECTING
[34m2026-07-15 18:17:00.021 UTC 0046 INFO[0m [grpc] [34;1mAddTraceEvent[0m -> [core] [Channel #13 SubChannel #14]Subchannel created
[34m2026-07-15 18:17:00.021 UTC 0047 INFO[0m [grpc] [34;1mAddTraceEvent[0m -> [core] [Channel #13]Channel exiting idle mode
[34m2026-07-15 18:17:00.021 UTC 0048 INFO[0m [grpc] [34;1mAddTraceEvent[0m -> [core] [Channel #13 SubChannel #14]Subchannel Connectivity change to CONNECTING
[34m2026-07-15 18:17:00.021 UTC 0049 INFO[0m [grpc] [34;1mAddTraceEvent[0m -> [core] [Channel #13 SubChannel #14]Subchannel picks a new address "peer0.sa.retf.com:7051" to connect
[34m2026-07-15 18:17:00.024 UTC 004a INFO[0m [grpc] [34;1mAddTraceEvent[0m -> [core] [Channel #13 SubChannel #14]Subchannel Connectivity change to READY
[34m2026-07-15 18:17:00.024 UTC 004b INFO[0m [grpc] [34;1mInfof[0m -> [pick-first-leaf-lb] [pick-first-leaf-lb 0x34eb2dde6090] SubConn 0x34eb2e32e370 reported connectivity state READY and the health listener is disabled. Transitioning SubConn to READY.
[34m2026-07-15 18:17:00.024 UTC 004c INFO[0m [grpc] [34;1mAddTraceEvent[0m -> [core] [Channel #13]Channel Connectivity change to READY
[34m2026-07-15 18:17:00.024 UTC 004d INFO[0m [grpc] [34;1mInfof[0m -> [core] original dial target is: "peer0.sa.retf.com:7051"
[34m2026-07-15 18:17:00.024 UTC 004e INFO[0m [grpc] [34;1mAddTraceEvent[0m -> [core] [Channel #16]Channel created
[34m2026-07-15 18:17:00.024 UTC 004f INFO[0m [grpc] [34;1mAddTraceEvent[0m -> [core] [Channel #16]parsed dial target is: resolver.Target{URL:url.URL{Scheme:"passthrough", Opaque:"", User:(*url.Userinfo)(nil), Host:"", Path:"/peer0.sa.retf.com:7051", Fragment:"", RawQuery:"", RawPath:"", RawFragment:"", ForceQuery:false, OmitHost:false}}
[34m2026-07-15 18:17:00.024 UTC 0050 INFO[0m [grpc] [34;1mAddTraceEvent[0m -> [core] [Channel #16]Channel authority set to "peer0.sa.retf.com:7051"
[34m2026-07-15 18:17:00.024 UTC 0051 INFO[0m [grpc] [34;1mAddTraceEvent[0m -> [core] [Channel #16]Resolver state updated: {
  "Addresses": [
    {
      "Addr": "peer0.sa.retf.com:7051",
      "ServerName": "",
      "Attributes": null,
      "BalancerAttributes": null,
      "Metadata": null
    }
  ],
  "Endpoints": [
    {
      "Addresses": [
        {
          "Addr": "peer0.sa.retf.com:7051",
          "ServerName": "",
          "Attributes": null,
          "BalancerAttributes": null,
          "Metadata": null
        }
      ],
      "Attributes": null
    }
  ],
  "ServiceConfig": null,
  "Attributes": null
} (resolver returned new addresses)
[34m2026-07-15 18:17:00.024 UTC 0052 INFO[0m [grpc] [34;1mAddTraceEvent[0m -> [core] [Channel #16]Channel switches to new LB policy "pick_first"
[34m2026-07-15 18:17:00.024 UTC 0053 INFO[0m [grpc] [34;1mInfof[0m -> [pick-first-leaf-lb] [pick-first-leaf-lb 0x34eb2dea8f30] Received new config {
  "shuffleAddressList": false
}, resolver state {
  "Addresses": [
    {
      "Addr": "peer0.sa.retf.com:7051",
      "ServerName": "",
      "Attributes": null,
      "BalancerAttributes": null,
      "Metadata": null
    }
  ],
  "Endpoints": [
    {
      "Addresses": [
        {
          "Addr": "peer0.sa.retf.com:7051",
          "ServerName": "",
          "Attributes": null,
          "BalancerAttributes": null,
          "Metadata": null
        }
      ],
      "Attributes": null
    }
  ],
  "ServiceConfig": null,
  "Attributes": null
}
[34m2026-07-15 18:17:00.024 UTC 0054 INFO[0m [grpc] [34;1mAddTraceEvent[0m -> [core] [Channel #16]Channel Connectivity change to CONNECTING
[34m2026-07-15 18:17:00.024 UTC 0055 INFO[0m [grpc] [34;1mAddTraceEvent[0m -> [core] [Channel #16 SubChannel #17]Subchannel created
[34m2026-07-15 18:17:00.025 UTC 0056 INFO[0m [grpc] [34;1mAddTraceEvent[0m -> [core] [Channel #16]Channel exiting idle mode
[34m2026-07-15 18:17:00.025 UTC 0057 INFO[0m [grpc] [34;1mAddTraceEvent[0m -> [core] [Channel #16 SubChannel #17]Subchannel Connectivity change to CONNECTING
[34m2026-07-15 18:17:00.025 UTC 0058 INFO[0m [grpc] [34;1mAddTraceEvent[0m -> [core] [Channel #16 SubChannel #17]Subchannel picks a new address "peer0.sa.retf.com:7051" to connect
[34m2026-07-15 18:17:00.028 UTC 0059 INFO[0m [grpc] [34;1mAddTraceEvent[0m -> [core] [Channel #16 SubChannel #17]Subchannel Connectivity change to READY
[34m2026-07-15 18:17:00.028 UTC 005a INFO[0m [grpc] [34;1mInfof[0m -> [pick-first-leaf-lb] [pick-first-leaf-lb 0x34eb2dea8f30] SubConn 0x34eb2e23aff0 reported connectivity state READY and the health listener is disabled. Transitioning SubConn to READY.
[34m2026-07-15 18:17:00.028 UTC 005b INFO[0m [grpc] [34;1mAddTraceEvent[0m -> [core] [Channel #16]Channel Connectivity change to READY
[33m2026-07-15 18:17:00.028 UTC 005c WARN[0m [grpc] [33;1mWarningf[0m -> [core] Adjusting keepalive ping interval to minimum period of 10s
[34m2026-07-15 18:17:00.029 UTC 005d INFO[0m [grpc] [34;1mInfof[0m -> [core] original dial target is: "orderer.orderer.retf.com:7050"
[34m2026-07-15 18:17:00.029 UTC 005e INFO[0m [grpc] [34;1mAddTraceEvent[0m -> [core] [Channel #19]Channel created
[34m2026-07-15 18:17:00.029 UTC 005f INFO[0m [grpc] [34;1mAddTraceEvent[0m -> [core] [Channel #19]parsed dial target is: resolver.Target{URL:url.URL{Scheme:"passthrough", Opaque:"", User:(*url.Userinfo)(nil), Host:"", Path:"/orderer.orderer.retf.com:7050", Fragment:"", RawQuery:"", RawPath:"", RawFragment:"", ForceQuery:false, OmitHost:false}}
[34m2026-07-15 18:17:00.029 UTC 0060 INFO[0m [grpc] [34;1mAddTraceEvent[0m -> [core] [Channel #19]Channel authority set to "orderer.orderer.retf.com"
[34m2026-07-15 18:17:00.029 UTC 0061 INFO[0m [grpc] [34;1mAddTraceEvent[0m -> [core] [Channel #19]Resolver state updated: {
  "Addresses": [
    {
      "Addr": "orderer.orderer.retf.com:7050",
      "ServerName": "",
      "Attributes": null,
      "BalancerAttributes": null,
      "Metadata": null
    }
  ],
  "Endpoints": [
    {
      "Addresses": [
        {
          "Addr": "orderer.orderer.retf.com:7050",
          "ServerName": "",
          "Attributes": null,
          "BalancerAttributes": null,
          "Metadata": null
        }
      ],
      "Attributes": null
    }
  ],
  "ServiceConfig": null,
  "Attributes": null
} (resolver returned new addresses)
[34m2026-07-15 18:17:00.029 UTC 0062 INFO[0m [grpc] [34;1mAddTraceEvent[0m -> [core] [Channel #19]Channel switches to new LB policy "pick_first"
[34m2026-07-15 18:17:00.029 UTC 0063 INFO[0m [grpc] [34;1mInfof[0m -> [pick-first-leaf-lb] [pick-first-leaf-lb 0x34eb2e23c900] Received new config {
  "shuffleAddressList": false
}, resolver state {
  "Addresses": [
    {
      "Addr": "orderer.orderer.retf.com:7050",
      "ServerName": "",
      "Attributes": null,
      "BalancerAttributes": null,
      "Metadata": null
    }
  ],
  "Endpoints": [
    {
      "Addresses": [
        {
          "Addr": "orderer.orderer.retf.com:7050",
          "ServerName": "",
          "Attributes": null,
          "BalancerAttributes": null,
          "Metadata": null
        }
      ],
      "Attributes": null
    }
  ],
  "ServiceConfig": null,
  "Attributes": null
}
[34m2026-07-15 18:17:00.029 UTC 0064 INFO[0m [grpc] [34;1mAddTraceEvent[0m -> [core] [Channel #19]Channel Connectivity change to CONNECTING
[34m2026-07-15 18:17:00.029 UTC 0065 INFO[0m [grpc] [34;1mAddTraceEvent[0m -> [core] [Channel #19 SubChannel #20]Subchannel created
[34m2026-07-15 18:17:00.029 UTC 0066 INFO[0m [grpc] [34;1mAddTraceEvent[0m -> [core] [Channel #19]Channel exiting idle mode
[34m2026-07-15 18:17:00.029 UTC 0067 INFO[0m [grpc] [34;1mAddTraceEvent[0m -> [core] [Channel #19 SubChannel #20]Subchannel Connectivity change to CONNECTING
[34m2026-07-15 18:17:00.029 UTC 0068 INFO[0m [grpc] [34;1mAddTraceEvent[0m -> [core] [Channel #19 SubChannel #20]Subchannel picks a new address "orderer.orderer.retf.com:7050" to connect
[34m2026-07-15 18:17:00.032 UTC 0069 INFO[0m [grpc] [34;1mAddTraceEvent[0m -> [core] [Channel #19 SubChannel #20]Subchannel Connectivity change to READY
[34m2026-07-15 18:17:00.032 UTC 006a INFO[0m [grpc] [34;1mInfof[0m -> [pick-first-leaf-lb] [pick-first-leaf-lb 0x34eb2e23c900] SubConn 0x34eb2df7af50 reported connectivity state READY and the health listener is disabled. Transitioning SubConn to READY.
[34m2026-07-15 18:17:00.032 UTC 006b INFO[0m [grpc] [34;1mAddTraceEvent[0m -> [core] [Channel #19]Channel Connectivity change to READY
[34m2026-07-15 18:17:02.098 UTC 006c INFO[0m [chaincodeCmd] [34;1mClientWait[0m -> txid [62652b60827c7e9fa18bba6bcf97fa35fa31d985a79136fc0639eaec09342c4f] committed with status (VALID) at peer0.qld.retf.com:7051
[34m2026-07-15 18:17:02.098 UTC 006d INFO[0m [chaincodeCmd] [34;1mClientWait[0m -> txid [62652b60827c7e9fa18bba6bcf97fa35fa31d985a79136fc0639eaec09342c4f] committed with status (VALID) at peer0.sa.retf.com:7051
[34m2026-07-15 18:17:02.100 UTC 006e INFO[0m [chaincodeCmd] [34;1mClientWait[0m -> txid [62652b60827c7e9fa18bba6bcf97fa35fa31d985a79136fc0639eaec09342c4f] committed with status (VALID) at peer0.nsw.retf.com:7051
[34m2026-07-15 18:17:02.100 UTC 006f INFO[0m [chaincodeCmd] [34;1mchaincodeInvokeOrQuery[0m -> Chaincode invoke successful. result: status:200 payload:"s2.2.2/credential-registry/trusted-registry-epoch1a"
[34m2026-07-15 18:17:04.005 UTC 0001 INFO[0m [chaincodeCmd] [34;1mInitCmdFactory[0m -> InitCmdFactory: Entry: invoke, true, true
[34m2026-07-15 18:17:04.005 UTC 0002 INFO[0m [grpc] [34;1mInfof[0m -> [core] original dial target is: "peer0.nsw.retf.com:7051"
[34m2026-07-15 18:17:04.005 UTC 0003 INFO[0m [grpc] [34;1mAddTraceEvent[0m -> [core] [Channel #1]Channel created
[34m2026-07-15 18:17:04.005 UTC 0004 INFO[0m [grpc] [34;1mAddTraceEvent[0m -> [core] [Channel #1]parsed dial target is: resolver.Target{URL:url.URL{Scheme:"passthrough", Opaque:"", User:(*url.Userinfo)(nil), Host:"", Path:"/peer0.nsw.retf.com:7051", Fragment:"", RawQuery:"", RawPath:"", RawFragment:"", ForceQuery:false, OmitHost:false}}
[34m2026-07-15 18:17:04.005 UTC 0005 INFO[0m [grpc] [34;1mAddTraceEvent[0m -> [core] [Channel #1]Channel authority set to "peer0.nsw.retf.com:7051"
[34m2026-07-15 18:17:04.005 UTC 0006 INFO[0m [grpc] [34;1mAddTraceEvent[0m -> [core] [Channel #1]Resolver state updated: {
  "Addresses": [
    {
      "Addr": "peer0.nsw.retf.com:7051",
      "ServerName": "",
      "Attributes": null,
      "BalancerAttributes": null,
      "Metadata": null
    }
  ],
  "Endpoints": [
    {
      "Addresses": [
        {
          "Addr": "peer0.nsw.retf.com:7051",
          "ServerName": "",
          "Attributes": null,
          "BalancerAttributes": null,
          "Metadata": null
        }
      ],
      "Attributes": null
    }
  ],
  "ServiceConfig": null,
  "Attributes": null
} (resolver returned new addresses)
[34m2026-07-15 18:17:04.005 UTC 0007 INFO[0m [grpc] [34;1mAddTraceEvent[0m -> [core] [Channel #1]Channel switches to new LB policy "pick_first"
[34m2026-07-15 18:17:04.005 UTC 0008 INFO[0m [grpc] [34;1mInfof[0m -> [pick-first-leaf-lb] [pick-first-leaf-lb 0xc6adbd0d4d0] Received new config {
  "shuffleAddressList": false
}, resolver state {
  "Addresses": [
    {
      "Addr": "peer0.nsw.retf.com:7051",
      "ServerName": "",
      "Attributes": null,
      "BalancerAttributes": null,
      "Metadata": null
    }
  ],
  "Endpoints": [
    {
      "Addresses": [
        {
          "Addr": "peer0.nsw.retf.com:7051",
          "ServerName": "",
          "Attributes": null,
          "BalancerAttributes": null,
          "Metadata": null
        }
      ],
      "Attributes": null
    }
  ],
  "ServiceConfig": null,
  "Attributes": null
}
[34m2026-07-15 18:17:04.005 UTC 0009 INFO[0m [grpc] [34;1mAddTraceEvent[0m -> [core] [Channel #1]Channel Connectivity change to CONNECTING
[34m2026-07-15 18:17:04.005 UTC 000a INFO[0m [grpc] [34;1mAddTraceEvent[0m -> [core] [Channel #1 SubChannel #2]Subchannel created
[34m2026-07-15 18:17:04.005 UTC 000b INFO[0m [grpc] [34;1mAddTraceEvent[0m -> [core] [Channel #1]Channel exiting idle mode
[34m2026-07-15 18:17:04.005 UTC 000c INFO[0m [grpc] [34;1mAddTraceEvent[0m -> [core] [Channel #1 SubChannel #2]Subchannel Connectivity change to CONNECTING
[34m2026-07-15 18:17:04.005 UTC 000d INFO[0m [grpc] [34;1mAddTraceEvent[0m -> [core] [Channel #1 SubChannel #2]Subchannel picks a new address "peer0.nsw.retf.com:7051" to connect
[34m2026-07-15 18:17:04.009 UTC 000e INFO[0m [grpc] [34;1mAddTraceEvent[0m -> [core] [Channel #1 SubChannel #2]Subchannel Connectivity change to READY
[34m2026-07-15 18:17:04.009 UTC 000f INFO[0m [grpc] [34;1mInfof[0m -> [pick-first-leaf-lb] [pick-first-leaf-lb 0xc6adbd0d4d0] SubConn 0xc6adbafc3c0 reported connectivity state READY and the health listener is disabled. Transitioning SubConn to READY.
[34m2026-07-15 18:17:04.009 UTC 0010 INFO[0m [grpc] [34;1mAddTraceEvent[0m -> [core] [Channel #1]Channel Connectivity change to READY
[34m2026-07-15 18:17:04.009 UTC 0011 INFO[0m [grpc] [34;1mInfof[0m -> [core] original dial target is: "peer0.nsw.retf.com:7051"
[34m2026-07-15 18:17:04.009 UTC 0012 INFO[0m [grpc] [34;1mAddTraceEvent[0m -> [core] [Channel #4]Channel created
[34m2026-07-15 18:17:04.009 UTC 0013 INFO[0m [grpc] [34;1mAddTraceEvent[0m -> [core] [Channel #4]parsed dial target is: resolver.Target{URL:url.URL{Scheme:"passthrough", Opaque:"", User:(*url.Userinfo)(nil), Host:"", Path:"/peer0.nsw.retf.com:7051", Fragment:"", RawQuery:"", RawPath:"", RawFragment:"", ForceQuery:false, OmitHost:false}}
[34m2026-07-15 18:17:04.009 UTC 0014 INFO[0m [grpc] [34;1mAddTraceEvent[0m -> [core] [Channel #4]Channel authority set to "peer0.nsw.retf.com:7051"
[34m2026-07-15 18:17:04.009 UTC 0015 INFO[0m [grpc] [34;1mAddTraceEvent[0m -> [core] [Channel #4]Resolver state updated: {
  "Addresses": [
    {
      "Addr": "peer0.nsw.retf.com:7051",
      "ServerName": "",
      "Attributes": null,
      "BalancerAttributes": null,
      "Metadata": null
    }
  ],
  "Endpoints": [
    {
      "Addresses": [
        {
          "Addr": "peer0.nsw.retf.com:7051",
          "ServerName": "",
          "Attributes": null,
          "BalancerAttributes": null,
          "Metadata": null
        }
      ],
      "Attributes": null
    }
  ],
  "ServiceConfig": null,
  "Attributes": null
} (resolver returned new addresses)
[34m2026-07-15 18:17:04.010 UTC 0016 INFO[0m [grpc] [34;1mAddTraceEvent[0m -> [core] [Channel #4]Channel switches to new LB policy "pick_first"
[34m2026-07-15 18:17:04.010 UTC 0017 INFO[0m [grpc] [34;1mInfof[0m -> [pick-first-leaf-lb] [pick-first-leaf-lb 0xc6adbafa120] Received new config {
  "shuffleAddressList": false
}, resolver state {
  "Addresses": [
    {
      "Addr": "peer0.nsw.retf.com:7051",
      "ServerName": "",
      "Attributes": null,
      "BalancerAttributes": null,
      "Metadata": null
    }
  ],
  "Endpoints": [
    {
      "Addresses": [
        {
          "Addr": "peer0.nsw.retf.com:7051",
          "ServerName": "",
          "Attributes": null,
          "BalancerAttributes": null,
          "Metadata": null
        }
      ],
      "Attributes": null
    }
  ],
  "ServiceConfig": null,
  "Attributes": null
}
[34m2026-07-15 18:17:04.010 UTC 0018 INFO[0m [grpc] [34;1mAddTraceEvent[0m -> [core] [Channel #4]Channel Connectivity change to CONNECTING
[34m2026-07-15 18:17:04.010 UTC 0019 INFO[0m [grpc] [34;1mAddTraceEvent[0m -> [core] [Channel #4 SubChannel #5]Subchannel created
[34m2026-07-15 18:17:04.010 UTC 001a INFO[0m [grpc] [34;1mAddTraceEvent[0m -> [core] [Channel #4]Channel exiting idle mode
[34m2026-07-15 18:17:04.010 UTC 001b INFO[0m [grpc] [34;1mAddTraceEvent[0m -> [core] [Channel #4 SubChannel #5]Subchannel Connectivity change to CONNECTING
[34m2026-07-15 18:17:04.010 UTC 001c INFO[0m [grpc] [34;1mAddTraceEvent[0m -> [core] [Channel #4 SubChannel #5]Subchannel picks a new address "peer0.nsw.retf.com:7051" to connect
[34m2026-07-15 18:17:04.012 UTC 001d INFO[0m [grpc] [34;1mAddTraceEvent[0m -> [core] [Channel #4 SubChannel #5]Subchannel Connectivity change to READY
[34m2026-07-15 18:17:04.012 UTC 001e INFO[0m [grpc] [34;1mInfof[0m -> [pick-first-leaf-lb] [pick-first-leaf-lb 0xc6adbafa120] SubConn 0xc6adbafc960 reported connectivity state READY and the health listener is disabled. Transitioning SubConn to READY.
[34m2026-07-15 18:17:04.012 UTC 001f INFO[0m [grpc] [34;1mAddTraceEvent[0m -> [core] [Channel #4]Channel Connectivity change to READY
[34m2026-07-15 18:17:04.012 UTC 0020 INFO[0m [grpc] [34;1mInfof[0m -> [core] original dial target is: "peer0.qld.retf.com:7051"
[34m2026-07-15 18:17:04.012 UTC 0021 INFO[0m [grpc] [34;1mAddTraceEvent[0m -> [core] [Channel #7]Channel created
[34m2026-07-15 18:17:04.012 UTC 0022 INFO[0m [grpc] [34;1mAddTraceEvent[0m -> [core] [Channel #7]parsed dial target is: resolver.Target{URL:url.URL{Scheme:"passthrough", Opaque:"", User:(*url.Userinfo)(nil), Host:"", Path:"/peer0.qld.retf.com:7051", Fragment:"", RawQuery:"", RawPath:"", RawFragment:"", ForceQuery:false, OmitHost:false}}
[34m2026-07-15 18:17:04.012 UTC 0023 INFO[0m [grpc] [34;1mAddTraceEvent[0m -> [core] [Channel #7]Channel authority set to "peer0.qld.retf.com:7051"
[34m2026-07-15 18:17:04.013 UTC 0024 INFO[0m [grpc] [34;1mAddTraceEvent[0m -> [core] [Channel #7]Resolver state updated: {
  "Addresses": [
    {
      "Addr": "peer0.qld.retf.com:7051",
      "ServerName": "",
      "Attributes": null,
      "BalancerAttributes": null,
      "Metadata": null
    }
  ],
  "Endpoints": [
    {
      "Addresses": [
        {
          "Addr": "peer0.qld.retf.com:7051",
          "ServerName": "",
          "Attributes": null,
          "BalancerAttributes": null,
          "Metadata": null
        }
      ],
      "Attributes": null
    }
  ],
  "ServiceConfig": null,
  "Attributes": null
} (resolver returned new addresses)
[34m2026-07-15 18:17:04.013 UTC 0025 INFO[0m [grpc] [34;1mAddTraceEvent[0m -> [core] [Channel #7]Channel switches to new LB policy "pick_first"
[34m2026-07-15 18:17:04.013 UTC 0026 INFO[0m [grpc] [34;1mInfof[0m -> [pick-first-leaf-lb] [pick-first-leaf-lb 0xc6adba6cf30] Received new config {
  "shuffleAddressList": false
}, resolver state {
  "Addresses": [
    {
      "Addr": "peer0.qld.retf.com:7051",
      "ServerName": "",
      "Attributes": null,
      "BalancerAttributes": null,
      "Metadata": null
    }
  ],
  "Endpoints": [
    {
      "Addresses": [
        {
          "Addr": "peer0.qld.retf.com:7051",
          "ServerName": "",
          "Attributes": null,
          "BalancerAttributes": null,
          "Metadata": null
        }
      ],
      "Attributes": null
    }
  ],
  "ServiceConfig": null,
  "Attributes": null
}
[34m2026-07-15 18:17:04.013 UTC 0027 INFO[0m [grpc] [34;1mAddTraceEvent[0m -> [core] [Channel #7]Channel Connectivity change to CONNECTING
[34m2026-07-15 18:17:04.013 UTC 0028 INFO[0m [grpc] [34;1mAddTraceEvent[0m -> [core] [Channel #7 SubChannel #8]Subchannel created
[34m2026-07-15 18:17:04.013 UTC 0029 INFO[0m [grpc] [34;1mAddTraceEvent[0m -> [core] [Channel #7]Channel exiting idle mode
[34m2026-07-15 18:17:04.013 UTC 002a INFO[0m [grpc] [34;1mAddTraceEvent[0m -> [core] [Channel #7 SubChannel #8]Subchannel Connectivity change to CONNECTING
[34m2026-07-15 18:17:04.013 UTC 002b INFO[0m [grpc] [34;1mAddTraceEvent[0m -> [core] [Channel #7 SubChannel #8]Subchannel picks a new address "peer0.qld.retf.com:7051" to connect
[34m2026-07-15 18:17:04.015 UTC 002c INFO[0m [grpc] [34;1mAddTraceEvent[0m -> [core] [Channel #7 SubChannel #8]Subchannel Connectivity change to READY
[34m2026-07-15 18:17:04.015 UTC 002d INFO[0m [grpc] [34;1mInfof[0m -> [pick-first-leaf-lb] [pick-first-leaf-lb 0xc6adba6cf30] SubConn 0xc6adbf74500 reported connectivity state READY and the health listener is disabled. Transitioning SubConn to READY.
[34m2026-07-15 18:17:04.015 UTC 002e INFO[0m [grpc] [34;1mAddTraceEvent[0m -> [core] [Channel #7]Channel Connectivity change to READY
[34m2026-07-15 18:17:04.015 UTC 002f INFO[0m [grpc] [34;1mInfof[0m -> [core] original dial target is: "peer0.qld.retf.com:7051"
[34m2026-07-15 18:17:04.015 UTC 0030 INFO[0m [grpc] [34;1mAddTraceEvent[0m -> [core] [Channel #10]Channel created
[34m2026-07-15 18:17:04.015 UTC 0031 INFO[0m [grpc] [34;1mAddTraceEvent[0m -> [core] [Channel #10]parsed dial target is: resolver.Target{URL:url.URL{Scheme:"passthrough", Opaque:"", User:(*url.Userinfo)(nil), Host:"", Path:"/peer0.qld.retf.com:7051", Fragment:"", RawQuery:"", RawPath:"", RawFragment:"", ForceQuery:false, OmitHost:false}}
[34m2026-07-15 18:17:04.015 UTC 0032 INFO[0m [grpc] [34;1mAddTraceEvent[0m -> [core] [Channel #10]Channel authority set to "peer0.qld.retf.com:7051"
[34m2026-07-15 18:17:04.015 UTC 0033 INFO[0m [grpc] [34;1mAddTraceEvent[0m -> [core] [Channel #10]Resolver state updated: {
  "Addresses": [
    {
      "Addr": "peer0.qld.retf.com:7051",
      "ServerName": "",
      "Attributes": null,
      "BalancerAttributes": null,
      "Metadata": null
    }
  ],
  "Endpoints": [
    {
      "Addresses": [
        {
          "Addr": "peer0.qld.retf.com:7051",
          "ServerName": "",
          "Attributes": null,
          "BalancerAttributes": null,
          "Metadata": null
        }
      ],
      "Attributes": null
    }
  ],
  "ServiceConfig": null,
  "Attributes": null
} (resolver returned new addresses)
[34m2026-07-15 18:17:04.015 UTC 0034 INFO[0m [grpc] [34;1mAddTraceEvent[0m -> [core] [Channel #10]Channel switches to new LB policy "pick_first"
[34m2026-07-15 18:17:04.015 UTC 0035 INFO[0m [grpc] [34;1mInfof[0m -> [pick-first-leaf-lb] [pick-first-leaf-lb 0xc6adba6d560] Received new config {
  "shuffleAddressList": false
}, resolver state {
  "Addresses": [
    {
      "Addr": "peer0.qld.retf.com:7051",
      "ServerName": "",
      "Attributes": null,
      "BalancerAttributes": null,
      "Metadata": null
    }
  ],
  "Endpoints": [
    {
      "Addresses": [
        {
          "Addr": "peer0.qld.retf.com:7051",
          "ServerName": "",
          "Attributes": null,
          "BalancerAttributes": null,
          "Metadata": null
        }
      ],
      "Attributes": null
    }
  ],
  "ServiceConfig": null,
  "Attributes": null
}
[34m2026-07-15 18:17:04.015 UTC 0036 INFO[0m [grpc] [34;1mAddTraceEvent[0m -> [core] [Channel #10]Channel Connectivity change to CONNECTING
[34m2026-07-15 18:17:04.016 UTC 0037 INFO[0m [grpc] [34;1mAddTraceEvent[0m -> [core] [Channel #10 SubChannel #11]Subchannel created
[34m2026-07-15 18:17:04.016 UTC 0038 INFO[0m [grpc] [34;1mAddTraceEvent[0m -> [core] [Channel #10]Channel exiting idle mode
[34m2026-07-15 18:17:04.016 UTC 0039 INFO[0m [grpc] [34;1mAddTraceEvent[0m -> [core] [Channel #10 SubChannel #11]Subchannel Connectivity change to CONNECTING
[34m2026-07-15 18:17:04.016 UTC 003a INFO[0m [grpc] [34;1mAddTraceEvent[0m -> [core] [Channel #10 SubChannel #11]Subchannel picks a new address "peer0.qld.retf.com:7051" to connect
[34m2026-07-15 18:17:04.018 UTC 003b INFO[0m [grpc] [34;1mAddTraceEvent[0m -> [core] [Channel #10 SubChannel #11]Subchannel Connectivity change to READY
[34m2026-07-15 18:17:04.018 UTC 003c INFO[0m [grpc] [34;1mInfof[0m -> [pick-first-leaf-lb] [pick-first-leaf-lb 0xc6adba6d560] SubConn 0xc6adbf74d70 reported connectivity state READY and the health listener is disabled. Transitioning SubConn to READY.
[34m2026-07-15 18:17:04.018 UTC 003d INFO[0m [grpc] [34;1mAddTraceEvent[0m -> [core] [Channel #10]Channel Connectivity change to READY
[34m2026-07-15 18:17:04.018 UTC 003e INFO[0m [grpc] [34;1mInfof[0m -> [core] original dial target is: "peer0.sa.retf.com:7051"
[34m2026-07-15 18:17:04.018 UTC 003f INFO[0m [grpc] [34;1mAddTraceEvent[0m -> [core] [Channel #13]Channel created
[34m2026-07-15 18:17:04.018 UTC 0040 INFO[0m [grpc] [34;1mAddTraceEvent[0m -> [core] [Channel #13]parsed dial target is: resolver.Target{URL:url.URL{Scheme:"passthrough", Opaque:"", User:(*url.Userinfo)(nil), Host:"", Path:"/peer0.sa.retf.com:7051", Fragment:"", RawQuery:"", RawPath:"", RawFragment:"", ForceQuery:false, OmitHost:false}}
[34m2026-07-15 18:17:04.018 UTC 0041 INFO[0m [grpc] [34;1mAddTraceEvent[0m -> [core] [Channel #13]Channel authority set to "peer0.sa.retf.com:7051"
[34m2026-07-15 18:17:04.018 UTC 0042 INFO[0m [grpc] [34;1mAddTraceEvent[0m -> [core] [Channel #13]Resolver state updated: {
  "Addresses": [
    {
      "Addr": "peer0.sa.retf.com:7051",
      "ServerName": "",
      "Attributes": null,
      "BalancerAttributes": null,
      "Metadata": null
    }
  ],
  "Endpoints": [
    {
      "Addresses": [
        {
          "Addr": "peer0.sa.retf.com:7051",
          "ServerName": "",
          "Attributes": null,
          "BalancerAttributes": null,
          "Metadata": null
        }
      ],
      "Attributes": null
    }
  ],
  "ServiceConfig": null,
  "Attributes": null
} (resolver returned new addresses)
[34m2026-07-15 18:17:04.018 UTC 0043 INFO[0m [grpc] [34;1mAddTraceEvent[0m -> [core] [Channel #13]Channel switches to new LB policy "pick_first"
[34m2026-07-15 18:17:04.018 UTC 0044 INFO[0m [grpc] [34;1mInfof[0m -> [pick-first-leaf-lb] [pick-first-leaf-lb 0xc6adbd0da70] Received new config {
  "shuffleAddressList": false
}, resolver state {
  "Addresses": [
    {
      "Addr": "peer0.sa.retf.com:7051",
      "ServerName": "",
      "Attributes": null,
      "BalancerAttributes": null,
      "Metadata": null
    }
  ],
  "Endpoints": [
    {
      "Addresses": [
        {
          "Addr": "peer0.sa.retf.com:7051",
          "ServerName": "",
          "Attributes": null,
          "BalancerAttributes": null,
          "Metadata": null
        }
      ],
      "Attributes": null
    }
  ],
  "ServiceConfig": null,
  "Attributes": null
}
[34m2026-07-15 18:17:04.019 UTC 0045 INFO[0m [grpc] [34;1mAddTraceEvent[0m -> [core] [Channel #13]Channel Connectivity change to CONNECTING
[34m2026-07-15 18:17:04.019 UTC 0046 INFO[0m [grpc] [34;1mAddTraceEvent[0m -> [core] [Channel #13 SubChannel #14]Subchannel created
[34m2026-07-15 18:17:04.019 UTC 0047 INFO[0m [grpc] [34;1mAddTraceEvent[0m -> [core] [Channel #13]Channel exiting idle mode
[34m2026-07-15 18:17:04.019 UTC 0048 INFO[0m [grpc] [34;1mAddTraceEvent[0m -> [core] [Channel #13 SubChannel #14]Subchannel Connectivity change to CONNECTING
[34m2026-07-15 18:17:04.019 UTC 0049 INFO[0m [grpc] [34;1mAddTraceEvent[0m -> [core] [Channel #13 SubChannel #14]Subchannel picks a new address "peer0.sa.retf.com:7051" to connect
[34m2026-07-15 18:17:04.021 UTC 004a INFO[0m [grpc] [34;1mAddTraceEvent[0m -> [core] [Channel #13 SubChannel #14]Subchannel Connectivity change to READY
[34m2026-07-15 18:17:04.021 UTC 004b INFO[0m [grpc] [34;1mInfof[0m -> [pick-first-leaf-lb] [pick-first-leaf-lb 0xc6adbd0da70] SubConn 0xc6adbca3630 reported connectivity state READY and the health listener is disabled. Transitioning SubConn to READY.
[34m2026-07-15 18:17:04.021 UTC 004c INFO[0m [grpc] [34;1mAddTraceEvent[0m -> [core] [Channel #13]Channel Connectivity change to READY
[34m2026-07-15 18:17:04.021 UTC 004d INFO[0m [grpc] [34;1mInfof[0m -> [core] original dial target is: "peer0.sa.retf.com:7051"
[34m2026-07-15 18:17:04.021 UTC 004e INFO[0m [grpc] [34;1mAddTraceEvent[0m -> [core] [Channel #16]Channel created
[34m2026-07-15 18:17:04.021 UTC 004f INFO[0m [grpc] [34;1mAddTraceEvent[0m -> [core] [Channel #16]parsed dial target is: resolver.Target{URL:url.URL{Scheme:"passthrough", Opaque:"", User:(*url.Userinfo)(nil), Host:"", Path:"/peer0.sa.retf.com:7051", Fragment:"", RawQuery:"", RawPath:"", RawFragment:"", ForceQuery:false, OmitHost:false}}
[34m2026-07-15 18:17:04.021 UTC 0050 INFO[0m [grpc] [34;1mAddTraceEvent[0m -> [core] [Channel #16]Channel authority set to "peer0.sa.retf.com:7051"
[34m2026-07-15 18:17:04.021 UTC 0051 INFO[0m [grpc] [34;1mAddTraceEvent[0m -> [core] [Channel #16]Resolver state updated: {
  "Addresses": [
    {
      "Addr": "peer0.sa.retf.com:7051",
      "ServerName": "",
      "Attributes": null,
      "BalancerAttributes": null,
      "Metadata": null
    }
  ],
  "Endpoints": [
    {
      "Addresses": [
        {
          "Addr": "peer0.sa.retf.com:7051",
          "ServerName": "",
          "Attributes": null,
          "BalancerAttributes": null,
          "Metadata": null
        }
      ],
      "Attributes": null
    }
  ],
  "ServiceConfig": null,
  "Attributes": null
} (resolver returned new addresses)
[34m2026-07-15 18:17:04.022 UTC 0052 INFO[0m [grpc] [34;1mAddTraceEvent[0m -> [core] [Channel #16]Channel switches to new LB policy "pick_first"
[34m2026-07-15 18:17:04.022 UTC 0053 INFO[0m [grpc] [34;1mInfof[0m -> [pick-first-leaf-lb] [pick-first-leaf-lb 0xc6adbd0de60] Received new config {
  "shuffleAddressList": false
}, resolver state {
  "Addresses": [
    {
      "Addr": "peer0.sa.retf.com:7051",
      "ServerName": "",
      "Attributes": null,
      "BalancerAttributes": null,
      "Metadata": null
    }
  ],
  "Endpoints": [
    {
      "Addresses": [
        {
          "Addr": "peer0.sa.retf.com:7051",
          "ServerName": "",
          "Attributes": null,
          "BalancerAttributes": null,
          "Metadata": null
        }
      ],
      "Attributes": null
    }
  ],
  "ServiceConfig": null,
  "Attributes": null
}
[34m2026-07-15 18:17:04.022 UTC 0054 INFO[0m [grpc] [34;1mAddTraceEvent[0m -> [core] [Channel #16]Channel Connectivity change to CONNECTING
[34m2026-07-15 18:17:04.022 UTC 0055 INFO[0m [grpc] [34;1mAddTraceEvent[0m -> [core] [Channel #16 SubChannel #17]Subchannel created
[34m2026-07-15 18:17:04.022 UTC 0056 INFO[0m [grpc] [34;1mAddTraceEvent[0m -> [core] [Channel #16]Channel exiting idle mode
[34m2026-07-15 18:17:04.022 UTC 0057 INFO[0m [grpc] [34;1mAddTraceEvent[0m -> [core] [Channel #16 SubChannel #17]Subchannel Connectivity change to CONNECTING
[34m2026-07-15 18:17:04.022 UTC 0058 INFO[0m [grpc] [34;1mAddTraceEvent[0m -> [core] [Channel #16 SubChannel #17]Subchannel picks a new address "peer0.sa.retf.com:7051" to connect
[34m2026-07-15 18:17:04.024 UTC 0059 INFO[0m [grpc] [34;1mAddTraceEvent[0m -> [core] [Channel #16 SubChannel #17]Subchannel Connectivity change to READY
[34m2026-07-15 18:17:04.024 UTC 005a INFO[0m [grpc] [34;1mInfof[0m -> [pick-first-leaf-lb] [pick-first-leaf-lb 0xc6adbd0de60] SubConn 0xc6adbca39a0 reported connectivity state READY and the health listener is disabled. Transitioning SubConn to READY.
[34m2026-07-15 18:17:04.024 UTC 005b INFO[0m [grpc] [34;1mAddTraceEvent[0m -> [core] [Channel #16]Channel Connectivity change to READY
[33m2026-07-15 18:17:04.024 UTC 005c WARN[0m [grpc] [33;1mWarningf[0m -> [core] Adjusting keepalive ping interval to minimum period of 10s
[34m2026-07-15 18:17:04.024 UTC 005d INFO[0m [grpc] [34;1mInfof[0m -> [core] original dial target is: "orderer.orderer.retf.com:7050"
[34m2026-07-15 18:17:04.024 UTC 005e INFO[0m [grpc] [34;1mAddTraceEvent[0m -> [core] [Channel #19]Channel created
[34m2026-07-15 18:17:04.024 UTC 005f INFO[0m [grpc] [34;1mAddTraceEvent[0m -> [core] [Channel #19]parsed dial target is: resolver.Target{URL:url.URL{Scheme:"passthrough", Opaque:"", User:(*url.Userinfo)(nil), Host:"", Path:"/orderer.orderer.retf.com:7050", Fragment:"", RawQuery:"", RawPath:"", RawFragment:"", ForceQuery:false, OmitHost:false}}
[34m2026-07-15 18:17:04.024 UTC 0060 INFO[0m [grpc] [34;1mAddTraceEvent[0m -> [core] [Channel #19]Channel authority set to "orderer.orderer.retf.com"
[34m2026-07-15 18:17:04.025 UTC 0061 INFO[0m [grpc] [34;1mAddTraceEvent[0m -> [core] [Channel #19]Resolver state updated: {
  "Addresses": [
    {
      "Addr": "orderer.orderer.retf.com:7050",
      "ServerName": "",
      "Attributes": null,
      "BalancerAttributes": null,
      "Metadata": null
    }
  ],
  "Endpoints": [
    {
      "Addresses": [
        {
          "Addr": "orderer.orderer.retf.com:7050",
          "ServerName": "",
          "Attributes": null,
          "BalancerAttributes": null,
          "Metadata": null
        }
      ],
      "Attributes": null
    }
  ],
  "ServiceConfig": null,
  "Attributes": null
} (resolver returned new addresses)
[34m2026-07-15 18:17:04.025 UTC 0062 INFO[0m [grpc] [34;1mAddTraceEvent[0m -> [core] [Channel #19]Channel switches to new LB policy "pick_first"
[34m2026-07-15 18:17:04.025 UTC 0063 INFO[0m [grpc] [34;1mInfof[0m -> [pick-first-leaf-lb] [pick-first-leaf-lb 0xc6adbe63e60] Received new config {
  "shuffleAddressList": false
}, resolver state {
  "Addresses": [
    {
      "Addr": "orderer.orderer.retf.com:7050",
      "ServerName": "",
      "Attributes": null,
      "BalancerAttributes": null,
      "Metadata": null
    }
  ],
  "Endpoints": [
    {
      "Addresses": [
        {
          "Addr": "orderer.orderer.retf.com:7050",
          "ServerName": "",
          "Attributes": null,
          "BalancerAttributes": null,
          "Metadata": null
        }
      ],
      "Attributes": null
    }
  ],
  "ServiceConfig": null,
  "Attributes": null
}
[34m2026-07-15 18:17:04.025 UTC 0064 INFO[0m [grpc] [34;1mAddTraceEvent[0m -> [core] [Channel #19]Channel Connectivity change to CONNECTING
[34m2026-07-15 18:17:04.025 UTC 0065 INFO[0m [grpc] [34;1mAddTraceEvent[0m -> [core] [Channel #19 SubChannel #20]Subchannel created
[34m2026-07-15 18:17:04.025 UTC 0066 INFO[0m [grpc] [34;1mAddTraceEvent[0m -> [core] [Channel #19]Channel exiting idle mode
[34m2026-07-15 18:17:04.025 UTC 0067 INFO[0m [grpc] [34;1mAddTraceEvent[0m -> [core] [Channel #19 SubChannel #20]Subchannel Connectivity change to CONNECTING
[34m2026-07-15 18:17:04.025 UTC 0068 INFO[0m [grpc] [34;1mAddTraceEvent[0m -> [core] [Channel #19 SubChannel #20]Subchannel picks a new address "orderer.orderer.retf.com:7050" to connect
[34m2026-07-15 18:17:04.028 UTC 0069 INFO[0m [grpc] [34;1mAddTraceEvent[0m -> [core] [Channel #19 SubChannel #20]Subchannel Connectivity change to READY
[34m2026-07-15 18:17:04.028 UTC 006a INFO[0m [grpc] [34;1mInfof[0m -> [pick-first-leaf-lb] [pick-first-leaf-lb 0xc6adbe63e60] SubConn 0xc6adbafd770 reported connectivity state READY and the health listener is disabled. Transitioning SubConn to READY.
[34m2026-07-15 18:17:04.028 UTC 006b INFO[0m [grpc] [34;1mAddTraceEvent[0m -> [core] [Channel #19]Channel Connectivity change to READY
[34m2026-07-15 18:17:06.103 UTC 006c INFO[0m [chaincodeCmd] [34;1mClientWait[0m -> txid [f7d9a906c3d72609da92570e4328d8986eb0085d85f99c595af71fd176110424] committed with status (VALID) at peer0.sa.retf.com:7051
[34m2026-07-15 18:17:06.105 UTC 006d INFO[0m [chaincodeCmd] [34;1mClientWait[0m -> txid [f7d9a906c3d72609da92570e4328d8986eb0085d85f99c595af71fd176110424] committed with status (VALID) at peer0.nsw.retf.com:7051
[34m2026-07-15 18:17:06.107 UTC 006e INFO[0m [chaincodeCmd] [34;1mClientWait[0m -> txid [f7d9a906c3d72609da92570e4328d8986eb0085d85f99c595af71fd176110424] committed with status (VALID) at peer0.qld.retf.com:7051
[34m2026-07-15 18:17:06.107 UTC 006f INFO[0m [chaincodeCmd] [34;1mchaincodeInvokeOrQuery[0m -> Chaincode invoke successful. result: status:200 payload:"s2.2.2/task-policy/task-a"
[34m2026-07-15 18:17:07.607 UTC 0001 INFO[0m [chaincodeCmd] [34;1mInitCmdFactory[0m -> InitCmdFactory: Entry: invoke, true, true
[34m2026-07-15 18:17:07.608 UTC 0002 INFO[0m [grpc] [34;1mInfof[0m -> [core] original dial target is: "peer0.nsw.retf.com:7051"
[34m2026-07-15 18:17:07.608 UTC 0003 INFO[0m [grpc] [34;1mAddTraceEvent[0m -> [core] [Channel #1]Channel created
[34m2026-07-15 18:17:07.608 UTC 0004 INFO[0m [grpc] [34;1mAddTraceEvent[0m -> [core] [Channel #1]parsed dial target is: resolver.Target{URL:url.URL{Scheme:"passthrough", Opaque:"", User:(*url.Userinfo)(nil), Host:"", Path:"/peer0.nsw.retf.com:7051", Fragment:"", RawQuery:"", RawPath:"", RawFragment:"", ForceQuery:false, OmitHost:false}}
[34m2026-07-15 18:17:07.608 UTC 0005 INFO[0m [grpc] [34;1mAddTraceEvent[0m -> [core] [Channel #1]Channel authority set to "peer0.nsw.retf.com:7051"
[34m2026-07-15 18:17:07.608 UTC 0006 INFO[0m [grpc] [34;1mAddTraceEvent[0m -> [core] [Channel #1]Resolver state updated: {
  "Addresses": [
    {
      "Addr": "peer0.nsw.retf.com:7051",
      "ServerName": "",
      "Attributes": null,
      "BalancerAttributes": null,
      "Metadata": null
    }
  ],
  "Endpoints": [
    {
      "Addresses": [
        {
          "Addr": "peer0.nsw.retf.com:7051",
          "ServerName": "",
          "Attributes": null,
          "BalancerAttributes": null,
          "Metadata": null
        }
      ],
      "Attributes": null
    }
  ],
  "ServiceConfig": null,
  "Attributes": null
} (resolver returned new addresses)
[34m2026-07-15 18:17:07.608 UTC 0007 INFO[0m [grpc] [34;1mAddTraceEvent[0m -> [core] [Channel #1]Channel switches to new LB policy "pick_first"
[34m2026-07-15 18:17:07.608 UTC 0008 INFO[0m [grpc] [34;1mInfof[0m -> [pick-first-leaf-lb] [pick-first-leaf-lb 0x1812c467c480] Received new config {
  "shuffleAddressList": false
}, resolver state {
  "Addresses": [
    {
      "Addr": "peer0.nsw.retf.com:7051",
      "ServerName": "",
      "Attributes": null,
      "BalancerAttributes": null,
      "Metadata": null
    }
  ],
  "Endpoints": [
    {
      "Addresses": [
        {
          "Addr": "peer0.nsw.retf.com:7051",
          "ServerName": "",
          "Attributes": null,
          "BalancerAttributes": null,
          "Metadata": null
        }
      ],
      "Attributes": null
    }
  ],
  "ServiceConfig": null,
  "Attributes": null
}
[34m2026-07-15 18:17:07.608 UTC 0009 INFO[0m [grpc] [34;1mAddTraceEvent[0m -> [core] [Channel #1]Channel Connectivity change to CONNECTING
[34m2026-07-15 18:17:07.608 UTC 000a INFO[0m [grpc] [34;1mAddTraceEvent[0m -> [core] [Channel #1 SubChannel #2]Subchannel created
[34m2026-07-15 18:17:07.608 UTC 000b INFO[0m [grpc] [34;1mAddTraceEvent[0m -> [core] [Channel #1]Channel exiting idle mode
[34m2026-07-15 18:17:07.608 UTC 000c INFO[0m [grpc] [34;1mAddTraceEvent[0m -> [core] [Channel #1 SubChannel #2]Subchannel Connectivity change to CONNECTING
[34m2026-07-15 18:17:07.608 UTC 000d INFO[0m [grpc] [34;1mAddTraceEvent[0m -> [core] [Channel #1 SubChannel #2]Subchannel picks a new address "peer0.nsw.retf.com:7051" to connect
[34m2026-07-15 18:17:07.611 UTC 000e INFO[0m [grpc] [34;1mAddTraceEvent[0m -> [core] [Channel #1 SubChannel #2]Subchannel Connectivity change to READY
[34m2026-07-15 18:17:07.611 UTC 000f INFO[0m [grpc] [34;1mInfof[0m -> [pick-first-leaf-lb] [pick-first-leaf-lb 0x1812c467c480] SubConn 0x1812c48945a0 reported connectivity state READY and the health listener is disabled. Transitioning SubConn to READY.
[34m2026-07-15 18:17:07.611 UTC 0010 INFO[0m [grpc] [34;1mAddTraceEvent[0m -> [core] [Channel #1]Channel Connectivity change to READY
[34m2026-07-15 18:17:07.612 UTC 0011 INFO[0m [grpc] [34;1mInfof[0m -> [core] original dial target is: "peer0.nsw.retf.com:7051"
[34m2026-07-15 18:17:07.612 UTC 0012 INFO[0m [grpc] [34;1mAddTraceEvent[0m -> [core] [Channel #4]Channel created
[34m2026-07-15 18:17:07.612 UTC 0013 INFO[0m [grpc] [34;1mAddTraceEvent[0m -> [core] [Channel #4]parsed dial target is: resolver.Target{URL:url.URL{Scheme:"passthrough", Opaque:"", User:(*url.Userinfo)(nil), Host:"", Path:"/peer0.nsw.retf.com:7051", Fragment:"", RawQuery:"", RawPath:"", RawFragment:"", ForceQuery:false, OmitHost:false}}
[34m2026-07-15 18:17:07.612 UTC 0014 INFO[0m [grpc] [34;1mAddTraceEvent[0m -> [core] [Channel #4]Channel authority set to "peer0.nsw.retf.com:7051"
[34m2026-07-15 18:17:07.612 UTC 0015 INFO[0m [grpc] [34;1mAddTraceEvent[0m -> [core] [Channel #4]Resolver state updated: {
  "Addresses": [
    {
      "Addr": "peer0.nsw.retf.com:7051",
      "ServerName": "",
      "Attributes": null,
      "BalancerAttributes": null,
      "Metadata": null
    }
  ],
  "Endpoints": [
    {
      "Addresses": [
        {
          "Addr": "peer0.nsw.retf.com:7051",
          "ServerName": "",
          "Attributes": null,
          "BalancerAttributes": null,
          "Metadata": null
        }
      ],
      "Attributes": null
    }
  ],
  "ServiceConfig": null,
  "Attributes": null
} (resolver returned new addresses)
[34m2026-07-15 18:17:07.612 UTC 0016 INFO[0m [grpc] [34;1mAddTraceEvent[0m -> [core] [Channel #4]Channel switches to new LB policy "pick_first"
[34m2026-07-15 18:17:07.612 UTC 0017 INFO[0m [grpc] [34;1mInfof[0m -> [pick-first-leaf-lb] [pick-first-leaf-lb 0x1812c467c630] Received new config {
  "shuffleAddressList": false
}, resolver state {
  "Addresses": [
    {
      "Addr": "peer0.nsw.retf.com:7051",
      "ServerName": "",
      "Attributes": null,
      "BalancerAttributes": null,
      "Metadata": null
    }
  ],
  "Endpoints": [
    {
      "Addresses": [
        {
          "Addr": "peer0.nsw.retf.com:7051",
          "ServerName": "",
          "Attributes": null,
          "BalancerAttributes": null,
          "Metadata": null
        }
      ],
      "Attributes": null
    }
  ],
  "ServiceConfig": null,
  "Attributes": null
}
[34m2026-07-15 18:17:07.612 UTC 0018 INFO[0m [grpc] [34;1mAddTraceEvent[0m -> [core] [Channel #4]Channel Connectivity change to CONNECTING
[34m2026-07-15 18:17:07.612 UTC 0019 INFO[0m [grpc] [34;1mAddTraceEvent[0m -> [core] [Channel #4 SubChannel #5]Subchannel created
[34m2026-07-15 18:17:07.612 UTC 001a INFO[0m [grpc] [34;1mAddTraceEvent[0m -> [core] [Channel #4]Channel exiting idle mode
[34m2026-07-15 18:17:07.612 UTC 001b INFO[0m [grpc] [34;1mAddTraceEvent[0m -> [core] [Channel #4 SubChannel #5]Subchannel Connectivity change to CONNECTING
[34m2026-07-15 18:17:07.612 UTC 001c INFO[0m [grpc] [34;1mAddTraceEvent[0m -> [core] [Channel #4 SubChannel #5]Subchannel picks a new address "peer0.nsw.retf.com:7051" to connect
[34m2026-07-15 18:17:07.614 UTC 001d INFO[0m [grpc] [34;1mAddTraceEvent[0m -> [core] [Channel #4 SubChannel #5]Subchannel Connectivity change to READY
[34m2026-07-15 18:17:07.614 UTC 001e INFO[0m [grpc] [34;1mInfof[0m -> [pick-first-leaf-lb] [pick-first-leaf-lb 0x1812c467c630] SubConn 0x1812c4b563c0 reported connectivity state READY and the health listener is disabled. Transitioning SubConn to READY.
[34m2026-07-15 18:17:07.614 UTC 001f INFO[0m [grpc] [34;1mAddTraceEvent[0m -> [core] [Channel #4]Channel Connectivity change to READY
[34m2026-07-15 18:17:07.615 UTC 0020 INFO[0m [grpc] [34;1mInfof[0m -> [core] original dial target is: "peer0.qld.retf.com:7051"
[34m2026-07-15 18:17:07.615 UTC 0021 INFO[0m [grpc] [34;1mAddTraceEvent[0m -> [core] [Channel #7]Channel created
[34m2026-07-15 18:17:07.615 UTC 0022 INFO[0m [grpc] [34;1mAddTraceEvent[0m -> [core] [Channel #7]parsed dial target is: resolver.Target{URL:url.URL{Scheme:"passthrough", Opaque:"", User:(*url.Userinfo)(nil), Host:"", Path:"/peer0.qld.retf.com:7051", Fragment:"", RawQuery:"", RawPath:"", RawFragment:"", ForceQuery:false, OmitHost:false}}
[34m2026-07-15 18:17:07.615 UTC 0023 INFO[0m [grpc] [34;1mAddTraceEvent[0m -> [core] [Channel #7]Channel authority set to "peer0.qld.retf.com:7051"
[34m2026-07-15 18:17:07.615 UTC 0024 INFO[0m [grpc] [34;1mAddTraceEvent[0m -> [core] [Channel #7]Resolver state updated: {
  "Addresses": [
    {
      "Addr": "peer0.qld.retf.com:7051",
      "ServerName": "",
      "Attributes": null,
      "BalancerAttributes": null,
      "Metadata": null
    }
  ],
  "Endpoints": [
    {
      "Addresses": [
        {
          "Addr": "peer0.qld.retf.com:7051",
          "ServerName": "",
          "Attributes": null,
          "BalancerAttributes": null,
          "Metadata": null
        }
      ],
      "Attributes": null
    }
  ],
  "ServiceConfig": null,
  "Attributes": null
} (resolver returned new addresses)
[34m2026-07-15 18:17:07.615 UTC 0025 INFO[0m [grpc] [34;1mAddTraceEvent[0m -> [core] [Channel #7]Channel switches to new LB policy "pick_first"
[34m2026-07-15 18:17:07.615 UTC 0026 INFO[0m [grpc] [34;1mInfof[0m -> [pick-first-leaf-lb] [pick-first-leaf-lb 0x1812c467ca20] Received new config {
  "shuffleAddressList": false
}, resolver state {
  "Addresses": [
    {
      "Addr": "peer0.qld.retf.com:7051",
      "ServerName": "",
      "Attributes": null,
      "BalancerAttributes": null,
      "Metadata": null
    }
  ],
  "Endpoints": [
    {
      "Addresses": [
        {
          "Addr": "peer0.qld.retf.com:7051",
          "ServerName": "",
          "Attributes": null,
          "BalancerAttributes": null,
          "Metadata": null
        }
      ],
      "Attributes": null
    }
  ],
  "ServiceConfig": null,
  "Attributes": null
}
[34m2026-07-15 18:17:07.615 UTC 0027 INFO[0m [grpc] [34;1mAddTraceEvent[0m -> [core] [Channel #7]Channel Connectivity change to CONNECTING
[34m2026-07-15 18:17:07.615 UTC 0028 INFO[0m [grpc] [34;1mAddTraceEvent[0m -> [core] [Channel #7 SubChannel #8]Subchannel created
[34m2026-07-15 18:17:07.615 UTC 0029 INFO[0m [grpc] [34;1mAddTraceEvent[0m -> [core] [Channel #7]Channel exiting idle mode
[34m2026-07-15 18:17:07.615 UTC 002a INFO[0m [grpc] [34;1mAddTraceEvent[0m -> [core] [Channel #7 SubChannel #8]Subchannel Connectivity change to CONNECTING
[34m2026-07-15 18:17:07.615 UTC 002b INFO[0m [grpc] [34;1mAddTraceEvent[0m -> [core] [Channel #7 SubChannel #8]Subchannel picks a new address "peer0.qld.retf.com:7051" to connect
[34m2026-07-15 18:17:07.617 UTC 002c INFO[0m [grpc] [34;1mAddTraceEvent[0m -> [core] [Channel #7 SubChannel #8]Subchannel Connectivity change to READY
[34m2026-07-15 18:17:07.617 UTC 002d INFO[0m [grpc] [34;1mInfof[0m -> [pick-first-leaf-lb] [pick-first-leaf-lb 0x1812c467ca20] SubConn 0x1812c4b56730 reported connectivity state READY and the health listener is disabled. Transitioning SubConn to READY.
[34m2026-07-15 18:17:07.617 UTC 002e INFO[0m [grpc] [34;1mAddTraceEvent[0m -> [core] [Channel #7]Channel Connectivity change to READY
[34m2026-07-15 18:17:07.617 UTC 002f INFO[0m [grpc] [34;1mInfof[0m -> [core] original dial target is: "peer0.qld.retf.com:7051"
[34m2026-07-15 18:17:07.617 UTC 0030 INFO[0m [grpc] [34;1mAddTraceEvent[0m -> [core] [Channel #10]Channel created
[34m2026-07-15 18:17:07.617 UTC 0031 INFO[0m [grpc] [34;1mAddTraceEvent[0m -> [core] [Channel #10]parsed dial target is: resolver.Target{URL:url.URL{Scheme:"passthrough", Opaque:"", User:(*url.Userinfo)(nil), Host:"", Path:"/peer0.qld.retf.com:7051", Fragment:"", RawQuery:"", RawPath:"", RawFragment:"", ForceQuery:false, OmitHost:false}}
[34m2026-07-15 18:17:07.617 UTC 0032 INFO[0m [grpc] [34;1mAddTraceEvent[0m -> [core] [Channel #10]Channel authority set to "peer0.qld.retf.com:7051"
[34m2026-07-15 18:17:07.617 UTC 0033 INFO[0m [grpc] [34;1mAddTraceEvent[0m -> [core] [Channel #10]Resolver state updated: {
  "Addresses": [
    {
      "Addr": "peer0.qld.retf.com:7051",
      "ServerName": "",
      "Attributes": null,
      "BalancerAttributes": null,
      "Metadata": null
    }
  ],
  "Endpoints": [
    {
      "Addresses": [
        {
          "Addr": "peer0.qld.retf.com:7051",
          "ServerName": "",
          "Attributes": null,
          "BalancerAttributes": null,
          "Metadata": null
        }
      ],
      "Attributes": null
    }
  ],
  "ServiceConfig": null,
  "Attributes": null
} (resolver returned new addresses)
[34m2026-07-15 18:17:07.617 UTC 0034 INFO[0m [grpc] [34;1mAddTraceEvent[0m -> [core] [Channel #10]Channel switches to new LB policy "pick_first"
[34m2026-07-15 18:17:07.618 UTC 0035 INFO[0m [grpc] [34;1mInfof[0m -> [pick-first-leaf-lb] [pick-first-leaf-lb 0x1812c467ce10] Received new config {
  "shuffleAddressList": false
}, resolver state {
  "Addresses": [
    {
      "Addr": "peer0.qld.retf.com:7051",
      "ServerName": "",
      "Attributes": null,
      "BalancerAttributes": null,
      "Metadata": null
    }
  ],
  "Endpoints": [
    {
      "Addresses": [
        {
          "Addr": "peer0.qld.retf.com:7051",
          "ServerName": "",
          "Attributes": null,
          "BalancerAttributes": null,
          "Metadata": null
        }
      ],
      "Attributes": null
    }
  ],
  "ServiceConfig": null,
  "Attributes": null
}
[34m2026-07-15 18:17:07.618 UTC 0036 INFO[0m [grpc] [34;1mAddTraceEvent[0m -> [core] [Channel #10]Channel Connectivity change to CONNECTING
[34m2026-07-15 18:17:07.618 UTC 0037 INFO[0m [grpc] [34;1mAddTraceEvent[0m -> [core] [Channel #10 SubChannel #11]Subchannel created
[34m2026-07-15 18:17:07.618 UTC 0038 INFO[0m [grpc] [34;1mAddTraceEvent[0m -> [core] [Channel #10]Channel exiting idle mode
[34m2026-07-15 18:17:07.618 UTC 0039 INFO[0m [grpc] [34;1mAddTraceEvent[0m -> [core] [Channel #10 SubChannel #11]Subchannel Connectivity change to CONNECTING
[34m2026-07-15 18:17:07.618 UTC 003a INFO[0m [grpc] [34;1mAddTraceEvent[0m -> [core] [Channel #10 SubChannel #11]Subchannel picks a new address "peer0.qld.retf.com:7051" to connect
[34m2026-07-15 18:17:07.620 UTC 003b INFO[0m [grpc] [34;1mAddTraceEvent[0m -> [core] [Channel #10 SubChannel #11]Subchannel Connectivity change to READY
[34m2026-07-15 18:17:07.620 UTC 003c INFO[0m [grpc] [34;1mInfof[0m -> [pick-first-leaf-lb] [pick-first-leaf-lb 0x1812c467ce10] SubConn 0x1812c4b56fa0 reported connectivity state READY and the health listener is disabled. Transitioning SubConn to READY.
[34m2026-07-15 18:17:07.620 UTC 003d INFO[0m [grpc] [34;1mAddTraceEvent[0m -> [core] [Channel #10]Channel Connectivity change to READY
[34m2026-07-15 18:17:07.621 UTC 003e INFO[0m [grpc] [34;1mInfof[0m -> [core] original dial target is: "peer0.sa.retf.com:7051"
[34m2026-07-15 18:17:07.621 UTC 003f INFO[0m [grpc] [34;1mAddTraceEvent[0m -> [core] [Channel #13]Channel created
[34m2026-07-15 18:17:07.621 UTC 0040 INFO[0m [grpc] [34;1mAddTraceEvent[0m -> [core] [Channel #13]parsed dial target is: resolver.Target{URL:url.URL{Scheme:"passthrough", Opaque:"", User:(*url.Userinfo)(nil), Host:"", Path:"/peer0.sa.retf.com:7051", Fragment:"", RawQuery:"", RawPath:"", RawFragment:"", ForceQuery:false, OmitHost:false}}
[34m2026-07-15 18:17:07.621 UTC 0041 INFO[0m [grpc] [34;1mAddTraceEvent[0m -> [core] [Channel #13]Channel authority set to "peer0.sa.retf.com:7051"
[34m2026-07-15 18:17:07.621 UTC 0042 INFO[0m [grpc] [34;1mAddTraceEvent[0m -> [core] [Channel #13]Resolver state updated: {
  "Addresses": [
    {
      "Addr": "peer0.sa.retf.com:7051",
      "ServerName": "",
      "Attributes": null,
      "BalancerAttributes": null,
      "Metadata": null
    }
  ],
  "Endpoints": [
    {
      "Addresses": [
        {
          "Addr": "peer0.sa.retf.com:7051",
          "ServerName": "",
          "Attributes": null,
          "BalancerAttributes": null,
          "Metadata": null
        }
      ],
      "Attributes": null
    }
  ],
  "ServiceConfig": null,
  "Attributes": null
} (resolver returned new addresses)
[34m2026-07-15 18:17:07.621 UTC 0043 INFO[0m [grpc] [34;1mAddTraceEvent[0m -> [core] [Channel #13]Channel switches to new LB policy "pick_first"
[34m2026-07-15 18:17:07.621 UTC 0044 INFO[0m [grpc] [34;1mInfof[0m -> [pick-first-leaf-lb] [pick-first-leaf-lb 0x1812c4939dd0] Received new config {
  "shuffleAddressList": false
}, resolver state {
  "Addresses": [
    {
      "Addr": "peer0.sa.retf.com:7051",
      "ServerName": "",
      "Attributes": null,
      "BalancerAttributes": null,
      "Metadata": null
    }
  ],
  "Endpoints": [
    {
      "Addresses": [
        {
          "Addr": "peer0.sa.retf.com:7051",
          "ServerName": "",
          "Attributes": null,
          "BalancerAttributes": null,
          "Metadata": null
        }
      ],
      "Attributes": null
    }
  ],
  "ServiceConfig": null,
  "Attributes": null
}
[34m2026-07-15 18:17:07.621 UTC 0045 INFO[0m [grpc] [34;1mAddTraceEvent[0m -> [core] [Channel #13]Channel Connectivity change to CONNECTING
[34m2026-07-15 18:17:07.621 UTC 0046 INFO[0m [grpc] [34;1mAddTraceEvent[0m -> [core] [Channel #13 SubChannel #14]Subchannel created
[34m2026-07-15 18:17:07.621 UTC 0047 INFO[0m [grpc] [34;1mAddTraceEvent[0m -> [core] [Channel #13]Channel exiting idle mode
[34m2026-07-15 18:17:07.621 UTC 0048 INFO[0m [grpc] [34;1mAddTraceEvent[0m -> [core] [Channel #13 SubChannel #14]Subchannel Connectivity change to CONNECTING
[34m2026-07-15 18:17:07.621 UTC 0049 INFO[0m [grpc] [34;1mAddTraceEvent[0m -> [core] [Channel #13 SubChannel #14]Subchannel picks a new address "peer0.sa.retf.com:7051" to connect
[34m2026-07-15 18:17:07.623 UTC 004a INFO[0m [grpc] [34;1mAddTraceEvent[0m -> [core] [Channel #13 SubChannel #14]Subchannel Connectivity change to READY
[34m2026-07-15 18:17:07.623 UTC 004b INFO[0m [grpc] [34;1mInfof[0m -> [pick-first-leaf-lb] [pick-first-leaf-lb 0x1812c4939dd0] SubConn 0x1812c46faff0 reported connectivity state READY and the health listener is disabled. Transitioning SubConn to READY.
[34m2026-07-15 18:17:07.623 UTC 004c INFO[0m [grpc] [34;1mAddTraceEvent[0m -> [core] [Channel #13]Channel Connectivity change to READY
[34m2026-07-15 18:17:07.623 UTC 004d INFO[0m [grpc] [34;1mInfof[0m -> [core] original dial target is: "peer0.sa.retf.com:7051"
[34m2026-07-15 18:17:07.623 UTC 004e INFO[0m [grpc] [34;1mAddTraceEvent[0m -> [core] [Channel #16]Channel created
[34m2026-07-15 18:17:07.623 UTC 004f INFO[0m [grpc] [34;1mAddTraceEvent[0m -> [core] [Channel #16]parsed dial target is: resolver.Target{URL:url.URL{Scheme:"passthrough", Opaque:"", User:(*url.Userinfo)(nil), Host:"", Path:"/peer0.sa.retf.com:7051", Fragment:"", RawQuery:"", RawPath:"", RawFragment:"", ForceQuery:false, OmitHost:false}}
[34m2026-07-15 18:17:07.623 UTC 0050 INFO[0m [grpc] [34;1mAddTraceEvent[0m -> [core] [Channel #16]Channel authority set to "peer0.sa.retf.com:7051"
[34m2026-07-15 18:17:07.624 UTC 0051 INFO[0m [grpc] [34;1mAddTraceEvent[0m -> [core] [Channel #16]Resolver state updated: {
  "Addresses": [
    {
      "Addr": "peer0.sa.retf.com:7051",
      "ServerName": "",
      "Attributes": null,
      "BalancerAttributes": null,
      "Metadata": null
    }
  ],
  "Endpoints": [
    {
      "Addresses": [
        {
          "Addr": "peer0.sa.retf.com:7051",
          "ServerName": "",
          "Attributes": null,
          "BalancerAttributes": null,
          "Metadata": null
        }
      ],
      "Attributes": null
    }
  ],
  "ServiceConfig": null,
  "Attributes": null
} (resolver returned new addresses)
[34m2026-07-15 18:17:07.624 UTC 0052 INFO[0m [grpc] [34;1mAddTraceEvent[0m -> [core] [Channel #16]Channel switches to new LB policy "pick_first"
[34m2026-07-15 18:17:07.624 UTC 0053 INFO[0m [grpc] [34;1mInfof[0m -> [pick-first-leaf-lb] [pick-first-leaf-lb 0x1812c4a54360] Received new config {
  "shuffleAddressList": false
}, resolver state {
  "Addresses": [
    {
      "Addr": "peer0.sa.retf.com:7051",
      "ServerName": "",
      "Attributes": null,
      "BalancerAttributes": null,
      "Metadata": null
    }
  ],
  "Endpoints": [
    {
      "Addresses": [
        {
          "Addr": "peer0.sa.retf.com:7051",
          "ServerName": "",
          "Attributes": null,
          "BalancerAttributes": null,
          "Metadata": null
        }
      ],
      "Attributes": null
    }
  ],
  "ServiceConfig": null,
  "Attributes": null
}
[34m2026-07-15 18:17:07.624 UTC 0054 INFO[0m [grpc] [34;1mAddTraceEvent[0m -> [core] [Channel #16]Channel Connectivity change to CONNECTING
[34m2026-07-15 18:17:07.624 UTC 0055 INFO[0m [grpc] [34;1mAddTraceEvent[0m -> [core] [Channel #16 SubChannel #17]Subchannel created
[34m2026-07-15 18:17:07.624 UTC 0056 INFO[0m [grpc] [34;1mAddTraceEvent[0m -> [core] [Channel #16]Channel exiting idle mode
[34m2026-07-15 18:17:07.624 UTC 0057 INFO[0m [grpc] [34;1mAddTraceEvent[0m -> [core] [Channel #16 SubChannel #17]Subchannel Connectivity change to CONNECTING
[34m2026-07-15 18:17:07.624 UTC 0058 INFO[0m [grpc] [34;1mAddTraceEvent[0m -> [core] [Channel #16 SubChannel #17]Subchannel picks a new address "peer0.sa.retf.com:7051" to connect
[34m2026-07-15 18:17:07.626 UTC 0059 INFO[0m [grpc] [34;1mAddTraceEvent[0m -> [core] [Channel #16 SubChannel #17]Subchannel Connectivity change to READY
[34m2026-07-15 18:17:07.626 UTC 005a INFO[0m [grpc] [34;1mInfof[0m -> [pick-first-leaf-lb] [pick-first-leaf-lb 0x1812c4a54360] SubConn 0x1812c46fbd10 reported connectivity state READY and the health listener is disabled. Transitioning SubConn to READY.
[34m2026-07-15 18:17:07.626 UTC 005b INFO[0m [grpc] [34;1mAddTraceEvent[0m -> [core] [Channel #16]Channel Connectivity change to READY
[33m2026-07-15 18:17:07.627 UTC 005c WARN[0m [grpc] [33;1mWarningf[0m -> [core] Adjusting keepalive ping interval to minimum period of 10s
[34m2026-07-15 18:17:07.627 UTC 005d INFO[0m [grpc] [34;1mInfof[0m -> [core] original dial target is: "orderer.orderer.retf.com:7050"
[34m2026-07-15 18:17:07.627 UTC 005e INFO[0m [grpc] [34;1mAddTraceEvent[0m -> [core] [Channel #19]Channel created
[34m2026-07-15 18:17:07.627 UTC 005f INFO[0m [grpc] [34;1mAddTraceEvent[0m -> [core] [Channel #19]parsed dial target is: resolver.Target{URL:url.URL{Scheme:"passthrough", Opaque:"", User:(*url.Userinfo)(nil), Host:"", Path:"/orderer.orderer.retf.com:7050", Fragment:"", RawQuery:"", RawPath:"", RawFragment:"", ForceQuery:false, OmitHost:false}}
[34m2026-07-15 18:17:07.627 UTC 0060 INFO[0m [grpc] [34;1mAddTraceEvent[0m -> [core] [Channel #19]Channel authority set to "orderer.orderer.retf.com"
[34m2026-07-15 18:17:07.627 UTC 0061 INFO[0m [grpc] [34;1mAddTraceEvent[0m -> [core] [Channel #19]Resolver state updated: {
  "Addresses": [
    {
      "Addr": "orderer.orderer.retf.com:7050",
      "ServerName": "",
      "Attributes": null,
      "BalancerAttributes": null,
      "Metadata": null
    }
  ],
  "Endpoints": [
    {
      "Addresses": [
        {
          "Addr": "orderer.orderer.retf.com:7050",
          "ServerName": "",
          "Attributes": null,
          "BalancerAttributes": null,
          "Metadata": null
        }
      ],
      "Attributes": null
    }
  ],
  "ServiceConfig": null,
  "Attributes": null
} (resolver returned new addresses)
[34m2026-07-15 18:17:07.627 UTC 0062 INFO[0m [grpc] [34;1mAddTraceEvent[0m -> [core] [Channel #19]Channel switches to new LB policy "pick_first"
[34m2026-07-15 18:17:07.627 UTC 0063 INFO[0m [grpc] [34;1mInfof[0m -> [pick-first-leaf-lb] [pick-first-leaf-lb 0x1812c4b2c2d0] Received new config {
  "shuffleAddressList": false
}, resolver state {
  "Addresses": [
    {
      "Addr": "orderer.orderer.retf.com:7050",
      "ServerName": "",
      "Attributes": null,
      "BalancerAttributes": null,
      "Metadata": null
    }
  ],
  "Endpoints": [
    {
      "Addresses": [
        {
          "Addr": "orderer.orderer.retf.com:7050",
          "ServerName": "",
          "Attributes": null,
          "BalancerAttributes": null,
          "Metadata": null
        }
      ],
      "Attributes": null
    }
  ],
  "ServiceConfig": null,
  "Attributes": null
}
[34m2026-07-15 18:17:07.627 UTC 0064 INFO[0m [grpc] [34;1mAddTraceEvent[0m -> [core] [Channel #19]Channel Connectivity change to CONNECTING
[34m2026-07-15 18:17:07.627 UTC 0065 INFO[0m [grpc] [34;1mAddTraceEvent[0m -> [core] [Channel #19 SubChannel #20]Subchannel created
[34m2026-07-15 18:17:07.627 UTC 0066 INFO[0m [grpc] [34;1mAddTraceEvent[0m -> [core] [Channel #19]Channel exiting idle mode
[34m2026-07-15 18:17:07.627 UTC 0067 INFO[0m [grpc] [34;1mAddTraceEvent[0m -> [core] [Channel #19 SubChannel #20]Subchannel Connectivity change to CONNECTING
[34m2026-07-15 18:17:07.627 UTC 0068 INFO[0m [grpc] [34;1mAddTraceEvent[0m -> [core] [Channel #19 SubChannel #20]Subchannel picks a new address "orderer.orderer.retf.com:7050" to connect
[34m2026-07-15 18:17:07.631 UTC 0069 INFO[0m [grpc] [34;1mAddTraceEvent[0m -> [core] [Channel #19 SubChannel #20]Subchannel Connectivity change to READY
[34m2026-07-15 18:17:07.631 UTC 006a INFO[0m [grpc] [34;1mInfof[0m -> [pick-first-leaf-lb] [pick-first-leaf-lb 0x1812c4b2c2d0] SubConn 0x1812c48952c0 reported connectivity state READY and the health listener is disabled. Transitioning SubConn to READY.
[34m2026-07-15 18:17:07.631 UTC 006b INFO[0m [grpc] [34;1mAddTraceEvent[0m -> [core] [Channel #19]Channel Connectivity change to READY
[34m2026-07-15 18:17:09.692 UTC 006c INFO[0m [chaincodeCmd] [34;1mClientWait[0m -> txid [9123d49f332b71a014afd58b99b4c1609734743c69e8c9074cb81afa14883bd1] committed with status (VALID) at peer0.nsw.retf.com:7051
[34m2026-07-15 18:17:09.695 UTC 006d INFO[0m [chaincodeCmd] [34;1mClientWait[0m -> txid [9123d49f332b71a014afd58b99b4c1609734743c69e8c9074cb81afa14883bd1] committed with status (VALID) at peer0.qld.retf.com:7051
[34m2026-07-15 18:17:09.696 UTC 006e INFO[0m [chaincodeCmd] [34;1mClientWait[0m -> txid [9123d49f332b71a014afd58b99b4c1609734743c69e8c9074cb81afa14883bd1] committed with status (VALID) at peer0.sa.retf.com:7051
[34m2026-07-15 18:17:09.696 UTC 006f INFO[0m [chaincodeCmd] [34;1mchaincodeInvokeOrQuery[0m -> Chaincode invoke successful. result: status:200 payload:"s2.2.2/task-policy/task-b"
[34m2026-07-15 18:17:11.128 UTC 0001 INFO[0m [chaincodeCmd] [34;1mInitCmdFactory[0m -> InitCmdFactory: Entry: invoke, true, true
[34m2026-07-15 18:17:11.128 UTC 0002 INFO[0m [grpc] [34;1mInfof[0m -> [core] original dial target is: "peer0.nsw.retf.com:7051"
[34m2026-07-15 18:17:11.128 UTC 0003 INFO[0m [grpc] [34;1mAddTraceEvent[0m -> [core] [Channel #1]Channel created
[34m2026-07-15 18:17:11.128 UTC 0004 INFO[0m [grpc] [34;1mAddTraceEvent[0m -> [core] [Channel #1]parsed dial target is: resolver.Target{URL:url.URL{Scheme:"passthrough", Opaque:"", User:(*url.Userinfo)(nil), Host:"", Path:"/peer0.nsw.retf.com:7051", Fragment:"", RawQuery:"", RawPath:"", RawFragment:"", ForceQuery:false, OmitHost:false}}
[34m2026-07-15 18:17:11.128 UTC 0005 INFO[0m [grpc] [34;1mAddTraceEvent[0m -> [core] [Channel #1]Channel authority set to "peer0.nsw.retf.com:7051"
[34m2026-07-15 18:17:11.128 UTC 0006 INFO[0m [grpc] [34;1mAddTraceEvent[0m -> [core] [Channel #1]Resolver state updated: {
  "Addresses": [
    {
      "Addr": "peer0.nsw.retf.com:7051",
      "ServerName": "",
      "Attributes": null,
      "BalancerAttributes": null,
      "Metadata": null
    }
  ],
  "Endpoints": [
    {
      "Addresses": [
        {
          "Addr": "peer0.nsw.retf.com:7051",
          "ServerName": "",
          "Attributes": null,
          "BalancerAttributes": null,
          "Metadata": null
        }
      ],
      "Attributes": null
    }
  ],
  "ServiceConfig": null,
  "Attributes": null
} (resolver returned new addresses)
[34m2026-07-15 18:17:11.128 UTC 0007 INFO[0m [grpc] [34;1mAddTraceEvent[0m -> [core] [Channel #1]Channel switches to new LB policy "pick_first"
[34m2026-07-15 18:17:11.128 UTC 0008 INFO[0m [grpc] [34;1mInfof[0m -> [pick-first-leaf-lb] [pick-first-leaf-lb 0x6b48b4aa2d0] Received new config {
  "shuffleAddressList": false
}, resolver state {
  "Addresses": [
    {
      "Addr": "peer0.nsw.retf.com:7051",
      "ServerName": "",
      "Attributes": null,
      "BalancerAttributes": null,
      "Metadata": null
    }
  ],
  "Endpoints": [
    {
      "Addresses": [
        {
          "Addr": "peer0.nsw.retf.com:7051",
          "ServerName": "",
          "Attributes": null,
          "BalancerAttributes": null,
          "Metadata": null
        }
      ],
      "Attributes": null
    }
  ],
  "ServiceConfig": null,
  "Attributes": null
}
[34m2026-07-15 18:17:11.128 UTC 0009 INFO[0m [grpc] [34;1mAddTraceEvent[0m -> [core] [Channel #1]Channel Connectivity change to CONNECTING
[34m2026-07-15 18:17:11.128 UTC 000a INFO[0m [grpc] [34;1mAddTraceEvent[0m -> [core] [Channel #1 SubChannel #2]Subchannel created
[34m2026-07-15 18:17:11.128 UTC 000b INFO[0m [grpc] [34;1mAddTraceEvent[0m -> [core] [Channel #1]Channel exiting idle mode
[34m2026-07-15 18:17:11.128 UTC 000c INFO[0m [grpc] [34;1mAddTraceEvent[0m -> [core] [Channel #1 SubChannel #2]Subchannel Connectivity change to CONNECTING
[34m2026-07-15 18:17:11.128 UTC 000d INFO[0m [grpc] [34;1mAddTraceEvent[0m -> [core] [Channel #1 SubChannel #2]Subchannel picks a new address "peer0.nsw.retf.com:7051" to connect
[34m2026-07-15 18:17:11.131 UTC 000e INFO[0m [grpc] [34;1mAddTraceEvent[0m -> [core] [Channel #1 SubChannel #2]Subchannel Connectivity change to READY
[34m2026-07-15 18:17:11.131 UTC 000f INFO[0m [grpc] [34;1mInfof[0m -> [pick-first-leaf-lb] [pick-first-leaf-lb 0x6b48b4aa2d0] SubConn 0x6b48b4a0b90 reported connectivity state READY and the health listener is disabled. Transitioning SubConn to READY.
[34m2026-07-15 18:17:11.131 UTC 0010 INFO[0m [grpc] [34;1mAddTraceEvent[0m -> [core] [Channel #1]Channel Connectivity change to READY
[34m2026-07-15 18:17:11.131 UTC 0011 INFO[0m [grpc] [34;1mInfof[0m -> [core] original dial target is: "peer0.nsw.retf.com:7051"
[34m2026-07-15 18:17:11.132 UTC 0012 INFO[0m [grpc] [34;1mAddTraceEvent[0m -> [core] [Channel #4]Channel created
[34m2026-07-15 18:17:11.132 UTC 0013 INFO[0m [grpc] [34;1mAddTraceEvent[0m -> [core] [Channel #4]parsed dial target is: resolver.Target{URL:url.URL{Scheme:"passthrough", Opaque:"", User:(*url.Userinfo)(nil), Host:"", Path:"/peer0.nsw.retf.com:7051", Fragment:"", RawQuery:"", RawPath:"", RawFragment:"", ForceQuery:false, OmitHost:false}}
[34m2026-07-15 18:17:11.132 UTC 0014 INFO[0m [grpc] [34;1mAddTraceEvent[0m -> [core] [Channel #4]Channel authority set to "peer0.nsw.retf.com:7051"
[34m2026-07-15 18:17:11.132 UTC 0015 INFO[0m [grpc] [34;1mAddTraceEvent[0m -> [core] [Channel #4]Resolver state updated: {
  "Addresses": [
    {
      "Addr": "peer0.nsw.retf.com:7051",
      "ServerName": "",
      "Attributes": null,
      "BalancerAttributes": null,
      "Metadata": null
    }
  ],
  "Endpoints": [
    {
      "Addresses": [
        {
          "Addr": "peer0.nsw.retf.com:7051",
          "ServerName": "",
          "Attributes": null,
          "BalancerAttributes": null,
          "Metadata": null
        }
      ],
      "Attributes": null
    }
  ],
  "ServiceConfig": null,
  "Attributes": null
} (resolver returned new addresses)
[34m2026-07-15 18:17:11.132 UTC 0016 INFO[0m [grpc] [34;1mAddTraceEvent[0m -> [core] [Channel #4]Channel switches to new LB policy "pick_first"
[34m2026-07-15 18:17:11.132 UTC 0017 INFO[0m [grpc] [34;1mInfof[0m -> [pick-first-leaf-lb] [pick-first-leaf-lb 0x6b48b4aa510] Received new config {
  "shuffleAddressList": false
}, resolver state {
  "Addresses": [
    {
      "Addr": "peer0.nsw.retf.com:7051",
      "ServerName": "",
      "Attributes": null,
      "BalancerAttributes": null,
      "Metadata": null
    }
  ],
  "Endpoints": [
    {
      "Addresses": [
        {
          "Addr": "peer0.nsw.retf.com:7051",
          "ServerName": "",
          "Attributes": null,
          "BalancerAttributes": null,
          "Metadata": null
        }
      ],
      "Attributes": null
    }
  ],
  "ServiceConfig": null,
  "Attributes": null
}
[34m2026-07-15 18:17:11.132 UTC 0018 INFO[0m [grpc] [34;1mAddTraceEvent[0m -> [core] [Channel #4]Channel Connectivity change to CONNECTING
[34m2026-07-15 18:17:11.132 UTC 0019 INFO[0m [grpc] [34;1mAddTraceEvent[0m -> [core] [Channel #4 SubChannel #5]Subchannel created
[34m2026-07-15 18:17:11.132 UTC 001a INFO[0m [grpc] [34;1mAddTraceEvent[0m -> [core] [Channel #4]Channel exiting idle mode
[34m2026-07-15 18:17:11.132 UTC 001b INFO[0m [grpc] [34;1mAddTraceEvent[0m -> [core] [Channel #4 SubChannel #5]Subchannel Connectivity change to CONNECTING
[34m2026-07-15 18:17:11.132 UTC 001c INFO[0m [grpc] [34;1mAddTraceEvent[0m -> [core] [Channel #4 SubChannel #5]Subchannel picks a new address "peer0.nsw.retf.com:7051" to connect
[34m2026-07-15 18:17:11.134 UTC 001d INFO[0m [grpc] [34;1mAddTraceEvent[0m -> [core] [Channel #4 SubChannel #5]Subchannel Connectivity change to READY
[34m2026-07-15 18:17:11.134 UTC 001e INFO[0m [grpc] [34;1mInfof[0m -> [pick-first-leaf-lb] [pick-first-leaf-lb 0x6b48b4aa510] SubConn 0x6b48b4a04b0 reported connectivity state READY and the health listener is disabled. Transitioning SubConn to READY.
[34m2026-07-15 18:17:11.134 UTC 001f INFO[0m [grpc] [34;1mAddTraceEvent[0m -> [core] [Channel #4]Channel Connectivity change to READY
[34m2026-07-15 18:17:11.134 UTC 0020 INFO[0m [grpc] [34;1mInfof[0m -> [core] original dial target is: "peer0.qld.retf.com:7051"
[34m2026-07-15 18:17:11.134 UTC 0021 INFO[0m [grpc] [34;1mAddTraceEvent[0m -> [core] [Channel #7]Channel created
[34m2026-07-15 18:17:11.134 UTC 0022 INFO[0m [grpc] [34;1mAddTraceEvent[0m -> [core] [Channel #7]parsed dial target is: resolver.Target{URL:url.URL{Scheme:"passthrough", Opaque:"", User:(*url.Userinfo)(nil), Host:"", Path:"/peer0.qld.retf.com:7051", Fragment:"", RawQuery:"", RawPath:"", RawFragment:"", ForceQuery:false, OmitHost:false}}
[34m2026-07-15 18:17:11.134 UTC 0023 INFO[0m [grpc] [34;1mAddTraceEvent[0m -> [core] [Channel #7]Channel authority set to "peer0.qld.retf.com:7051"
[34m2026-07-15 18:17:11.134 UTC 0024 INFO[0m [grpc] [34;1mAddTraceEvent[0m -> [core] [Channel #7]Resolver state updated: {
  "Addresses": [
    {
      "Addr": "peer0.qld.retf.com:7051",
      "ServerName": "",
      "Attributes": null,
      "BalancerAttributes": null,
      "Metadata": null
    }
  ],
  "Endpoints": [
    {
      "Addresses": [
        {
          "Addr": "peer0.qld.retf.com:7051",
          "ServerName": "",
          "Attributes": null,
          "BalancerAttributes": null,
          "Metadata": null
        }
      ],
      "Attributes": null
    }
  ],
  "ServiceConfig": null,
  "Attributes": null
} (resolver returned new addresses)
[34m2026-07-15 18:17:11.134 UTC 0025 INFO[0m [grpc] [34;1mAddTraceEvent[0m -> [core] [Channel #7]Channel switches to new LB policy "pick_first"
[34m2026-07-15 18:17:11.134 UTC 0026 INFO[0m [grpc] [34;1mInfof[0m -> [pick-first-leaf-lb] [pick-first-leaf-lb 0x6b48b4aa900] Received new config {
  "shuffleAddressList": false
}, resolver state {
  "Addresses": [
    {
      "Addr": "peer0.qld.retf.com:7051",
      "ServerName": "",
      "Attributes": null,
      "BalancerAttributes": null,
      "Metadata": null
    }
  ],
  "Endpoints": [
    {
      "Addresses": [
        {
          "Addr": "peer0.qld.retf.com:7051",
          "ServerName": "",
          "Attributes": null,
          "BalancerAttributes": null,
          "Metadata": null
        }
      ],
      "Attributes": null
    }
  ],
  "ServiceConfig": null,
  "Attributes": null
}
[34m2026-07-15 18:17:11.134 UTC 0027 INFO[0m [grpc] [34;1mAddTraceEvent[0m -> [core] [Channel #7]Channel Connectivity change to CONNECTING
[34m2026-07-15 18:17:11.134 UTC 0028 INFO[0m [grpc] [34;1mAddTraceEvent[0m -> [core] [Channel #7 SubChannel #8]Subchannel created
[34m2026-07-15 18:17:11.134 UTC 0029 INFO[0m [grpc] [34;1mAddTraceEvent[0m -> [core] [Channel #7]Channel exiting idle mode
[34m2026-07-15 18:17:11.134 UTC 002a INFO[0m [grpc] [34;1mAddTraceEvent[0m -> [core] [Channel #7 SubChannel #8]Subchannel Connectivity change to CONNECTING
[34m2026-07-15 18:17:11.134 UTC 002b INFO[0m [grpc] [34;1mAddTraceEvent[0m -> [core] [Channel #7 SubChannel #8]Subchannel picks a new address "peer0.qld.retf.com:7051" to connect
[34m2026-07-15 18:17:11.136 UTC 002c INFO[0m [grpc] [34;1mAddTraceEvent[0m -> [core] [Channel #7 SubChannel #8]Subchannel Connectivity change to READY
[34m2026-07-15 18:17:11.136 UTC 002d INFO[0m [grpc] [34;1mInfof[0m -> [pick-first-leaf-lb] [pick-first-leaf-lb 0x6b48b4aa900] SubConn 0x6b48b4a0820 reported connectivity state READY and the health listener is disabled. Transitioning SubConn to READY.
[34m2026-07-15 18:17:11.136 UTC 002e INFO[0m [grpc] [34;1mAddTraceEvent[0m -> [core] [Channel #7]Channel Connectivity change to READY
[34m2026-07-15 18:17:11.136 UTC 002f INFO[0m [grpc] [34;1mInfof[0m -> [core] original dial target is: "peer0.qld.retf.com:7051"
[34m2026-07-15 18:17:11.136 UTC 0030 INFO[0m [grpc] [34;1mAddTraceEvent[0m -> [core] [Channel #10]Channel created
[34m2026-07-15 18:17:11.136 UTC 0031 INFO[0m [grpc] [34;1mAddTraceEvent[0m -> [core] [Channel #10]parsed dial target is: resolver.Target{URL:url.URL{Scheme:"passthrough", Opaque:"", User:(*url.Userinfo)(nil), Host:"", Path:"/peer0.qld.retf.com:7051", Fragment:"", RawQuery:"", RawPath:"", RawFragment:"", ForceQuery:false, OmitHost:false}}
[34m2026-07-15 18:17:11.136 UTC 0032 INFO[0m [grpc] [34;1mAddTraceEvent[0m -> [core] [Channel #10]Channel authority set to "peer0.qld.retf.com:7051"
[34m2026-07-15 18:17:11.137 UTC 0033 INFO[0m [grpc] [34;1mAddTraceEvent[0m -> [core] [Channel #10]Resolver state updated: {
  "Addresses": [
    {
      "Addr": "peer0.qld.retf.com:7051",
      "ServerName": "",
      "Attributes": null,
      "BalancerAttributes": null,
      "Metadata": null
    }
  ],
  "Endpoints": [
    {
      "Addresses": [
        {
          "Addr": "peer0.qld.retf.com:7051",
          "ServerName": "",
          "Attributes": null,
          "BalancerAttributes": null,
          "Metadata": null
        }
      ],
      "Attributes": null
    }
  ],
  "ServiceConfig": null,
  "Attributes": null
} (resolver returned new addresses)
[34m2026-07-15 18:17:11.137 UTC 0034 INFO[0m [grpc] [34;1mAddTraceEvent[0m -> [core] [Channel #10]Channel switches to new LB policy "pick_first"
[34m2026-07-15 18:17:11.137 UTC 0035 INFO[0m [grpc] [34;1mInfof[0m -> [pick-first-leaf-lb] [pick-first-leaf-lb 0x6b48b3a3a70] Received new config {
  "shuffleAddressList": false
}, resolver state {
  "Addresses": [
    {
      "Addr": "peer0.qld.retf.com:7051",
      "ServerName": "",
      "Attributes": null,
      "BalancerAttributes": null,
      "Metadata": null
    }
  ],
  "Endpoints": [
    {
      "Addresses": [
        {
          "Addr": "peer0.qld.retf.com:7051",
          "ServerName": "",
          "Attributes": null,
          "BalancerAttributes": null,
          "Metadata": null
        }
      ],
      "Attributes": null
    }
  ],
  "ServiceConfig": null,
  "Attributes": null
}
[34m2026-07-15 18:17:11.137 UTC 0036 INFO[0m [grpc] [34;1mAddTraceEvent[0m -> [core] [Channel #10]Channel Connectivity change to CONNECTING
[34m2026-07-15 18:17:11.137 UTC 0037 INFO[0m [grpc] [34;1mAddTraceEvent[0m -> [core] [Channel #10 SubChannel #11]Subchannel created
[34m2026-07-15 18:17:11.137 UTC 0038 INFO[0m [grpc] [34;1mAddTraceEvent[0m -> [core] [Channel #10]Channel exiting idle mode
[34m2026-07-15 18:17:11.137 UTC 0039 INFO[0m [grpc] [34;1mAddTraceEvent[0m -> [core] [Channel #10 SubChannel #11]Subchannel Connectivity change to CONNECTING
[34m2026-07-15 18:17:11.137 UTC 003a INFO[0m [grpc] [34;1mAddTraceEvent[0m -> [core] [Channel #10 SubChannel #11]Subchannel picks a new address "peer0.qld.retf.com:7051" to connect
[34m2026-07-15 18:17:11.139 UTC 003b INFO[0m [grpc] [34;1mAddTraceEvent[0m -> [core] [Channel #10 SubChannel #11]Subchannel Connectivity change to READY
[34m2026-07-15 18:17:11.139 UTC 003c INFO[0m [grpc] [34;1mInfof[0m -> [pick-first-leaf-lb] [pick-first-leaf-lb 0x6b48b3a3a70] SubConn 0x6b48b348000 reported connectivity state READY and the health listener is disabled. Transitioning SubConn to READY.
[34m2026-07-15 18:17:11.139 UTC 003d INFO[0m [grpc] [34;1mAddTraceEvent[0m -> [core] [Channel #10]Channel Connectivity change to READY
[34m2026-07-15 18:17:11.139 UTC 003e INFO[0m [grpc] [34;1mInfof[0m -> [core] original dial target is: "peer0.sa.retf.com:7051"
[34m2026-07-15 18:17:11.139 UTC 003f INFO[0m [grpc] [34;1mAddTraceEvent[0m -> [core] [Channel #13]Channel created
[34m2026-07-15 18:17:11.139 UTC 0040 INFO[0m [grpc] [34;1mAddTraceEvent[0m -> [core] [Channel #13]parsed dial target is: resolver.Target{URL:url.URL{Scheme:"passthrough", Opaque:"", User:(*url.Userinfo)(nil), Host:"", Path:"/peer0.sa.retf.com:7051", Fragment:"", RawQuery:"", RawPath:"", RawFragment:"", ForceQuery:false, OmitHost:false}}
[34m2026-07-15 18:17:11.139 UTC 0041 INFO[0m [grpc] [34;1mAddTraceEvent[0m -> [core] [Channel #13]Channel authority set to "peer0.sa.retf.com:7051"
[34m2026-07-15 18:17:11.139 UTC 0042 INFO[0m [grpc] [34;1mAddTraceEvent[0m -> [core] [Channel #13]Resolver state updated: {
  "Addresses": [
    {
      "Addr": "peer0.sa.retf.com:7051",
      "ServerName": "",
      "Attributes": null,
      "BalancerAttributes": null,
      "Metadata": null
    }
  ],
  "Endpoints": [
    {
      "Addresses": [
        {
          "Addr": "peer0.sa.retf.com:7051",
          "ServerName": "",
          "Attributes": null,
          "BalancerAttributes": null,
          "Metadata": null
        }
      ],
      "Attributes": null
    }
  ],
  "ServiceConfig": null,
  "Attributes": null
} (resolver returned new addresses)
[34m2026-07-15 18:17:11.139 UTC 0043 INFO[0m [grpc] [34;1mAddTraceEvent[0m -> [core] [Channel #13]Channel switches to new LB policy "pick_first"
[34m2026-07-15 18:17:11.139 UTC 0044 INFO[0m [grpc] [34;1mInfof[0m -> [pick-first-leaf-lb] [pick-first-leaf-lb 0x6b48b442240] Received new config {
  "shuffleAddressList": false
}, resolver state {
  "Addresses": [
    {
      "Addr": "peer0.sa.retf.com:7051",
      "ServerName": "",
      "Attributes": null,
      "BalancerAttributes": null,
      "Metadata": null
    }
  ],
  "Endpoints": [
    {
      "Addresses": [
        {
          "Addr": "peer0.sa.retf.com:7051",
          "ServerName": "",
          "Attributes": null,
          "BalancerAttributes": null,
          "Metadata": null
        }
      ],
      "Attributes": null
    }
  ],
  "ServiceConfig": null,
  "Attributes": null
}
[34m2026-07-15 18:17:11.139 UTC 0045 INFO[0m [grpc] [34;1mAddTraceEvent[0m -> [core] [Channel #13]Channel Connectivity change to CONNECTING
[34m2026-07-15 18:17:11.139 UTC 0046 INFO[0m [grpc] [34;1mAddTraceEvent[0m -> [core] [Channel #13 SubChannel #14]Subchannel created
[34m2026-07-15 18:17:11.139 UTC 0047 INFO[0m [grpc] [34;1mAddTraceEvent[0m -> [core] [Channel #13]Channel exiting idle mode
[34m2026-07-15 18:17:11.139 UTC 0048 INFO[0m [grpc] [34;1mAddTraceEvent[0m -> [core] [Channel #13 SubChannel #14]Subchannel Connectivity change to CONNECTING
[34m2026-07-15 18:17:11.139 UTC 0049 INFO[0m [grpc] [34;1mAddTraceEvent[0m -> [core] [Channel #13 SubChannel #14]Subchannel picks a new address "peer0.sa.retf.com:7051" to connect
[34m2026-07-15 18:17:11.143 UTC 004a INFO[0m [grpc] [34;1mAddTraceEvent[0m -> [core] [Channel #13 SubChannel #14]Subchannel Connectivity change to READY
[34m2026-07-15 18:17:11.143 UTC 004b INFO[0m [grpc] [34;1mInfof[0m -> [pick-first-leaf-lb] [pick-first-leaf-lb 0x6b48b442240] SubConn 0x6b48b348370 reported connectivity state READY and the health listener is disabled. Transitioning SubConn to READY.
[34m2026-07-15 18:17:11.143 UTC 004c INFO[0m [grpc] [34;1mAddTraceEvent[0m -> [core] [Channel #13]Channel Connectivity change to READY
[34m2026-07-15 18:17:11.143 UTC 004d INFO[0m [grpc] [34;1mInfof[0m -> [core] original dial target is: "peer0.sa.retf.com:7051"
[34m2026-07-15 18:17:11.143 UTC 004e INFO[0m [grpc] [34;1mAddTraceEvent[0m -> [core] [Channel #16]Channel created
[34m2026-07-15 18:17:11.143 UTC 004f INFO[0m [grpc] [34;1mAddTraceEvent[0m -> [core] [Channel #16]parsed dial target is: resolver.Target{URL:url.URL{Scheme:"passthrough", Opaque:"", User:(*url.Userinfo)(nil), Host:"", Path:"/peer0.sa.retf.com:7051", Fragment:"", RawQuery:"", RawPath:"", RawFragment:"", ForceQuery:false, OmitHost:false}}
[34m2026-07-15 18:17:11.143 UTC 0050 INFO[0m [grpc] [34;1mAddTraceEvent[0m -> [core] [Channel #16]Channel authority set to "peer0.sa.retf.com:7051"
[34m2026-07-15 18:17:11.144 UTC 0051 INFO[0m [grpc] [34;1mAddTraceEvent[0m -> [core] [Channel #16]Resolver state updated: {
  "Addresses": [
    {
      "Addr": "peer0.sa.retf.com:7051",
      "ServerName": "",
      "Attributes": null,
      "BalancerAttributes": null,
      "Metadata": null
    }
  ],
  "Endpoints": [
    {
      "Addresses": [
        {
          "Addr": "peer0.sa.retf.com:7051",
          "ServerName": "",
          "Attributes": null,
          "BalancerAttributes": null,
          "Metadata": null
        }
      ],
      "Attributes": null
    }
  ],
  "ServiceConfig": null,
  "Attributes": null
} (resolver returned new addresses)
[34m2026-07-15 18:17:11.144 UTC 0052 INFO[0m [grpc] [34;1mAddTraceEvent[0m -> [core] [Channel #16]Channel switches to new LB policy "pick_first"
[34m2026-07-15 18:17:11.144 UTC 0053 INFO[0m [grpc] [34;1mInfof[0m -> [pick-first-leaf-lb] [pick-first-leaf-lb 0x6b48b442510] Received new config {
  "shuffleAddressList": false
}, resolver state {
  "Addresses": [
    {
      "Addr": "peer0.sa.retf.com:7051",
      "ServerName": "",
      "Attributes": null,
      "BalancerAttributes": null,
      "Metadata": null
    }
  ],
  "Endpoints": [
    {
      "Addresses": [
        {
          "Addr": "peer0.sa.retf.com:7051",
          "ServerName": "",
          "Attributes": null,
          "BalancerAttributes": null,
          "Metadata": null
        }
      ],
      "Attributes": null
    }
  ],
  "ServiceConfig": null,
  "Attributes": null
}
[34m2026-07-15 18:17:11.144 UTC 0054 INFO[0m [grpc] [34;1mAddTraceEvent[0m -> [core] [Channel #16]Channel Connectivity change to CONNECTING
[34m2026-07-15 18:17:11.144 UTC 0055 INFO[0m [grpc] [34;1mAddTraceEvent[0m -> [core] [Channel #16 SubChannel #17]Subchannel created
[34m2026-07-15 18:17:11.144 UTC 0056 INFO[0m [grpc] [34;1mAddTraceEvent[0m -> [core] [Channel #16]Channel exiting idle mode
[34m2026-07-15 18:17:11.144 UTC 0057 INFO[0m [grpc] [34;1mAddTraceEvent[0m -> [core] [Channel #16 SubChannel #17]Subchannel Connectivity change to CONNECTING
[34m2026-07-15 18:17:11.144 UTC 0058 INFO[0m [grpc] [34;1mAddTraceEvent[0m -> [core] [Channel #16 SubChannel #17]Subchannel picks a new address "peer0.sa.retf.com:7051" to connect
[34m2026-07-15 18:17:11.146 UTC 0059 INFO[0m [grpc] [34;1mAddTraceEvent[0m -> [core] [Channel #16 SubChannel #17]Subchannel Connectivity change to READY
[34m2026-07-15 18:17:11.146 UTC 005a INFO[0m [grpc] [34;1mInfof[0m -> [pick-first-leaf-lb] [pick-first-leaf-lb 0x6b48b442510] SubConn 0x6b48b2f4aa0 reported connectivity state READY and the health listener is disabled. Transitioning SubConn to READY.
[34m2026-07-15 18:17:11.146 UTC 005b INFO[0m [grpc] [34;1mAddTraceEvent[0m -> [core] [Channel #16]Channel Connectivity change to READY
[33m2026-07-15 18:17:11.146 UTC 005c WARN[0m [grpc] [33;1mWarningf[0m -> [core] Adjusting keepalive ping interval to minimum period of 10s
[34m2026-07-15 18:17:11.146 UTC 005d INFO[0m [grpc] [34;1mInfof[0m -> [core] original dial target is: "orderer.orderer.retf.com:7050"
[34m2026-07-15 18:17:11.146 UTC 005e INFO[0m [grpc] [34;1mAddTraceEvent[0m -> [core] [Channel #19]Channel created
[34m2026-07-15 18:17:11.146 UTC 005f INFO[0m [grpc] [34;1mAddTraceEvent[0m -> [core] [Channel #19]parsed dial target is: resolver.Target{URL:url.URL{Scheme:"passthrough", Opaque:"", User:(*url.Userinfo)(nil), Host:"", Path:"/orderer.orderer.retf.com:7050", Fragment:"", RawQuery:"", RawPath:"", RawFragment:"", ForceQuery:false, OmitHost:false}}
[34m2026-07-15 18:17:11.146 UTC 0060 INFO[0m [grpc] [34;1mAddTraceEvent[0m -> [core] [Channel #19]Channel authority set to "orderer.orderer.retf.com"
[34m2026-07-15 18:17:11.146 UTC 0061 INFO[0m [grpc] [34;1mAddTraceEvent[0m -> [core] [Channel #19]Resolver state updated: {
  "Addresses": [
    {
      "Addr": "orderer.orderer.retf.com:7050",
      "ServerName": "",
      "Attributes": null,
      "BalancerAttributes": null,
      "Metadata": null
    }
  ],
  "Endpoints": [
    {
      "Addresses": [
        {
          "Addr": "orderer.orderer.retf.com:7050",
          "ServerName": "",
          "Attributes": null,
          "BalancerAttributes": null,
          "Metadata": null
        }
      ],
      "Attributes": null
    }
  ],
  "ServiceConfig": null,
  "Attributes": null
} (resolver returned new addresses)
[34m2026-07-15 18:17:11.146 UTC 0062 INFO[0m [grpc] [34;1mAddTraceEvent[0m -> [core] [Channel #19]Channel switches to new LB policy "pick_first"
[34m2026-07-15 18:17:11.146 UTC 0063 INFO[0m [grpc] [34;1mInfof[0m -> [pick-first-leaf-lb] [pick-first-leaf-lb 0x6b48b442900] Received new config {
  "shuffleAddressList": false
}, resolver state {
  "Addresses": [
    {
      "Addr": "orderer.orderer.retf.com:7050",
      "ServerName": "",
      "Attributes": null,
      "BalancerAttributes": null,
      "Metadata": null
    }
  ],
  "Endpoints": [
    {
      "Addresses": [
        {
          "Addr": "orderer.orderer.retf.com:7050",
          "ServerName": "",
          "Attributes": null,
          "BalancerAttributes": null,
          "Metadata": null
        }
      ],
      "Attributes": null
    }
  ],
  "ServiceConfig": null,
  "Attributes": null
}
[34m2026-07-15 18:17:11.146 UTC 0064 INFO[0m [grpc] [34;1mAddTraceEvent[0m -> [core] [Channel #19]Channel Connectivity change to CONNECTING
[34m2026-07-15 18:17:11.146 UTC 0065 INFO[0m [grpc] [34;1mAddTraceEvent[0m -> [core] [Channel #19 SubChannel #20]Subchannel created
[34m2026-07-15 18:17:11.146 UTC 0066 INFO[0m [grpc] [34;1mAddTraceEvent[0m -> [core] [Channel #19]Channel exiting idle mode
[34m2026-07-15 18:17:11.146 UTC 0067 INFO[0m [grpc] [34;1mAddTraceEvent[0m -> [core] [Channel #19 SubChannel #20]Subchannel Connectivity change to CONNECTING
[34m2026-07-15 18:17:11.146 UTC 0068 INFO[0m [grpc] [34;1mAddTraceEvent[0m -> [core] [Channel #19 SubChannel #20]Subchannel picks a new address "orderer.orderer.retf.com:7050" to connect
[34m2026-07-15 18:17:11.148 UTC 0069 INFO[0m [grpc] [34;1mAddTraceEvent[0m -> [core] [Channel #19 SubChannel #20]Subchannel Connectivity change to READY
[34m2026-07-15 18:17:11.148 UTC 006a INFO[0m [grpc] [34;1mInfof[0m -> [pick-first-leaf-lb] [pick-first-leaf-lb 0x6b48b442900] SubConn 0x6b48b2f5900 reported connectivity state READY and the health listener is disabled. Transitioning SubConn to READY.
[34m2026-07-15 18:17:11.148 UTC 006b INFO[0m [grpc] [34;1mAddTraceEvent[0m -> [core] [Channel #19]Channel Connectivity change to READY
[34m2026-07-15 18:17:13.215 UTC 006c INFO[0m [chaincodeCmd] [34;1mClientWait[0m -> txid [44cceeb28e1bb37d538494cc708e2c03e979347d74254a2af3c9cd95464e15d9] committed with status (VALID) at peer0.sa.retf.com:7051
[34m2026-07-15 18:17:13.219 UTC 006d INFO[0m [chaincodeCmd] [34;1mClientWait[0m -> txid [44cceeb28e1bb37d538494cc708e2c03e979347d74254a2af3c9cd95464e15d9] committed with status (VALID) at peer0.qld.retf.com:7051
[34m2026-07-15 18:17:13.219 UTC 006e INFO[0m [chaincodeCmd] [34;1mClientWait[0m -> txid [44cceeb28e1bb37d538494cc708e2c03e979347d74254a2af3c9cd95464e15d9] committed with status (VALID) at peer0.nsw.retf.com:7051
[34m2026-07-15 18:17:13.219 UTC 006f INFO[0m [chaincodeCmd] [34;1mchaincodeInvokeOrQuery[0m -> Chaincode invoke successful. result: status:200 payload:"s2.2.2/task-policy/task-concurrent"
[34m2026-07-15 18:17:14.638 UTC 0001 INFO[0m [chaincodeCmd] [34;1mInitCmdFactory[0m -> InitCmdFactory: Entry: invoke, true, true
[34m2026-07-15 18:17:14.638 UTC 0002 INFO[0m [grpc] [34;1mInfof[0m -> [core] original dial target is: "peer0.nsw.retf.com:7051"
[34m2026-07-15 18:17:14.638 UTC 0003 INFO[0m [grpc] [34;1mAddTraceEvent[0m -> [core] [Channel #1]Channel created
[34m2026-07-15 18:17:14.638 UTC 0004 INFO[0m [grpc] [34;1mAddTraceEvent[0m -> [core] [Channel #1]parsed dial target is: resolver.Target{URL:url.URL{Scheme:"passthrough", Opaque:"", User:(*url.Userinfo)(nil), Host:"", Path:"/peer0.nsw.retf.com:7051", Fragment:"", RawQuery:"", RawPath:"", RawFragment:"", ForceQuery:false, OmitHost:false}}
[34m2026-07-15 18:17:14.638 UTC 0005 INFO[0m [grpc] [34;1mAddTraceEvent[0m -> [core] [Channel #1]Channel authority set to "peer0.nsw.retf.com:7051"
[34m2026-07-15 18:17:14.638 UTC 0006 INFO[0m [grpc] [34;1mAddTraceEvent[0m -> [core] [Channel #1]Resolver state updated: {
  "Addresses": [
    {
      "Addr": "peer0.nsw.retf.com:7051",
      "ServerName": "",
      "Attributes": null,
      "BalancerAttributes": null,
      "Metadata": null
    }
  ],
  "Endpoints": [
    {
      "Addresses": [
        {
          "Addr": "peer0.nsw.retf.com:7051",
          "ServerName": "",
          "Attributes": null,
          "BalancerAttributes": null,
          "Metadata": null
        }
      ],
      "Attributes": null
    }
  ],
  "ServiceConfig": null,
  "Attributes": null
} (resolver returned new addresses)
[34m2026-07-15 18:17:14.638 UTC 0007 INFO[0m [grpc] [34;1mAddTraceEvent[0m -> [core] [Channel #1]Channel switches to new LB policy "pick_first"
[34m2026-07-15 18:17:14.638 UTC 0008 INFO[0m [grpc] [34;1mInfof[0m -> [pick-first-leaf-lb] [pick-first-leaf-lb 0x195f3fb23f0] Received new config {
  "shuffleAddressList": false
}, resolver state {
  "Addresses": [
    {
      "Addr": "peer0.nsw.retf.com:7051",
      "ServerName": "",
      "Attributes": null,
      "BalancerAttributes": null,
      "Metadata": null
    }
  ],
  "Endpoints": [
    {
      "Addresses": [
        {
          "Addr": "peer0.nsw.retf.com:7051",
          "ServerName": "",
          "Attributes": null,
          "BalancerAttributes": null,
          "Metadata": null
        }
      ],
      "Attributes": null
    }
  ],
  "ServiceConfig": null,
  "Attributes": null
}
[34m2026-07-15 18:17:14.638 UTC 0009 INFO[0m [grpc] [34;1mAddTraceEvent[0m -> [core] [Channel #1]Channel Connectivity change to CONNECTING
[34m2026-07-15 18:17:14.638 UTC 000a INFO[0m [grpc] [34;1mAddTraceEvent[0m -> [core] [Channel #1 SubChannel #2]Subchannel created
[34m2026-07-15 18:17:14.638 UTC 000b INFO[0m [grpc] [34;1mAddTraceEvent[0m -> [core] [Channel #1]Channel exiting idle mode
[34m2026-07-15 18:17:14.638 UTC 000c INFO[0m [grpc] [34;1mAddTraceEvent[0m -> [core] [Channel #1 SubChannel #2]Subchannel Connectivity change to CONNECTING
[34m2026-07-15 18:17:14.639 UTC 000d INFO[0m [grpc] [34;1mAddTraceEvent[0m -> [core] [Channel #1 SubChannel #2]Subchannel picks a new address "peer0.nsw.retf.com:7051" to connect
[34m2026-07-15 18:17:14.641 UTC 000e INFO[0m [grpc] [34;1mAddTraceEvent[0m -> [core] [Channel #1 SubChannel #2]Subchannel Connectivity change to READY
[34m2026-07-15 18:17:14.641 UTC 000f INFO[0m [grpc] [34;1mInfof[0m -> [pick-first-leaf-lb] [pick-first-leaf-lb 0x195f3fb23f0] SubConn 0x195f41e0640 reported connectivity state READY and the health listener is disabled. Transitioning SubConn to READY.
[34m2026-07-15 18:17:14.641 UTC 0010 INFO[0m [grpc] [34;1mAddTraceEvent[0m -> [core] [Channel #1]Channel Connectivity change to READY
[34m2026-07-15 18:17:14.642 UTC 0011 INFO[0m [grpc] [34;1mInfof[0m -> [core] original dial target is: "peer0.nsw.retf.com:7051"
[34m2026-07-15 18:17:14.642 UTC 0012 INFO[0m [grpc] [34;1mAddTraceEvent[0m -> [core] [Channel #4]Channel created
[34m2026-07-15 18:17:14.642 UTC 0013 INFO[0m [grpc] [34;1mAddTraceEvent[0m -> [core] [Channel #4]parsed dial target is: resolver.Target{URL:url.URL{Scheme:"passthrough", Opaque:"", User:(*url.Userinfo)(nil), Host:"", Path:"/peer0.nsw.retf.com:7051", Fragment:"", RawQuery:"", RawPath:"", RawFragment:"", ForceQuery:false, OmitHost:false}}
[34m2026-07-15 18:17:14.642 UTC 0014 INFO[0m [grpc] [34;1mAddTraceEvent[0m -> [core] [Channel #4]Channel authority set to "peer0.nsw.retf.com:7051"
[34m2026-07-15 18:17:14.642 UTC 0015 INFO[0m [grpc] [34;1mAddTraceEvent[0m -> [core] [Channel #4]Resolver state updated: {
  "Addresses": [
    {
      "Addr": "peer0.nsw.retf.com:7051",
      "ServerName": "",
      "Attributes": null,
      "BalancerAttributes": null,
      "Metadata": null
    }
  ],
  "Endpoints": [
    {
      "Addresses": [
        {
          "Addr": "peer0.nsw.retf.com:7051",
          "ServerName": "",
          "Attributes": null,
          "BalancerAttributes": null,
          "Metadata": null
        }
      ],
      "Attributes": null
    }
  ],
  "ServiceConfig": null,
  "Attributes": null
} (resolver returned new addresses)
[34m2026-07-15 18:17:14.642 UTC 0016 INFO[0m [grpc] [34;1mAddTraceEvent[0m -> [core] [Channel #4]Channel switches to new LB policy "pick_first"
[34m2026-07-15 18:17:14.642 UTC 0017 INFO[0m [grpc] [34;1mInfof[0m -> [pick-first-leaf-lb] [pick-first-leaf-lb 0x195f3fb2bd0] Received new config {
  "shuffleAddressList": false
}, resolver state {
  "Addresses": [
    {
      "Addr": "peer0.nsw.retf.com:7051",
      "ServerName": "",
      "Attributes": null,
      "BalancerAttributes": null,
      "Metadata": null
    }
  ],
  "Endpoints": [
    {
      "Addresses": [
        {
          "Addr": "peer0.nsw.retf.com:7051",
          "ServerName": "",
          "Attributes": null,
          "BalancerAttributes": null,
          "Metadata": null
        }
      ],
      "Attributes": null
    }
  ],
  "ServiceConfig": null,
  "Attributes": null
}
[34m2026-07-15 18:17:14.642 UTC 0018 INFO[0m [grpc] [34;1mAddTraceEvent[0m -> [core] [Channel #4]Channel Connectivity change to CONNECTING
[34m2026-07-15 18:17:14.642 UTC 0019 INFO[0m [grpc] [34;1mAddTraceEvent[0m -> [core] [Channel #4 SubChannel #5]Subchannel created
[34m2026-07-15 18:17:14.642 UTC 001a INFO[0m [grpc] [34;1mAddTraceEvent[0m -> [core] [Channel #4]Channel exiting idle mode
[34m2026-07-15 18:17:14.642 UTC 001b INFO[0m [grpc] [34;1mAddTraceEvent[0m -> [core] [Channel #4 SubChannel #5]Subchannel Connectivity change to CONNECTING
[34m2026-07-15 18:17:14.642 UTC 001c INFO[0m [grpc] [34;1mAddTraceEvent[0m -> [core] [Channel #4 SubChannel #5]Subchannel picks a new address "peer0.nsw.retf.com:7051" to connect
[34m2026-07-15 18:17:14.645 UTC 001d INFO[0m [grpc] [34;1mAddTraceEvent[0m -> [core] [Channel #4 SubChannel #5]Subchannel Connectivity change to READY
[34m2026-07-15 18:17:14.645 UTC 001e INFO[0m [grpc] [34;1mInfof[0m -> [pick-first-leaf-lb] [pick-first-leaf-lb 0x195f3fb2bd0] SubConn 0x195f4620320 reported connectivity state READY and the health listener is disabled. Transitioning SubConn to READY.
[34m2026-07-15 18:17:14.645 UTC 001f INFO[0m [grpc] [34;1mAddTraceEvent[0m -> [core] [Channel #4]Channel Connectivity change to READY
[34m2026-07-15 18:17:14.645 UTC 0020 INFO[0m [grpc] [34;1mInfof[0m -> [core] original dial target is: "peer0.qld.retf.com:7051"
[34m2026-07-15 18:17:14.645 UTC 0021 INFO[0m [grpc] [34;1mAddTraceEvent[0m -> [core] [Channel #7]Channel created
[34m2026-07-15 18:17:14.645 UTC 0022 INFO[0m [grpc] [34;1mAddTraceEvent[0m -> [core] [Channel #7]parsed dial target is: resolver.Target{URL:url.URL{Scheme:"passthrough", Opaque:"", User:(*url.Userinfo)(nil), Host:"", Path:"/peer0.qld.retf.com:7051", Fragment:"", RawQuery:"", RawPath:"", RawFragment:"", ForceQuery:false, OmitHost:false}}
[34m2026-07-15 18:17:14.645 UTC 0023 INFO[0m [grpc] [34;1mAddTraceEvent[0m -> [core] [Channel #7]Channel authority set to "peer0.qld.retf.com:7051"
[34m2026-07-15 18:17:14.645 UTC 0024 INFO[0m [grpc] [34;1mAddTraceEvent[0m -> [core] [Channel #7]Resolver state updated: {
  "Addresses": [
    {
      "Addr": "peer0.qld.retf.com:7051",
      "ServerName": "",
      "Attributes": null,
      "BalancerAttributes": null,
      "Metadata": null
    }
  ],
  "Endpoints": [
    {
      "Addresses": [
        {
          "Addr": "peer0.qld.retf.com:7051",
          "ServerName": "",
          "Attributes": null,
          "BalancerAttributes": null,
          "Metadata": null
        }
      ],
      "Attributes": null
    }
  ],
  "ServiceConfig": null,
  "Attributes": null
} (resolver returned new addresses)
[34m2026-07-15 18:17:14.645 UTC 0025 INFO[0m [grpc] [34;1mAddTraceEvent[0m -> [core] [Channel #7]Channel switches to new LB policy "pick_first"
[34m2026-07-15 18:17:14.645 UTC 0026 INFO[0m [grpc] [34;1mInfof[0m -> [pick-first-leaf-lb] [pick-first-leaf-lb 0x195f425dcb0] Received new config {
  "shuffleAddressList": false
}, resolver state {
  "Addresses": [
    {
      "Addr": "peer0.qld.retf.com:7051",
      "ServerName": "",
      "Attributes": null,
      "BalancerAttributes": null,
      "Metadata": null
    }
  ],
  "Endpoints": [
    {
      "Addresses": [
        {
          "Addr": "peer0.qld.retf.com:7051",
          "ServerName": "",
          "Attributes": null,
          "BalancerAttributes": null,
          "Metadata": null
        }
      ],
      "Attributes": null
    }
  ],
  "ServiceConfig": null,
  "Attributes": null
}
[34m2026-07-15 18:17:14.645 UTC 0027 INFO[0m [grpc] [34;1mAddTraceEvent[0m -> [core] [Channel #7]Channel Connectivity change to CONNECTING
[34m2026-07-15 18:17:14.645 UTC 0028 INFO[0m [grpc] [34;1mAddTraceEvent[0m -> [core] [Channel #7 SubChannel #8]Subchannel created
[34m2026-07-15 18:17:14.645 UTC 0029 INFO[0m [grpc] [34;1mAddTraceEvent[0m -> [core] [Channel #7]Channel exiting idle mode
[34m2026-07-15 18:17:14.645 UTC 002a INFO[0m [grpc] [34;1mAddTraceEvent[0m -> [core] [Channel #7 SubChannel #8]Subchannel Connectivity change to CONNECTING
[34m2026-07-15 18:17:14.645 UTC 002b INFO[0m [grpc] [34;1mAddTraceEvent[0m -> [core] [Channel #7 SubChannel #8]Subchannel picks a new address "peer0.qld.retf.com:7051" to connect
[34m2026-07-15 18:17:14.647 UTC 002c INFO[0m [grpc] [34;1mAddTraceEvent[0m -> [core] [Channel #7 SubChannel #8]Subchannel Connectivity change to READY
[34m2026-07-15 18:17:14.647 UTC 002d INFO[0m [grpc] [34;1mInfof[0m -> [pick-first-leaf-lb] [pick-first-leaf-lb 0x195f425dcb0] SubConn 0x195f407afa0 reported connectivity state READY and the health listener is disabled. Transitioning SubConn to READY.
[34m2026-07-15 18:17:14.647 UTC 002e INFO[0m [grpc] [34;1mAddTraceEvent[0m -> [core] [Channel #7]Channel Connectivity change to READY
[34m2026-07-15 18:17:14.647 UTC 002f INFO[0m [grpc] [34;1mInfof[0m -> [core] original dial target is: "peer0.qld.retf.com:7051"
[34m2026-07-15 18:17:14.647 UTC 0030 INFO[0m [grpc] [34;1mAddTraceEvent[0m -> [core] [Channel #10]Channel created
[34m2026-07-15 18:17:14.647 UTC 0031 INFO[0m [grpc] [34;1mAddTraceEvent[0m -> [core] [Channel #10]parsed dial target is: resolver.Target{URL:url.URL{Scheme:"passthrough", Opaque:"", User:(*url.Userinfo)(nil), Host:"", Path:"/peer0.qld.retf.com:7051", Fragment:"", RawQuery:"", RawPath:"", RawFragment:"", ForceQuery:false, OmitHost:false}}
[34m2026-07-15 18:17:14.647 UTC 0032 INFO[0m [grpc] [34;1mAddTraceEvent[0m -> [core] [Channel #10]Channel authority set to "peer0.qld.retf.com:7051"
[34m2026-07-15 18:17:14.647 UTC 0033 INFO[0m [grpc] [34;1mAddTraceEvent[0m -> [core] [Channel #10]Resolver state updated: {
  "Addresses": [
    {
      "Addr": "peer0.qld.retf.com:7051",
      "ServerName": "",
      "Attributes": null,
      "BalancerAttributes": null,
      "Metadata": null
    }
  ],
  "Endpoints": [
    {
      "Addresses": [
        {
          "Addr": "peer0.qld.retf.com:7051",
          "ServerName": "",
          "Attributes": null,
          "BalancerAttributes": null,
          "Metadata": null
        }
      ],
      "Attributes": null
    }
  ],
  "ServiceConfig": null,
  "Attributes": null
} (resolver returned new addresses)
[34m2026-07-15 18:17:14.647 UTC 0034 INFO[0m [grpc] [34;1mAddTraceEvent[0m -> [core] [Channel #10]Channel switches to new LB policy "pick_first"
[34m2026-07-15 18:17:14.647 UTC 0035 INFO[0m [grpc] [34;1mInfof[0m -> [pick-first-leaf-lb] [pick-first-leaf-lb 0x195f3fb2d80] Received new config {
  "shuffleAddressList": false
}, resolver state {
  "Addresses": [
    {
      "Addr": "peer0.qld.retf.com:7051",
      "ServerName": "",
      "Attributes": null,
      "BalancerAttributes": null,
      "Metadata": null
    }
  ],
  "Endpoints": [
    {
      "Addresses": [
        {
          "Addr": "peer0.qld.retf.com:7051",
          "ServerName": "",
          "Attributes": null,
          "BalancerAttributes": null,
          "Metadata": null
        }
      ],
      "Attributes": null
    }
  ],
  "ServiceConfig": null,
  "Attributes": null
}
[34m2026-07-15 18:17:14.647 UTC 0036 INFO[0m [grpc] [34;1mAddTraceEvent[0m -> [core] [Channel #10]Channel Connectivity change to CONNECTING
[34m2026-07-15 18:17:14.648 UTC 0037 INFO[0m [grpc] [34;1mAddTraceEvent[0m -> [core] [Channel #10 SubChannel #11]Subchannel created
[34m2026-07-15 18:17:14.648 UTC 0038 INFO[0m [grpc] [34;1mAddTraceEvent[0m -> [core] [Channel #10]Channel exiting idle mode
[34m2026-07-15 18:17:14.648 UTC 0039 INFO[0m [grpc] [34;1mAddTraceEvent[0m -> [core] [Channel #10 SubChannel #11]Subchannel Connectivity change to CONNECTING
[34m2026-07-15 18:17:14.648 UTC 003a INFO[0m [grpc] [34;1mAddTraceEvent[0m -> [core] [Channel #10 SubChannel #11]Subchannel picks a new address "peer0.qld.retf.com:7051" to connect
[34m2026-07-15 18:17:14.649 UTC 003b INFO[0m [grpc] [34;1mAddTraceEvent[0m -> [core] [Channel #10 SubChannel #11]Subchannel Connectivity change to READY
[34m2026-07-15 18:17:14.649 UTC 003c INFO[0m [grpc] [34;1mInfof[0m -> [pick-first-leaf-lb] [pick-first-leaf-lb 0x195f3fb2d80] SubConn 0x195f4620a50 reported connectivity state READY and the health listener is disabled. Transitioning SubConn to READY.
[34m2026-07-15 18:17:14.649 UTC 003d INFO[0m [grpc] [34;1mAddTraceEvent[0m -> [core] [Channel #10]Channel Connectivity change to READY
[34m2026-07-15 18:17:14.650 UTC 003e INFO[0m [grpc] [34;1mInfof[0m -> [core] original dial target is: "peer0.sa.retf.com:7051"
[34m2026-07-15 18:17:14.650 UTC 003f INFO[0m [grpc] [34;1mAddTraceEvent[0m -> [core] [Channel #13]Channel created
[34m2026-07-15 18:17:14.650 UTC 0040 INFO[0m [grpc] [34;1mAddTraceEvent[0m -> [core] [Channel #13]parsed dial target is: resolver.Target{URL:url.URL{Scheme:"passthrough", Opaque:"", User:(*url.Userinfo)(nil), Host:"", Path:"/peer0.sa.retf.com:7051", Fragment:"", RawQuery:"", RawPath:"", RawFragment:"", ForceQuery:false, OmitHost:false}}
[34m2026-07-15 18:17:14.650 UTC 0041 INFO[0m [grpc] [34;1mAddTraceEvent[0m -> [core] [Channel #13]Channel authority set to "peer0.sa.retf.com:7051"
[34m2026-07-15 18:17:14.650 UTC 0042 INFO[0m [grpc] [34;1mAddTraceEvent[0m -> [core] [Channel #13]Resolver state updated: {
  "Addresses": [
    {
      "Addr": "peer0.sa.retf.com:7051",
      "ServerName": "",
      "Attributes": null,
      "BalancerAttributes": null,
      "Metadata": null
    }
  ],
  "Endpoints": [
    {
      "Addresses": [
        {
          "Addr": "peer0.sa.retf.com:7051",
          "ServerName": "",
          "Attributes": null,
          "BalancerAttributes": null,
          "Metadata": null
        }
      ],
      "Attributes": null
    }
  ],
  "ServiceConfig": null,
  "Attributes": null
} (resolver returned new addresses)
[34m2026-07-15 18:17:14.650 UTC 0043 INFO[0m [grpc] [34;1mAddTraceEvent[0m -> [core] [Channel #13]Channel switches to new LB policy "pick_first"
[34m2026-07-15 18:17:14.650 UTC 0044 INFO[0m [grpc] [34;1mInfof[0m -> [pick-first-leaf-lb] [pick-first-leaf-lb 0x195f434fdd0] Received new config {
  "shuffleAddressList": false
}, resolver state {
  "Addresses": [
    {
      "Addr": "peer0.sa.retf.com:7051",
      "ServerName": "",
      "Attributes": null,
      "BalancerAttributes": null,
      "Metadata": null
    }
  ],
  "Endpoints": [
    {
      "Addresses": [
        {
          "Addr": "peer0.sa.retf.com:7051",
          "ServerName": "",
          "Attributes": null,
          "BalancerAttributes": null,
          "Metadata": null
        }
      ],
      "Attributes": null
    }
  ],
  "ServiceConfig": null,
  "Attributes": null
}
[34m2026-07-15 18:17:14.650 UTC 0045 INFO[0m [grpc] [34;1mAddTraceEvent[0m -> [core] [Channel #13]Channel Connectivity change to CONNECTING
[34m2026-07-15 18:17:14.650 UTC 0046 INFO[0m [grpc] [34;1mAddTraceEvent[0m -> [core] [Channel #13 SubChannel #14]Subchannel created
[34m2026-07-15 18:17:14.650 UTC 0047 INFO[0m [grpc] [34;1mAddTraceEvent[0m -> [core] [Channel #13]Channel exiting idle mode
[34m2026-07-15 18:17:14.650 UTC 0048 INFO[0m [grpc] [34;1mAddTraceEvent[0m -> [core] [Channel #13 SubChannel #14]Subchannel Connectivity change to CONNECTING
[34m2026-07-15 18:17:14.650 UTC 0049 INFO[0m [grpc] [34;1mAddTraceEvent[0m -> [core] [Channel #13 SubChannel #14]Subchannel picks a new address "peer0.sa.retf.com:7051" to connect
[34m2026-07-15 18:17:14.652 UTC 004a INFO[0m [grpc] [34;1mAddTraceEvent[0m -> [core] [Channel #13 SubChannel #14]Subchannel Connectivity change to READY
[34m2026-07-15 18:17:14.652 UTC 004b INFO[0m [grpc] [34;1mInfof[0m -> [pick-first-leaf-lb] [pick-first-leaf-lb 0x195f434fdd0] SubConn 0x195f43231d0 reported connectivity state READY and the health listener is disabled. Transitioning SubConn to READY.
[34m2026-07-15 18:17:14.652 UTC 004c INFO[0m [grpc] [34;1mAddTraceEvent[0m -> [core] [Channel #13]Channel Connectivity change to READY
[34m2026-07-15 18:17:14.653 UTC 004d INFO[0m [grpc] [34;1mInfof[0m -> [core] original dial target is: "peer0.sa.retf.com:7051"
[34m2026-07-15 18:17:14.653 UTC 004e INFO[0m [grpc] [34;1mAddTraceEvent[0m -> [core] [Channel #16]Channel created
[34m2026-07-15 18:17:14.653 UTC 004f INFO[0m [grpc] [34;1mAddTraceEvent[0m -> [core] [Channel #16]parsed dial target is: resolver.Target{URL:url.URL{Scheme:"passthrough", Opaque:"", User:(*url.Userinfo)(nil), Host:"", Path:"/peer0.sa.retf.com:7051", Fragment:"", RawQuery:"", RawPath:"", RawFragment:"", ForceQuery:false, OmitHost:false}}
[34m2026-07-15 18:17:14.653 UTC 0050 INFO[0m [grpc] [34;1mAddTraceEvent[0m -> [core] [Channel #16]Channel authority set to "peer0.sa.retf.com:7051"
[34m2026-07-15 18:17:14.653 UTC 0051 INFO[0m [grpc] [34;1mAddTraceEvent[0m -> [core] [Channel #16]Resolver state updated: {
  "Addresses": [
    {
      "Addr": "peer0.sa.retf.com:7051",
      "ServerName": "",
      "Attributes": null,
      "BalancerAttributes": null,
      "Metadata": null
    }
  ],
  "Endpoints": [
    {
      "Addresses": [
        {
          "Addr": "peer0.sa.retf.com:7051",
          "ServerName": "",
          "Attributes": null,
          "BalancerAttributes": null,
          "Metadata": null
        }
      ],
      "Attributes": null
    }
  ],
  "ServiceConfig": null,
  "Attributes": null
} (resolver returned new addresses)
[34m2026-07-15 18:17:14.653 UTC 0052 INFO[0m [grpc] [34;1mAddTraceEvent[0m -> [core] [Channel #16]Channel switches to new LB policy "pick_first"
[34m2026-07-15 18:17:14.653 UTC 0053 INFO[0m [grpc] [34;1mInfof[0m -> [pick-first-leaf-lb] [pick-first-leaf-lb 0x195f3fb3170] Received new config {
  "shuffleAddressList": false
}, resolver state {
  "Addresses": [
    {
      "Addr": "peer0.sa.retf.com:7051",
      "ServerName": "",
      "Attributes": null,
      "BalancerAttributes": null,
      "Metadata": null
    }
  ],
  "Endpoints": [
    {
      "Addresses": [
        {
          "Addr": "peer0.sa.retf.com:7051",
          "ServerName": "",
          "Attributes": null,
          "BalancerAttributes": null,
          "Metadata": null
        }
      ],
      "Attributes": null
    }
  ],
  "ServiceConfig": null,
  "Attributes": null
}
[34m2026-07-15 18:17:14.653 UTC 0054 INFO[0m [grpc] [34;1mAddTraceEvent[0m -> [core] [Channel #16]Channel Connectivity change to CONNECTING
[34m2026-07-15 18:17:14.653 UTC 0055 INFO[0m [grpc] [34;1mAddTraceEvent[0m -> [core] [Channel #16 SubChannel #17]Subchannel created
[34m2026-07-15 18:17:14.653 UTC 0056 INFO[0m [grpc] [34;1mAddTraceEvent[0m -> [core] [Channel #16]Channel exiting idle mode
[34m2026-07-15 18:17:14.653 UTC 0057 INFO[0m [grpc] [34;1mAddTraceEvent[0m -> [core] [Channel #16 SubChannel #17]Subchannel Connectivity change to CONNECTING
[34m2026-07-15 18:17:14.653 UTC 0058 INFO[0m [grpc] [34;1mAddTraceEvent[0m -> [core] [Channel #16 SubChannel #17]Subchannel picks a new address "peer0.sa.retf.com:7051" to connect
[34m2026-07-15 18:17:14.655 UTC 0059 INFO[0m [grpc] [34;1mAddTraceEvent[0m -> [core] [Channel #16 SubChannel #17]Subchannel Connectivity change to READY
[34m2026-07-15 18:17:14.655 UTC 005a INFO[0m [grpc] [34;1mInfof[0m -> [pick-first-leaf-lb] [pick-first-leaf-lb 0x195f3fb3170] SubConn 0x195f4620f00 reported connectivity state READY and the health listener is disabled. Transitioning SubConn to READY.
[34m2026-07-15 18:17:14.655 UTC 005b INFO[0m [grpc] [34;1mAddTraceEvent[0m -> [core] [Channel #16]Channel Connectivity change to READY
[33m2026-07-15 18:17:14.655 UTC 005c WARN[0m [grpc] [33;1mWarningf[0m -> [core] Adjusting keepalive ping interval to minimum period of 10s
[34m2026-07-15 18:17:14.655 UTC 005d INFO[0m [grpc] [34;1mInfof[0m -> [core] original dial target is: "orderer.orderer.retf.com:7050"
[34m2026-07-15 18:17:14.655 UTC 005e INFO[0m [grpc] [34;1mAddTraceEvent[0m -> [core] [Channel #19]Channel created
[34m2026-07-15 18:17:14.655 UTC 005f INFO[0m [grpc] [34;1mAddTraceEvent[0m -> [core] [Channel #19]parsed dial target is: resolver.Target{URL:url.URL{Scheme:"passthrough", Opaque:"", User:(*url.Userinfo)(nil), Host:"", Path:"/orderer.orderer.retf.com:7050", Fragment:"", RawQuery:"", RawPath:"", RawFragment:"", ForceQuery:false, OmitHost:false}}
[34m2026-07-15 18:17:14.655 UTC 0060 INFO[0m [grpc] [34;1mAddTraceEvent[0m -> [core] [Channel #19]Channel authority set to "orderer.orderer.retf.com"
[34m2026-07-15 18:17:14.655 UTC 0061 INFO[0m [grpc] [34;1mAddTraceEvent[0m -> [core] [Channel #19]Resolver state updated: {
  "Addresses": [
    {
      "Addr": "orderer.orderer.retf.com:7050",
      "ServerName": "",
      "Attributes": null,
      "BalancerAttributes": null,
      "Metadata": null
    }
  ],
  "Endpoints": [
    {
      "Addresses": [
        {
          "Addr": "orderer.orderer.retf.com:7050",
          "ServerName": "",
          "Attributes": null,
          "BalancerAttributes": null,
          "Metadata": null
        }
      ],
      "Attributes": null
    }
  ],
  "ServiceConfig": null,
  "Attributes": null
} (resolver returned new addresses)
[34m2026-07-15 18:17:14.655 UTC 0062 INFO[0m [grpc] [34;1mAddTraceEvent[0m -> [core] [Channel #19]Channel switches to new LB policy "pick_first"
[34m2026-07-15 18:17:14.655 UTC 0063 INFO[0m [grpc] [34;1mInfof[0m -> [pick-first-leaf-lb] [pick-first-leaf-lb 0x195f429c360] Received new config {
  "shuffleAddressList": false
}, resolver state {
  "Addresses": [
    {
      "Addr": "orderer.orderer.retf.com:7050",
      "ServerName": "",
      "Attributes": null,
      "BalancerAttributes": null,
      "Metadata": null
    }
  ],
  "Endpoints": [
    {
      "Addresses": [
        {
          "Addr": "orderer.orderer.retf.com:7050",
          "ServerName": "",
          "Attributes": null,
          "BalancerAttributes": null,
          "Metadata": null
        }
      ],
      "Attributes": null
    }
  ],
  "ServiceConfig": null,
  "Attributes": null
}
[34m2026-07-15 18:17:14.655 UTC 0064 INFO[0m [grpc] [34;1mAddTraceEvent[0m -> [core] [Channel #19]Channel Connectivity change to CONNECTING
[34m2026-07-15 18:17:14.655 UTC 0065 INFO[0m [grpc] [34;1mAddTraceEvent[0m -> [core] [Channel #19 SubChannel #20]Subchannel created
[34m2026-07-15 18:17:14.656 UTC 0066 INFO[0m [grpc] [34;1mAddTraceEvent[0m -> [core] [Channel #19]Channel exiting idle mode
[34m2026-07-15 18:17:14.656 UTC 0067 INFO[0m [grpc] [34;1mAddTraceEvent[0m -> [core] [Channel #19 SubChannel #20]Subchannel Connectivity change to CONNECTING
[34m2026-07-15 18:17:14.656 UTC 0068 INFO[0m [grpc] [34;1mAddTraceEvent[0m -> [core] [Channel #19 SubChannel #20]Subchannel picks a new address "orderer.orderer.retf.com:7050" to connect
[34m2026-07-15 18:17:14.659 UTC 0069 INFO[0m [grpc] [34;1mAddTraceEvent[0m -> [core] [Channel #19 SubChannel #20]Subchannel Connectivity change to READY
[34m2026-07-15 18:17:14.659 UTC 006a INFO[0m [grpc] [34;1mInfof[0m -> [pick-first-leaf-lb] [pick-first-leaf-lb 0x195f429c360] SubConn 0x195f4323b30 reported connectivity state READY and the health listener is disabled. Transitioning SubConn to READY.
[34m2026-07-15 18:17:14.659 UTC 006b INFO[0m [grpc] [34;1mAddTraceEvent[0m -> [core] [Channel #19]Channel Connectivity change to READY
[34m2026-07-15 18:17:16.720 UTC 006c INFO[0m [chaincodeCmd] [34;1mClientWait[0m -> txid [1ceb1e0cd027cd718d667aa96335a1fb5a0a8918aec0960394c5c38854d5d827] committed with status (VALID) at peer0.nsw.retf.com:7051
[34m2026-07-15 18:17:16.721 UTC 006d INFO[0m [chaincodeCmd] [34;1mClientWait[0m -> txid [1ceb1e0cd027cd718d667aa96335a1fb5a0a8918aec0960394c5c38854d5d827] committed with status (VALID) at peer0.sa.retf.com:7051
[34m2026-07-15 18:17:16.721 UTC 006e INFO[0m [chaincodeCmd] [34;1mClientWait[0m -> txid [1ceb1e0cd027cd718d667aa96335a1fb5a0a8918aec0960394c5c38854d5d827] committed with status (VALID) at peer0.qld.retf.com:7051
[34m2026-07-15 18:17:16.721 UTC 006f INFO[0m [chaincodeCmd] [34;1mchaincodeInvokeOrQuery[0m -> Chaincode invoke successful. result: status:200 payload:"s2.2.2/task-policy/task-env-restart"
[34m2026-07-15 18:17:18.149 UTC 0001 INFO[0m [chaincodeCmd] [34;1mInitCmdFactory[0m -> InitCmdFactory: Entry: invoke, true, true
[34m2026-07-15 18:17:18.149 UTC 0002 INFO[0m [grpc] [34;1mInfof[0m -> [core] original dial target is: "peer0.nsw.retf.com:7051"
[34m2026-07-15 18:17:18.149 UTC 0003 INFO[0m [grpc] [34;1mAddTraceEvent[0m -> [core] [Channel #1]Channel created
[34m2026-07-15 18:17:18.149 UTC 0004 INFO[0m [grpc] [34;1mAddTraceEvent[0m -> [core] [Channel #1]parsed dial target is: resolver.Target{URL:url.URL{Scheme:"passthrough", Opaque:"", User:(*url.Userinfo)(nil), Host:"", Path:"/peer0.nsw.retf.com:7051", Fragment:"", RawQuery:"", RawPath:"", RawFragment:"", ForceQuery:false, OmitHost:false}}
[34m2026-07-15 18:17:18.149 UTC 0005 INFO[0m [grpc] [34;1mAddTraceEvent[0m -> [core] [Channel #1]Channel authority set to "peer0.nsw.retf.com:7051"
[34m2026-07-15 18:17:18.149 UTC 0006 INFO[0m [grpc] [34;1mAddTraceEvent[0m -> [core] [Channel #1]Resolver state updated: {
  "Addresses": [
    {
      "Addr": "peer0.nsw.retf.com:7051",
      "ServerName": "",
      "Attributes": null,
      "BalancerAttributes": null,
      "Metadata": null
    }
  ],
  "Endpoints": [
    {
      "Addresses": [
        {
          "Addr": "peer0.nsw.retf.com:7051",
          "ServerName": "",
          "Attributes": null,
          "BalancerAttributes": null,
          "Metadata": null
        }
      ],
      "Attributes": null
    }
  ],
  "ServiceConfig": null,
  "Attributes": null
} (resolver returned new addresses)
[34m2026-07-15 18:17:18.149 UTC 0007 INFO[0m [grpc] [34;1mAddTraceEvent[0m -> [core] [Channel #1]Channel switches to new LB policy "pick_first"
[34m2026-07-15 18:17:18.149 UTC 0008 INFO[0m [grpc] [34;1mInfof[0m -> [pick-first-leaf-lb] [pick-first-leaf-lb 0x3a9f806647e0] Received new config {
  "shuffleAddressList": false
}, resolver state {
  "Addresses": [
    {
      "Addr": "peer0.nsw.retf.com:7051",
      "ServerName": "",
      "Attributes": null,
      "BalancerAttributes": null,
      "Metadata": null
    }
  ],
  "Endpoints": [
    {
      "Addresses": [
        {
          "Addr": "peer0.nsw.retf.com:7051",
          "ServerName": "",
          "Attributes": null,
          "BalancerAttributes": null,
          "Metadata": null
        }
      ],
      "Attributes": null
    }
  ],
  "ServiceConfig": null,
  "Attributes": null
}
[34m2026-07-15 18:17:18.149 UTC 0009 INFO[0m [grpc] [34;1mAddTraceEvent[0m -> [core] [Channel #1]Channel Connectivity change to CONNECTING
[34m2026-07-15 18:17:18.149 UTC 000a INFO[0m [grpc] [34;1mAddTraceEvent[0m -> [core] [Channel #1 SubChannel #2]Subchannel created
[34m2026-07-15 18:17:18.149 UTC 000b INFO[0m [grpc] [34;1mAddTraceEvent[0m -> [core] [Channel #1]Channel exiting idle mode
[34m2026-07-15 18:17:18.149 UTC 000c INFO[0m [grpc] [34;1mAddTraceEvent[0m -> [core] [Channel #1 SubChannel #2]Subchannel Connectivity change to CONNECTING
[34m2026-07-15 18:17:18.149 UTC 000d INFO[0m [grpc] [34;1mAddTraceEvent[0m -> [core] [Channel #1 SubChannel #2]Subchannel picks a new address "peer0.nsw.retf.com:7051" to connect
[34m2026-07-15 18:17:18.151 UTC 000e INFO[0m [grpc] [34;1mAddTraceEvent[0m -> [core] [Channel #1 SubChannel #2]Subchannel Connectivity change to READY
[34m2026-07-15 18:17:18.152 UTC 000f INFO[0m [grpc] [34;1mInfof[0m -> [pick-first-leaf-lb] [pick-first-leaf-lb 0x3a9f806647e0] SubConn 0x3a9f80629860 reported connectivity state READY and the health listener is disabled. Transitioning SubConn to READY.
[34m2026-07-15 18:17:18.152 UTC 0010 INFO[0m [grpc] [34;1mAddTraceEvent[0m -> [core] [Channel #1]Channel Connectivity change to READY
[34m2026-07-15 18:17:18.152 UTC 0011 INFO[0m [grpc] [34;1mInfof[0m -> [core] original dial target is: "peer0.nsw.retf.com:7051"
[34m2026-07-15 18:17:18.152 UTC 0012 INFO[0m [grpc] [34;1mAddTraceEvent[0m -> [core] [Channel #4]Channel created
[34m2026-07-15 18:17:18.152 UTC 0013 INFO[0m [grpc] [34;1mAddTraceEvent[0m -> [core] [Channel #4]parsed dial target is: resolver.Target{URL:url.URL{Scheme:"passthrough", Opaque:"", User:(*url.Userinfo)(nil), Host:"", Path:"/peer0.nsw.retf.com:7051", Fragment:"", RawQuery:"", RawPath:"", RawFragment:"", ForceQuery:false, OmitHost:false}}
[34m2026-07-15 18:17:18.152 UTC 0014 INFO[0m [grpc] [34;1mAddTraceEvent[0m -> [core] [Channel #4]Channel authority set to "peer0.nsw.retf.com:7051"
[34m2026-07-15 18:17:18.152 UTC 0015 INFO[0m [grpc] [34;1mAddTraceEvent[0m -> [core] [Channel #4]Resolver state updated: {
  "Addresses": [
    {
      "Addr": "peer0.nsw.retf.com:7051",
      "ServerName": "",
      "Attributes": null,
      "BalancerAttributes": null,
      "Metadata": null
    }
  ],
  "Endpoints": [
    {
      "Addresses": [
        {
          "Addr": "peer0.nsw.retf.com:7051",
          "ServerName": "",
          "Attributes": null,
          "BalancerAttributes": null,
          "Metadata": null
        }
      ],
      "Attributes": null
    }
  ],
  "ServiceConfig": null,
  "Attributes": null
} (resolver returned new addresses)
[34m2026-07-15 18:17:18.152 UTC 0016 INFO[0m [grpc] [34;1mAddTraceEvent[0m -> [core] [Channel #4]Channel switches to new LB policy "pick_first"
[34m2026-07-15 18:17:18.152 UTC 0017 INFO[0m [grpc] [34;1mInfof[0m -> [pick-first-leaf-lb] [pick-first-leaf-lb 0x3a9f807a2fc0] Received new config {
  "shuffleAddressList": false
}, resolver state {
  "Addresses": [
    {
      "Addr": "peer0.nsw.retf.com:7051",
      "ServerName": "",
      "Attributes": null,
      "BalancerAttributes": null,
      "Metadata": null
    }
  ],
  "Endpoints": [
    {
      "Addresses": [
        {
          "Addr": "peer0.nsw.retf.com:7051",
          "ServerName": "",
          "Attributes": null,
          "BalancerAttributes": null,
          "Metadata": null
        }
      ],
      "Attributes": null
    }
  ],
  "ServiceConfig": null,
  "Attributes": null
}
[34m2026-07-15 18:17:18.152 UTC 0018 INFO[0m [grpc] [34;1mAddTraceEvent[0m -> [core] [Channel #4]Channel Connectivity change to CONNECTING
[34m2026-07-15 18:17:18.152 UTC 0019 INFO[0m [grpc] [34;1mAddTraceEvent[0m -> [core] [Channel #4 SubChannel #5]Subchannel created
[34m2026-07-15 18:17:18.152 UTC 001a INFO[0m [grpc] [34;1mAddTraceEvent[0m -> [core] [Channel #4]Channel exiting idle mode
[34m2026-07-15 18:17:18.152 UTC 001b INFO[0m [grpc] [34;1mAddTraceEvent[0m -> [core] [Channel #4 SubChannel #5]Subchannel Connectivity change to CONNECTING
[34m2026-07-15 18:17:18.152 UTC 001c INFO[0m [grpc] [34;1mAddTraceEvent[0m -> [core] [Channel #4 SubChannel #5]Subchannel picks a new address "peer0.nsw.retf.com:7051" to connect
[34m2026-07-15 18:17:18.154 UTC 001d INFO[0m [grpc] [34;1mAddTraceEvent[0m -> [core] [Channel #4 SubChannel #5]Subchannel Connectivity change to READY
[34m2026-07-15 18:17:18.155 UTC 001e INFO[0m [grpc] [34;1mInfof[0m -> [pick-first-leaf-lb] [pick-first-leaf-lb 0x3a9f807a2fc0] SubConn 0x3a9f808da2d0 reported connectivity state READY and the health listener is disabled. Transitioning SubConn to READY.
[34m2026-07-15 18:17:18.155 UTC 001f INFO[0m [grpc] [34;1mAddTraceEvent[0m -> [core] [Channel #4]Channel Connectivity change to READY
[34m2026-07-15 18:17:18.155 UTC 0020 INFO[0m [grpc] [34;1mInfof[0m -> [core] original dial target is: "peer0.qld.retf.com:7051"
[34m2026-07-15 18:17:18.155 UTC 0021 INFO[0m [grpc] [34;1mAddTraceEvent[0m -> [core] [Channel #7]Channel created
[34m2026-07-15 18:17:18.155 UTC 0022 INFO[0m [grpc] [34;1mAddTraceEvent[0m -> [core] [Channel #7]parsed dial target is: resolver.Target{URL:url.URL{Scheme:"passthrough", Opaque:"", User:(*url.Userinfo)(nil), Host:"", Path:"/peer0.qld.retf.com:7051", Fragment:"", RawQuery:"", RawPath:"", RawFragment:"", ForceQuery:false, OmitHost:false}}
[34m2026-07-15 18:17:18.155 UTC 0023 INFO[0m [grpc] [34;1mAddTraceEvent[0m -> [core] [Channel #7]Channel authority set to "peer0.qld.retf.com:7051"
[34m2026-07-15 18:17:18.155 UTC 0024 INFO[0m [grpc] [34;1mAddTraceEvent[0m -> [core] [Channel #7]Resolver state updated: {
  "Addresses": [
    {
      "Addr": "peer0.qld.retf.com:7051",
      "ServerName": "",
      "Attributes": null,
      "BalancerAttributes": null,
      "Metadata": null
    }
  ],
  "Endpoints": [
    {
      "Addresses": [
        {
          "Addr": "peer0.qld.retf.com:7051",
          "ServerName": "",
          "Attributes": null,
          "BalancerAttributes": null,
          "Metadata": null
        }
      ],
      "Attributes": null
    }
  ],
  "ServiceConfig": null,
  "Attributes": null
} (resolver returned new addresses)
[34m2026-07-15 18:17:18.155 UTC 0025 INFO[0m [grpc] [34;1mAddTraceEvent[0m -> [core] [Channel #7]Channel switches to new LB policy "pick_first"
[34m2026-07-15 18:17:18.155 UTC 0026 INFO[0m [grpc] [34;1mInfof[0m -> [pick-first-leaf-lb] [pick-first-leaf-lb 0x3a9f806645a0] Received new config {
  "shuffleAddressList": false
}, resolver state {
  "Addresses": [
    {
      "Addr": "peer0.qld.retf.com:7051",
      "ServerName": "",
      "Attributes": null,
      "BalancerAttributes": null,
      "Metadata": null
    }
  ],
  "Endpoints": [
    {
      "Addresses": [
        {
          "Addr": "peer0.qld.retf.com:7051",
          "ServerName": "",
          "Attributes": null,
          "BalancerAttributes": null,
          "Metadata": null
        }
      ],
      "Attributes": null
    }
  ],
  "ServiceConfig": null,
  "Attributes": null
}
[34m2026-07-15 18:17:18.155 UTC 0027 INFO[0m [grpc] [34;1mAddTraceEvent[0m -> [core] [Channel #7]Channel Connectivity change to CONNECTING
[34m2026-07-15 18:17:18.155 UTC 0028 INFO[0m [grpc] [34;1mAddTraceEvent[0m -> [core] [Channel #7 SubChannel #8]Subchannel created
[34m2026-07-15 18:17:18.155 UTC 0029 INFO[0m [grpc] [34;1mAddTraceEvent[0m -> [core] [Channel #7]Channel exiting idle mode
[34m2026-07-15 18:17:18.155 UTC 002a INFO[0m [grpc] [34;1mAddTraceEvent[0m -> [core] [Channel #7 SubChannel #8]Subchannel Connectivity change to CONNECTING
[34m2026-07-15 18:17:18.155 UTC 002b INFO[0m [grpc] [34;1mAddTraceEvent[0m -> [core] [Channel #7 SubChannel #8]Subchannel picks a new address "peer0.qld.retf.com:7051" to connect
[34m2026-07-15 18:17:18.160 UTC 002c INFO[0m [grpc] [34;1mAddTraceEvent[0m -> [core] [Channel #7 SubChannel #8]Subchannel Connectivity change to READY
[34m2026-07-15 18:17:18.160 UTC 002d INFO[0m [grpc] [34;1mInfof[0m -> [pick-first-leaf-lb] [pick-first-leaf-lb 0x3a9f806645a0] SubConn 0x3a9f80aa82d0 reported connectivity state READY and the health listener is disabled. Transitioning SubConn to READY.
[34m2026-07-15 18:17:18.160 UTC 002e INFO[0m [grpc] [34;1mAddTraceEvent[0m -> [core] [Channel #7]Channel Connectivity change to READY
[34m2026-07-15 18:17:18.160 UTC 002f INFO[0m [grpc] [34;1mInfof[0m -> [core] original dial target is: "peer0.qld.retf.com:7051"
[34m2026-07-15 18:17:18.160 UTC 0030 INFO[0m [grpc] [34;1mAddTraceEvent[0m -> [core] [Channel #10]Channel created
[34m2026-07-15 18:17:18.160 UTC 0031 INFO[0m [grpc] [34;1mAddTraceEvent[0m -> [core] [Channel #10]parsed dial target is: resolver.Target{URL:url.URL{Scheme:"passthrough", Opaque:"", User:(*url.Userinfo)(nil), Host:"", Path:"/peer0.qld.retf.com:7051", Fragment:"", RawQuery:"", RawPath:"", RawFragment:"", ForceQuery:false, OmitHost:false}}
[34m2026-07-15 18:17:18.160 UTC 0032 INFO[0m [grpc] [34;1mAddTraceEvent[0m -> [core] [Channel #10]Channel authority set to "peer0.qld.retf.com:7051"
[34m2026-07-15 18:17:18.160 UTC 0033 INFO[0m [grpc] [34;1mAddTraceEvent[0m -> [core] [Channel #10]Resolver state updated: {
  "Addresses": [
    {
      "Addr": "peer0.qld.retf.com:7051",
      "ServerName": "",
      "Attributes": null,
      "BalancerAttributes": null,
      "Metadata": null
    }
  ],
  "Endpoints": [
    {
      "Addresses": [
        {
          "Addr": "peer0.qld.retf.com:7051",
          "ServerName": "",
          "Attributes": null,
          "BalancerAttributes": null,
          "Metadata": null
        }
      ],
      "Attributes": null
    }
  ],
  "ServiceConfig": null,
  "Attributes": null
} (resolver returned new addresses)
[34m2026-07-15 18:17:18.160 UTC 0034 INFO[0m [grpc] [34;1mAddTraceEvent[0m -> [core] [Channel #10]Channel switches to new LB policy "pick_first"
[34m2026-07-15 18:17:18.160 UTC 0035 INFO[0m [grpc] [34;1mInfof[0m -> [pick-first-leaf-lb] [pick-first-leaf-lb 0x3a9f80ac0000] Received new config {
  "shuffleAddressList": false
}, resolver state {
  "Addresses": [
    {
      "Addr": "peer0.qld.retf.com:7051",
      "ServerName": "",
      "Attributes": null,
      "BalancerAttributes": null,
      "Metadata": null
    }
  ],
  "Endpoints": [
    {
      "Addresses": [
        {
          "Addr": "peer0.qld.retf.com:7051",
          "ServerName": "",
          "Attributes": null,
          "BalancerAttributes": null,
          "Metadata": null
        }
      ],
      "Attributes": null
    }
  ],
  "ServiceConfig": null,
  "Attributes": null
}
[34m2026-07-15 18:17:18.160 UTC 0036 INFO[0m [grpc] [34;1mAddTraceEvent[0m -> [core] [Channel #10]Channel Connectivity change to CONNECTING
[34m2026-07-15 18:17:18.160 UTC 0037 INFO[0m [grpc] [34;1mAddTraceEvent[0m -> [core] [Channel #10 SubChannel #11]Subchannel created
[34m2026-07-15 18:17:18.160 UTC 0038 INFO[0m [grpc] [34;1mAddTraceEvent[0m -> [core] [Channel #10]Channel exiting idle mode
[34m2026-07-15 18:17:18.160 UTC 0039 INFO[0m [grpc] [34;1mAddTraceEvent[0m -> [core] [Channel #10 SubChannel #11]Subchannel Connectivity change to CONNECTING
[34m2026-07-15 18:17:18.160 UTC 003a INFO[0m [grpc] [34;1mAddTraceEvent[0m -> [core] [Channel #10 SubChannel #11]Subchannel picks a new address "peer0.qld.retf.com:7051" to connect
[34m2026-07-15 18:17:18.162 UTC 003b INFO[0m [grpc] [34;1mAddTraceEvent[0m -> [core] [Channel #10 SubChannel #11]Subchannel Connectivity change to READY
[34m2026-07-15 18:17:18.162 UTC 003c INFO[0m [grpc] [34;1mInfof[0m -> [pick-first-leaf-lb] [pick-first-leaf-lb 0x3a9f80ac0000] SubConn 0x3a9f808da6e0 reported connectivity state READY and the health listener is disabled. Transitioning SubConn to READY.
[34m2026-07-15 18:17:18.162 UTC 003d INFO[0m [grpc] [34;1mAddTraceEvent[0m -> [core] [Channel #10]Channel Connectivity change to READY
[34m2026-07-15 18:17:18.162 UTC 003e INFO[0m [grpc] [34;1mInfof[0m -> [core] original dial target is: "peer0.sa.retf.com:7051"
[34m2026-07-15 18:17:18.162 UTC 003f INFO[0m [grpc] [34;1mAddTraceEvent[0m -> [core] [Channel #13]Channel created
[34m2026-07-15 18:17:18.162 UTC 0040 INFO[0m [grpc] [34;1mAddTraceEvent[0m -> [core] [Channel #13]parsed dial target is: resolver.Target{URL:url.URL{Scheme:"passthrough", Opaque:"", User:(*url.Userinfo)(nil), Host:"", Path:"/peer0.sa.retf.com:7051", Fragment:"", RawQuery:"", RawPath:"", RawFragment:"", ForceQuery:false, OmitHost:false}}
[34m2026-07-15 18:17:18.162 UTC 0041 INFO[0m [grpc] [34;1mAddTraceEvent[0m -> [core] [Channel #13]Channel authority set to "peer0.sa.retf.com:7051"
[34m2026-07-15 18:17:18.163 UTC 0042 INFO[0m [grpc] [34;1mAddTraceEvent[0m -> [core] [Channel #13]Resolver state updated: {
  "Addresses": [
    {
      "Addr": "peer0.sa.retf.com:7051",
      "ServerName": "",
      "Attributes": null,
      "BalancerAttributes": null,
      "Metadata": null
    }
  ],
  "Endpoints": [
    {
      "Addresses": [
        {
          "Addr": "peer0.sa.retf.com:7051",
          "ServerName": "",
          "Attributes": null,
          "BalancerAttributes": null,
          "Metadata": null
        }
      ],
      "Attributes": null
    }
  ],
  "ServiceConfig": null,
  "Attributes": null
} (resolver returned new addresses)
[34m2026-07-15 18:17:18.163 UTC 0043 INFO[0m [grpc] [34;1mAddTraceEvent[0m -> [core] [Channel #13]Channel switches to new LB policy "pick_first"
[34m2026-07-15 18:17:18.163 UTC 0044 INFO[0m [grpc] [34;1mInfof[0m -> [pick-first-leaf-lb] [pick-first-leaf-lb 0x3a9f806702d0] Received new config {
  "shuffleAddressList": false
}, resolver state {
  "Addresses": [
    {
      "Addr": "peer0.sa.retf.com:7051",
      "ServerName": "",
      "Attributes": null,
      "BalancerAttributes": null,
      "Metadata": null
    }
  ],
  "Endpoints": [
    {
      "Addresses": [
        {
          "Addr": "peer0.sa.retf.com:7051",
          "ServerName": "",
          "Attributes": null,
          "BalancerAttributes": null,
          "Metadata": null
        }
      ],
      "Attributes": null
    }
  ],
  "ServiceConfig": null,
  "Attributes": null
}
[34m2026-07-15 18:17:18.163 UTC 0045 INFO[0m [grpc] [34;1mAddTraceEvent[0m -> [core] [Channel #13]Channel Connectivity change to CONNECTING
[34m2026-07-15 18:17:18.163 UTC 0046 INFO[0m [grpc] [34;1mAddTraceEvent[0m -> [core] [Channel #13 SubChannel #14]Subchannel created
[34m2026-07-15 18:17:18.163 UTC 0047 INFO[0m [grpc] [34;1mAddTraceEvent[0m -> [core] [Channel #13]Channel exiting idle mode
[34m2026-07-15 18:17:18.163 UTC 0048 INFO[0m [grpc] [34;1mAddTraceEvent[0m -> [core] [Channel #13 SubChannel #14]Subchannel Connectivity change to CONNECTING
[34m2026-07-15 18:17:18.163 UTC 0049 INFO[0m [grpc] [34;1mAddTraceEvent[0m -> [core] [Channel #13 SubChannel #14]Subchannel picks a new address "peer0.sa.retf.com:7051" to connect
[34m2026-07-15 18:17:18.165 UTC 004a INFO[0m [grpc] [34;1mAddTraceEvent[0m -> [core] [Channel #13 SubChannel #14]Subchannel Connectivity change to READY
[34m2026-07-15 18:17:18.165 UTC 004b INFO[0m [grpc] [34;1mInfof[0m -> [pick-first-leaf-lb] [pick-first-leaf-lb 0x3a9f806702d0] SubConn 0x3a9f80922910 reported connectivity state READY and the health listener is disabled. Transitioning SubConn to READY.
[34m2026-07-15 18:17:18.165 UTC 004c INFO[0m [grpc] [34;1mAddTraceEvent[0m -> [core] [Channel #13]Channel Connectivity change to READY
[34m2026-07-15 18:17:18.165 UTC 004d INFO[0m [grpc] [34;1mInfof[0m -> [core] original dial target is: "peer0.sa.retf.com:7051"
[34m2026-07-15 18:17:18.165 UTC 004e INFO[0m [grpc] [34;1mAddTraceEvent[0m -> [core] [Channel #16]Channel created
[34m2026-07-15 18:17:18.165 UTC 004f INFO[0m [grpc] [34;1mAddTraceEvent[0m -> [core] [Channel #16]parsed dial target is: resolver.Target{URL:url.URL{Scheme:"passthrough", Opaque:"", User:(*url.Userinfo)(nil), Host:"", Path:"/peer0.sa.retf.com:7051", Fragment:"", RawQuery:"", RawPath:"", RawFragment:"", ForceQuery:false, OmitHost:false}}
[34m2026-07-15 18:17:18.165 UTC 0050 INFO[0m [grpc] [34;1mAddTraceEvent[0m -> [core] [Channel #16]Channel authority set to "peer0.sa.retf.com:7051"
[34m2026-07-15 18:17:18.165 UTC 0051 INFO[0m [grpc] [34;1mAddTraceEvent[0m -> [core] [Channel #16]Resolver state updated: {
  "Addresses": [
    {
      "Addr": "peer0.sa.retf.com:7051",
      "ServerName": "",
      "Attributes": null,
      "BalancerAttributes": null,
      "Metadata": null
    }
  ],
  "Endpoints": [
    {
      "Addresses": [
        {
          "Addr": "peer0.sa.retf.com:7051",
          "ServerName": "",
          "Attributes": null,
          "BalancerAttributes": null,
          "Metadata": null
        }
      ],
      "Attributes": null
    }
  ],
  "ServiceConfig": null,
  "Attributes": null
} (resolver returned new addresses)
[34m2026-07-15 18:17:18.165 UTC 0052 INFO[0m [grpc] [34;1mAddTraceEvent[0m -> [core] [Channel #16]Channel switches to new LB policy "pick_first"
[34m2026-07-15 18:17:18.165 UTC 0053 INFO[0m [grpc] [34;1mInfof[0m -> [pick-first-leaf-lb] [pick-first-leaf-lb 0x3a9f806706c0] Received new config {
  "shuffleAddressList": false
}, resolver state {
  "Addresses": [
    {
      "Addr": "peer0.sa.retf.com:7051",
      "ServerName": "",
      "Attributes": null,
      "BalancerAttributes": null,
      "Metadata": null
    }
  ],
  "Endpoints": [
    {
      "Addresses": [
        {
          "Addr": "peer0.sa.retf.com:7051",
          "ServerName": "",
          "Attributes": null,
          "BalancerAttributes": null,
          "Metadata": null
        }
      ],
      "Attributes": null
    }
  ],
  "ServiceConfig": null,
  "Attributes": null
}
[34m2026-07-15 18:17:18.165 UTC 0054 INFO[0m [grpc] [34;1mAddTraceEvent[0m -> [core] [Channel #16]Channel Connectivity change to CONNECTING
[34m2026-07-15 18:17:18.165 UTC 0055 INFO[0m [grpc] [34;1mAddTraceEvent[0m -> [core] [Channel #16 SubChannel #17]Subchannel created
[34m2026-07-15 18:17:18.165 UTC 0056 INFO[0m [grpc] [34;1mAddTraceEvent[0m -> [core] [Channel #16]Channel exiting idle mode
[34m2026-07-15 18:17:18.165 UTC 0057 INFO[0m [grpc] [34;1mAddTraceEvent[0m -> [core] [Channel #16 SubChannel #17]Subchannel Connectivity change to CONNECTING
[34m2026-07-15 18:17:18.166 UTC 0058 INFO[0m [grpc] [34;1mAddTraceEvent[0m -> [core] [Channel #16 SubChannel #17]Subchannel picks a new address "peer0.sa.retf.com:7051" to connect
[34m2026-07-15 18:17:18.168 UTC 0059 INFO[0m [grpc] [34;1mAddTraceEvent[0m -> [core] [Channel #16 SubChannel #17]Subchannel Connectivity change to READY
[34m2026-07-15 18:17:18.168 UTC 005a INFO[0m [grpc] [34;1mInfof[0m -> [pick-first-leaf-lb] [pick-first-leaf-lb 0x3a9f806706c0] SubConn 0x3a9f80922c80 reported connectivity state READY and the health listener is disabled. Transitioning SubConn to READY.
[34m2026-07-15 18:17:18.168 UTC 005b INFO[0m [grpc] [34;1mAddTraceEvent[0m -> [core] [Channel #16]Channel Connectivity change to READY
[33m2026-07-15 18:17:18.168 UTC 005c WARN[0m [grpc] [33;1mWarningf[0m -> [core] Adjusting keepalive ping interval to minimum period of 10s
[34m2026-07-15 18:17:18.168 UTC 005d INFO[0m [grpc] [34;1mInfof[0m -> [core] original dial target is: "orderer.orderer.retf.com:7050"
[34m2026-07-15 18:17:18.168 UTC 005e INFO[0m [grpc] [34;1mAddTraceEvent[0m -> [core] [Channel #19]Channel created
[34m2026-07-15 18:17:18.168 UTC 005f INFO[0m [grpc] [34;1mAddTraceEvent[0m -> [core] [Channel #19]parsed dial target is: resolver.Target{URL:url.URL{Scheme:"passthrough", Opaque:"", User:(*url.Userinfo)(nil), Host:"", Path:"/orderer.orderer.retf.com:7050", Fragment:"", RawQuery:"", RawPath:"", RawFragment:"", ForceQuery:false, OmitHost:false}}
[34m2026-07-15 18:17:18.168 UTC 0060 INFO[0m [grpc] [34;1mAddTraceEvent[0m -> [core] [Channel #19]Channel authority set to "orderer.orderer.retf.com"
[34m2026-07-15 18:17:18.169 UTC 0061 INFO[0m [grpc] [34;1mAddTraceEvent[0m -> [core] [Channel #19]Resolver state updated: {
  "Addresses": [
    {
      "Addr": "orderer.orderer.retf.com:7050",
      "ServerName": "",
      "Attributes": null,
      "BalancerAttributes": null,
      "Metadata": null
    }
  ],
  "Endpoints": [
    {
      "Addresses": [
        {
          "Addr": "orderer.orderer.retf.com:7050",
          "ServerName": "",
          "Attributes": null,
          "BalancerAttributes": null,
          "Metadata": null
        }
      ],
      "Attributes": null
    }
  ],
  "ServiceConfig": null,
  "Attributes": null
} (resolver returned new addresses)
[34m2026-07-15 18:17:18.169 UTC 0062 INFO[0m [grpc] [34;1mAddTraceEvent[0m -> [core] [Channel #19]Channel switches to new LB policy "pick_first"
[34m2026-07-15 18:17:18.169 UTC 0063 INFO[0m [grpc] [34;1mInfof[0m -> [pick-first-leaf-lb] [pick-first-leaf-lb 0x3a9f80ac03f0] Received new config {
  "shuffleAddressList": false
}, resolver state {
  "Addresses": [
    {
      "Addr": "orderer.orderer.retf.com:7050",
      "ServerName": "",
      "Attributes": null,
      "BalancerAttributes": null,
      "Metadata": null
    }
  ],
  "Endpoints": [
    {
      "Addresses": [
        {
          "Addr": "orderer.orderer.retf.com:7050",
          "ServerName": "",
          "Attributes": null,
          "BalancerAttributes": null,
          "Metadata": null
        }
      ],
      "Attributes": null
    }
  ],
  "ServiceConfig": null,
  "Attributes": null
}
[34m2026-07-15 18:17:18.169 UTC 0064 INFO[0m [grpc] [34;1mAddTraceEvent[0m -> [core] [Channel #19]Channel Connectivity change to CONNECTING
[34m2026-07-15 18:17:18.169 UTC 0065 INFO[0m [grpc] [34;1mAddTraceEvent[0m -> [core] [Channel #19 SubChannel #20]Subchannel created
[34m2026-07-15 18:17:18.169 UTC 0066 INFO[0m [grpc] [34;1mAddTraceEvent[0m -> [core] [Channel #19]Channel exiting idle mode
[34m2026-07-15 18:17:18.169 UTC 0067 INFO[0m [grpc] [34;1mAddTraceEvent[0m -> [core] [Channel #19 SubChannel #20]Subchannel Connectivity change to CONNECTING
[34m2026-07-15 18:17:18.169 UTC 0068 INFO[0m [grpc] [34;1mAddTraceEvent[0m -> [core] [Channel #19 SubChannel #20]Subchannel picks a new address "orderer.orderer.retf.com:7050" to connect
[34m2026-07-15 18:17:18.171 UTC 0069 INFO[0m [grpc] [34;1mAddTraceEvent[0m -> [core] [Channel #19 SubChannel #20]Subchannel Connectivity change to READY
[34m2026-07-15 18:17:18.171 UTC 006a INFO[0m [grpc] [34;1mInfof[0m -> [pick-first-leaf-lb] [pick-first-leaf-lb 0x3a9f80ac03f0] SubConn 0x3a9f808daf50 reported connectivity state READY and the health listener is disabled. Transitioning SubConn to READY.
[34m2026-07-15 18:17:18.171 UTC 006b INFO[0m [grpc] [34;1mAddTraceEvent[0m -> [core] [Channel #19]Channel Connectivity change to READY
[34m2026-07-15 18:17:20.231 UTC 006c INFO[0m [chaincodeCmd] [34;1mClientWait[0m -> txid [594506182c76b5e1efc38e7549f0187f83a8f1bf05889f7d372535435294b50a] committed with status (VALID) at peer0.sa.retf.com:7051
[34m2026-07-15 18:17:20.233 UTC 006d INFO[0m [chaincodeCmd] [34;1mClientWait[0m -> txid [594506182c76b5e1efc38e7549f0187f83a8f1bf05889f7d372535435294b50a] committed with status (VALID) at peer0.qld.retf.com:7051
[34m2026-07-15 18:17:20.235 UTC 006e INFO[0m [chaincodeCmd] [34;1mClientWait[0m -> txid [594506182c76b5e1efc38e7549f0187f83a8f1bf05889f7d372535435294b50a] committed with status (VALID) at peer0.nsw.retf.com:7051
[34m2026-07-15 18:17:20.235 UTC 006f INFO[0m [chaincodeCmd] [34;1mchaincodeInvokeOrQuery[0m -> Chaincode invoke successful. result: status:200 payload:"s2.2.2/task-policy/task-expiry-unused"
[34m2026-07-15 18:17:21.183 UTC 0001 INFO[0m [chaincodeCmd] [34;1mInitCmdFactory[0m -> InitCmdFactory: Entry: invoke, true, true
[34m2026-07-15 18:17:21.184 UTC 0002 INFO[0m [grpc] [34;1mInfof[0m -> [core] original dial target is: "peer0.nsw.retf.com:7051"
[34m2026-07-15 18:17:21.184 UTC 0003 INFO[0m [grpc] [34;1mAddTraceEvent[0m -> [core] [Channel #1]Channel created
[34m2026-07-15 18:17:21.184 UTC 0004 INFO[0m [grpc] [34;1mAddTraceEvent[0m -> [core] [Channel #1]parsed dial target is: resolver.Target{URL:url.URL{Scheme:"passthrough", Opaque:"", User:(*url.Userinfo)(nil), Host:"", Path:"/peer0.nsw.retf.com:7051", Fragment:"", RawQuery:"", RawPath:"", RawFragment:"", ForceQuery:false, OmitHost:false}}
[34m2026-07-15 18:17:21.184 UTC 0005 INFO[0m [grpc] [34;1mAddTraceEvent[0m -> [core] [Channel #1]Channel authority set to "peer0.nsw.retf.com:7051"
[34m2026-07-15 18:17:21.184 UTC 0006 INFO[0m [grpc] [34;1mAddTraceEvent[0m -> [core] [Channel #1]Resolver state updated: {
  "Addresses": [
    {
      "Addr": "peer0.nsw.retf.com:7051",
      "ServerName": "",
      "Attributes": null,
      "BalancerAttributes": null,
      "Metadata": null
    }
  ],
  "Endpoints": [
    {
      "Addresses": [
        {
          "Addr": "peer0.nsw.retf.com:7051",
          "ServerName": "",
          "Attributes": null,
          "BalancerAttributes": null,
          "Metadata": null
        }
      ],
      "Attributes": null
    }
  ],
  "ServiceConfig": null,
  "Attributes": null
} (resolver returned new addresses)
[34m2026-07-15 18:17:21.184 UTC 0007 INFO[0m [grpc] [34;1mAddTraceEvent[0m -> [core] [Channel #1]Channel switches to new LB policy "pick_first"
[34m2026-07-15 18:17:21.184 UTC 0008 INFO[0m [grpc] [34;1mInfof[0m -> [pick-first-leaf-lb] [pick-first-leaf-lb 0x7874bd6e630] Received new config {
  "shuffleAddressList": false
}, resolver state {
  "Addresses": [
    {
      "Addr": "peer0.nsw.retf.com:7051",
      "ServerName": "",
      "Attributes": null,
      "BalancerAttributes": null,
      "Metadata": null
    }
  ],
  "Endpoints": [
    {
      "Addresses": [
        {
          "Addr": "peer0.nsw.retf.com:7051",
          "ServerName": "",
          "Attributes": null,
          "BalancerAttributes": null,
          "Metadata": null
        }
      ],
      "Attributes": null
    }
  ],
  "ServiceConfig": null,
  "Attributes": null
}
[34m2026-07-15 18:17:21.184 UTC 0009 INFO[0m [grpc] [34;1mAddTraceEvent[0m -> [core] [Channel #1]Channel Connectivity change to CONNECTING
[34m2026-07-15 18:17:21.184 UTC 000a INFO[0m [grpc] [34;1mAddTraceEvent[0m -> [core] [Channel #1 SubChannel #2]Subchannel created
[34m2026-07-15 18:17:21.184 UTC 000b INFO[0m [grpc] [34;1mAddTraceEvent[0m -> [core] [Channel #1]Channel exiting idle mode
[34m2026-07-15 18:17:21.184 UTC 000c INFO[0m [grpc] [34;1mAddTraceEvent[0m -> [core] [Channel #1 SubChannel #2]Subchannel Connectivity change to CONNECTING
[34m2026-07-15 18:17:21.184 UTC 000d INFO[0m [grpc] [34;1mAddTraceEvent[0m -> [core] [Channel #1 SubChannel #2]Subchannel picks a new address "peer0.nsw.retf.com:7051" to connect
[34m2026-07-15 18:17:21.187 UTC 000e INFO[0m [grpc] [34;1mAddTraceEvent[0m -> [core] [Channel #1 SubChannel #2]Subchannel Connectivity change to READY
[34m2026-07-15 18:17:21.187 UTC 000f INFO[0m [grpc] [34;1mInfof[0m -> [pick-first-leaf-lb] [pick-first-leaf-lb 0x7874bd6e630] SubConn 0x7874bb1a410 reported connectivity state READY and the health listener is disabled. Transitioning SubConn to READY.
[34m2026-07-15 18:17:21.187 UTC 0010 INFO[0m [grpc] [34;1mAddTraceEvent[0m -> [core] [Channel #1]Channel Connectivity change to READY
[34m2026-07-15 18:17:21.187 UTC 0011 INFO[0m [grpc] [34;1mInfof[0m -> [core] original dial target is: "peer0.nsw.retf.com:7051"
[34m2026-07-15 18:17:21.187 UTC 0012 INFO[0m [grpc] [34;1mAddTraceEvent[0m -> [core] [Channel #4]Channel created
[34m2026-07-15 18:17:21.187 UTC 0013 INFO[0m [grpc] [34;1mAddTraceEvent[0m -> [core] [Channel #4]parsed dial target is: resolver.Target{URL:url.URL{Scheme:"passthrough", Opaque:"", User:(*url.Userinfo)(nil), Host:"", Path:"/peer0.nsw.retf.com:7051", Fragment:"", RawQuery:"", RawPath:"", RawFragment:"", ForceQuery:false, OmitHost:false}}
[34m2026-07-15 18:17:21.187 UTC 0014 INFO[0m [grpc] [34;1mAddTraceEvent[0m -> [core] [Channel #4]Channel authority set to "peer0.nsw.retf.com:7051"
[34m2026-07-15 18:17:21.187 UTC 0015 INFO[0m [grpc] [34;1mAddTraceEvent[0m -> [core] [Channel #4]Resolver state updated: {
  "Addresses": [
    {
      "Addr": "peer0.nsw.retf.com:7051",
      "ServerName": "",
      "Attributes": null,
      "BalancerAttributes": null,
      "Metadata": null
    }
  ],
  "Endpoints": [
    {
      "Addresses": [
        {
          "Addr": "peer0.nsw.retf.com:7051",
          "ServerName": "",
          "Attributes": null,
          "BalancerAttributes": null,
          "Metadata": null
        }
      ],
      "Attributes": null
    }
  ],
  "ServiceConfig": null,
  "Attributes": null
} (resolver returned new addresses)
[34m2026-07-15 18:17:21.187 UTC 0016 INFO[0m [grpc] [34;1mAddTraceEvent[0m -> [core] [Channel #4]Channel switches to new LB policy "pick_first"
[34m2026-07-15 18:17:21.187 UTC 0017 INFO[0m [grpc] [34;1mInfof[0m -> [pick-first-leaf-lb] [pick-first-leaf-lb 0x7874bd6e7e0] Received new config {
  "shuffleAddressList": false
}, resolver state {
  "Addresses": [
    {
      "Addr": "peer0.nsw.retf.com:7051",
      "ServerName": "",
      "Attributes": null,
      "BalancerAttributes": null,
      "Metadata": null
    }
  ],
  "Endpoints": [
    {
      "Addresses": [
        {
          "Addr": "peer0.nsw.retf.com:7051",
          "ServerName": "",
          "Attributes": null,
          "BalancerAttributes": null,
          "Metadata": null
        }
      ],
      "Attributes": null
    }
  ],
  "ServiceConfig": null,
  "Attributes": null
}
[34m2026-07-15 18:17:21.187 UTC 0018 INFO[0m [grpc] [34;1mAddTraceEvent[0m -> [core] [Channel #4]Channel Connectivity change to CONNECTING
[34m2026-07-15 18:17:21.187 UTC 0019 INFO[0m [grpc] [34;1mAddTraceEvent[0m -> [core] [Channel #4 SubChannel #5]Subchannel created
[34m2026-07-15 18:17:21.187 UTC 001a INFO[0m [grpc] [34;1mAddTraceEvent[0m -> [core] [Channel #4]Channel exiting idle mode
[34m2026-07-15 18:17:21.187 UTC 001b INFO[0m [grpc] [34;1mAddTraceEvent[0m -> [core] [Channel #4 SubChannel #5]Subchannel Connectivity change to CONNECTING
[34m2026-07-15 18:17:21.188 UTC 001c INFO[0m [grpc] [34;1mAddTraceEvent[0m -> [core] [Channel #4 SubChannel #5]Subchannel picks a new address "peer0.nsw.retf.com:7051" to connect
[34m2026-07-15 18:17:21.189 UTC 001d INFO[0m [grpc] [34;1mAddTraceEvent[0m -> [core] [Channel #4 SubChannel #5]Subchannel Connectivity change to READY
[34m2026-07-15 18:17:21.189 UTC 001e INFO[0m [grpc] [34;1mInfof[0m -> [pick-first-leaf-lb] [pick-first-leaf-lb 0x7874bd6e7e0] SubConn 0x7874bb1a640 reported connectivity state READY and the health listener is disabled. Transitioning SubConn to READY.
[34m2026-07-15 18:17:21.189 UTC 001f INFO[0m [grpc] [34;1mAddTraceEvent[0m -> [core] [Channel #4]Channel Connectivity change to READY
[34m2026-07-15 18:17:21.190 UTC 0020 INFO[0m [grpc] [34;1mInfof[0m -> [core] original dial target is: "peer0.qld.retf.com:7051"
[34m2026-07-15 18:17:21.190 UTC 0021 INFO[0m [grpc] [34;1mAddTraceEvent[0m -> [core] [Channel #7]Channel created
[34m2026-07-15 18:17:21.190 UTC 0022 INFO[0m [grpc] [34;1mAddTraceEvent[0m -> [core] [Channel #7]parsed dial target is: resolver.Target{URL:url.URL{Scheme:"passthrough", Opaque:"", User:(*url.Userinfo)(nil), Host:"", Path:"/peer0.qld.retf.com:7051", Fragment:"", RawQuery:"", RawPath:"", RawFragment:"", ForceQuery:false, OmitHost:false}}
[34m2026-07-15 18:17:21.190 UTC 0023 INFO[0m [grpc] [34;1mAddTraceEvent[0m -> [core] [Channel #7]Channel authority set to "peer0.qld.retf.com:7051"
[34m2026-07-15 18:17:21.190 UTC 0024 INFO[0m [grpc] [34;1mAddTraceEvent[0m -> [core] [Channel #7]Resolver state updated: {
  "Addresses": [
    {
      "Addr": "peer0.qld.retf.com:7051",
      "ServerName": "",
      "Attributes": null,
      "BalancerAttributes": null,
      "Metadata": null
    }
  ],
  "Endpoints": [
    {
      "Addresses": [
        {
          "Addr": "peer0.qld.retf.com:7051",
          "ServerName": "",
          "Attributes": null,
          "BalancerAttributes": null,
          "Metadata": null
        }
      ],
      "Attributes": null
    }
  ],
  "ServiceConfig": null,
  "Attributes": null
} (resolver returned new addresses)
[34m2026-07-15 18:17:21.190 UTC 0025 INFO[0m [grpc] [34;1mAddTraceEvent[0m -> [core] [Channel #7]Channel switches to new LB policy "pick_first"
[34m2026-07-15 18:17:21.190 UTC 0026 INFO[0m [grpc] [34;1mInfof[0m -> [pick-first-leaf-lb] [pick-first-leaf-lb 0x7874bb59320] Received new config {
  "shuffleAddressList": false
}, resolver state {
  "Addresses": [
    {
      "Addr": "peer0.qld.retf.com:7051",
      "ServerName": "",
      "Attributes": null,
      "BalancerAttributes": null,
      "Metadata": null
    }
  ],
  "Endpoints": [
    {
      "Addresses": [
        {
          "Addr": "peer0.qld.retf.com:7051",
          "ServerName": "",
          "Attributes": null,
          "BalancerAttributes": null,
          "Metadata": null
        }
      ],
      "Attributes": null
    }
  ],
  "ServiceConfig": null,
  "Attributes": null
}
[34m2026-07-15 18:17:21.190 UTC 0027 INFO[0m [grpc] [34;1mAddTraceEvent[0m -> [core] [Channel #7]Channel Connectivity change to CONNECTING
[34m2026-07-15 18:17:21.190 UTC 0028 INFO[0m [grpc] [34;1mAddTraceEvent[0m -> [core] [Channel #7 SubChannel #8]Subchannel created
[34m2026-07-15 18:17:21.190 UTC 0029 INFO[0m [grpc] [34;1mAddTraceEvent[0m -> [core] [Channel #7]Channel exiting idle mode
[34m2026-07-15 18:17:21.190 UTC 002a INFO[0m [grpc] [34;1mAddTraceEvent[0m -> [core] [Channel #7 SubChannel #8]Subchannel Connectivity change to CONNECTING
[34m2026-07-15 18:17:21.190 UTC 002b INFO[0m [grpc] [34;1mAddTraceEvent[0m -> [core] [Channel #7 SubChannel #8]Subchannel picks a new address "peer0.qld.retf.com:7051" to connect
[34m2026-07-15 18:17:21.192 UTC 002c INFO[0m [grpc] [34;1mAddTraceEvent[0m -> [core] [Channel #7 SubChannel #8]Subchannel Connectivity change to READY
[34m2026-07-15 18:17:21.192 UTC 002d INFO[0m [grpc] [34;1mInfof[0m -> [pick-first-leaf-lb] [pick-first-leaf-lb 0x7874bb59320] SubConn 0x7874bbc83c0 reported connectivity state READY and the health listener is disabled. Transitioning SubConn to READY.
[34m2026-07-15 18:17:21.192 UTC 002e INFO[0m [grpc] [34;1mAddTraceEvent[0m -> [core] [Channel #7]Channel Connectivity change to READY
[34m2026-07-15 18:17:21.192 UTC 002f INFO[0m [grpc] [34;1mInfof[0m -> [core] original dial target is: "peer0.qld.retf.com:7051"
[34m2026-07-15 18:17:21.192 UTC 0030 INFO[0m [grpc] [34;1mAddTraceEvent[0m -> [core] [Channel #10]Channel created
[34m2026-07-15 18:17:21.192 UTC 0031 INFO[0m [grpc] [34;1mAddTraceEvent[0m -> [core] [Channel #10]parsed dial target is: resolver.Target{URL:url.URL{Scheme:"passthrough", Opaque:"", User:(*url.Userinfo)(nil), Host:"", Path:"/peer0.qld.retf.com:7051", Fragment:"", RawQuery:"", RawPath:"", RawFragment:"", ForceQuery:false, OmitHost:false}}
[34m2026-07-15 18:17:21.192 UTC 0032 INFO[0m [grpc] [34;1mAddTraceEvent[0m -> [core] [Channel #10]Channel authority set to "peer0.qld.retf.com:7051"
[34m2026-07-15 18:17:21.192 UTC 0033 INFO[0m [grpc] [34;1mAddTraceEvent[0m -> [core] [Channel #10]Resolver state updated: {
  "Addresses": [
    {
      "Addr": "peer0.qld.retf.com:7051",
      "ServerName": "",
      "Attributes": null,
      "BalancerAttributes": null,
      "Metadata": null
    }
  ],
  "Endpoints": [
    {
      "Addresses": [
        {
          "Addr": "peer0.qld.retf.com:7051",
          "ServerName": "",
          "Attributes": null,
          "BalancerAttributes": null,
          "Metadata": null
        }
      ],
      "Attributes": null
    }
  ],
  "ServiceConfig": null,
  "Attributes": null
} (resolver returned new addresses)
[34m2026-07-15 18:17:21.192 UTC 0034 INFO[0m [grpc] [34;1mAddTraceEvent[0m -> [core] [Channel #10]Channel switches to new LB policy "pick_first"
[34m2026-07-15 18:17:21.192 UTC 0035 INFO[0m [grpc] [34;1mInfof[0m -> [pick-first-leaf-lb] [pick-first-leaf-lb 0x7874b9363f0] Received new config {
  "shuffleAddressList": false
}, resolver state {
  "Addresses": [
    {
      "Addr": "peer0.qld.retf.com:7051",
      "ServerName": "",
      "Attributes": null,
      "BalancerAttributes": null,
      "Metadata": null
    }
  ],
  "Endpoints": [
    {
      "Addresses": [
        {
          "Addr": "peer0.qld.retf.com:7051",
          "ServerName": "",
          "Attributes": null,
          "BalancerAttributes": null,
          "Metadata": null
        }
      ],
      "Attributes": null
    }
  ],
  "ServiceConfig": null,
  "Attributes": null
}
[34m2026-07-15 18:17:21.192 UTC 0036 INFO[0m [grpc] [34;1mAddTraceEvent[0m -> [core] [Channel #10]Channel Connectivity change to CONNECTING
[34m2026-07-15 18:17:21.193 UTC 0037 INFO[0m [grpc] [34;1mAddTraceEvent[0m -> [core] [Channel #10 SubChannel #11]Subchannel created
[34m2026-07-15 18:17:21.193 UTC 0038 INFO[0m [grpc] [34;1mAddTraceEvent[0m -> [core] [Channel #10]Channel exiting idle mode
[34m2026-07-15 18:17:21.193 UTC 0039 INFO[0m [grpc] [34;1mAddTraceEvent[0m -> [core] [Channel #10 SubChannel #11]Subchannel Connectivity change to CONNECTING
[34m2026-07-15 18:17:21.193 UTC 003a INFO[0m [grpc] [34;1mAddTraceEvent[0m -> [core] [Channel #10 SubChannel #11]Subchannel picks a new address "peer0.qld.retf.com:7051" to connect
[34m2026-07-15 18:17:21.195 UTC 003b INFO[0m [grpc] [34;1mAddTraceEvent[0m -> [core] [Channel #10 SubChannel #11]Subchannel Connectivity change to READY
[34m2026-07-15 18:17:21.195 UTC 003c INFO[0m [grpc] [34;1mInfof[0m -> [pick-first-leaf-lb] [pick-first-leaf-lb 0x7874b9363f0] SubConn 0x7874bbc8eb0 reported connectivity state READY and the health listener is disabled. Transitioning SubConn to READY.
[34m2026-07-15 18:17:21.195 UTC 003d INFO[0m [grpc] [34;1mAddTraceEvent[0m -> [core] [Channel #10]Channel Connectivity change to READY
[34m2026-07-15 18:17:21.195 UTC 003e INFO[0m [grpc] [34;1mInfof[0m -> [core] original dial target is: "peer0.sa.retf.com:7051"
[34m2026-07-15 18:17:21.195 UTC 003f INFO[0m [grpc] [34;1mAddTraceEvent[0m -> [core] [Channel #13]Channel created
[34m2026-07-15 18:17:21.195 UTC 0040 INFO[0m [grpc] [34;1mAddTraceEvent[0m -> [core] [Channel #13]parsed dial target is: resolver.Target{URL:url.URL{Scheme:"passthrough", Opaque:"", User:(*url.Userinfo)(nil), Host:"", Path:"/peer0.sa.retf.com:7051", Fragment:"", RawQuery:"", RawPath:"", RawFragment:"", ForceQuery:false, OmitHost:false}}
[34m2026-07-15 18:17:21.195 UTC 0041 INFO[0m [grpc] [34;1mAddTraceEvent[0m -> [core] [Channel #13]Channel authority set to "peer0.sa.retf.com:7051"
[34m2026-07-15 18:17:21.195 UTC 0042 INFO[0m [grpc] [34;1mAddTraceEvent[0m -> [core] [Channel #13]Resolver state updated: {
  "Addresses": [
    {
      "Addr": "peer0.sa.retf.com:7051",
      "ServerName": "",
      "Attributes": null,
      "BalancerAttributes": null,
      "Metadata": null
    }
  ],
  "Endpoints": [
    {
      "Addresses": [
        {
          "Addr": "peer0.sa.retf.com:7051",
          "ServerName": "",
          "Attributes": null,
          "BalancerAttributes": null,
          "Metadata": null
        }
      ],
      "Attributes": null
    }
  ],
  "ServiceConfig": null,
  "Attributes": null
} (resolver returned new addresses)
[34m2026-07-15 18:17:21.195 UTC 0043 INFO[0m [grpc] [34;1mAddTraceEvent[0m -> [core] [Channel #13]Channel switches to new LB policy "pick_first"
[34m2026-07-15 18:17:21.195 UTC 0044 INFO[0m [grpc] [34;1mInfof[0m -> [pick-first-leaf-lb] [pick-first-leaf-lb 0x7874b9367e0] Received new config {
  "shuffleAddressList": false
}, resolver state {
  "Addresses": [
    {
      "Addr": "peer0.sa.retf.com:7051",
      "ServerName": "",
      "Attributes": null,
      "BalancerAttributes": null,
      "Metadata": null
    }
  ],
  "Endpoints": [
    {
      "Addresses": [
        {
          "Addr": "peer0.sa.retf.com:7051",
          "ServerName": "",
          "Attributes": null,
          "BalancerAttributes": null,
          "Metadata": null
        }
      ],
      "Attributes": null
    }
  ],
  "ServiceConfig": null,
  "Attributes": null
}
[34m2026-07-15 18:17:21.195 UTC 0045 INFO[0m [grpc] [34;1mAddTraceEvent[0m -> [core] [Channel #13]Channel Connectivity change to CONNECTING
[34m2026-07-15 18:17:21.195 UTC 0046 INFO[0m [grpc] [34;1mAddTraceEvent[0m -> [core] [Channel #13 SubChannel #14]Subchannel created
[34m2026-07-15 18:17:21.195 UTC 0047 INFO[0m [grpc] [34;1mAddTraceEvent[0m -> [core] [Channel #13]Channel exiting idle mode
[34m2026-07-15 18:17:21.195 UTC 0048 INFO[0m [grpc] [34;1mAddTraceEvent[0m -> [core] [Channel #13 SubChannel #14]Subchannel Connectivity change to CONNECTING
[34m2026-07-15 18:17:21.196 UTC 0049 INFO[0m [grpc] [34;1mAddTraceEvent[0m -> [core] [Channel #13 SubChannel #14]Subchannel picks a new address "peer0.sa.retf.com:7051" to connect
[34m2026-07-15 18:17:21.197 UTC 004a INFO[0m [grpc] [34;1mAddTraceEvent[0m -> [core] [Channel #13 SubChannel #14]Subchannel Connectivity change to READY
[34m2026-07-15 18:17:21.197 UTC 004b INFO[0m [grpc] [34;1mInfof[0m -> [pick-first-leaf-lb] [pick-first-leaf-lb 0x7874b9367e0] SubConn 0x7874bbc96d0 reported connectivity state READY and the health listener is disabled. Transitioning SubConn to READY.
[34m2026-07-15 18:17:21.197 UTC 004c INFO[0m [grpc] [34;1mAddTraceEvent[0m -> [core] [Channel #13]Channel Connectivity change to READY
[34m2026-07-15 18:17:21.198 UTC 004d INFO[0m [grpc] [34;1mInfof[0m -> [core] original dial target is: "peer0.sa.retf.com:7051"
[34m2026-07-15 18:17:21.198 UTC 004e INFO[0m [grpc] [34;1mAddTraceEvent[0m -> [core] [Channel #16]Channel created
[34m2026-07-15 18:17:21.198 UTC 004f INFO[0m [grpc] [34;1mAddTraceEvent[0m -> [core] [Channel #16]parsed dial target is: resolver.Target{URL:url.URL{Scheme:"passthrough", Opaque:"", User:(*url.Userinfo)(nil), Host:"", Path:"/peer0.sa.retf.com:7051", Fragment:"", RawQuery:"", RawPath:"", RawFragment:"", ForceQuery:false, OmitHost:false}}
[34m2026-07-15 18:17:21.198 UTC 0050 INFO[0m [grpc] [34;1mAddTraceEvent[0m -> [core] [Channel #16]Channel authority set to "peer0.sa.retf.com:7051"
[34m2026-07-15 18:17:21.198 UTC 0051 INFO[0m [grpc] [34;1mAddTraceEvent[0m -> [core] [Channel #16]Resolver state updated: {
  "Addresses": [
    {
      "Addr": "peer0.sa.retf.com:7051",
      "ServerName": "",
      "Attributes": null,
      "BalancerAttributes": null,
      "Metadata": null
    }
  ],
  "Endpoints": [
    {
      "Addresses": [
        {
          "Addr": "peer0.sa.retf.com:7051",
          "ServerName": "",
          "Attributes": null,
          "BalancerAttributes": null,
          "Metadata": null
        }
      ],
      "Attributes": null
    }
  ],
  "ServiceConfig": null,
  "Attributes": null
} (resolver returned new addresses)
[34m2026-07-15 18:17:21.198 UTC 0052 INFO[0m [grpc] [34;1mAddTraceEvent[0m -> [core] [Channel #16]Channel switches to new LB policy "pick_first"
[34m2026-07-15 18:17:21.198 UTC 0053 INFO[0m [grpc] [34;1mInfof[0m -> [pick-first-leaf-lb] [pick-first-leaf-lb 0x7874b936bd0] Received new config {
  "shuffleAddressList": false
}, resolver state {
  "Addresses": [
    {
      "Addr": "peer0.sa.retf.com:7051",
      "ServerName": "",
      "Attributes": null,
      "BalancerAttributes": null,
      "Metadata": null
    }
  ],
  "Endpoints": [
    {
      "Addresses": [
        {
          "Addr": "peer0.sa.retf.com:7051",
          "ServerName": "",
          "Attributes": null,
          "BalancerAttributes": null,
          "Metadata": null
        }
      ],
      "Attributes": null
    }
  ],
  "ServiceConfig": null,
  "Attributes": null
}
[34m2026-07-15 18:17:21.198 UTC 0054 INFO[0m [grpc] [34;1mAddTraceEvent[0m -> [core] [Channel #16]Channel Connectivity change to CONNECTING
[34m2026-07-15 18:17:21.198 UTC 0055 INFO[0m [grpc] [34;1mAddTraceEvent[0m -> [core] [Channel #16 SubChannel #17]Subchannel created
[34m2026-07-15 18:17:21.198 UTC 0056 INFO[0m [grpc] [34;1mAddTraceEvent[0m -> [core] [Channel #16]Channel exiting idle mode
[34m2026-07-15 18:17:21.198 UTC 0057 INFO[0m [grpc] [34;1mAddTraceEvent[0m -> [core] [Channel #16 SubChannel #17]Subchannel Connectivity change to CONNECTING
[34m2026-07-15 18:17:21.198 UTC 0058 INFO[0m [grpc] [34;1mAddTraceEvent[0m -> [core] [Channel #16 SubChannel #17]Subchannel picks a new address "peer0.sa.retf.com:7051" to connect
[34m2026-07-15 18:17:21.200 UTC 0059 INFO[0m [grpc] [34;1mAddTraceEvent[0m -> [core] [Channel #16 SubChannel #17]Subchannel Connectivity change to READY
[34m2026-07-15 18:17:21.200 UTC 005a INFO[0m [grpc] [34;1mInfof[0m -> [pick-first-leaf-lb] [pick-first-leaf-lb 0x7874b936bd0] SubConn 0x7874bbc9a40 reported connectivity state READY and the health listener is disabled. Transitioning SubConn to READY.
[34m2026-07-15 18:17:21.200 UTC 005b INFO[0m [grpc] [34;1mAddTraceEvent[0m -> [core] [Channel #16]Channel Connectivity change to READY
[33m2026-07-15 18:17:21.201 UTC 005c WARN[0m [grpc] [33;1mWarningf[0m -> [core] Adjusting keepalive ping interval to minimum period of 10s
[34m2026-07-15 18:17:21.201 UTC 005d INFO[0m [grpc] [34;1mInfof[0m -> [core] original dial target is: "orderer.orderer.retf.com:7050"
[34m2026-07-15 18:17:21.201 UTC 005e INFO[0m [grpc] [34;1mAddTraceEvent[0m -> [core] [Channel #19]Channel created
[34m2026-07-15 18:17:21.201 UTC 005f INFO[0m [grpc] [34;1mAddTraceEvent[0m -> [core] [Channel #19]parsed dial target is: resolver.Target{URL:url.URL{Scheme:"passthrough", Opaque:"", User:(*url.Userinfo)(nil), Host:"", Path:"/orderer.orderer.retf.com:7050", Fragment:"", RawQuery:"", RawPath:"", RawFragment:"", ForceQuery:false, OmitHost:false}}
[34m2026-07-15 18:17:21.201 UTC 0060 INFO[0m [grpc] [34;1mAddTraceEvent[0m -> [core] [Channel #19]Channel authority set to "orderer.orderer.retf.com"
[34m2026-07-15 18:17:21.201 UTC 0061 INFO[0m [grpc] [34;1mAddTraceEvent[0m -> [core] [Channel #19]Resolver state updated: {
  "Addresses": [
    {
      "Addr": "orderer.orderer.retf.com:7050",
      "ServerName": "",
      "Attributes": null,
      "BalancerAttributes": null,
      "Metadata": null
    }
  ],
  "Endpoints": [
    {
      "Addresses": [
        {
          "Addr": "orderer.orderer.retf.com:7050",
          "ServerName": "",
          "Attributes": null,
          "BalancerAttributes": null,
          "Metadata": null
        }
      ],
      "Attributes": null
    }
  ],
  "ServiceConfig": null,
  "Attributes": null
} (resolver returned new addresses)
[34m2026-07-15 18:17:21.201 UTC 0062 INFO[0m [grpc] [34;1mAddTraceEvent[0m -> [core] [Channel #19]Channel switches to new LB policy "pick_first"
[34m2026-07-15 18:17:21.201 UTC 0063 INFO[0m [grpc] [34;1mInfof[0m -> [pick-first-leaf-lb] [pick-first-leaf-lb 0x7874b9365a0] Received new config {
  "shuffleAddressList": false
}, resolver state {
  "Addresses": [
    {
      "Addr": "orderer.orderer.retf.com:7050",
      "ServerName": "",
      "Attributes": null,
      "BalancerAttributes": null,
      "Metadata": null
    }
  ],
  "Endpoints": [
    {
      "Addresses": [
        {
          "Addr": "orderer.orderer.retf.com:7050",
          "ServerName": "",
          "Attributes": null,
          "BalancerAttributes": null,
          "Metadata": null
        }
      ],
      "Attributes": null
    }
  ],
  "ServiceConfig": null,
  "Attributes": null
}
[34m2026-07-15 18:17:21.201 UTC 0064 INFO[0m [grpc] [34;1mAddTraceEvent[0m -> [core] [Channel #19]Channel Connectivity change to CONNECTING
[34m2026-07-15 18:17:21.201 UTC 0065 INFO[0m [grpc] [34;1mAddTraceEvent[0m -> [core] [Channel #19 SubChannel #20]Subchannel created
[34m2026-07-15 18:17:21.201 UTC 0066 INFO[0m [grpc] [34;1mAddTraceEvent[0m -> [core] [Channel #19]Channel exiting idle mode
[34m2026-07-15 18:17:21.201 UTC 0067 INFO[0m [grpc] [34;1mAddTraceEvent[0m -> [core] [Channel #19 SubChannel #20]Subchannel Connectivity change to CONNECTING
[34m2026-07-15 18:17:21.201 UTC 0068 INFO[0m [grpc] [34;1mAddTraceEvent[0m -> [core] [Channel #19 SubChannel #20]Subchannel picks a new address "orderer.orderer.retf.com:7050" to connect
[34m2026-07-15 18:17:21.203 UTC 0069 INFO[0m [grpc] [34;1mAddTraceEvent[0m -> [core] [Channel #19 SubChannel #20]Subchannel Connectivity change to READY
[34m2026-07-15 18:17:21.203 UTC 006a INFO[0m [grpc] [34;1mInfof[0m -> [pick-first-leaf-lb] [pick-first-leaf-lb 0x7874b9365a0] SubConn 0x7874bcb69b0 reported connectivity state READY and the health listener is disabled. Transitioning SubConn to READY.
[34m2026-07-15 18:17:21.203 UTC 006b INFO[0m [grpc] [34;1mAddTraceEvent[0m -> [core] [Channel #19]Channel Connectivity change to READY
[34m2026-07-15 18:17:23.267 UTC 006c INFO[0m [chaincodeCmd] [34;1mClientWait[0m -> txid [4e518f5388fe878b3a5846184123c37665cfb88f7e5fbc7a84c7138825b0a04d] committed with status (VALID) at peer0.sa.retf.com:7051
[34m2026-07-15 18:17:23.272 UTC 006d INFO[0m [chaincodeCmd] [34;1mClientWait[0m -> txid [4e518f5388fe878b3a5846184123c37665cfb88f7e5fbc7a84c7138825b0a04d] committed with status (VALID) at peer0.qld.retf.com:7051
[34m2026-07-15 18:17:23.279 UTC 006e INFO[0m [chaincodeCmd] [34;1mClientWait[0m -> txid [4e518f5388fe878b3a5846184123c37665cfb88f7e5fbc7a84c7138825b0a04d] committed with status (VALID) at peer0.nsw.retf.com:7051
[34m2026-07-15 18:17:23.279 UTC 006f INFO[0m [chaincodeCmd] [34;1mchaincodeInvokeOrQuery[0m -> Chaincode invoke successful. result: status:200 payload:"s2.2.2/credential-registry/trusted-registry-epoch1b"
[34m2026-07-15 18:17:25.074 UTC 0001 INFO[0m [chaincodeCmd] [34;1mInitCmdFactory[0m -> InitCmdFactory: Entry: invoke, true, true
[34m2026-07-15 18:17:25.074 UTC 0002 INFO[0m [grpc] [34;1mInfof[0m -> [core] original dial target is: "peer0.nsw.retf.com:7051"
[34m2026-07-15 18:17:25.074 UTC 0003 INFO[0m [grpc] [34;1mAddTraceEvent[0m -> [core] [Channel #1]Channel created
[34m2026-07-15 18:17:25.074 UTC 0004 INFO[0m [grpc] [34;1mAddTraceEvent[0m -> [core] [Channel #1]parsed dial target is: resolver.Target{URL:url.URL{Scheme:"passthrough", Opaque:"", User:(*url.Userinfo)(nil), Host:"", Path:"/peer0.nsw.retf.com:7051", Fragment:"", RawQuery:"", RawPath:"", RawFragment:"", ForceQuery:false, OmitHost:false}}
[34m2026-07-15 18:17:25.074 UTC 0005 INFO[0m [grpc] [34;1mAddTraceEvent[0m -> [core] [Channel #1]Channel authority set to "peer0.nsw.retf.com:7051"
[34m2026-07-15 18:17:25.074 UTC 0006 INFO[0m [grpc] [34;1mAddTraceEvent[0m -> [core] [Channel #1]Resolver state updated: {
  "Addresses": [
    {
      "Addr": "peer0.nsw.retf.com:7051",
      "ServerName": "",
      "Attributes": null,
      "BalancerAttributes": null,
      "Metadata": null
    }
  ],
  "Endpoints": [
    {
      "Addresses": [
        {
          "Addr": "peer0.nsw.retf.com:7051",
          "ServerName": "",
          "Attributes": null,
          "BalancerAttributes": null,
          "Metadata": null
        }
      ],
      "Attributes": null
    }
  ],
  "ServiceConfig": null,
  "Attributes": null
} (resolver returned new addresses)
[34m2026-07-15 18:17:25.075 UTC 0007 INFO[0m [grpc] [34;1mAddTraceEvent[0m -> [core] [Channel #1]Channel switches to new LB policy "pick_first"
[34m2026-07-15 18:17:25.075 UTC 0008 INFO[0m [grpc] [34;1mInfof[0m -> [pick-first-leaf-lb] [pick-first-leaf-lb 0x39a5070218c0] Received new config {
  "shuffleAddressList": false
}, resolver state {
  "Addresses": [
    {
      "Addr": "peer0.nsw.retf.com:7051",
      "ServerName": "",
      "Attributes": null,
      "BalancerAttributes": null,
      "Metadata": null
    }
  ],
  "Endpoints": [
    {
      "Addresses": [
        {
          "Addr": "peer0.nsw.retf.com:7051",
          "ServerName": "",
          "Attributes": null,
          "BalancerAttributes": null,
          "Metadata": null
        }
      ],
      "Attributes": null
    }
  ],
  "ServiceConfig": null,
  "Attributes": null
}
[34m2026-07-15 18:17:25.075 UTC 0009 INFO[0m [grpc] [34;1mAddTraceEvent[0m -> [core] [Channel #1]Channel Connectivity change to CONNECTING
[34m2026-07-15 18:17:25.075 UTC 000a INFO[0m [grpc] [34;1mAddTraceEvent[0m -> [core] [Channel #1 SubChannel #2]Subchannel created
[34m2026-07-15 18:17:25.075 UTC 000b INFO[0m [grpc] [34;1mAddTraceEvent[0m -> [core] [Channel #1]Channel exiting idle mode
[34m2026-07-15 18:17:25.075 UTC 000c INFO[0m [grpc] [34;1mAddTraceEvent[0m -> [core] [Channel #1 SubChannel #2]Subchannel Connectivity change to CONNECTING
[34m2026-07-15 18:17:25.075 UTC 000d INFO[0m [grpc] [34;1mAddTraceEvent[0m -> [core] [Channel #1 SubChannel #2]Subchannel picks a new address "peer0.nsw.retf.com:7051" to connect
[34m2026-07-15 18:17:25.077 UTC 000e INFO[0m [grpc] [34;1mAddTraceEvent[0m -> [core] [Channel #1 SubChannel #2]Subchannel Connectivity change to READY
[34m2026-07-15 18:17:25.077 UTC 000f INFO[0m [grpc] [34;1mInfof[0m -> [pick-first-leaf-lb] [pick-first-leaf-lb 0x39a5070218c0] SubConn 0x39a5072d1a40 reported connectivity state READY and the health listener is disabled. Transitioning SubConn to READY.
[34m2026-07-15 18:17:25.077 UTC 0010 INFO[0m [grpc] [34;1mAddTraceEvent[0m -> [core] [Channel #1]Channel Connectivity change to READY
[34m2026-07-15 18:17:25.078 UTC 0011 INFO[0m [grpc] [34;1mInfof[0m -> [core] original dial target is: "peer0.nsw.retf.com:7051"
[34m2026-07-15 18:17:25.078 UTC 0012 INFO[0m [grpc] [34;1mAddTraceEvent[0m -> [core] [Channel #4]Channel created
[34m2026-07-15 18:17:25.078 UTC 0013 INFO[0m [grpc] [34;1mAddTraceEvent[0m -> [core] [Channel #4]parsed dial target is: resolver.Target{URL:url.URL{Scheme:"passthrough", Opaque:"", User:(*url.Userinfo)(nil), Host:"", Path:"/peer0.nsw.retf.com:7051", Fragment:"", RawQuery:"", RawPath:"", RawFragment:"", ForceQuery:false, OmitHost:false}}
[34m2026-07-15 18:17:25.078 UTC 0014 INFO[0m [grpc] [34;1mAddTraceEvent[0m -> [core] [Channel #4]Channel authority set to "peer0.nsw.retf.com:7051"
[34m2026-07-15 18:17:25.078 UTC 0015 INFO[0m [grpc] [34;1mAddTraceEvent[0m -> [core] [Channel #4]Resolver state updated: {
  "Addresses": [
    {
      "Addr": "peer0.nsw.retf.com:7051",
      "ServerName": "",
      "Attributes": null,
      "BalancerAttributes": null,
      "Metadata": null
    }
  ],
  "Endpoints": [
    {
      "Addresses": [
        {
          "Addr": "peer0.nsw.retf.com:7051",
          "ServerName": "",
          "Attributes": null,
          "BalancerAttributes": null,
          "Metadata": null
        }
      ],
      "Attributes": null
    }
  ],
  "ServiceConfig": null,
  "Attributes": null
} (resolver returned new addresses)
[34m2026-07-15 18:17:25.078 UTC 0016 INFO[0m [grpc] [34;1mAddTraceEvent[0m -> [core] [Channel #4]Channel switches to new LB policy "pick_first"
[34m2026-07-15 18:17:25.078 UTC 0017 INFO[0m [grpc] [34;1mInfof[0m -> [pick-first-leaf-lb] [pick-first-leaf-lb 0x39a5070219e0] Received new config {
  "shuffleAddressList": false
}, resolver state {
  "Addresses": [
    {
      "Addr": "peer0.nsw.retf.com:7051",
      "ServerName": "",
      "Attributes": null,
      "BalancerAttributes": null,
      "Metadata": null
    }
  ],
  "Endpoints": [
    {
      "Addresses": [
        {
          "Addr": "peer0.nsw.retf.com:7051",
          "ServerName": "",
          "Attributes": null,
          "BalancerAttributes": null,
          "Metadata": null
        }
      ],
      "Attributes": null
    }
  ],
  "ServiceConfig": null,
  "Attributes": null
}
[34m2026-07-15 18:17:25.078 UTC 0018 INFO[0m [grpc] [34;1mAddTraceEvent[0m -> [core] [Channel #4]Channel Connectivity change to CONNECTING
[34m2026-07-15 18:17:25.078 UTC 0019 INFO[0m [grpc] [34;1mAddTraceEvent[0m -> [core] [Channel #4 SubChannel #5]Subchannel created
[34m2026-07-15 18:17:25.078 UTC 001a INFO[0m [grpc] [34;1mAddTraceEvent[0m -> [core] [Channel #4]Channel exiting idle mode
[34m2026-07-15 18:17:25.078 UTC 001b INFO[0m [grpc] [34;1mAddTraceEvent[0m -> [core] [Channel #4 SubChannel #5]Subchannel Connectivity change to CONNECTING
[34m2026-07-15 18:17:25.078 UTC 001c INFO[0m [grpc] [34;1mAddTraceEvent[0m -> [core] [Channel #4 SubChannel #5]Subchannel picks a new address "peer0.nsw.retf.com:7051" to connect
[34m2026-07-15 18:17:25.080 UTC 001d INFO[0m [grpc] [34;1mAddTraceEvent[0m -> [core] [Channel #4 SubChannel #5]Subchannel Connectivity change to READY
[34m2026-07-15 18:17:25.080 UTC 001e INFO[0m [grpc] [34;1mInfof[0m -> [pick-first-leaf-lb] [pick-first-leaf-lb 0x39a5070219e0] SubConn 0x39a5075c6370 reported connectivity state READY and the health listener is disabled. Transitioning SubConn to READY.
[34m2026-07-15 18:17:25.080 UTC 001f INFO[0m [grpc] [34;1mAddTraceEvent[0m -> [core] [Channel #4]Channel Connectivity change to READY
[34m2026-07-15 18:17:25.080 UTC 0020 INFO[0m [grpc] [34;1mInfof[0m -> [core] original dial target is: "peer0.qld.retf.com:7051"
[34m2026-07-15 18:17:25.080 UTC 0021 INFO[0m [grpc] [34;1mAddTraceEvent[0m -> [core] [Channel #7]Channel created
[34m2026-07-15 18:17:25.080 UTC 0022 INFO[0m [grpc] [34;1mAddTraceEvent[0m -> [core] [Channel #7]parsed dial target is: resolver.Target{URL:url.URL{Scheme:"passthrough", Opaque:"", User:(*url.Userinfo)(nil), Host:"", Path:"/peer0.qld.retf.com:7051", Fragment:"", RawQuery:"", RawPath:"", RawFragment:"", ForceQuery:false, OmitHost:false}}
[34m2026-07-15 18:17:25.080 UTC 0023 INFO[0m [grpc] [34;1mAddTraceEvent[0m -> [core] [Channel #7]Channel authority set to "peer0.qld.retf.com:7051"
[34m2026-07-15 18:17:25.080 UTC 0024 INFO[0m [grpc] [34;1mAddTraceEvent[0m -> [core] [Channel #7]Resolver state updated: {
  "Addresses": [
    {
      "Addr": "peer0.qld.retf.com:7051",
      "ServerName": "",
      "Attributes": null,
      "BalancerAttributes": null,
      "Metadata": null
    }
  ],
  "Endpoints": [
    {
      "Addresses": [
        {
          "Addr": "peer0.qld.retf.com:7051",
          "ServerName": "",
          "Attributes": null,
          "BalancerAttributes": null,
          "Metadata": null
        }
      ],
      "Attributes": null
    }
  ],
  "ServiceConfig": null,
  "Attributes": null
} (resolver returned new addresses)
[34m2026-07-15 18:17:25.080 UTC 0025 INFO[0m [grpc] [34;1mAddTraceEvent[0m -> [core] [Channel #7]Channel switches to new LB policy "pick_first"
[34m2026-07-15 18:17:25.080 UTC 0026 INFO[0m [grpc] [34;1mInfof[0m -> [pick-first-leaf-lb] [pick-first-leaf-lb 0x39a5073b9200] Received new config {
  "shuffleAddressList": false
}, resolver state {
  "Addresses": [
    {
      "Addr": "peer0.qld.retf.com:7051",
      "ServerName": "",
      "Attributes": null,
      "BalancerAttributes": null,
      "Metadata": null
    }
  ],
  "Endpoints": [
    {
      "Addresses": [
        {
          "Addr": "peer0.qld.retf.com:7051",
          "ServerName": "",
          "Attributes": null,
          "BalancerAttributes": null,
          "Metadata": null
        }
      ],
      "Attributes": null
    }
  ],
  "ServiceConfig": null,
  "Attributes": null
}
[34m2026-07-15 18:17:25.080 UTC 0027 INFO[0m [grpc] [34;1mAddTraceEvent[0m -> [core] [Channel #7]Channel Connectivity change to CONNECTING
[34m2026-07-15 18:17:25.080 UTC 0028 INFO[0m [grpc] [34;1mAddTraceEvent[0m -> [core] [Channel #7 SubChannel #8]Subchannel created
[34m2026-07-15 18:17:25.080 UTC 0029 INFO[0m [grpc] [34;1mAddTraceEvent[0m -> [core] [Channel #7]Channel exiting idle mode
[34m2026-07-15 18:17:25.080 UTC 002a INFO[0m [grpc] [34;1mAddTraceEvent[0m -> [core] [Channel #7 SubChannel #8]Subchannel Connectivity change to CONNECTING
[34m2026-07-15 18:17:25.080 UTC 002b INFO[0m [grpc] [34;1mAddTraceEvent[0m -> [core] [Channel #7 SubChannel #8]Subchannel picks a new address "peer0.qld.retf.com:7051" to connect
[34m2026-07-15 18:17:25.082 UTC 002c INFO[0m [grpc] [34;1mAddTraceEvent[0m -> [core] [Channel #7 SubChannel #8]Subchannel Connectivity change to READY
[34m2026-07-15 18:17:25.082 UTC 002d INFO[0m [grpc] [34;1mInfof[0m -> [pick-first-leaf-lb] [pick-first-leaf-lb 0x39a5073b9200] SubConn 0x39a5076a28c0 reported connectivity state READY and the health listener is disabled. Transitioning SubConn to READY.
[34m2026-07-15 18:17:25.082 UTC 002e INFO[0m [grpc] [34;1mAddTraceEvent[0m -> [core] [Channel #7]Channel Connectivity change to READY
[34m2026-07-15 18:17:25.082 UTC 002f INFO[0m [grpc] [34;1mInfof[0m -> [core] original dial target is: "peer0.qld.retf.com:7051"
[34m2026-07-15 18:17:25.082 UTC 0030 INFO[0m [grpc] [34;1mAddTraceEvent[0m -> [core] [Channel #10]Channel created
[34m2026-07-15 18:17:25.083 UTC 0031 INFO[0m [grpc] [34;1mAddTraceEvent[0m -> [core] [Channel #10]parsed dial target is: resolver.Target{URL:url.URL{Scheme:"passthrough", Opaque:"", User:(*url.Userinfo)(nil), Host:"", Path:"/peer0.qld.retf.com:7051", Fragment:"", RawQuery:"", RawPath:"", RawFragment:"", ForceQuery:false, OmitHost:false}}
[34m2026-07-15 18:17:25.083 UTC 0032 INFO[0m [grpc] [34;1mAddTraceEvent[0m -> [core] [Channel #10]Channel authority set to "peer0.qld.retf.com:7051"
[34m2026-07-15 18:17:25.083 UTC 0033 INFO[0m [grpc] [34;1mAddTraceEvent[0m -> [core] [Channel #10]Resolver state updated: {
  "Addresses": [
    {
      "Addr": "peer0.qld.retf.com:7051",
      "ServerName": "",
      "Attributes": null,
      "BalancerAttributes": null,
      "Metadata": null
    }
  ],
  "Endpoints": [
    {
      "Addresses": [
        {
          "Addr": "peer0.qld.retf.com:7051",
          "ServerName": "",
          "Attributes": null,
          "BalancerAttributes": null,
          "Metadata": null
        }
      ],
      "Attributes": null
    }
  ],
  "ServiceConfig": null,
  "Attributes": null
} (resolver returned new addresses)
[34m2026-07-15 18:17:25.083 UTC 0034 INFO[0m [grpc] [34;1mAddTraceEvent[0m -> [core] [Channel #10]Channel switches to new LB policy "pick_first"
[34m2026-07-15 18:17:25.083 UTC 0035 INFO[0m [grpc] [34;1mInfof[0m -> [pick-first-leaf-lb] [pick-first-leaf-lb 0x39a5075c83f0] Received new config {
  "shuffleAddressList": false
}, resolver state {
  "Addresses": [
    {
      "Addr": "peer0.qld.retf.com:7051",
      "ServerName": "",
      "Attributes": null,
      "BalancerAttributes": null,
      "Metadata": null
    }
  ],
  "Endpoints": [
    {
      "Addresses": [
        {
          "Addr": "peer0.qld.retf.com:7051",
          "ServerName": "",
          "Attributes": null,
          "BalancerAttributes": null,
          "Metadata": null
        }
      ],
      "Attributes": null
    }
  ],
  "ServiceConfig": null,
  "Attributes": null
}
[34m2026-07-15 18:17:25.083 UTC 0036 INFO[0m [grpc] [34;1mAddTraceEvent[0m -> [core] [Channel #10]Channel Connectivity change to CONNECTING
[34m2026-07-15 18:17:25.083 UTC 0037 INFO[0m [grpc] [34;1mAddTraceEvent[0m -> [core] [Channel #10 SubChannel #11]Subchannel created
[34m2026-07-15 18:17:25.083 UTC 0038 INFO[0m [grpc] [34;1mAddTraceEvent[0m -> [core] [Channel #10]Channel exiting idle mode
[34m2026-07-15 18:17:25.083 UTC 0039 INFO[0m [grpc] [34;1mAddTraceEvent[0m -> [core] [Channel #10 SubChannel #11]Subchannel Connectivity change to CONNECTING
[34m2026-07-15 18:17:25.083 UTC 003a INFO[0m [grpc] [34;1mAddTraceEvent[0m -> [core] [Channel #10 SubChannel #11]Subchannel picks a new address "peer0.qld.retf.com:7051" to connect
[34m2026-07-15 18:17:25.085 UTC 003b INFO[0m [grpc] [34;1mAddTraceEvent[0m -> [core] [Channel #10 SubChannel #11]Subchannel Connectivity change to READY
[34m2026-07-15 18:17:25.085 UTC 003c INFO[0m [grpc] [34;1mInfof[0m -> [pick-first-leaf-lb] [pick-first-leaf-lb 0x39a5075c83f0] SubConn 0x39a5072d0960 reported connectivity state READY and the health listener is disabled. Transitioning SubConn to READY.
[34m2026-07-15 18:17:25.085 UTC 003d INFO[0m [grpc] [34;1mAddTraceEvent[0m -> [core] [Channel #10]Channel Connectivity change to READY
[34m2026-07-15 18:17:25.085 UTC 003e INFO[0m [grpc] [34;1mInfof[0m -> [core] original dial target is: "peer0.sa.retf.com:7051"
[34m2026-07-15 18:17:25.085 UTC 003f INFO[0m [grpc] [34;1mAddTraceEvent[0m -> [core] [Channel #13]Channel created
[34m2026-07-15 18:17:25.085 UTC 0040 INFO[0m [grpc] [34;1mAddTraceEvent[0m -> [core] [Channel #13]parsed dial target is: resolver.Target{URL:url.URL{Scheme:"passthrough", Opaque:"", User:(*url.Userinfo)(nil), Host:"", Path:"/peer0.sa.retf.com:7051", Fragment:"", RawQuery:"", RawPath:"", RawFragment:"", ForceQuery:false, OmitHost:false}}
[34m2026-07-15 18:17:25.085 UTC 0041 INFO[0m [grpc] [34;1mAddTraceEvent[0m -> [core] [Channel #13]Channel authority set to "peer0.sa.retf.com:7051"
[34m2026-07-15 18:17:25.085 UTC 0042 INFO[0m [grpc] [34;1mAddTraceEvent[0m -> [core] [Channel #13]Resolver state updated: {
  "Addresses": [
    {
      "Addr": "peer0.sa.retf.com:7051",
      "ServerName": "",
      "Attributes": null,
      "BalancerAttributes": null,
      "Metadata": null
    }
  ],
  "Endpoints": [
    {
      "Addresses": [
        {
          "Addr": "peer0.sa.retf.com:7051",
          "ServerName": "",
          "Attributes": null,
          "BalancerAttributes": null,
          "Metadata": null
        }
      ],
      "Attributes": null
    }
  ],
  "ServiceConfig": null,
  "Attributes": null
} (resolver returned new addresses)
[34m2026-07-15 18:17:25.085 UTC 0043 INFO[0m [grpc] [34;1mAddTraceEvent[0m -> [core] [Channel #13]Channel switches to new LB policy "pick_first"
[34m2026-07-15 18:17:25.085 UTC 0044 INFO[0m [grpc] [34;1mInfof[0m -> [pick-first-leaf-lb] [pick-first-leaf-lb 0x39a5075f42d0] Received new config {
  "shuffleAddressList": false
}, resolver state {
  "Addresses": [
    {
      "Addr": "peer0.sa.retf.com:7051",
      "ServerName": "",
      "Attributes": null,
      "BalancerAttributes": null,
      "Metadata": null
    }
  ],
  "Endpoints": [
    {
      "Addresses": [
        {
          "Addr": "peer0.sa.retf.com:7051",
          "ServerName": "",
          "Attributes": null,
          "BalancerAttributes": null,
          "Metadata": null
        }
      ],
      "Attributes": null
    }
  ],
  "ServiceConfig": null,
  "Attributes": null
}
[34m2026-07-15 18:17:25.085 UTC 0045 INFO[0m [grpc] [34;1mAddTraceEvent[0m -> [core] [Channel #13]Channel Connectivity change to CONNECTING
[34m2026-07-15 18:17:25.085 UTC 0046 INFO[0m [grpc] [34;1mAddTraceEvent[0m -> [core] [Channel #13 SubChannel #14]Subchannel created
[34m2026-07-15 18:17:25.085 UTC 0047 INFO[0m [grpc] [34;1mAddTraceEvent[0m -> [core] [Channel #13]Channel exiting idle mode
[34m2026-07-15 18:17:25.086 UTC 0048 INFO[0m [grpc] [34;1mAddTraceEvent[0m -> [core] [Channel #13 SubChannel #14]Subchannel Connectivity change to CONNECTING
[34m2026-07-15 18:17:25.086 UTC 0049 INFO[0m [grpc] [34;1mAddTraceEvent[0m -> [core] [Channel #13 SubChannel #14]Subchannel picks a new address "peer0.sa.retf.com:7051" to connect
[34m2026-07-15 18:17:25.088 UTC 004a INFO[0m [grpc] [34;1mAddTraceEvent[0m -> [core] [Channel #13 SubChannel #14]Subchannel Connectivity change to READY
[34m2026-07-15 18:17:25.088 UTC 004b INFO[0m [grpc] [34;1mInfof[0m -> [pick-first-leaf-lb] [pick-first-leaf-lb 0x39a5075f42d0] SubConn 0x39a50720ba90 reported connectivity state READY and the health listener is disabled. Transitioning SubConn to READY.
[34m2026-07-15 18:17:25.088 UTC 004c INFO[0m [grpc] [34;1mAddTraceEvent[0m -> [core] [Channel #13]Channel Connectivity change to READY
[34m2026-07-15 18:17:25.088 UTC 004d INFO[0m [grpc] [34;1mInfof[0m -> [core] original dial target is: "peer0.sa.retf.com:7051"
[34m2026-07-15 18:17:25.088 UTC 004e INFO[0m [grpc] [34;1mAddTraceEvent[0m -> [core] [Channel #16]Channel created
[34m2026-07-15 18:17:25.088 UTC 004f INFO[0m [grpc] [34;1mAddTraceEvent[0m -> [core] [Channel #16]parsed dial target is: resolver.Target{URL:url.URL{Scheme:"passthrough", Opaque:"", User:(*url.Userinfo)(nil), Host:"", Path:"/peer0.sa.retf.com:7051", Fragment:"", RawQuery:"", RawPath:"", RawFragment:"", ForceQuery:false, OmitHost:false}}
[34m2026-07-15 18:17:25.088 UTC 0050 INFO[0m [grpc] [34;1mAddTraceEvent[0m -> [core] [Channel #16]Channel authority set to "peer0.sa.retf.com:7051"
[34m2026-07-15 18:17:25.089 UTC 0051 INFO[0m [grpc] [34;1mAddTraceEvent[0m -> [core] [Channel #16]Resolver state updated: {
  "Addresses": [
    {
      "Addr": "peer0.sa.retf.com:7051",
      "ServerName": "",
      "Attributes": null,
      "BalancerAttributes": null,
      "Metadata": null
    }
  ],
  "Endpoints": [
    {
      "Addresses": [
        {
          "Addr": "peer0.sa.retf.com:7051",
          "ServerName": "",
          "Attributes": null,
          "BalancerAttributes": null,
          "Metadata": null
        }
      ],
      "Attributes": null
    }
  ],
  "ServiceConfig": null,
  "Attributes": null
} (resolver returned new addresses)
[34m2026-07-15 18:17:25.089 UTC 0052 INFO[0m [grpc] [34;1mAddTraceEvent[0m -> [core] [Channel #16]Channel switches to new LB policy "pick_first"
[34m2026-07-15 18:17:25.089 UTC 0053 INFO[0m [grpc] [34;1mInfof[0m -> [pick-first-leaf-lb] [pick-first-leaf-lb 0x39a5075c85a0] Received new config {
  "shuffleAddressList": false
}, resolver state {
  "Addresses": [
    {
      "Addr": "peer0.sa.retf.com:7051",
      "ServerName": "",
      "Attributes": null,
      "BalancerAttributes": null,
      "Metadata": null
    }
  ],
  "Endpoints": [
    {
      "Addresses": [
        {
          "Addr": "peer0.sa.retf.com:7051",
          "ServerName": "",
          "Attributes": null,
          "BalancerAttributes": null,
          "Metadata": null
        }
      ],
      "Attributes": null
    }
  ],
  "ServiceConfig": null,
  "Attributes": null
}
[34m2026-07-15 18:17:25.089 UTC 0054 INFO[0m [grpc] [34;1mAddTraceEvent[0m -> [core] [Channel #16]Channel Connectivity change to CONNECTING
[34m2026-07-15 18:17:25.089 UTC 0055 INFO[0m [grpc] [34;1mAddTraceEvent[0m -> [core] [Channel #16 SubChannel #17]Subchannel created
[34m2026-07-15 18:17:25.089 UTC 0056 INFO[0m [grpc] [34;1mAddTraceEvent[0m -> [core] [Channel #16]Channel exiting idle mode
[34m2026-07-15 18:17:25.089 UTC 0057 INFO[0m [grpc] [34;1mAddTraceEvent[0m -> [core] [Channel #16 SubChannel #17]Subchannel Connectivity change to CONNECTING
[34m2026-07-15 18:17:25.089 UTC 0058 INFO[0m [grpc] [34;1mAddTraceEvent[0m -> [core] [Channel #16 SubChannel #17]Subchannel picks a new address "peer0.sa.retf.com:7051" to connect
[34m2026-07-15 18:17:25.091 UTC 0059 INFO[0m [grpc] [34;1mAddTraceEvent[0m -> [core] [Channel #16 SubChannel #17]Subchannel Connectivity change to READY
[34m2026-07-15 18:17:25.091 UTC 005a INFO[0m [grpc] [34;1mInfof[0m -> [pick-first-leaf-lb] [pick-first-leaf-lb 0x39a5075c85a0] SubConn 0x39a5072d1450 reported connectivity state READY and the health listener is disabled. Transitioning SubConn to READY.
[34m2026-07-15 18:17:25.091 UTC 005b INFO[0m [grpc] [34;1mAddTraceEvent[0m -> [core] [Channel #16]Channel Connectivity change to READY
[33m2026-07-15 18:17:25.091 UTC 005c WARN[0m [grpc] [33;1mWarningf[0m -> [core] Adjusting keepalive ping interval to minimum period of 10s
[34m2026-07-15 18:17:25.091 UTC 005d INFO[0m [grpc] [34;1mInfof[0m -> [core] original dial target is: "orderer.orderer.retf.com:7050"
[34m2026-07-15 18:17:25.091 UTC 005e INFO[0m [grpc] [34;1mAddTraceEvent[0m -> [core] [Channel #19]Channel created
[34m2026-07-15 18:17:25.091 UTC 005f INFO[0m [grpc] [34;1mAddTraceEvent[0m -> [core] [Channel #19]parsed dial target is: resolver.Target{URL:url.URL{Scheme:"passthrough", Opaque:"", User:(*url.Userinfo)(nil), Host:"", Path:"/orderer.orderer.retf.com:7050", Fragment:"", RawQuery:"", RawPath:"", RawFragment:"", ForceQuery:false, OmitHost:false}}
[34m2026-07-15 18:17:25.091 UTC 0060 INFO[0m [grpc] [34;1mAddTraceEvent[0m -> [core] [Channel #19]Channel authority set to "orderer.orderer.retf.com"
[34m2026-07-15 18:17:25.091 UTC 0061 INFO[0m [grpc] [34;1mAddTraceEvent[0m -> [core] [Channel #19]Resolver state updated: {
  "Addresses": [
    {
      "Addr": "orderer.orderer.retf.com:7050",
      "ServerName": "",
      "Attributes": null,
      "BalancerAttributes": null,
      "Metadata": null
    }
  ],
  "Endpoints": [
    {
      "Addresses": [
        {
          "Addr": "orderer.orderer.retf.com:7050",
          "ServerName": "",
          "Attributes": null,
          "BalancerAttributes": null,
          "Metadata": null
        }
      ],
      "Attributes": null
    }
  ],
  "ServiceConfig": null,
  "Attributes": null
} (resolver returned new addresses)
[34m2026-07-15 18:17:25.091 UTC 0062 INFO[0m [grpc] [34;1mAddTraceEvent[0m -> [core] [Channel #19]Channel switches to new LB policy "pick_first"
[34m2026-07-15 18:17:25.091 UTC 0063 INFO[0m [grpc] [34;1mInfof[0m -> [pick-first-leaf-lb] [pick-first-leaf-lb 0x39a5075c8990] Received new config {
  "shuffleAddressList": false
}, resolver state {
  "Addresses": [
    {
      "Addr": "orderer.orderer.retf.com:7050",
      "ServerName": "",
      "Attributes": null,
      "BalancerAttributes": null,
      "Metadata": null
    }
  ],
  "Endpoints": [
    {
      "Addresses": [
        {
          "Addr": "orderer.orderer.retf.com:7050",
          "ServerName": "",
          "Attributes": null,
          "BalancerAttributes": null,
          "Metadata": null
        }
      ],
      "Attributes": null
    }
  ],
  "ServiceConfig": null,
  "Attributes": null
}
[34m2026-07-15 18:17:25.091 UTC 0064 INFO[0m [grpc] [34;1mAddTraceEvent[0m -> [core] [Channel #19]Channel Connectivity change to CONNECTING
[34m2026-07-15 18:17:25.091 UTC 0065 INFO[0m [grpc] [34;1mAddTraceEvent[0m -> [core] [Channel #19 SubChannel #20]Subchannel created
[34m2026-07-15 18:17:25.091 UTC 0066 INFO[0m [grpc] [34;1mAddTraceEvent[0m -> [core] [Channel #19]Channel exiting idle mode
[34m2026-07-15 18:17:25.091 UTC 0067 INFO[0m [grpc] [34;1mAddTraceEvent[0m -> [core] [Channel #19 SubChannel #20]Subchannel Connectivity change to CONNECTING
[34m2026-07-15 18:17:25.091 UTC 0068 INFO[0m [grpc] [34;1mAddTraceEvent[0m -> [core] [Channel #19 SubChannel #20]Subchannel picks a new address "orderer.orderer.retf.com:7050" to connect
[34m2026-07-15 18:17:25.100 UTC 0069 INFO[0m [grpc] [34;1mAddTraceEvent[0m -> [core] [Channel #19 SubChannel #20]Subchannel Connectivity change to READY
[34m2026-07-15 18:17:25.100 UTC 006a INFO[0m [grpc] [34;1mInfof[0m -> [pick-first-leaf-lb] [pick-first-leaf-lb 0x39a5075c8990] SubConn 0x39a5072d1810 reported connectivity state READY and the health listener is disabled. Transitioning SubConn to READY.
[34m2026-07-15 18:17:25.100 UTC 006b INFO[0m [grpc] [34;1mAddTraceEvent[0m -> [core] [Channel #19]Channel Connectivity change to READY
[34m2026-07-15 18:17:27.161 UTC 006c INFO[0m [chaincodeCmd] [34;1mClientWait[0m -> txid [22799b5eff64ccca512211de7131e487515dbac124f5b657067addf67af99e66] committed with status (VALID) at peer0.qld.retf.com:7051
[34m2026-07-15 18:17:27.170 UTC 006d INFO[0m [chaincodeCmd] [34;1mClientWait[0m -> txid [22799b5eff64ccca512211de7131e487515dbac124f5b657067addf67af99e66] committed with status (VALID) at peer0.nsw.retf.com:7051
[34m2026-07-15 18:17:27.171 UTC 006e INFO[0m [chaincodeCmd] [34;1mClientWait[0m -> txid [22799b5eff64ccca512211de7131e487515dbac124f5b657067addf67af99e66] committed with status (VALID) at peer0.sa.retf.com:7051
[34m2026-07-15 18:17:27.171 UTC 006f INFO[0m [chaincodeCmd] [34;1mchaincodeInvokeOrQuery[0m -> Chaincode invoke successful. result: status:200 payload:"s2.2.2/task-policy/task-holder-b"
[34m2026-07-15 18:17:28.126 UTC 0001 INFO[0m [chaincodeCmd] [34;1mInitCmdFactory[0m -> InitCmdFactory: Entry: invoke, true, true
[34m2026-07-15 18:17:28.126 UTC 0002 INFO[0m [grpc] [34;1mInfof[0m -> [core] original dial target is: "peer0.nsw.retf.com:7051"
[34m2026-07-15 18:17:28.126 UTC 0003 INFO[0m [grpc] [34;1mAddTraceEvent[0m -> [core] [Channel #1]Channel created
[34m2026-07-15 18:17:28.126 UTC 0004 INFO[0m [grpc] [34;1mAddTraceEvent[0m -> [core] [Channel #1]parsed dial target is: resolver.Target{URL:url.URL{Scheme:"passthrough", Opaque:"", User:(*url.Userinfo)(nil), Host:"", Path:"/peer0.nsw.retf.com:7051", Fragment:"", RawQuery:"", RawPath:"", RawFragment:"", ForceQuery:false, OmitHost:false}}
[34m2026-07-15 18:17:28.126 UTC 0005 INFO[0m [grpc] [34;1mAddTraceEvent[0m -> [core] [Channel #1]Channel authority set to "peer0.nsw.retf.com:7051"
[34m2026-07-15 18:17:28.126 UTC 0006 INFO[0m [grpc] [34;1mAddTraceEvent[0m -> [core] [Channel #1]Resolver state updated: {
  "Addresses": [
    {
      "Addr": "peer0.nsw.retf.com:7051",
      "ServerName": "",
      "Attributes": null,
      "BalancerAttributes": null,
      "Metadata": null
    }
  ],
  "Endpoints": [
    {
      "Addresses": [
        {
          "Addr": "peer0.nsw.retf.com:7051",
          "ServerName": "",
          "Attributes": null,
          "BalancerAttributes": null,
          "Metadata": null
        }
      ],
      "Attributes": null
    }
  ],
  "ServiceConfig": null,
  "Attributes": null
} (resolver returned new addresses)
[34m2026-07-15 18:17:28.126 UTC 0007 INFO[0m [grpc] [34;1mAddTraceEvent[0m -> [core] [Channel #1]Channel switches to new LB policy "pick_first"
[34m2026-07-15 18:17:28.126 UTC 0008 INFO[0m [grpc] [34;1mInfof[0m -> [pick-first-leaf-lb] [pick-first-leaf-lb 0x966ecd1c5a0] Received new config {
  "shuffleAddressList": false
}, resolver state {
  "Addresses": [
    {
      "Addr": "peer0.nsw.retf.com:7051",
      "ServerName": "",
      "Attributes": null,
      "BalancerAttributes": null,
      "Metadata": null
    }
  ],
  "Endpoints": [
    {
      "Addresses": [
        {
          "Addr": "peer0.nsw.retf.com:7051",
          "ServerName": "",
          "Attributes": null,
          "BalancerAttributes": null,
          "Metadata": null
        }
      ],
      "Attributes": null
    }
  ],
  "ServiceConfig": null,
  "Attributes": null
}
[34m2026-07-15 18:17:28.126 UTC 0009 INFO[0m [grpc] [34;1mAddTraceEvent[0m -> [core] [Channel #1]Channel Connectivity change to CONNECTING
[34m2026-07-15 18:17:28.126 UTC 000a INFO[0m [grpc] [34;1mAddTraceEvent[0m -> [core] [Channel #1 SubChannel #2]Subchannel created
[34m2026-07-15 18:17:28.126 UTC 000b INFO[0m [grpc] [34;1mAddTraceEvent[0m -> [core] [Channel #1]Channel exiting idle mode
[34m2026-07-15 18:17:28.127 UTC 000c INFO[0m [grpc] [34;1mAddTraceEvent[0m -> [core] [Channel #1 SubChannel #2]Subchannel Connectivity change to CONNECTING
[34m2026-07-15 18:17:28.127 UTC 000d INFO[0m [grpc] [34;1mAddTraceEvent[0m -> [core] [Channel #1 SubChannel #2]Subchannel picks a new address "peer0.nsw.retf.com:7051" to connect
[34m2026-07-15 18:17:28.129 UTC 000e INFO[0m [grpc] [34;1mAddTraceEvent[0m -> [core] [Channel #1 SubChannel #2]Subchannel Connectivity change to READY
[34m2026-07-15 18:17:28.129 UTC 000f INFO[0m [grpc] [34;1mInfof[0m -> [pick-first-leaf-lb] [pick-first-leaf-lb 0x966ecd1c5a0] SubConn 0x966ecd34eb0 reported connectivity state READY and the health listener is disabled. Transitioning SubConn to READY.
[34m2026-07-15 18:17:28.129 UTC 0010 INFO[0m [grpc] [34;1mAddTraceEvent[0m -> [core] [Channel #1]Channel Connectivity change to READY
[34m2026-07-15 18:17:28.129 UTC 0011 INFO[0m [grpc] [34;1mInfof[0m -> [core] original dial target is: "peer0.nsw.retf.com:7051"
[34m2026-07-15 18:17:28.129 UTC 0012 INFO[0m [grpc] [34;1mAddTraceEvent[0m -> [core] [Channel #4]Channel created
[34m2026-07-15 18:17:28.129 UTC 0013 INFO[0m [grpc] [34;1mAddTraceEvent[0m -> [core] [Channel #4]parsed dial target is: resolver.Target{URL:url.URL{Scheme:"passthrough", Opaque:"", User:(*url.Userinfo)(nil), Host:"", Path:"/peer0.nsw.retf.com:7051", Fragment:"", RawQuery:"", RawPath:"", RawFragment:"", ForceQuery:false, OmitHost:false}}
[34m2026-07-15 18:17:28.129 UTC 0014 INFO[0m [grpc] [34;1mAddTraceEvent[0m -> [core] [Channel #4]Channel authority set to "peer0.nsw.retf.com:7051"
[34m2026-07-15 18:17:28.129 UTC 0015 INFO[0m [grpc] [34;1mAddTraceEvent[0m -> [core] [Channel #4]Resolver state updated: {
  "Addresses": [
    {
      "Addr": "peer0.nsw.retf.com:7051",
      "ServerName": "",
      "Attributes": null,
      "BalancerAttributes": null,
      "Metadata": null
    }
  ],
  "Endpoints": [
    {
      "Addresses": [
        {
          "Addr": "peer0.nsw.retf.com:7051",
          "ServerName": "",
          "Attributes": null,
          "BalancerAttributes": null,
          "Metadata": null
        }
      ],
      "Attributes": null
    }
  ],
  "ServiceConfig": null,
  "Attributes": null
} (resolver returned new addresses)
[34m2026-07-15 18:17:28.129 UTC 0016 INFO[0m [grpc] [34;1mAddTraceEvent[0m -> [core] [Channel #4]Channel switches to new LB policy "pick_first"
[34m2026-07-15 18:17:28.130 UTC 0017 INFO[0m [grpc] [34;1mInfof[0m -> [pick-first-leaf-lb] [pick-first-leaf-lb 0x966ecd1c870] Received new config {
  "shuffleAddressList": false
}, resolver state {
  "Addresses": [
    {
      "Addr": "peer0.nsw.retf.com:7051",
      "ServerName": "",
      "Attributes": null,
      "BalancerAttributes": null,
      "Metadata": null
    }
  ],
  "Endpoints": [
    {
      "Addresses": [
        {
          "Addr": "peer0.nsw.retf.com:7051",
          "ServerName": "",
          "Attributes": null,
          "BalancerAttributes": null,
          "Metadata": null
        }
      ],
      "Attributes": null
    }
  ],
  "ServiceConfig": null,
  "Attributes": null
}
[34m2026-07-15 18:17:28.130 UTC 0018 INFO[0m [grpc] [34;1mAddTraceEvent[0m -> [core] [Channel #4]Channel Connectivity change to CONNECTING
[34m2026-07-15 18:17:28.130 UTC 0019 INFO[0m [grpc] [34;1mAddTraceEvent[0m -> [core] [Channel #4 SubChannel #5]Subchannel created
[34m2026-07-15 18:17:28.130 UTC 001a INFO[0m [grpc] [34;1mAddTraceEvent[0m -> [core] [Channel #4]Channel exiting idle mode
[34m2026-07-15 18:17:28.130 UTC 001b INFO[0m [grpc] [34;1mAddTraceEvent[0m -> [core] [Channel #4 SubChannel #5]Subchannel Connectivity change to CONNECTING
[34m2026-07-15 18:17:28.130 UTC 001c INFO[0m [grpc] [34;1mAddTraceEvent[0m -> [core] [Channel #4 SubChannel #5]Subchannel picks a new address "peer0.nsw.retf.com:7051" to connect
[34m2026-07-15 18:17:28.131 UTC 001d INFO[0m [grpc] [34;1mAddTraceEvent[0m -> [core] [Channel #4 SubChannel #5]Subchannel Connectivity change to READY
[34m2026-07-15 18:17:28.131 UTC 001e INFO[0m [grpc] [34;1mInfof[0m -> [pick-first-leaf-lb] [pick-first-leaf-lb 0x966ecd1c870] SubConn 0x966ecbb6870 reported connectivity state READY and the health listener is disabled. Transitioning SubConn to READY.
[34m2026-07-15 18:17:28.131 UTC 001f INFO[0m [grpc] [34;1mAddTraceEvent[0m -> [core] [Channel #4]Channel Connectivity change to READY
[34m2026-07-15 18:17:28.132 UTC 0020 INFO[0m [grpc] [34;1mInfof[0m -> [core] original dial target is: "peer0.qld.retf.com:7051"
[34m2026-07-15 18:17:28.132 UTC 0021 INFO[0m [grpc] [34;1mAddTraceEvent[0m -> [core] [Channel #7]Channel created
[34m2026-07-15 18:17:28.132 UTC 0022 INFO[0m [grpc] [34;1mAddTraceEvent[0m -> [core] [Channel #7]parsed dial target is: resolver.Target{URL:url.URL{Scheme:"passthrough", Opaque:"", User:(*url.Userinfo)(nil), Host:"", Path:"/peer0.qld.retf.com:7051", Fragment:"", RawQuery:"", RawPath:"", RawFragment:"", ForceQuery:false, OmitHost:false}}
[34m2026-07-15 18:17:28.132 UTC 0023 INFO[0m [grpc] [34;1mAddTraceEvent[0m -> [core] [Channel #7]Channel authority set to "peer0.qld.retf.com:7051"
[34m2026-07-15 18:17:28.132 UTC 0024 INFO[0m [grpc] [34;1mAddTraceEvent[0m -> [core] [Channel #7]Resolver state updated: {
  "Addresses": [
    {
      "Addr": "peer0.qld.retf.com:7051",
      "ServerName": "",
      "Attributes": null,
      "BalancerAttributes": null,
      "Metadata": null
    }
  ],
  "Endpoints": [
    {
      "Addresses": [
        {
          "Addr": "peer0.qld.retf.com:7051",
          "ServerName": "",
          "Attributes": null,
          "BalancerAttributes": null,
          "Metadata": null
        }
      ],
      "Attributes": null
    }
  ],
  "ServiceConfig": null,
  "Attributes": null
} (resolver returned new addresses)
[34m2026-07-15 18:17:28.132 UTC 0025 INFO[0m [grpc] [34;1mAddTraceEvent[0m -> [core] [Channel #7]Channel switches to new LB policy "pick_first"
[34m2026-07-15 18:17:28.132 UTC 0026 INFO[0m [grpc] [34;1mInfof[0m -> [pick-first-leaf-lb] [pick-first-leaf-lb 0x966ec9a41b0] Received new config {
  "shuffleAddressList": false
}, resolver state {
  "Addresses": [
    {
      "Addr": "peer0.qld.retf.com:7051",
      "ServerName": "",
      "Attributes": null,
      "BalancerAttributes": null,
      "Metadata": null
    }
  ],
  "Endpoints": [
    {
      "Addresses": [
        {
          "Addr": "peer0.qld.retf.com:7051",
          "ServerName": "",
          "Attributes": null,
          "BalancerAttributes": null,
          "Metadata": null
        }
      ],
      "Attributes": null
    }
  ],
  "ServiceConfig": null,
  "Attributes": null
}
[34m2026-07-15 18:17:28.132 UTC 0027 INFO[0m [grpc] [34;1mAddTraceEvent[0m -> [core] [Channel #7]Channel Connectivity change to CONNECTING
[34m2026-07-15 18:17:28.132 UTC 0028 INFO[0m [grpc] [34;1mAddTraceEvent[0m -> [core] [Channel #7 SubChannel #8]Subchannel created
[34m2026-07-15 18:17:28.132 UTC 0029 INFO[0m [grpc] [34;1mAddTraceEvent[0m -> [core] [Channel #7]Channel exiting idle mode
[34m2026-07-15 18:17:28.132 UTC 002a INFO[0m [grpc] [34;1mAddTraceEvent[0m -> [core] [Channel #7 SubChannel #8]Subchannel Connectivity change to CONNECTING
[34m2026-07-15 18:17:28.132 UTC 002b INFO[0m [grpc] [34;1mAddTraceEvent[0m -> [core] [Channel #7 SubChannel #8]Subchannel picks a new address "peer0.qld.retf.com:7051" to connect
[34m2026-07-15 18:17:28.134 UTC 002c INFO[0m [grpc] [34;1mAddTraceEvent[0m -> [core] [Channel #7 SubChannel #8]Subchannel Connectivity change to READY
[34m2026-07-15 18:17:28.134 UTC 002d INFO[0m [grpc] [34;1mInfof[0m -> [pick-first-leaf-lb] [pick-first-leaf-lb 0x966ec9a41b0] SubConn 0x966ecd34370 reported connectivity state READY and the health listener is disabled. Transitioning SubConn to READY.
[34m2026-07-15 18:17:28.134 UTC 002e INFO[0m [grpc] [34;1mAddTraceEvent[0m -> [core] [Channel #7]Channel Connectivity change to READY
[34m2026-07-15 18:17:28.134 UTC 002f INFO[0m [grpc] [34;1mInfof[0m -> [core] original dial target is: "peer0.qld.retf.com:7051"
[34m2026-07-15 18:17:28.134 UTC 0030 INFO[0m [grpc] [34;1mAddTraceEvent[0m -> [core] [Channel #10]Channel created
[34m2026-07-15 18:17:28.134 UTC 0031 INFO[0m [grpc] [34;1mAddTraceEvent[0m -> [core] [Channel #10]parsed dial target is: resolver.Target{URL:url.URL{Scheme:"passthrough", Opaque:"", User:(*url.Userinfo)(nil), Host:"", Path:"/peer0.qld.retf.com:7051", Fragment:"", RawQuery:"", RawPath:"", RawFragment:"", ForceQuery:false, OmitHost:false}}
[34m2026-07-15 18:17:28.134 UTC 0032 INFO[0m [grpc] [34;1mAddTraceEvent[0m -> [core] [Channel #10]Channel authority set to "peer0.qld.retf.com:7051"
[34m2026-07-15 18:17:28.134 UTC 0033 INFO[0m [grpc] [34;1mAddTraceEvent[0m -> [core] [Channel #10]Resolver state updated: {
  "Addresses": [
    {
      "Addr": "peer0.qld.retf.com:7051",
      "ServerName": "",
      "Attributes": null,
      "BalancerAttributes": null,
      "Metadata": null
    }
  ],
  "Endpoints": [
    {
      "Addresses": [
        {
          "Addr": "peer0.qld.retf.com:7051",
          "ServerName": "",
          "Attributes": null,
          "BalancerAttributes": null,
          "Metadata": null
        }
      ],
      "Attributes": null
    }
  ],
  "ServiceConfig": null,
  "Attributes": null
} (resolver returned new addresses)
[34m2026-07-15 18:17:28.134 UTC 0034 INFO[0m [grpc] [34;1mAddTraceEvent[0m -> [core] [Channel #10]Channel switches to new LB policy "pick_first"
[34m2026-07-15 18:17:28.134 UTC 0035 INFO[0m [grpc] [34;1mInfof[0m -> [pick-first-leaf-lb] [pick-first-leaf-lb 0x966ecd1cc60] Received new config {
  "shuffleAddressList": false
}, resolver state {
  "Addresses": [
    {
      "Addr": "peer0.qld.retf.com:7051",
      "ServerName": "",
      "Attributes": null,
      "BalancerAttributes": null,
      "Metadata": null
    }
  ],
  "Endpoints": [
    {
      "Addresses": [
        {
          "Addr": "peer0.qld.retf.com:7051",
          "ServerName": "",
          "Attributes": null,
          "BalancerAttributes": null,
          "Metadata": null
        }
      ],
      "Attributes": null
    }
  ],
  "ServiceConfig": null,
  "Attributes": null
}
[34m2026-07-15 18:17:28.134 UTC 0036 INFO[0m [grpc] [34;1mAddTraceEvent[0m -> [core] [Channel #10]Channel Connectivity change to CONNECTING
[34m2026-07-15 18:17:28.134 UTC 0037 INFO[0m [grpc] [34;1mAddTraceEvent[0m -> [core] [Channel #10 SubChannel #11]Subchannel created
[34m2026-07-15 18:17:28.134 UTC 0038 INFO[0m [grpc] [34;1mAddTraceEvent[0m -> [core] [Channel #10]Channel exiting idle mode
[34m2026-07-15 18:17:28.134 UTC 0039 INFO[0m [grpc] [34;1mAddTraceEvent[0m -> [core] [Channel #10 SubChannel #11]Subchannel Connectivity change to CONNECTING
[34m2026-07-15 18:17:28.134 UTC 003a INFO[0m [grpc] [34;1mAddTraceEvent[0m -> [core] [Channel #10 SubChannel #11]Subchannel picks a new address "peer0.qld.retf.com:7051" to connect
[34m2026-07-15 18:17:28.136 UTC 003b INFO[0m [grpc] [34;1mAddTraceEvent[0m -> [core] [Channel #10 SubChannel #11]Subchannel Connectivity change to READY
[34m2026-07-15 18:17:28.137 UTC 003c INFO[0m [grpc] [34;1mInfof[0m -> [pick-first-leaf-lb] [pick-first-leaf-lb 0x966ecd1cc60] SubConn 0x966ecbb7040 reported connectivity state READY and the health listener is disabled. Transitioning SubConn to READY.
[34m2026-07-15 18:17:28.137 UTC 003d INFO[0m [grpc] [34;1mAddTraceEvent[0m -> [core] [Channel #10]Channel Connectivity change to READY
[34m2026-07-15 18:17:28.137 UTC 003e INFO[0m [grpc] [34;1mInfof[0m -> [core] original dial target is: "peer0.sa.retf.com:7051"
[34m2026-07-15 18:17:28.137 UTC 003f INFO[0m [grpc] [34;1mAddTraceEvent[0m -> [core] [Channel #13]Channel created
[34m2026-07-15 18:17:28.137 UTC 0040 INFO[0m [grpc] [34;1mAddTraceEvent[0m -> [core] [Channel #13]parsed dial target is: resolver.Target{URL:url.URL{Scheme:"passthrough", Opaque:"", User:(*url.Userinfo)(nil), Host:"", Path:"/peer0.sa.retf.com:7051", Fragment:"", RawQuery:"", RawPath:"", RawFragment:"", ForceQuery:false, OmitHost:false}}
[34m2026-07-15 18:17:28.137 UTC 0041 INFO[0m [grpc] [34;1mAddTraceEvent[0m -> [core] [Channel #13]Channel authority set to "peer0.sa.retf.com:7051"
[34m2026-07-15 18:17:28.137 UTC 0042 INFO[0m [grpc] [34;1mAddTraceEvent[0m -> [core] [Channel #13]Resolver state updated: {
  "Addresses": [
    {
      "Addr": "peer0.sa.retf.com:7051",
      "ServerName": "",
      "Attributes": null,
      "BalancerAttributes": null,
      "Metadata": null
    }
  ],
  "Endpoints": [
    {
      "Addresses": [
        {
          "Addr": "peer0.sa.retf.com:7051",
          "ServerName": "",
          "Attributes": null,
          "BalancerAttributes": null,
          "Metadata": null
        }
      ],
      "Attributes": null
    }
  ],
  "ServiceConfig": null,
  "Attributes": null
} (resolver returned new addresses)
[34m2026-07-15 18:17:28.137 UTC 0043 INFO[0m [grpc] [34;1mAddTraceEvent[0m -> [core] [Channel #13]Channel switches to new LB policy "pick_first"
[34m2026-07-15 18:17:28.137 UTC 0044 INFO[0m [grpc] [34;1mInfof[0m -> [pick-first-leaf-lb] [pick-first-leaf-lb 0x966ecf282d0] Received new config {
  "shuffleAddressList": false
}, resolver state {
  "Addresses": [
    {
      "Addr": "peer0.sa.retf.com:7051",
      "ServerName": "",
      "Attributes": null,
      "BalancerAttributes": null,
      "Metadata": null
    }
  ],
  "Endpoints": [
    {
      "Addresses": [
        {
          "Addr": "peer0.sa.retf.com:7051",
          "ServerName": "",
          "Attributes": null,
          "BalancerAttributes": null,
          "Metadata": null
        }
      ],
      "Attributes": null
    }
  ],
  "ServiceConfig": null,
  "Attributes": null
}
[34m2026-07-15 18:17:28.137 UTC 0045 INFO[0m [grpc] [34;1mAddTraceEvent[0m -> [core] [Channel #13]Channel Connectivity change to CONNECTING
[34m2026-07-15 18:17:28.137 UTC 0046 INFO[0m [grpc] [34;1mAddTraceEvent[0m -> [core] [Channel #13 SubChannel #14]Subchannel created
[34m2026-07-15 18:17:28.137 UTC 0047 INFO[0m [grpc] [34;1mAddTraceEvent[0m -> [core] [Channel #13]Channel exiting idle mode
[34m2026-07-15 18:17:28.137 UTC 0048 INFO[0m [grpc] [34;1mAddTraceEvent[0m -> [core] [Channel #13 SubChannel #14]Subchannel Connectivity change to CONNECTING
[34m2026-07-15 18:17:28.137 UTC 0049 INFO[0m [grpc] [34;1mAddTraceEvent[0m -> [core] [Channel #13 SubChannel #14]Subchannel picks a new address "peer0.sa.retf.com:7051" to connect
[34m2026-07-15 18:17:28.140 UTC 004a INFO[0m [grpc] [34;1mAddTraceEvent[0m -> [core] [Channel #13 SubChannel #14]Subchannel Connectivity change to READY
[34m2026-07-15 18:17:28.140 UTC 004b INFO[0m [grpc] [34;1mInfof[0m -> [pick-first-leaf-lb] [pick-first-leaf-lb 0x966ecf282d0] SubConn 0x966ece44e60 reported connectivity state READY and the health listener is disabled. Transitioning SubConn to READY.
[34m2026-07-15 18:17:28.140 UTC 004c INFO[0m [grpc] [34;1mAddTraceEvent[0m -> [core] [Channel #13]Channel Connectivity change to READY
[34m2026-07-15 18:17:28.140 UTC 004d INFO[0m [grpc] [34;1mInfof[0m -> [core] original dial target is: "peer0.sa.retf.com:7051"
[34m2026-07-15 18:17:28.140 UTC 004e INFO[0m [grpc] [34;1mAddTraceEvent[0m -> [core] [Channel #16]Channel created
[34m2026-07-15 18:17:28.140 UTC 004f INFO[0m [grpc] [34;1mAddTraceEvent[0m -> [core] [Channel #16]parsed dial target is: resolver.Target{URL:url.URL{Scheme:"passthrough", Opaque:"", User:(*url.Userinfo)(nil), Host:"", Path:"/peer0.sa.retf.com:7051", Fragment:"", RawQuery:"", RawPath:"", RawFragment:"", ForceQuery:false, OmitHost:false}}
[34m2026-07-15 18:17:28.140 UTC 0050 INFO[0m [grpc] [34;1mAddTraceEvent[0m -> [core] [Channel #16]Channel authority set to "peer0.sa.retf.com:7051"
[34m2026-07-15 18:17:28.140 UTC 0051 INFO[0m [grpc] [34;1mAddTraceEvent[0m -> [core] [Channel #16]Resolver state updated: {
  "Addresses": [
    {
      "Addr": "peer0.sa.retf.com:7051",
      "ServerName": "",
      "Attributes": null,
      "BalancerAttributes": null,
      "Metadata": null
    }
  ],
  "Endpoints": [
    {
      "Addresses": [
        {
          "Addr": "peer0.sa.retf.com:7051",
          "ServerName": "",
          "Attributes": null,
          "BalancerAttributes": null,
          "Metadata": null
        }
      ],
      "Attributes": null
    }
  ],
  "ServiceConfig": null,
  "Attributes": null
} (resolver returned new addresses)
[34m2026-07-15 18:17:28.140 UTC 0052 INFO[0m [grpc] [34;1mAddTraceEvent[0m -> [core] [Channel #16]Channel switches to new LB policy "pick_first"
[34m2026-07-15 18:17:28.140 UTC 0053 INFO[0m [grpc] [34;1mInfof[0m -> [pick-first-leaf-lb] [pick-first-leaf-lb 0x966ecf28480] Received new config {
  "shuffleAddressList": false
}, resolver state {
  "Addresses": [
    {
      "Addr": "peer0.sa.retf.com:7051",
      "ServerName": "",
      "Attributes": null,
      "BalancerAttributes": null,
      "Metadata": null
    }
  ],
  "Endpoints": [
    {
      "Addresses": [
        {
          "Addr": "peer0.sa.retf.com:7051",
          "ServerName": "",
          "Attributes": null,
          "BalancerAttributes": null,
          "Metadata": null
        }
      ],
      "Attributes": null
    }
  ],
  "ServiceConfig": null,
  "Attributes": null
}
[34m2026-07-15 18:17:28.140 UTC 0054 INFO[0m [grpc] [34;1mAddTraceEvent[0m -> [core] [Channel #16]Channel Connectivity change to CONNECTING
[34m2026-07-15 18:17:28.140 UTC 0055 INFO[0m [grpc] [34;1mAddTraceEvent[0m -> [core] [Channel #16 SubChannel #17]Subchannel created
[34m2026-07-15 18:17:28.140 UTC 0056 INFO[0m [grpc] [34;1mAddTraceEvent[0m -> [core] [Channel #16]Channel exiting idle mode
[34m2026-07-15 18:17:28.140 UTC 0057 INFO[0m [grpc] [34;1mAddTraceEvent[0m -> [core] [Channel #16 SubChannel #17]Subchannel Connectivity change to CONNECTING
[34m2026-07-15 18:17:28.140 UTC 0058 INFO[0m [grpc] [34;1mAddTraceEvent[0m -> [core] [Channel #16 SubChannel #17]Subchannel picks a new address "peer0.sa.retf.com:7051" to connect
[34m2026-07-15 18:17:28.142 UTC 0059 INFO[0m [grpc] [34;1mAddTraceEvent[0m -> [core] [Channel #16 SubChannel #17]Subchannel Connectivity change to READY
[34m2026-07-15 18:17:28.142 UTC 005a INFO[0m [grpc] [34;1mInfof[0m -> [pick-first-leaf-lb] [pick-first-leaf-lb 0x966ecf28480] SubConn 0x966ecfb0370 reported connectivity state READY and the health listener is disabled. Transitioning SubConn to READY.
[34m2026-07-15 18:17:28.142 UTC 005b INFO[0m [grpc] [34;1mAddTraceEvent[0m -> [core] [Channel #16]Channel Connectivity change to READY
[33m2026-07-15 18:17:28.142 UTC 005c WARN[0m [grpc] [33;1mWarningf[0m -> [core] Adjusting keepalive ping interval to minimum period of 10s
[34m2026-07-15 18:17:28.142 UTC 005d INFO[0m [grpc] [34;1mInfof[0m -> [core] original dial target is: "orderer.orderer.retf.com:7050"
[34m2026-07-15 18:17:28.142 UTC 005e INFO[0m [grpc] [34;1mAddTraceEvent[0m -> [core] [Channel #19]Channel created
[34m2026-07-15 18:17:28.142 UTC 005f INFO[0m [grpc] [34;1mAddTraceEvent[0m -> [core] [Channel #19]parsed dial target is: resolver.Target{URL:url.URL{Scheme:"passthrough", Opaque:"", User:(*url.Userinfo)(nil), Host:"", Path:"/orderer.orderer.retf.com:7050", Fragment:"", RawQuery:"", RawPath:"", RawFragment:"", ForceQuery:false, OmitHost:false}}
[34m2026-07-15 18:17:28.142 UTC 0060 INFO[0m [grpc] [34;1mAddTraceEvent[0m -> [core] [Channel #19]Channel authority set to "orderer.orderer.retf.com"
[34m2026-07-15 18:17:28.142 UTC 0061 INFO[0m [grpc] [34;1mAddTraceEvent[0m -> [core] [Channel #19]Resolver state updated: {
  "Addresses": [
    {
      "Addr": "orderer.orderer.retf.com:7050",
      "ServerName": "",
      "Attributes": null,
      "BalancerAttributes": null,
      "Metadata": null
    }
  ],
  "Endpoints": [
    {
      "Addresses": [
        {
          "Addr": "orderer.orderer.retf.com:7050",
          "ServerName": "",
          "Attributes": null,
          "BalancerAttributes": null,
          "Metadata": null
        }
      ],
      "Attributes": null
    }
  ],
  "ServiceConfig": null,
  "Attributes": null
} (resolver returned new addresses)
[34m2026-07-15 18:17:28.142 UTC 0062 INFO[0m [grpc] [34;1mAddTraceEvent[0m -> [core] [Channel #19]Channel switches to new LB policy "pick_first"
[34m2026-07-15 18:17:28.143 UTC 0063 INFO[0m [grpc] [34;1mInfof[0m -> [pick-first-leaf-lb] [pick-first-leaf-lb 0x966ecf28870] Received new config {
  "shuffleAddressList": false
}, resolver state {
  "Addresses": [
    {
      "Addr": "orderer.orderer.retf.com:7050",
      "ServerName": "",
      "Attributes": null,
      "BalancerAttributes": null,
      "Metadata": null
    }
  ],
  "Endpoints": [
    {
      "Addresses": [
        {
          "Addr": "orderer.orderer.retf.com:7050",
          "ServerName": "",
          "Attributes": null,
          "BalancerAttributes": null,
          "Metadata": null
        }
      ],
      "Attributes": null
    }
  ],
  "ServiceConfig": null,
  "Attributes": null
}
[34m2026-07-15 18:17:28.143 UTC 0064 INFO[0m [grpc] [34;1mAddTraceEvent[0m -> [core] [Channel #19]Channel Connectivity change to CONNECTING
[34m2026-07-15 18:17:28.143 UTC 0065 INFO[0m [grpc] [34;1mAddTraceEvent[0m -> [core] [Channel #19 SubChannel #20]Subchannel created
[34m2026-07-15 18:17:28.143 UTC 0066 INFO[0m [grpc] [34;1mAddTraceEvent[0m -> [core] [Channel #19]Channel exiting idle mode
[34m2026-07-15 18:17:28.143 UTC 0067 INFO[0m [grpc] [34;1mAddTraceEvent[0m -> [core] [Channel #19 SubChannel #20]Subchannel Connectivity change to CONNECTING
[34m2026-07-15 18:17:28.143 UTC 0068 INFO[0m [grpc] [34;1mAddTraceEvent[0m -> [core] [Channel #19 SubChannel #20]Subchannel picks a new address "orderer.orderer.retf.com:7050" to connect
[34m2026-07-15 18:17:28.145 UTC 0069 INFO[0m [grpc] [34;1mAddTraceEvent[0m -> [core] [Channel #19 SubChannel #20]Subchannel Connectivity change to READY
[34m2026-07-15 18:17:28.145 UTC 006a INFO[0m [grpc] [34;1mInfof[0m -> [pick-first-leaf-lb] [pick-first-leaf-lb 0x966ecf28870] SubConn 0x966ecfb0a50 reported connectivity state READY and the health listener is disabled. Transitioning SubConn to READY.
[34m2026-07-15 18:17:28.145 UTC 006b INFO[0m [grpc] [34;1mAddTraceEvent[0m -> [core] [Channel #19]Channel Connectivity change to READY
[34m2026-07-15 18:17:30.203 UTC 006c INFO[0m [chaincodeCmd] [34;1mClientWait[0m -> txid [a468cb89ffc3b11db2172f7a9ab0d96e220c54ec1bb6c21173ac0d8da2b033b9] committed with status (VALID) at peer0.sa.retf.com:7051
[34m2026-07-15 18:17:30.206 UTC 006d INFO[0m [chaincodeCmd] [34;1mClientWait[0m -> txid [a468cb89ffc3b11db2172f7a9ab0d96e220c54ec1bb6c21173ac0d8da2b033b9] committed with status (VALID) at peer0.qld.retf.com:7051
[34m2026-07-15 18:17:30.207 UTC 006e INFO[0m [chaincodeCmd] [34;1mClientWait[0m -> txid [a468cb89ffc3b11db2172f7a9ab0d96e220c54ec1bb6c21173ac0d8da2b033b9] committed with status (VALID) at peer0.nsw.retf.com:7051
[34m2026-07-15 18:17:30.207 UTC 006f INFO[0m [chaincodeCmd] [34;1mchaincodeInvokeOrQuery[0m -> Chaincode invoke successful. result: status:200 payload:"s2.2.2/verifier-key/s222-attestor/00000000000000000001"
[34m2026-07-15 18:17:31.141 UTC 0001 INFO[0m [chaincodeCmd] [34;1mInitCmdFactory[0m -> InitCmdFactory: Entry: invoke, true, true
[34m2026-07-15 18:17:31.141 UTC 0002 INFO[0m [grpc] [34;1mInfof[0m -> [core] original dial target is: "peer0.nsw.retf.com:7051"
[34m2026-07-15 18:17:31.141 UTC 0003 INFO[0m [grpc] [34;1mAddTraceEvent[0m -> [core] [Channel #1]Channel created
[34m2026-07-15 18:17:31.141 UTC 0004 INFO[0m [grpc] [34;1mAddTraceEvent[0m -> [core] [Channel #1]parsed dial target is: resolver.Target{URL:url.URL{Scheme:"passthrough", Opaque:"", User:(*url.Userinfo)(nil), Host:"", Path:"/peer0.nsw.retf.com:7051", Fragment:"", RawQuery:"", RawPath:"", RawFragment:"", ForceQuery:false, OmitHost:false}}
[34m2026-07-15 18:17:31.141 UTC 0005 INFO[0m [grpc] [34;1mAddTraceEvent[0m -> [core] [Channel #1]Channel authority set to "peer0.nsw.retf.com:7051"
[34m2026-07-15 18:17:31.141 UTC 0006 INFO[0m [grpc] [34;1mAddTraceEvent[0m -> [core] [Channel #1]Resolver state updated: {
  "Addresses": [
    {
      "Addr": "peer0.nsw.retf.com:7051",
      "ServerName": "",
      "Attributes": null,
      "BalancerAttributes": null,
      "Metadata": null
    }
  ],
  "Endpoints": [
    {
      "Addresses": [
        {
          "Addr": "peer0.nsw.retf.com:7051",
          "ServerName": "",
          "Attributes": null,
          "BalancerAttributes": null,
          "Metadata": null
        }
      ],
      "Attributes": null
    }
  ],
  "ServiceConfig": null,
  "Attributes": null
} (resolver returned new addresses)
[34m2026-07-15 18:17:31.141 UTC 0007 INFO[0m [grpc] [34;1mAddTraceEvent[0m -> [core] [Channel #1]Channel switches to new LB policy "pick_first"
[34m2026-07-15 18:17:31.141 UTC 0008 INFO[0m [grpc] [34;1mInfof[0m -> [pick-first-leaf-lb] [pick-first-leaf-lb 0x701820287e0] Received new config {
  "shuffleAddressList": false
}, resolver state {
  "Addresses": [
    {
      "Addr": "peer0.nsw.retf.com:7051",
      "ServerName": "",
      "Attributes": null,
      "BalancerAttributes": null,
      "Metadata": null
    }
  ],
  "Endpoints": [
    {
      "Addresses": [
        {
          "Addr": "peer0.nsw.retf.com:7051",
          "ServerName": "",
          "Attributes": null,
          "BalancerAttributes": null,
          "Metadata": null
        }
      ],
      "Attributes": null
    }
  ],
  "ServiceConfig": null,
  "Attributes": null
}
[34m2026-07-15 18:17:31.141 UTC 0009 INFO[0m [grpc] [34;1mAddTraceEvent[0m -> [core] [Channel #1]Channel Connectivity change to CONNECTING
[34m2026-07-15 18:17:31.141 UTC 000a INFO[0m [grpc] [34;1mAddTraceEvent[0m -> [core] [Channel #1 SubChannel #2]Subchannel created
[34m2026-07-15 18:17:31.141 UTC 000b INFO[0m [grpc] [34;1mAddTraceEvent[0m -> [core] [Channel #1]Channel exiting idle mode
[34m2026-07-15 18:17:31.141 UTC 000c INFO[0m [grpc] [34;1mAddTraceEvent[0m -> [core] [Channel #1 SubChannel #2]Subchannel Connectivity change to CONNECTING
[34m2026-07-15 18:17:31.141 UTC 000d INFO[0m [grpc] [34;1mAddTraceEvent[0m -> [core] [Channel #1 SubChannel #2]Subchannel picks a new address "peer0.nsw.retf.com:7051" to connect
[34m2026-07-15 18:17:31.143 UTC 000e INFO[0m [grpc] [34;1mAddTraceEvent[0m -> [core] [Channel #1 SubChannel #2]Subchannel Connectivity change to READY
[34m2026-07-15 18:17:31.143 UTC 000f INFO[0m [grpc] [34;1mInfof[0m -> [pick-first-leaf-lb] [pick-first-leaf-lb 0x701820287e0] SubConn 0x70181edbe00 reported connectivity state READY and the health listener is disabled. Transitioning SubConn to READY.
[34m2026-07-15 18:17:31.143 UTC 0010 INFO[0m [grpc] [34;1mAddTraceEvent[0m -> [core] [Channel #1]Channel Connectivity change to READY
[34m2026-07-15 18:17:31.144 UTC 0011 INFO[0m [grpc] [34;1mInfof[0m -> [core] original dial target is: "peer0.nsw.retf.com:7051"
[34m2026-07-15 18:17:31.144 UTC 0012 INFO[0m [grpc] [34;1mAddTraceEvent[0m -> [core] [Channel #4]Channel created
[34m2026-07-15 18:17:31.144 UTC 0013 INFO[0m [grpc] [34;1mAddTraceEvent[0m -> [core] [Channel #4]parsed dial target is: resolver.Target{URL:url.URL{Scheme:"passthrough", Opaque:"", User:(*url.Userinfo)(nil), Host:"", Path:"/peer0.nsw.retf.com:7051", Fragment:"", RawQuery:"", RawPath:"", RawFragment:"", ForceQuery:false, OmitHost:false}}
[34m2026-07-15 18:17:31.144 UTC 0014 INFO[0m [grpc] [34;1mAddTraceEvent[0m -> [core] [Channel #4]Channel authority set to "peer0.nsw.retf.com:7051"
[34m2026-07-15 18:17:31.144 UTC 0015 INFO[0m [grpc] [34;1mAddTraceEvent[0m -> [core] [Channel #4]Resolver state updated: {
  "Addresses": [
    {
      "Addr": "peer0.nsw.retf.com:7051",
      "ServerName": "",
      "Attributes": null,
      "BalancerAttributes": null,
      "Metadata": null
    }
  ],
  "Endpoints": [
    {
      "Addresses": [
        {
          "Addr": "peer0.nsw.retf.com:7051",
          "ServerName": "",
          "Attributes": null,
          "BalancerAttributes": null,
          "Metadata": null
        }
      ],
      "Attributes": null
    }
  ],
  "ServiceConfig": null,
  "Attributes": null
} (resolver returned new addresses)
[34m2026-07-15 18:17:31.144 UTC 0016 INFO[0m [grpc] [34;1mAddTraceEvent[0m -> [core] [Channel #4]Channel switches to new LB policy "pick_first"
[34m2026-07-15 18:17:31.144 UTC 0017 INFO[0m [grpc] [34;1mInfof[0m -> [pick-first-leaf-lb] [pick-first-leaf-lb 0x701820a0750] Received new config {
  "shuffleAddressList": false
}, resolver state {
  "Addresses": [
    {
      "Addr": "peer0.nsw.retf.com:7051",
      "ServerName": "",
      "Attributes": null,
      "BalancerAttributes": null,
      "Metadata": null
    }
  ],
  "Endpoints": [
    {
      "Addresses": [
        {
          "Addr": "peer0.nsw.retf.com:7051",
          "ServerName": "",
          "Attributes": null,
          "BalancerAttributes": null,
          "Metadata": null
        }
      ],
      "Attributes": null
    }
  ],
  "ServiceConfig": null,
  "Attributes": null
}
[34m2026-07-15 18:17:31.144 UTC 0018 INFO[0m [grpc] [34;1mAddTraceEvent[0m -> [core] [Channel #4]Channel Connectivity change to CONNECTING
[34m2026-07-15 18:17:31.144 UTC 0019 INFO[0m [grpc] [34;1mAddTraceEvent[0m -> [core] [Channel #4 SubChannel #5]Subchannel created
[34m2026-07-15 18:17:31.145 UTC 001a INFO[0m [grpc] [34;1mAddTraceEvent[0m -> [core] [Channel #4]Channel exiting idle mode
[34m2026-07-15 18:17:31.145 UTC 001b INFO[0m [grpc] [34;1mAddTraceEvent[0m -> [core] [Channel #4 SubChannel #5]Subchannel Connectivity change to CONNECTING
[34m2026-07-15 18:17:31.145 UTC 001c INFO[0m [grpc] [34;1mAddTraceEvent[0m -> [core] [Channel #4 SubChannel #5]Subchannel picks a new address "peer0.nsw.retf.com:7051" to connect
[34m2026-07-15 18:17:31.147 UTC 001d INFO[0m [grpc] [34;1mAddTraceEvent[0m -> [core] [Channel #4 SubChannel #5]Subchannel Connectivity change to READY
[34m2026-07-15 18:17:31.147 UTC 001e INFO[0m [grpc] [34;1mInfof[0m -> [pick-first-leaf-lb] [pick-first-leaf-lb 0x701820a0750] SubConn 0x701825220f0 reported connectivity state READY and the health listener is disabled. Transitioning SubConn to READY.
[34m2026-07-15 18:17:31.147 UTC 001f INFO[0m [grpc] [34;1mAddTraceEvent[0m -> [core] [Channel #4]Channel Connectivity change to READY
[34m2026-07-15 18:17:31.147 UTC 0020 INFO[0m [grpc] [34;1mInfof[0m -> [core] original dial target is: "peer0.qld.retf.com:7051"
[34m2026-07-15 18:17:31.147 UTC 0021 INFO[0m [grpc] [34;1mAddTraceEvent[0m -> [core] [Channel #7]Channel created
[34m2026-07-15 18:17:31.147 UTC 0022 INFO[0m [grpc] [34;1mAddTraceEvent[0m -> [core] [Channel #7]parsed dial target is: resolver.Target{URL:url.URL{Scheme:"passthrough", Opaque:"", User:(*url.Userinfo)(nil), Host:"", Path:"/peer0.qld.retf.com:7051", Fragment:"", RawQuery:"", RawPath:"", RawFragment:"", ForceQuery:false, OmitHost:false}}
[34m2026-07-15 18:17:31.147 UTC 0023 INFO[0m [grpc] [34;1mAddTraceEvent[0m -> [core] [Channel #7]Channel authority set to "peer0.qld.retf.com:7051"
[34m2026-07-15 18:17:31.147 UTC 0024 INFO[0m [grpc] [34;1mAddTraceEvent[0m -> [core] [Channel #7]Resolver state updated: {
  "Addresses": [
    {
      "Addr": "peer0.qld.retf.com:7051",
      "ServerName": "",
      "Attributes": null,
      "BalancerAttributes": null,
      "Metadata": null
    }
  ],
  "Endpoints": [
    {
      "Addresses": [
        {
          "Addr": "peer0.qld.retf.com:7051",
          "ServerName": "",
          "Attributes": null,
          "BalancerAttributes": null,
          "Metadata": null
        }
      ],
      "Attributes": null
    }
  ],
  "ServiceConfig": null,
  "Attributes": null
} (resolver returned new addresses)
[34m2026-07-15 18:17:31.147 UTC 0025 INFO[0m [grpc] [34;1mAddTraceEvent[0m -> [core] [Channel #7]Channel switches to new LB policy "pick_first"
[34m2026-07-15 18:17:31.147 UTC 0026 INFO[0m [grpc] [34;1mInfof[0m -> [pick-first-leaf-lb] [pick-first-leaf-lb 0x70182338360] Received new config {
  "shuffleAddressList": false
}, resolver state {
  "Addresses": [
    {
      "Addr": "peer0.qld.retf.com:7051",
      "ServerName": "",
      "Attributes": null,
      "BalancerAttributes": null,
      "Metadata": null
    }
  ],
  "Endpoints": [
    {
      "Addresses": [
        {
          "Addr": "peer0.qld.retf.com:7051",
          "ServerName": "",
          "Attributes": null,
          "BalancerAttributes": null,
          "Metadata": null
        }
      ],
      "Attributes": null
    }
  ],
  "ServiceConfig": null,
  "Attributes": null
}
[34m2026-07-15 18:17:31.147 UTC 0027 INFO[0m [grpc] [34;1mAddTraceEvent[0m -> [core] [Channel #7]Channel Connectivity change to CONNECTING
[34m2026-07-15 18:17:31.147 UTC 0028 INFO[0m [grpc] [34;1mAddTraceEvent[0m -> [core] [Channel #7 SubChannel #8]Subchannel created
[34m2026-07-15 18:17:31.147 UTC 0029 INFO[0m [grpc] [34;1mAddTraceEvent[0m -> [core] [Channel #7]Channel exiting idle mode
[34m2026-07-15 18:17:31.147 UTC 002a INFO[0m [grpc] [34;1mAddTraceEvent[0m -> [core] [Channel #7 SubChannel #8]Subchannel Connectivity change to CONNECTING
[34m2026-07-15 18:17:31.147 UTC 002b INFO[0m [grpc] [34;1mAddTraceEvent[0m -> [core] [Channel #7 SubChannel #8]Subchannel picks a new address "peer0.qld.retf.com:7051" to connect
[34m2026-07-15 18:17:31.149 UTC 002c INFO[0m [grpc] [34;1mAddTraceEvent[0m -> [core] [Channel #7 SubChannel #8]Subchannel Connectivity change to READY
[34m2026-07-15 18:17:31.149 UTC 002d INFO[0m [grpc] [34;1mInfof[0m -> [pick-first-leaf-lb] [pick-first-leaf-lb 0x70182338360] SubConn 0x70182412370 reported connectivity state READY and the health listener is disabled. Transitioning SubConn to READY.
[34m2026-07-15 18:17:31.149 UTC 002e INFO[0m [grpc] [34;1mAddTraceEvent[0m -> [core] [Channel #7]Channel Connectivity change to READY
[34m2026-07-15 18:17:31.149 UTC 002f INFO[0m [grpc] [34;1mInfof[0m -> [core] original dial target is: "peer0.qld.retf.com:7051"
[34m2026-07-15 18:17:31.149 UTC 0030 INFO[0m [grpc] [34;1mAddTraceEvent[0m -> [core] [Channel #10]Channel created
[34m2026-07-15 18:17:31.149 UTC 0031 INFO[0m [grpc] [34;1mAddTraceEvent[0m -> [core] [Channel #10]parsed dial target is: resolver.Target{URL:url.URL{Scheme:"passthrough", Opaque:"", User:(*url.Userinfo)(nil), Host:"", Path:"/peer0.qld.retf.com:7051", Fragment:"", RawQuery:"", RawPath:"", RawFragment:"", ForceQuery:false, OmitHost:false}}
[34m2026-07-15 18:17:31.149 UTC 0032 INFO[0m [grpc] [34;1mAddTraceEvent[0m -> [core] [Channel #10]Channel authority set to "peer0.qld.retf.com:7051"
[34m2026-07-15 18:17:31.149 UTC 0033 INFO[0m [grpc] [34;1mAddTraceEvent[0m -> [core] [Channel #10]Resolver state updated: {
  "Addresses": [
    {
      "Addr": "peer0.qld.retf.com:7051",
      "ServerName": "",
      "Attributes": null,
      "BalancerAttributes": null,
      "Metadata": null
    }
  ],
  "Endpoints": [
    {
      "Addresses": [
        {
          "Addr": "peer0.qld.retf.com:7051",
          "ServerName": "",
          "Attributes": null,
          "BalancerAttributes": null,
          "Metadata": null
        }
      ],
      "Attributes": null
    }
  ],
  "ServiceConfig": null,
  "Attributes": null
} (resolver returned new addresses)
[34m2026-07-15 18:17:31.150 UTC 0034 INFO[0m [grpc] [34;1mAddTraceEvent[0m -> [core] [Channel #10]Channel switches to new LB policy "pick_first"
[34m2026-07-15 18:17:31.150 UTC 0035 INFO[0m [grpc] [34;1mInfof[0m -> [pick-first-leaf-lb] [pick-first-leaf-lb 0x70182028bd0] Received new config {
  "shuffleAddressList": false
}, resolver state {
  "Addresses": [
    {
      "Addr": "peer0.qld.retf.com:7051",
      "ServerName": "",
      "Attributes": null,
      "BalancerAttributes": null,
      "Metadata": null
    }
  ],
  "Endpoints": [
    {
      "Addresses": [
        {
          "Addr": "peer0.qld.retf.com:7051",
          "ServerName": "",
          "Attributes": null,
          "BalancerAttributes": null,
          "Metadata": null
        }
      ],
      "Attributes": null
    }
  ],
  "ServiceConfig": null,
  "Attributes": null
}
[34m2026-07-15 18:17:31.150 UTC 0036 INFO[0m [grpc] [34;1mAddTraceEvent[0m -> [core] [Channel #10]Channel Connectivity change to CONNECTING
[34m2026-07-15 18:17:31.150 UTC 0037 INFO[0m [grpc] [34;1mAddTraceEvent[0m -> [core] [Channel #10 SubChannel #11]Subchannel created
[34m2026-07-15 18:17:31.150 UTC 0038 INFO[0m [grpc] [34;1mAddTraceEvent[0m -> [core] [Channel #10]Channel exiting idle mode
[34m2026-07-15 18:17:31.150 UTC 0039 INFO[0m [grpc] [34;1mAddTraceEvent[0m -> [core] [Channel #10 SubChannel #11]Subchannel Connectivity change to CONNECTING
[34m2026-07-15 18:17:31.150 UTC 003a INFO[0m [grpc] [34;1mAddTraceEvent[0m -> [core] [Channel #10 SubChannel #11]Subchannel picks a new address "peer0.qld.retf.com:7051" to connect
[34m2026-07-15 18:17:31.151 UTC 003b INFO[0m [grpc] [34;1mAddTraceEvent[0m -> [core] [Channel #10 SubChannel #11]Subchannel Connectivity change to READY
[34m2026-07-15 18:17:31.152 UTC 003c INFO[0m [grpc] [34;1mInfof[0m -> [pick-first-leaf-lb] [pick-first-leaf-lb 0x70182028bd0] SubConn 0x70182352e60 reported connectivity state READY and the health listener is disabled. Transitioning SubConn to READY.
[34m2026-07-15 18:17:31.152 UTC 003d INFO[0m [grpc] [34;1mAddTraceEvent[0m -> [core] [Channel #10]Channel Connectivity change to READY
[34m2026-07-15 18:17:31.152 UTC 003e INFO[0m [grpc] [34;1mInfof[0m -> [core] original dial target is: "peer0.sa.retf.com:7051"
[34m2026-07-15 18:17:31.152 UTC 003f INFO[0m [grpc] [34;1mAddTraceEvent[0m -> [core] [Channel #13]Channel created
[34m2026-07-15 18:17:31.152 UTC 0040 INFO[0m [grpc] [34;1mAddTraceEvent[0m -> [core] [Channel #13]parsed dial target is: resolver.Target{URL:url.URL{Scheme:"passthrough", Opaque:"", User:(*url.Userinfo)(nil), Host:"", Path:"/peer0.sa.retf.com:7051", Fragment:"", RawQuery:"", RawPath:"", RawFragment:"", ForceQuery:false, OmitHost:false}}
[34m2026-07-15 18:17:31.152 UTC 0041 INFO[0m [grpc] [34;1mAddTraceEvent[0m -> [core] [Channel #13]Channel authority set to "peer0.sa.retf.com:7051"
[34m2026-07-15 18:17:31.152 UTC 0042 INFO[0m [grpc] [34;1mAddTraceEvent[0m -> [core] [Channel #13]Resolver state updated: {
  "Addresses": [
    {
      "Addr": "peer0.sa.retf.com:7051",
      "ServerName": "",
      "Attributes": null,
      "BalancerAttributes": null,
      "Metadata": null
    }
  ],
  "Endpoints": [
    {
      "Addresses": [
        {
          "Addr": "peer0.sa.retf.com:7051",
          "ServerName": "",
          "Attributes": null,
          "BalancerAttributes": null,
          "Metadata": null
        }
      ],
      "Attributes": null
    }
  ],
  "ServiceConfig": null,
  "Attributes": null
} (resolver returned new addresses)
[34m2026-07-15 18:17:31.152 UTC 0043 INFO[0m [grpc] [34;1mAddTraceEvent[0m -> [core] [Channel #13]Channel switches to new LB policy "pick_first"
[34m2026-07-15 18:17:31.152 UTC 0044 INFO[0m [grpc] [34;1mInfof[0m -> [pick-first-leaf-lb] [pick-first-leaf-lb 0x70182230d80] Received new config {
  "shuffleAddressList": false
}, resolver state {
  "Addresses": [
    {
      "Addr": "peer0.sa.retf.com:7051",
      "ServerName": "",
      "Attributes": null,
      "BalancerAttributes": null,
      "Metadata": null
    }
  ],
  "Endpoints": [
    {
      "Addresses": [
        {
          "Addr": "peer0.sa.retf.com:7051",
          "ServerName": "",
          "Attributes": null,
          "BalancerAttributes": null,
          "Metadata": null
        }
      ],
      "Attributes": null
    }
  ],
  "ServiceConfig": null,
  "Attributes": null
}
[34m2026-07-15 18:17:31.152 UTC 0045 INFO[0m [grpc] [34;1mAddTraceEvent[0m -> [core] [Channel #13]Channel Connectivity change to CONNECTING
[34m2026-07-15 18:17:31.152 UTC 0046 INFO[0m [grpc] [34;1mAddTraceEvent[0m -> [core] [Channel #13 SubChannel #14]Subchannel created
[34m2026-07-15 18:17:31.152 UTC 0047 INFO[0m [grpc] [34;1mAddTraceEvent[0m -> [core] [Channel #13]Channel exiting idle mode
[34m2026-07-15 18:17:31.152 UTC 0048 INFO[0m [grpc] [34;1mAddTraceEvent[0m -> [core] [Channel #13 SubChannel #14]Subchannel Connectivity change to CONNECTING
[34m2026-07-15 18:17:31.152 UTC 0049 INFO[0m [grpc] [34;1mAddTraceEvent[0m -> [core] [Channel #13 SubChannel #14]Subchannel picks a new address "peer0.sa.retf.com:7051" to connect
[34m2026-07-15 18:17:31.154 UTC 004a INFO[0m [grpc] [34;1mAddTraceEvent[0m -> [core] [Channel #13 SubChannel #14]Subchannel Connectivity change to READY
[34m2026-07-15 18:17:31.154 UTC 004b INFO[0m [grpc] [34;1mInfof[0m -> [pick-first-leaf-lb] [pick-first-leaf-lb 0x70182230d80] SubConn 0x70182522b40 reported connectivity state READY and the health listener is disabled. Transitioning SubConn to READY.
[34m2026-07-15 18:17:31.154 UTC 004c INFO[0m [grpc] [34;1mAddTraceEvent[0m -> [core] [Channel #13]Channel Connectivity change to READY
[34m2026-07-15 18:17:31.154 UTC 004d INFO[0m [grpc] [34;1mInfof[0m -> [core] original dial target is: "peer0.sa.retf.com:7051"
[34m2026-07-15 18:17:31.154 UTC 004e INFO[0m [grpc] [34;1mAddTraceEvent[0m -> [core] [Channel #16]Channel created
[34m2026-07-15 18:17:31.154 UTC 004f INFO[0m [grpc] [34;1mAddTraceEvent[0m -> [core] [Channel #16]parsed dial target is: resolver.Target{URL:url.URL{Scheme:"passthrough", Opaque:"", User:(*url.Userinfo)(nil), Host:"", Path:"/peer0.sa.retf.com:7051", Fragment:"", RawQuery:"", RawPath:"", RawFragment:"", ForceQuery:false, OmitHost:false}}
[34m2026-07-15 18:17:31.154 UTC 0050 INFO[0m [grpc] [34;1mAddTraceEvent[0m -> [core] [Channel #16]Channel authority set to "peer0.sa.retf.com:7051"
[34m2026-07-15 18:17:31.154 UTC 0051 INFO[0m [grpc] [34;1mAddTraceEvent[0m -> [core] [Channel #16]Resolver state updated: {
  "Addresses": [
    {
      "Addr": "peer0.sa.retf.com:7051",
      "ServerName": "",
      "Attributes": null,
      "BalancerAttributes": null,
      "Metadata": null
    }
  ],
  "Endpoints": [
    {
      "Addresses": [
        {
          "Addr": "peer0.sa.retf.com:7051",
          "ServerName": "",
          "Attributes": null,
          "BalancerAttributes": null,
          "Metadata": null
        }
      ],
      "Attributes": null
    }
  ],
  "ServiceConfig": null,
  "Attributes": null
} (resolver returned new addresses)
[34m2026-07-15 18:17:31.155 UTC 0052 INFO[0m [grpc] [34;1mAddTraceEvent[0m -> [core] [Channel #16]Channel switches to new LB policy "pick_first"
[34m2026-07-15 18:17:31.155 UTC 0053 INFO[0m [grpc] [34;1mInfof[0m -> [pick-first-leaf-lb] [pick-first-leaf-lb 0x70182231dd0] Received new config {
  "shuffleAddressList": false
}, resolver state {
  "Addresses": [
    {
      "Addr": "peer0.sa.retf.com:7051",
      "ServerName": "",
      "Attributes": null,
      "BalancerAttributes": null,
      "Metadata": null
    }
  ],
  "Endpoints": [
    {
      "Addresses": [
        {
          "Addr": "peer0.sa.retf.com:7051",
          "ServerName": "",
          "Attributes": null,
          "BalancerAttributes": null,
          "Metadata": null
        }
      ],
      "Attributes": null
    }
  ],
  "ServiceConfig": null,
  "Attributes": null
}
[34m2026-07-15 18:17:31.155 UTC 0054 INFO[0m [grpc] [34;1mAddTraceEvent[0m -> [core] [Channel #16]Channel Connectivity change to CONNECTING
[34m2026-07-15 18:17:31.155 UTC 0055 INFO[0m [grpc] [34;1mAddTraceEvent[0m -> [core] [Channel #16 SubChannel #17]Subchannel created
[34m2026-07-15 18:17:31.155 UTC 0056 INFO[0m [grpc] [34;1mAddTraceEvent[0m -> [core] [Channel #16]Channel exiting idle mode
[34m2026-07-15 18:17:31.155 UTC 0057 INFO[0m [grpc] [34;1mAddTraceEvent[0m -> [core] [Channel #16 SubChannel #17]Subchannel Connectivity change to CONNECTING
[34m2026-07-15 18:17:31.155 UTC 0058 INFO[0m [grpc] [34;1mAddTraceEvent[0m -> [core] [Channel #16 SubChannel #17]Subchannel picks a new address "peer0.sa.retf.com:7051" to connect
[34m2026-07-15 18:17:31.157 UTC 0059 INFO[0m [grpc] [34;1mAddTraceEvent[0m -> [core] [Channel #16 SubChannel #17]Subchannel Connectivity change to READY
[34m2026-07-15 18:17:31.157 UTC 005a INFO[0m [grpc] [34;1mInfof[0m -> [pick-first-leaf-lb] [pick-first-leaf-lb 0x70182231dd0] SubConn 0x70182523310 reported connectivity state READY and the health listener is disabled. Transitioning SubConn to READY.
[34m2026-07-15 18:17:31.157 UTC 005b INFO[0m [grpc] [34;1mAddTraceEvent[0m -> [core] [Channel #16]Channel Connectivity change to READY
[33m2026-07-15 18:17:31.157 UTC 005c WARN[0m [grpc] [33;1mWarningf[0m -> [core] Adjusting keepalive ping interval to minimum period of 10s
[34m2026-07-15 18:17:31.157 UTC 005d INFO[0m [grpc] [34;1mInfof[0m -> [core] original dial target is: "orderer.orderer.retf.com:7050"
[34m2026-07-15 18:17:31.157 UTC 005e INFO[0m [grpc] [34;1mAddTraceEvent[0m -> [core] [Channel #19]Channel created
[34m2026-07-15 18:17:31.157 UTC 005f INFO[0m [grpc] [34;1mAddTraceEvent[0m -> [core] [Channel #19]parsed dial target is: resolver.Target{URL:url.URL{Scheme:"passthrough", Opaque:"", User:(*url.Userinfo)(nil), Host:"", Path:"/orderer.orderer.retf.com:7050", Fragment:"", RawQuery:"", RawPath:"", RawFragment:"", ForceQuery:false, OmitHost:false}}
[34m2026-07-15 18:17:31.157 UTC 0060 INFO[0m [grpc] [34;1mAddTraceEvent[0m -> [core] [Channel #19]Channel authority set to "orderer.orderer.retf.com"
[34m2026-07-15 18:17:31.157 UTC 0061 INFO[0m [grpc] [34;1mAddTraceEvent[0m -> [core] [Channel #19]Resolver state updated: {
  "Addresses": [
    {
      "Addr": "orderer.orderer.retf.com:7050",
      "ServerName": "",
      "Attributes": null,
      "BalancerAttributes": null,
      "Metadata": null
    }
  ],
  "Endpoints": [
    {
      "Addresses": [
        {
          "Addr": "orderer.orderer.retf.com:7050",
          "ServerName": "",
          "Attributes": null,
          "BalancerAttributes": null,
          "Metadata": null
        }
      ],
      "Attributes": null
    }
  ],
  "ServiceConfig": null,
  "Attributes": null
} (resolver returned new addresses)
[34m2026-07-15 18:17:31.157 UTC 0062 INFO[0m [grpc] [34;1mAddTraceEvent[0m -> [core] [Channel #19]Channel switches to new LB policy "pick_first"
[34m2026-07-15 18:17:31.157 UTC 0063 INFO[0m [grpc] [34;1mInfof[0m -> [pick-first-leaf-lb] [pick-first-leaf-lb 0x70182338510] Received new config {
  "shuffleAddressList": false
}, resolver state {
  "Addresses": [
    {
      "Addr": "orderer.orderer.retf.com:7050",
      "ServerName": "",
      "Attributes": null,
      "BalancerAttributes": null,
      "Metadata": null
    }
  ],
  "Endpoints": [
    {
      "Addresses": [
        {
          "Addr": "orderer.orderer.retf.com:7050",
          "ServerName": "",
          "Attributes": null,
          "BalancerAttributes": null,
          "Metadata": null
        }
      ],
      "Attributes": null
    }
  ],
  "ServiceConfig": null,
  "Attributes": null
}
[34m2026-07-15 18:17:31.157 UTC 0064 INFO[0m [grpc] [34;1mAddTraceEvent[0m -> [core] [Channel #19]Channel Connectivity change to CONNECTING
[34m2026-07-15 18:17:31.157 UTC 0065 INFO[0m [grpc] [34;1mAddTraceEvent[0m -> [core] [Channel #19 SubChannel #20]Subchannel created
[34m2026-07-15 18:17:31.157 UTC 0066 INFO[0m [grpc] [34;1mAddTraceEvent[0m -> [core] [Channel #19]Channel exiting idle mode
[34m2026-07-15 18:17:31.157 UTC 0067 INFO[0m [grpc] [34;1mAddTraceEvent[0m -> [core] [Channel #19 SubChannel #20]Subchannel Connectivity change to CONNECTING
[34m2026-07-15 18:17:31.157 UTC 0068 INFO[0m [grpc] [34;1mAddTraceEvent[0m -> [core] [Channel #19 SubChannel #20]Subchannel picks a new address "orderer.orderer.retf.com:7050" to connect
[34m2026-07-15 18:17:31.159 UTC 0069 INFO[0m [grpc] [34;1mAddTraceEvent[0m -> [core] [Channel #19 SubChannel #20]Subchannel Connectivity change to READY
[34m2026-07-15 18:17:31.159 UTC 006a INFO[0m [grpc] [34;1mInfof[0m -> [pick-first-leaf-lb] [pick-first-leaf-lb 0x70182338510] SubConn 0x70181d4c410 reported connectivity state READY and the health listener is disabled. Transitioning SubConn to READY.
[34m2026-07-15 18:17:31.159 UTC 006b INFO[0m [grpc] [34;1mAddTraceEvent[0m -> [core] [Channel #19]Channel Connectivity change to READY
[34m2026-07-15 18:17:33.215 UTC 006c INFO[0m [chaincodeCmd] [34;1mClientWait[0m -> txid [0a8ba5114fdb050d2ca2cb4b60e4aef898054e9c66f9487ad5fc471e3b8b0c37] committed with status (VALID) at peer0.nsw.retf.com:7051
[34m2026-07-15 18:17:33.217 UTC 006d INFO[0m [chaincodeCmd] [34;1mClientWait[0m -> txid [0a8ba5114fdb050d2ca2cb4b60e4aef898054e9c66f9487ad5fc471e3b8b0c37] committed with status (VALID) at peer0.sa.retf.com:7051
[34m2026-07-15 18:17:33.218 UTC 006e INFO[0m [chaincodeCmd] [34;1mClientWait[0m -> txid [0a8ba5114fdb050d2ca2cb4b60e4aef898054e9c66f9487ad5fc471e3b8b0c37] committed with status (VALID) at peer0.qld.retf.com:7051
[34m2026-07-15 18:17:33.218 UTC 006f INFO[0m [chaincodeCmd] [34;1mchaincodeInvokeOrQuery[0m -> Chaincode invoke successful. result: status:200 payload:"s2.2.2/verifier-key/s222-attestor/00000000000000000002"
[34m2026-07-15 18:17:33.787 UTC 0001 INFO[0m [chaincodeCmd] [34;1mInitCmdFactory[0m -> InitCmdFactory: Entry: invoke, true, true
[34m2026-07-15 18:17:33.787 UTC 0002 INFO[0m [grpc] [34;1mInfof[0m -> [core] original dial target is: "peer0.nsw.retf.com:7051"
[34m2026-07-15 18:17:33.787 UTC 0003 INFO[0m [grpc] [34;1mAddTraceEvent[0m -> [core] [Channel #1]Channel created
[34m2026-07-15 18:17:33.787 UTC 0004 INFO[0m [grpc] [34;1mAddTraceEvent[0m -> [core] [Channel #1]parsed dial target is: resolver.Target{URL:url.URL{Scheme:"passthrough", Opaque:"", User:(*url.Userinfo)(nil), Host:"", Path:"/peer0.nsw.retf.com:7051", Fragment:"", RawQuery:"", RawPath:"", RawFragment:"", ForceQuery:false, OmitHost:false}}
[34m2026-07-15 18:17:33.787 UTC 0005 INFO[0m [grpc] [34;1mAddTraceEvent[0m -> [core] [Channel #1]Channel authority set to "peer0.nsw.retf.com:7051"
[34m2026-07-15 18:17:33.787 UTC 0006 INFO[0m [grpc] [34;1mAddTraceEvent[0m -> [core] [Channel #1]Resolver state updated: {
  "Addresses": [
    {
      "Addr": "peer0.nsw.retf.com:7051",
      "ServerName": "",
      "Attributes": null,
      "BalancerAttributes": null,
      "Metadata": null
    }
  ],
  "Endpoints": [
    {
      "Addresses": [
        {
          "Addr": "peer0.nsw.retf.com:7051",
          "ServerName": "",
          "Attributes": null,
          "BalancerAttributes": null,
          "Metadata": null
        }
      ],
      "Attributes": null
    }
  ],
  "ServiceConfig": null,
  "Attributes": null
} (resolver returned new addresses)
[34m2026-07-15 18:17:33.787 UTC 0007 INFO[0m [grpc] [34;1mAddTraceEvent[0m -> [core] [Channel #1]Channel switches to new LB policy "pick_first"
[34m2026-07-15 18:17:33.787 UTC 0008 INFO[0m [grpc] [34;1mInfof[0m -> [pick-first-leaf-lb] [pick-first-leaf-lb 0x293a8c3aa2d0] Received new config {
  "shuffleAddressList": false
}, resolver state {
  "Addresses": [
    {
      "Addr": "peer0.nsw.retf.com:7051",
      "ServerName": "",
      "Attributes": null,
      "BalancerAttributes": null,
      "Metadata": null
    }
  ],
  "Endpoints": [
    {
      "Addresses": [
        {
          "Addr": "peer0.nsw.retf.com:7051",
          "ServerName": "",
          "Attributes": null,
          "BalancerAttributes": null,
          "Metadata": null
        }
      ],
      "Attributes": null
    }
  ],
  "ServiceConfig": null,
  "Attributes": null
}
[34m2026-07-15 18:17:33.787 UTC 0009 INFO[0m [grpc] [34;1mAddTraceEvent[0m -> [core] [Channel #1]Channel Connectivity change to CONNECTING
[34m2026-07-15 18:17:33.787 UTC 000a INFO[0m [grpc] [34;1mAddTraceEvent[0m -> [core] [Channel #1 SubChannel #2]Subchannel created
[34m2026-07-15 18:17:33.787 UTC 000b INFO[0m [grpc] [34;1mAddTraceEvent[0m -> [core] [Channel #1]Channel exiting idle mode
[34m2026-07-15 18:17:33.787 UTC 000c INFO[0m [grpc] [34;1mAddTraceEvent[0m -> [core] [Channel #1 SubChannel #2]Subchannel Connectivity change to CONNECTING
[34m2026-07-15 18:17:33.787 UTC 000d INFO[0m [grpc] [34;1mAddTraceEvent[0m -> [core] [Channel #1 SubChannel #2]Subchannel picks a new address "peer0.nsw.retf.com:7051" to connect
[34m2026-07-15 18:17:33.791 UTC 000e INFO[0m [grpc] [34;1mAddTraceEvent[0m -> [core] [Channel #1 SubChannel #2]Subchannel Connectivity change to READY
[34m2026-07-15 18:17:33.791 UTC 000f INFO[0m [grpc] [34;1mInfof[0m -> [pick-first-leaf-lb] [pick-first-leaf-lb 0x293a8c3aa2d0] SubConn 0x293a8c23e140 reported connectivity state READY and the health listener is disabled. Transitioning SubConn to READY.
[34m2026-07-15 18:17:33.791 UTC 0010 INFO[0m [grpc] [34;1mAddTraceEvent[0m -> [core] [Channel #1]Channel Connectivity change to READY
[34m2026-07-15 18:17:33.791 UTC 0011 INFO[0m [grpc] [34;1mInfof[0m -> [core] original dial target is: "peer0.nsw.retf.com:7051"
[34m2026-07-15 18:17:33.791 UTC 0012 INFO[0m [grpc] [34;1mAddTraceEvent[0m -> [core] [Channel #4]Channel created
[34m2026-07-15 18:17:33.791 UTC 0013 INFO[0m [grpc] [34;1mAddTraceEvent[0m -> [core] [Channel #4]parsed dial target is: resolver.Target{URL:url.URL{Scheme:"passthrough", Opaque:"", User:(*url.Userinfo)(nil), Host:"", Path:"/peer0.nsw.retf.com:7051", Fragment:"", RawQuery:"", RawPath:"", RawFragment:"", ForceQuery:false, OmitHost:false}}
[34m2026-07-15 18:17:33.791 UTC 0014 INFO[0m [grpc] [34;1mAddTraceEvent[0m -> [core] [Channel #4]Channel authority set to "peer0.nsw.retf.com:7051"
[34m2026-07-15 18:17:33.791 UTC 0015 INFO[0m [grpc] [34;1mAddTraceEvent[0m -> [core] [Channel #4]Resolver state updated: {
  "Addresses": [
    {
      "Addr": "peer0.nsw.retf.com:7051",
      "ServerName": "",
      "Attributes": null,
      "BalancerAttributes": null,
      "Metadata": null
    }
  ],
  "Endpoints": [
    {
      "Addresses": [
        {
          "Addr": "peer0.nsw.retf.com:7051",
          "ServerName": "",
          "Attributes": null,
          "BalancerAttributes": null,
          "Metadata": null
        }
      ],
      "Attributes": null
    }
  ],
  "ServiceConfig": null,
  "Attributes": null
} (resolver returned new addresses)
[34m2026-07-15 18:17:33.791 UTC 0016 INFO[0m [grpc] [34;1mAddTraceEvent[0m -> [core] [Channel #4]Channel switches to new LB policy "pick_first"
[34m2026-07-15 18:17:33.791 UTC 0017 INFO[0m [grpc] [34;1mInfof[0m -> [pick-first-leaf-lb] [pick-first-leaf-lb 0x293a8c200f30] Received new config {
  "shuffleAddressList": false
}, resolver state {
  "Addresses": [
    {
      "Addr": "peer0.nsw.retf.com:7051",
      "ServerName": "",
      "Attributes": null,
      "BalancerAttributes": null,
      "Metadata": null
    }
  ],
  "Endpoints": [
    {
      "Addresses": [
        {
          "Addr": "peer0.nsw.retf.com:7051",
          "ServerName": "",
          "Attributes": null,
          "BalancerAttributes": null,
          "Metadata": null
        }
      ],
      "Attributes": null
    }
  ],
  "ServiceConfig": null,
  "Attributes": null
}
[34m2026-07-15 18:17:33.791 UTC 0018 INFO[0m [grpc] [34;1mAddTraceEvent[0m -> [core] [Channel #4]Channel Connectivity change to CONNECTING
[34m2026-07-15 18:17:33.791 UTC 0019 INFO[0m [grpc] [34;1mAddTraceEvent[0m -> [core] [Channel #4 SubChannel #5]Subchannel created
[34m2026-07-15 18:17:33.791 UTC 001a INFO[0m [grpc] [34;1mAddTraceEvent[0m -> [core] [Channel #4]Channel exiting idle mode
[34m2026-07-15 18:17:33.791 UTC 001b INFO[0m [grpc] [34;1mAddTraceEvent[0m -> [core] [Channel #4 SubChannel #5]Subchannel Connectivity change to CONNECTING
[34m2026-07-15 18:17:33.792 UTC 001c INFO[0m [grpc] [34;1mAddTraceEvent[0m -> [core] [Channel #4 SubChannel #5]Subchannel picks a new address "peer0.nsw.retf.com:7051" to connect
[34m2026-07-15 18:17:33.793 UTC 001d INFO[0m [grpc] [34;1mAddTraceEvent[0m -> [core] [Channel #4 SubChannel #5]Subchannel Connectivity change to READY
[34m2026-07-15 18:17:33.793 UTC 001e INFO[0m [grpc] [34;1mInfof[0m -> [pick-first-leaf-lb] [pick-first-leaf-lb 0x293a8c200f30] SubConn 0x293a8c2de820 reported connectivity state READY and the health listener is disabled. Transitioning SubConn to READY.
[34m2026-07-15 18:17:33.793 UTC 001f INFO[0m [grpc] [34;1mAddTraceEvent[0m -> [core] [Channel #4]Channel Connectivity change to READY
[33m2026-07-15 18:17:33.794 UTC 0020 WARN[0m [grpc] [33;1mWarningf[0m -> [core] Adjusting keepalive ping interval to minimum period of 10s
[34m2026-07-15 18:17:33.794 UTC 0021 INFO[0m [grpc] [34;1mInfof[0m -> [core] original dial target is: "orderer.orderer.retf.com:7050"
[34m2026-07-15 18:17:33.794 UTC 0022 INFO[0m [grpc] [34;1mAddTraceEvent[0m -> [core] [Channel #7]Channel created
[34m2026-07-15 18:17:33.794 UTC 0023 INFO[0m [grpc] [34;1mAddTraceEvent[0m -> [core] [Channel #7]parsed dial target is: resolver.Target{URL:url.URL{Scheme:"passthrough", Opaque:"", User:(*url.Userinfo)(nil), Host:"", Path:"/orderer.orderer.retf.com:7050", Fragment:"", RawQuery:"", RawPath:"", RawFragment:"", ForceQuery:false, OmitHost:false}}
[34m2026-07-15 18:17:33.794 UTC 0024 INFO[0m [grpc] [34;1mAddTraceEvent[0m -> [core] [Channel #7]Channel authority set to "orderer.orderer.retf.com"
[34m2026-07-15 18:17:33.794 UTC 0025 INFO[0m [grpc] [34;1mAddTraceEvent[0m -> [core] [Channel #7]Resolver state updated: {
  "Addresses": [
    {
      "Addr": "orderer.orderer.retf.com:7050",
      "ServerName": "",
      "Attributes": null,
      "BalancerAttributes": null,
      "Metadata": null
    }
  ],
  "Endpoints": [
    {
      "Addresses": [
        {
          "Addr": "orderer.orderer.retf.com:7050",
          "ServerName": "",
          "Attributes": null,
          "BalancerAttributes": null,
          "Metadata": null
        }
      ],
      "Attributes": null
    }
  ],
  "ServiceConfig": null,
  "Attributes": null
} (resolver returned new addresses)
[34m2026-07-15 18:17:33.794 UTC 0026 INFO[0m [grpc] [34;1mAddTraceEvent[0m -> [core] [Channel #7]Channel switches to new LB policy "pick_first"
[34m2026-07-15 18:17:33.794 UTC 0027 INFO[0m [grpc] [34;1mInfof[0m -> [pick-first-leaf-lb] [pick-first-leaf-lb 0x293a8c23d050] Received new config {
  "shuffleAddressList": false
}, resolver state {
  "Addresses": [
    {
      "Addr": "orderer.orderer.retf.com:7050",
      "ServerName": "",
      "Attributes": null,
      "BalancerAttributes": null,
      "Metadata": null
    }
  ],
  "Endpoints": [
    {
      "Addresses": [
        {
          "Addr": "orderer.orderer.retf.com:7050",
          "ServerName": "",
          "Attributes": null,
          "BalancerAttributes": null,
          "Metadata": null
        }
      ],
      "Attributes": null
    }
  ],
  "ServiceConfig": null,
  "Attributes": null
}
[34m2026-07-15 18:17:33.794 UTC 0028 INFO[0m [grpc] [34;1mAddTraceEvent[0m -> [core] [Channel #7]Channel Connectivity change to CONNECTING
[34m2026-07-15 18:17:33.794 UTC 0029 INFO[0m [grpc] [34;1mAddTraceEvent[0m -> [core] [Channel #7 SubChannel #8]Subchannel created
[34m2026-07-15 18:17:33.794 UTC 002a INFO[0m [grpc] [34;1mAddTraceEvent[0m -> [core] [Channel #7]Channel exiting idle mode
[34m2026-07-15 18:17:33.794 UTC 002b INFO[0m [grpc] [34;1mAddTraceEvent[0m -> [core] [Channel #7 SubChannel #8]Subchannel Connectivity change to CONNECTING
[34m2026-07-15 18:17:33.794 UTC 002c INFO[0m [grpc] [34;1mAddTraceEvent[0m -> [core] [Channel #7 SubChannel #8]Subchannel picks a new address "orderer.orderer.retf.com:7050" to connect
[34m2026-07-15 18:17:33.797 UTC 002d INFO[0m [grpc] [34;1mAddTraceEvent[0m -> [core] [Channel #7 SubChannel #8]Subchannel Connectivity change to READY
[34m2026-07-15 18:17:33.797 UTC 002e INFO[0m [grpc] [34;1mInfof[0m -> [pick-first-leaf-lb] [pick-first-leaf-lb 0x293a8c23d050] SubConn 0x293a8c060820 reported connectivity state READY and the health listener is disabled. Transitioning SubConn to READY.
[34m2026-07-15 18:17:33.797 UTC 002f INFO[0m [grpc] [34;1mAddTraceEvent[0m -> [core] [Channel #7]Channel Connectivity change to READY
[34m2026-07-15 18:17:35.877 UTC 0030 INFO[0m [chaincodeCmd] [34;1mClientWait[0m -> txid [8645bddc7d993597adc6fcc0c71bcf1e1282ddb8b2ae7c226c4c3f8898c49c87] committed with status (VALID) at peer0.nsw.retf.com:7051
[34m2026-07-15 18:17:35.877 UTC 0031 INFO[0m [chaincodeCmd] [34;1mchaincodeInvokeOrQuery[0m -> Chaincode invoke successful. result: status:200 payload:"{\"schema_version\":\"saib-retf-s2.2.2-governance/1\",\"key_id\":\"s222-governance-root\",\"public_key_b64\":\"RNH0uUUphlFOLdQQzdNn9l6h4mKpmmk1NbdD/VAgeAQ=\",\"public_key_sha256\":\"36c5c005bd01b33e32cbff4b1c52da84d8542d8acc520f99fab384f03709d7a8\",\"status\":\"active\",\"last_nonce\":0}"
[34m2026-07-15 18:17:36.815 UTC 0001 INFO[0m [chaincodeCmd] [34;1mInitCmdFactory[0m -> InitCmdFactory: Entry: invoke, true, true
[34m2026-07-15 18:17:36.815 UTC 0002 INFO[0m [grpc] [34;1mInfof[0m -> [core] original dial target is: "peer0.nsw.retf.com:7051"
[34m2026-07-15 18:17:36.815 UTC 0003 INFO[0m [grpc] [34;1mAddTraceEvent[0m -> [core] [Channel #1]Channel created
[34m2026-07-15 18:17:36.815 UTC 0004 INFO[0m [grpc] [34;1mAddTraceEvent[0m -> [core] [Channel #1]parsed dial target is: resolver.Target{URL:url.URL{Scheme:"passthrough", Opaque:"", User:(*url.Userinfo)(nil), Host:"", Path:"/peer0.nsw.retf.com:7051", Fragment:"", RawQuery:"", RawPath:"", RawFragment:"", ForceQuery:false, OmitHost:false}}
[34m2026-07-15 18:17:36.815 UTC 0005 INFO[0m [grpc] [34;1mAddTraceEvent[0m -> [core] [Channel #1]Channel authority set to "peer0.nsw.retf.com:7051"
[34m2026-07-15 18:17:36.815 UTC 0006 INFO[0m [grpc] [34;1mAddTraceEvent[0m -> [core] [Channel #1]Resolver state updated: {
  "Addresses": [
    {
      "Addr": "peer0.nsw.retf.com:7051",
      "ServerName": "",
      "Attributes": null,
      "BalancerAttributes": null,
      "Metadata": null
    }
  ],
  "Endpoints": [
    {
      "Addresses": [
        {
          "Addr": "peer0.nsw.retf.com:7051",
          "ServerName": "",
          "Attributes": null,
          "BalancerAttributes": null,
          "Metadata": null
        }
      ],
      "Attributes": null
    }
  ],
  "ServiceConfig": null,
  "Attributes": null
} (resolver returned new addresses)
[34m2026-07-15 18:17:36.815 UTC 0007 INFO[0m [grpc] [34;1mAddTraceEvent[0m -> [core] [Channel #1]Channel switches to new LB policy "pick_first"
[34m2026-07-15 18:17:36.815 UTC 0008 INFO[0m [grpc] [34;1mInfof[0m -> [pick-first-leaf-lb] [pick-first-leaf-lb 0x1749b42bc5a0] Received new config {
  "shuffleAddressList": false
}, resolver state {
  "Addresses": [
    {
      "Addr": "peer0.nsw.retf.com:7051",
      "ServerName": "",
      "Attributes": null,
      "BalancerAttributes": null,
      "Metadata": null
    }
  ],
  "Endpoints": [
    {
      "Addresses": [
        {
          "Addr": "peer0.nsw.retf.com:7051",
          "ServerName": "",
          "Attributes": null,
          "BalancerAttributes": null,
          "Metadata": null
        }
      ],
      "Attributes": null
    }
  ],
  "ServiceConfig": null,
  "Attributes": null
}
[34m2026-07-15 18:17:36.815 UTC 0009 INFO[0m [grpc] [34;1mAddTraceEvent[0m -> [core] [Channel #1]Channel Connectivity change to CONNECTING
[34m2026-07-15 18:17:36.815 UTC 000a INFO[0m [grpc] [34;1mAddTraceEvent[0m -> [core] [Channel #1 SubChannel #2]Subchannel created
[34m2026-07-15 18:17:36.816 UTC 000b INFO[0m [grpc] [34;1mAddTraceEvent[0m -> [core] [Channel #1]Channel exiting idle mode
[34m2026-07-15 18:17:36.816 UTC 000c INFO[0m [grpc] [34;1mAddTraceEvent[0m -> [core] [Channel #1 SubChannel #2]Subchannel Connectivity change to CONNECTING
[34m2026-07-15 18:17:36.816 UTC 000d INFO[0m [grpc] [34;1mAddTraceEvent[0m -> [core] [Channel #1 SubChannel #2]Subchannel picks a new address "peer0.nsw.retf.com:7051" to connect
[34m2026-07-15 18:17:36.818 UTC 000e INFO[0m [grpc] [34;1mAddTraceEvent[0m -> [core] [Channel #1 SubChannel #2]Subchannel Connectivity change to READY
[34m2026-07-15 18:17:36.818 UTC 000f INFO[0m [grpc] [34;1mInfof[0m -> [pick-first-leaf-lb] [pick-first-leaf-lb 0x1749b42bc5a0] SubConn 0x1749b46197c0 reported connectivity state READY and the health listener is disabled. Transitioning SubConn to READY.
[34m2026-07-15 18:17:36.818 UTC 0010 INFO[0m [grpc] [34;1mAddTraceEvent[0m -> [core] [Channel #1]Channel Connectivity change to READY
[34m2026-07-15 18:17:36.818 UTC 0011 INFO[0m [grpc] [34;1mInfof[0m -> [core] original dial target is: "peer0.nsw.retf.com:7051"
[34m2026-07-15 18:17:36.818 UTC 0012 INFO[0m [grpc] [34;1mAddTraceEvent[0m -> [core] [Channel #4]Channel created
[34m2026-07-15 18:17:36.818 UTC 0013 INFO[0m [grpc] [34;1mAddTraceEvent[0m -> [core] [Channel #4]parsed dial target is: resolver.Target{URL:url.URL{Scheme:"passthrough", Opaque:"", User:(*url.Userinfo)(nil), Host:"", Path:"/peer0.nsw.retf.com:7051", Fragment:"", RawQuery:"", RawPath:"", RawFragment:"", ForceQuery:false, OmitHost:false}}
[34m2026-07-15 18:17:36.818 UTC 0014 INFO[0m [grpc] [34;1mAddTraceEvent[0m -> [core] [Channel #4]Channel authority set to "peer0.nsw.retf.com:7051"
[34m2026-07-15 18:17:36.818 UTC 0015 INFO[0m [grpc] [34;1mAddTraceEvent[0m -> [core] [Channel #4]Resolver state updated: {
  "Addresses": [
    {
      "Addr": "peer0.nsw.retf.com:7051",
      "ServerName": "",
      "Attributes": null,
      "BalancerAttributes": null,
      "Metadata": null
    }
  ],
  "Endpoints": [
    {
      "Addresses": [
        {
          "Addr": "peer0.nsw.retf.com:7051",
          "ServerName": "",
          "Attributes": null,
          "BalancerAttributes": null,
          "Metadata": null
        }
      ],
      "Attributes": null
    }
  ],
  "ServiceConfig": null,
  "Attributes": null
} (resolver returned new addresses)
[34m2026-07-15 18:17:36.818 UTC 0016 INFO[0m [grpc] [34;1mAddTraceEvent[0m -> [core] [Channel #4]Channel switches to new LB policy "pick_first"
[34m2026-07-15 18:17:36.818 UTC 0017 INFO[0m [grpc] [34;1mInfof[0m -> [pick-first-leaf-lb] [pick-first-leaf-lb 0x1749b42bc750] Received new config {
  "shuffleAddressList": false
}, resolver state {
  "Addresses": [
    {
      "Addr": "peer0.nsw.retf.com:7051",
      "ServerName": "",
      "Attributes": null,
      "BalancerAttributes": null,
      "Metadata": null
    }
  ],
  "Endpoints": [
    {
      "Addresses": [
        {
          "Addr": "peer0.nsw.retf.com:7051",
          "ServerName": "",
          "Attributes": null,
          "BalancerAttributes": null,
          "Metadata": null
        }
      ],
      "Attributes": null
    }
  ],
  "ServiceConfig": null,
  "Attributes": null
}
[34m2026-07-15 18:17:36.818 UTC 0018 INFO[0m [grpc] [34;1mAddTraceEvent[0m -> [core] [Channel #4]Channel Connectivity change to CONNECTING
[34m2026-07-15 18:17:36.819 UTC 0019 INFO[0m [grpc] [34;1mAddTraceEvent[0m -> [core] [Channel #4 SubChannel #5]Subchannel created
[34m2026-07-15 18:17:36.819 UTC 001a INFO[0m [grpc] [34;1mAddTraceEvent[0m -> [core] [Channel #4]Channel exiting idle mode
[34m2026-07-15 18:17:36.819 UTC 001b INFO[0m [grpc] [34;1mAddTraceEvent[0m -> [core] [Channel #4 SubChannel #5]Subchannel Connectivity change to CONNECTING
[34m2026-07-15 18:17:36.819 UTC 001c INFO[0m [grpc] [34;1mAddTraceEvent[0m -> [core] [Channel #4 SubChannel #5]Subchannel picks a new address "peer0.nsw.retf.com:7051" to connect
[34m2026-07-15 18:17:36.821 UTC 001d INFO[0m [grpc] [34;1mAddTraceEvent[0m -> [core] [Channel #4 SubChannel #5]Subchannel Connectivity change to READY
[34m2026-07-15 18:17:36.821 UTC 001e INFO[0m [grpc] [34;1mInfof[0m -> [pick-first-leaf-lb] [pick-first-leaf-lb 0x1749b42bc750] SubConn 0x1749b43ce320 reported connectivity state READY and the health listener is disabled. Transitioning SubConn to READY.
[34m2026-07-15 18:17:36.821 UTC 001f INFO[0m [grpc] [34;1mAddTraceEvent[0m -> [core] [Channel #4]Channel Connectivity change to READY
[33m2026-07-15 18:17:36.821 UTC 0020 WARN[0m [grpc] [33;1mWarningf[0m -> [core] Adjusting keepalive ping interval to minimum period of 10s
[34m2026-07-15 18:17:36.821 UTC 0021 INFO[0m [grpc] [34;1mInfof[0m -> [core] original dial target is: "orderer.orderer.retf.com:7050"
[34m2026-07-15 18:17:36.821 UTC 0022 INFO[0m [grpc] [34;1mAddTraceEvent[0m -> [core] [Channel #7]Channel created
[34m2026-07-15 18:17:36.821 UTC 0023 INFO[0m [grpc] [34;1mAddTraceEvent[0m -> [core] [Channel #7]parsed dial target is: resolver.Target{URL:url.URL{Scheme:"passthrough", Opaque:"", User:(*url.Userinfo)(nil), Host:"", Path:"/orderer.orderer.retf.com:7050", Fragment:"", RawQuery:"", RawPath:"", RawFragment:"", ForceQuery:false, OmitHost:false}}
[34m2026-07-15 18:17:36.821 UTC 0024 INFO[0m [grpc] [34;1mAddTraceEvent[0m -> [core] [Channel #7]Channel authority set to "orderer.orderer.retf.com"
[34m2026-07-15 18:17:36.821 UTC 0025 INFO[0m [grpc] [34;1mAddTraceEvent[0m -> [core] [Channel #7]Resolver state updated: {
  "Addresses": [
    {
      "Addr": "orderer.orderer.retf.com:7050",
      "ServerName": "",
      "Attributes": null,
      "BalancerAttributes": null,
      "Metadata": null
    }
  ],
  "Endpoints": [
    {
      "Addresses": [
        {
          "Addr": "orderer.orderer.retf.com:7050",
          "ServerName": "",
          "Attributes": null,
          "BalancerAttributes": null,
          "Metadata": null
        }
      ],
      "Attributes": null
    }
  ],
  "ServiceConfig": null,
  "Attributes": null
} (resolver returned new addresses)
[34m2026-07-15 18:17:36.821 UTC 0026 INFO[0m [grpc] [34;1mAddTraceEvent[0m -> [core] [Channel #7]Channel switches to new LB policy "pick_first"
[34m2026-07-15 18:17:36.821 UTC 0027 INFO[0m [grpc] [34;1mInfof[0m -> [pick-first-leaf-lb] [pick-first-leaf-lb 0x1749b44305a0] Received new config {
  "shuffleAddressList": false
}, resolver state {
  "Addresses": [
    {
      "Addr": "orderer.orderer.retf.com:7050",
      "ServerName": "",
      "Attributes": null,
      "BalancerAttributes": null,
      "Metadata": null
    }
  ],
  "Endpoints": [
    {
      "Addresses": [
        {
          "Addr": "orderer.orderer.retf.com:7050",
          "ServerName": "",
          "Attributes": null,
          "BalancerAttributes": null,
          "Metadata": null
        }
      ],
      "Attributes": null
    }
  ],
  "ServiceConfig": null,
  "Attributes": null
}
[34m2026-07-15 18:17:36.821 UTC 0028 INFO[0m [grpc] [34;1mAddTraceEvent[0m -> [core] [Channel #7]Channel Connectivity change to CONNECTING
[34m2026-07-15 18:17:36.821 UTC 0029 INFO[0m [grpc] [34;1mAddTraceEvent[0m -> [core] [Channel #7 SubChannel #8]Subchannel created
[34m2026-07-15 18:17:36.821 UTC 002a INFO[0m [grpc] [34;1mAddTraceEvent[0m -> [core] [Channel #7]Channel exiting idle mode
[34m2026-07-15 18:17:36.821 UTC 002b INFO[0m [grpc] [34;1mAddTraceEvent[0m -> [core] [Channel #7 SubChannel #8]Subchannel Connectivity change to CONNECTING
[34m2026-07-15 18:17:36.821 UTC 002c INFO[0m [grpc] [34;1mAddTraceEvent[0m -> [core] [Channel #7 SubChannel #8]Subchannel picks a new address "orderer.orderer.retf.com:7050" to connect
[34m2026-07-15 18:17:36.823 UTC 002d INFO[0m [grpc] [34;1mAddTraceEvent[0m -> [core] [Channel #7 SubChannel #8]Subchannel Connectivity change to READY
[34m2026-07-15 18:17:36.823 UTC 002e INFO[0m [grpc] [34;1mInfof[0m -> [pick-first-leaf-lb] [pick-first-leaf-lb 0x1749b44305a0] SubConn 0x1749b4619220 reported connectivity state READY and the health listener is disabled. Transitioning SubConn to READY.
[34m2026-07-15 18:17:36.823 UTC 002f INFO[0m [grpc] [34;1mAddTraceEvent[0m -> [core] [Channel #7]Channel Connectivity change to READY
[34m2026-07-15 18:17:38.876 UTC 0030 INFO[0m [chaincodeCmd] [34;1mClientWait[0m -> txid [b0b6c3b9be16d318076d7cc32636e884237bba4c0c8891093e7734ed68d30b42] committed with status (VALID) at peer0.nsw.retf.com:7051
[34m2026-07-15 18:17:38.877 UTC 0031 INFO[0m [chaincodeCmd] [34;1mchaincodeInvokeOrQuery[0m -> Chaincode invoke successful. result: status:200 payload:"s2.2.2/credential-registry/trusted-registry-epoch1a"
[34m2026-07-15 18:17:40.647 UTC 0001 INFO[0m [chaincodeCmd] [34;1mInitCmdFactory[0m -> InitCmdFactory: Entry: invoke, true, true
[34m2026-07-15 18:17:40.647 UTC 0002 INFO[0m [grpc] [34;1mInfof[0m -> [core] original dial target is: "peer0.nsw.retf.com:7051"
[34m2026-07-15 18:17:40.647 UTC 0003 INFO[0m [grpc] [34;1mAddTraceEvent[0m -> [core] [Channel #1]Channel created
[34m2026-07-15 18:17:40.647 UTC 0004 INFO[0m [grpc] [34;1mAddTraceEvent[0m -> [core] [Channel #1]parsed dial target is: resolver.Target{URL:url.URL{Scheme:"passthrough", Opaque:"", User:(*url.Userinfo)(nil), Host:"", Path:"/peer0.nsw.retf.com:7051", Fragment:"", RawQuery:"", RawPath:"", RawFragment:"", ForceQuery:false, OmitHost:false}}
[34m2026-07-15 18:17:40.647 UTC 0005 INFO[0m [grpc] [34;1mAddTraceEvent[0m -> [core] [Channel #1]Channel authority set to "peer0.nsw.retf.com:7051"
[34m2026-07-15 18:17:40.647 UTC 0006 INFO[0m [grpc] [34;1mAddTraceEvent[0m -> [core] [Channel #1]Resolver state updated: {
  "Addresses": [
    {
      "Addr": "peer0.nsw.retf.com:7051",
      "ServerName": "",
      "Attributes": null,
      "BalancerAttributes": null,
      "Metadata": null
    }
  ],
  "Endpoints": [
    {
      "Addresses": [
        {
          "Addr": "peer0.nsw.retf.com:7051",
          "ServerName": "",
          "Attributes": null,
          "BalancerAttributes": null,
          "Metadata": null
        }
      ],
      "Attributes": null
    }
  ],
  "ServiceConfig": null,
  "Attributes": null
} (resolver returned new addresses)
[34m2026-07-15 18:17:40.648 UTC 0007 INFO[0m [grpc] [34;1mAddTraceEvent[0m -> [core] [Channel #1]Channel switches to new LB policy "pick_first"
[34m2026-07-15 18:17:40.648 UTC 0008 INFO[0m [grpc] [34;1mInfof[0m -> [pick-first-leaf-lb] [pick-first-leaf-lb 0x862324222d0] Received new config {
  "shuffleAddressList": false
}, resolver state {
  "Addresses": [
    {
      "Addr": "peer0.nsw.retf.com:7051",
      "ServerName": "",
      "Attributes": null,
      "BalancerAttributes": null,
      "Metadata": null
    }
  ],
  "Endpoints": [
    {
      "Addresses": [
        {
          "Addr": "peer0.nsw.retf.com:7051",
          "ServerName": "",
          "Attributes": null,
          "BalancerAttributes": null,
          "Metadata": null
        }
      ],
      "Attributes": null
    }
  ],
  "ServiceConfig": null,
  "Attributes": null
}
[34m2026-07-15 18:17:40.648 UTC 0009 INFO[0m [grpc] [34;1mAddTraceEvent[0m -> [core] [Channel #1]Channel Connectivity change to CONNECTING
[34m2026-07-15 18:17:40.648 UTC 000a INFO[0m [grpc] [34;1mAddTraceEvent[0m -> [core] [Channel #1 SubChannel #2]Subchannel created
[34m2026-07-15 18:17:40.648 UTC 000b INFO[0m [grpc] [34;1mAddTraceEvent[0m -> [core] [Channel #1]Channel exiting idle mode
[34m2026-07-15 18:17:40.648 UTC 000c INFO[0m [grpc] [34;1mAddTraceEvent[0m -> [core] [Channel #1 SubChannel #2]Subchannel Connectivity change to CONNECTING
[34m2026-07-15 18:17:40.648 UTC 000d INFO[0m [grpc] [34;1mAddTraceEvent[0m -> [core] [Channel #1 SubChannel #2]Subchannel picks a new address "peer0.nsw.retf.com:7051" to connect
[34m2026-07-15 18:17:40.650 UTC 000e INFO[0m [grpc] [34;1mAddTraceEvent[0m -> [core] [Channel #1 SubChannel #2]Subchannel Connectivity change to READY
[34m2026-07-15 18:17:40.650 UTC 000f INFO[0m [grpc] [34;1mInfof[0m -> [pick-first-leaf-lb] [pick-first-leaf-lb 0x862324222d0] SubConn 0x86232608050 reported connectivity state READY and the health listener is disabled. Transitioning SubConn to READY.
[34m2026-07-15 18:17:40.650 UTC 0010 INFO[0m [grpc] [34;1mAddTraceEvent[0m -> [core] [Channel #1]Channel Connectivity change to READY
[34m2026-07-15 18:17:40.650 UTC 0011 INFO[0m [grpc] [34;1mInfof[0m -> [core] original dial target is: "peer0.nsw.retf.com:7051"
[34m2026-07-15 18:17:40.650 UTC 0012 INFO[0m [grpc] [34;1mAddTraceEvent[0m -> [core] [Channel #4]Channel created
[34m2026-07-15 18:17:40.650 UTC 0013 INFO[0m [grpc] [34;1mAddTraceEvent[0m -> [core] [Channel #4]parsed dial target is: resolver.Target{URL:url.URL{Scheme:"passthrough", Opaque:"", User:(*url.Userinfo)(nil), Host:"", Path:"/peer0.nsw.retf.com:7051", Fragment:"", RawQuery:"", RawPath:"", RawFragment:"", ForceQuery:false, OmitHost:false}}
[34m2026-07-15 18:17:40.650 UTC 0014 INFO[0m [grpc] [34;1mAddTraceEvent[0m -> [core] [Channel #4]Channel authority set to "peer0.nsw.retf.com:7051"
[34m2026-07-15 18:17:40.650 UTC 0015 INFO[0m [grpc] [34;1mAddTraceEvent[0m -> [core] [Channel #4]Resolver state updated: {
  "Addresses": [
    {
      "Addr": "peer0.nsw.retf.com:7051",
      "ServerName": "",
      "Attributes": null,
      "BalancerAttributes": null,
      "Metadata": null
    }
  ],
  "Endpoints": [
    {
      "Addresses": [
        {
          "Addr": "peer0.nsw.retf.com:7051",
          "ServerName": "",
          "Attributes": null,
          "BalancerAttributes": null,
          "Metadata": null
        }
      ],
      "Attributes": null
    }
  ],
  "ServiceConfig": null,
  "Attributes": null
} (resolver returned new addresses)
[34m2026-07-15 18:17:40.651 UTC 0016 INFO[0m [grpc] [34;1mAddTraceEvent[0m -> [core] [Channel #4]Channel switches to new LB policy "pick_first"
[34m2026-07-15 18:17:40.651 UTC 0017 INFO[0m [grpc] [34;1mInfof[0m -> [pick-first-leaf-lb] [pick-first-leaf-lb 0x86232422630] Received new config {
  "shuffleAddressList": false
}, resolver state {
  "Addresses": [
    {
      "Addr": "peer0.nsw.retf.com:7051",
      "ServerName": "",
      "Attributes": null,
      "BalancerAttributes": null,
      "Metadata": null
    }
  ],
  "Endpoints": [
    {
      "Addresses": [
        {
          "Addr": "peer0.nsw.retf.com:7051",
          "ServerName": "",
          "Attributes": null,
          "BalancerAttributes": null,
          "Metadata": null
        }
      ],
      "Attributes": null
    }
  ],
  "ServiceConfig": null,
  "Attributes": null
}
[34m2026-07-15 18:17:40.651 UTC 0018 INFO[0m [grpc] [34;1mAddTraceEvent[0m -> [core] [Channel #4]Channel Connectivity change to CONNECTING
[34m2026-07-15 18:17:40.651 UTC 0019 INFO[0m [grpc] [34;1mAddTraceEvent[0m -> [core] [Channel #4 SubChannel #5]Subchannel created
[34m2026-07-15 18:17:40.651 UTC 001a INFO[0m [grpc] [34;1mAddTraceEvent[0m -> [core] [Channel #4]Channel exiting idle mode
[34m2026-07-15 18:17:40.651 UTC 001b INFO[0m [grpc] [34;1mAddTraceEvent[0m -> [core] [Channel #4 SubChannel #5]Subchannel Connectivity change to CONNECTING
[34m2026-07-15 18:17:40.651 UTC 001c INFO[0m [grpc] [34;1mAddTraceEvent[0m -> [core] [Channel #4 SubChannel #5]Subchannel picks a new address "peer0.nsw.retf.com:7051" to connect
[34m2026-07-15 18:17:40.653 UTC 001d INFO[0m [grpc] [34;1mAddTraceEvent[0m -> [core] [Channel #4 SubChannel #5]Subchannel Connectivity change to READY
[34m2026-07-15 18:17:40.653 UTC 001e INFO[0m [grpc] [34;1mInfof[0m -> [pick-first-leaf-lb] [pick-first-leaf-lb 0x86232422630] SubConn 0x862324a0c30 reported connectivity state READY and the health listener is disabled. Transitioning SubConn to READY.
[34m2026-07-15 18:17:40.653 UTC 001f INFO[0m [grpc] [34;1mAddTraceEvent[0m -> [core] [Channel #4]Channel Connectivity change to READY
[33m2026-07-15 18:17:40.653 UTC 0020 WARN[0m [grpc] [33;1mWarningf[0m -> [core] Adjusting keepalive ping interval to minimum period of 10s
[34m2026-07-15 18:17:40.653 UTC 0021 INFO[0m [grpc] [34;1mInfof[0m -> [core] original dial target is: "orderer.orderer.retf.com:7050"
[34m2026-07-15 18:17:40.653 UTC 0022 INFO[0m [grpc] [34;1mAddTraceEvent[0m -> [core] [Channel #7]Channel created
[34m2026-07-15 18:17:40.653 UTC 0023 INFO[0m [grpc] [34;1mAddTraceEvent[0m -> [core] [Channel #7]parsed dial target is: resolver.Target{URL:url.URL{Scheme:"passthrough", Opaque:"", User:(*url.Userinfo)(nil), Host:"", Path:"/orderer.orderer.retf.com:7050", Fragment:"", RawQuery:"", RawPath:"", RawFragment:"", ForceQuery:false, OmitHost:false}}
[34m2026-07-15 18:17:40.653 UTC 0024 INFO[0m [grpc] [34;1mAddTraceEvent[0m -> [core] [Channel #7]Channel authority set to "orderer.orderer.retf.com"
[34m2026-07-15 18:17:40.653 UTC 0025 INFO[0m [grpc] [34;1mAddTraceEvent[0m -> [core] [Channel #7]Resolver state updated: {
  "Addresses": [
    {
      "Addr": "orderer.orderer.retf.com:7050",
      "ServerName": "",
      "Attributes": null,
      "BalancerAttributes": null,
      "Metadata": null
    }
  ],
  "Endpoints": [
    {
      "Addresses": [
        {
          "Addr": "orderer.orderer.retf.com:7050",
          "ServerName": "",
          "Attributes": null,
          "BalancerAttributes": null,
          "Metadata": null
        }
      ],
      "Attributes": null
    }
  ],
  "ServiceConfig": null,
  "Attributes": null
} (resolver returned new addresses)
[34m2026-07-15 18:17:40.653 UTC 0026 INFO[0m [grpc] [34;1mAddTraceEvent[0m -> [core] [Channel #7]Channel switches to new LB policy "pick_first"
[34m2026-07-15 18:17:40.653 UTC 0027 INFO[0m [grpc] [34;1mInfof[0m -> [pick-first-leaf-lb] [pick-first-leaf-lb 0x862322214d0] Received new config {
  "shuffleAddressList": false
}, resolver state {
  "Addresses": [
    {
      "Addr": "orderer.orderer.retf.com:7050",
      "ServerName": "",
      "Attributes": null,
      "BalancerAttributes": null,
      "Metadata": null
    }
  ],
  "Endpoints": [
    {
      "Addresses": [
        {
          "Addr": "orderer.orderer.retf.com:7050",
          "ServerName": "",
          "Attributes": null,
          "BalancerAttributes": null,
          "Metadata": null
        }
      ],
      "Attributes": null
    }
  ],
  "ServiceConfig": null,
  "Attributes": null
}
[34m2026-07-15 18:17:40.653 UTC 0028 INFO[0m [grpc] [34;1mAddTraceEvent[0m -> [core] [Channel #7]Channel Connectivity change to CONNECTING
[34m2026-07-15 18:17:40.653 UTC 0029 INFO[0m [grpc] [34;1mAddTraceEvent[0m -> [core] [Channel #7 SubChannel #8]Subchannel created
[34m2026-07-15 18:17:40.653 UTC 002a INFO[0m [grpc] [34;1mAddTraceEvent[0m -> [core] [Channel #7]Channel exiting idle mode
[34m2026-07-15 18:17:40.653 UTC 002b INFO[0m [grpc] [34;1mAddTraceEvent[0m -> [core] [Channel #7 SubChannel #8]Subchannel Connectivity change to CONNECTING
[34m2026-07-15 18:17:40.653 UTC 002c INFO[0m [grpc] [34;1mAddTraceEvent[0m -> [core] [Channel #7 SubChannel #8]Subchannel picks a new address "orderer.orderer.retf.com:7050" to connect
[34m2026-07-15 18:17:40.656 UTC 002d INFO[0m [grpc] [34;1mAddTraceEvent[0m -> [core] [Channel #7 SubChannel #8]Subchannel Connectivity change to READY
[34m2026-07-15 18:17:40.656 UTC 002e INFO[0m [grpc] [34;1mInfof[0m -> [pick-first-leaf-lb] [pick-first-leaf-lb 0x862322214d0] SubConn 0x86232608550 reported connectivity state READY and the health listener is disabled. Transitioning SubConn to READY.
[34m2026-07-15 18:17:40.656 UTC 002f INFO[0m [grpc] [34;1mAddTraceEvent[0m -> [core] [Channel #7]Channel Connectivity change to READY
[34m2026-07-15 18:17:42.707 UTC 0030 INFO[0m [chaincodeCmd] [34;1mClientWait[0m -> txid [34a3d2a5152fc7d972ad335676304dfc7491e2150ac5b5105486a46fad622fbf] committed with status (VALID) at peer0.nsw.retf.com:7051
[34m2026-07-15 18:17:42.707 UTC 0031 INFO[0m [chaincodeCmd] [34;1mchaincodeInvokeOrQuery[0m -> Chaincode invoke successful. result: status:200 payload:"s2.2.2/task-policy/task-a"
[34m2026-07-15 18:17:44.109 UTC 0001 INFO[0m [chaincodeCmd] [34;1mInitCmdFactory[0m -> InitCmdFactory: Entry: invoke, true, true
[34m2026-07-15 18:17:44.109 UTC 0002 INFO[0m [grpc] [34;1mInfof[0m -> [core] original dial target is: "peer0.nsw.retf.com:7051"
[34m2026-07-15 18:17:44.109 UTC 0003 INFO[0m [grpc] [34;1mAddTraceEvent[0m -> [core] [Channel #1]Channel created
[34m2026-07-15 18:17:44.109 UTC 0004 INFO[0m [grpc] [34;1mAddTraceEvent[0m -> [core] [Channel #1]parsed dial target is: resolver.Target{URL:url.URL{Scheme:"passthrough", Opaque:"", User:(*url.Userinfo)(nil), Host:"", Path:"/peer0.nsw.retf.com:7051", Fragment:"", RawQuery:"", RawPath:"", RawFragment:"", ForceQuery:false, OmitHost:false}}
[34m2026-07-15 18:17:44.109 UTC 0005 INFO[0m [grpc] [34;1mAddTraceEvent[0m -> [core] [Channel #1]Channel authority set to "peer0.nsw.retf.com:7051"
[34m2026-07-15 18:17:44.109 UTC 0006 INFO[0m [grpc] [34;1mAddTraceEvent[0m -> [core] [Channel #1]Resolver state updated: {
  "Addresses": [
    {
      "Addr": "peer0.nsw.retf.com:7051",
      "ServerName": "",
      "Attributes": null,
      "BalancerAttributes": null,
      "Metadata": null
    }
  ],
  "Endpoints": [
    {
      "Addresses": [
        {
          "Addr": "peer0.nsw.retf.com:7051",
          "ServerName": "",
          "Attributes": null,
          "BalancerAttributes": null,
          "Metadata": null
        }
      ],
      "Attributes": null
    }
  ],
  "ServiceConfig": null,
  "Attributes": null
} (resolver returned new addresses)
[34m2026-07-15 18:17:44.109 UTC 0007 INFO[0m [grpc] [34;1mAddTraceEvent[0m -> [core] [Channel #1]Channel switches to new LB policy "pick_first"
[34m2026-07-15 18:17:44.109 UTC 0008 INFO[0m [grpc] [34;1mInfof[0m -> [pick-first-leaf-lb] [pick-first-leaf-lb 0x3de754f487e0] Received new config {
  "shuffleAddressList": false
}, resolver state {
  "Addresses": [
    {
      "Addr": "peer0.nsw.retf.com:7051",
      "ServerName": "",
      "Attributes": null,
      "BalancerAttributes": null,
      "Metadata": null
    }
  ],
  "Endpoints": [
    {
      "Addresses": [
        {
          "Addr": "peer0.nsw.retf.com:7051",
          "ServerName": "",
          "Attributes": null,
          "BalancerAttributes": null,
          "Metadata": null
        }
      ],
      "Attributes": null
    }
  ],
  "ServiceConfig": null,
  "Attributes": null
}
[34m2026-07-15 18:17:44.109 UTC 0009 INFO[0m [grpc] [34;1mAddTraceEvent[0m -> [core] [Channel #1]Channel Connectivity change to CONNECTING
[34m2026-07-15 18:17:44.109 UTC 000a INFO[0m [grpc] [34;1mAddTraceEvent[0m -> [core] [Channel #1 SubChannel #2]Subchannel created
[34m2026-07-15 18:17:44.109 UTC 000b INFO[0m [grpc] [34;1mAddTraceEvent[0m -> [core] [Channel #1]Channel exiting idle mode
[34m2026-07-15 18:17:44.110 UTC 000c INFO[0m [grpc] [34;1mAddTraceEvent[0m -> [core] [Channel #1 SubChannel #2]Subchannel Connectivity change to CONNECTING
[34m2026-07-15 18:17:44.110 UTC 000d INFO[0m [grpc] [34;1mAddTraceEvent[0m -> [core] [Channel #1 SubChannel #2]Subchannel picks a new address "peer0.nsw.retf.com:7051" to connect
[34m2026-07-15 18:17:44.112 UTC 000e INFO[0m [grpc] [34;1mAddTraceEvent[0m -> [core] [Channel #1 SubChannel #2]Subchannel Connectivity change to READY
[34m2026-07-15 18:17:44.112 UTC 000f INFO[0m [grpc] [34;1mInfof[0m -> [pick-first-leaf-lb] [pick-first-leaf-lb 0x3de754f487e0] SubConn 0x3de754ffafa0 reported connectivity state READY and the health listener is disabled. Transitioning SubConn to READY.
[34m2026-07-15 18:17:44.112 UTC 0010 INFO[0m [grpc] [34;1mAddTraceEvent[0m -> [core] [Channel #1]Channel Connectivity change to READY
[34m2026-07-15 18:17:44.112 UTC 0011 INFO[0m [grpc] [34;1mInfof[0m -> [core] original dial target is: "peer0.nsw.retf.com:7051"
[34m2026-07-15 18:17:44.113 UTC 0012 INFO[0m [grpc] [34;1mAddTraceEvent[0m -> [core] [Channel #4]Channel created
[34m2026-07-15 18:17:44.113 UTC 0013 INFO[0m [grpc] [34;1mAddTraceEvent[0m -> [core] [Channel #4]parsed dial target is: resolver.Target{URL:url.URL{Scheme:"passthrough", Opaque:"", User:(*url.Userinfo)(nil), Host:"", Path:"/peer0.nsw.retf.com:7051", Fragment:"", RawQuery:"", RawPath:"", RawFragment:"", ForceQuery:false, OmitHost:false}}
[34m2026-07-15 18:17:44.113 UTC 0014 INFO[0m [grpc] [34;1mAddTraceEvent[0m -> [core] [Channel #4]Channel authority set to "peer0.nsw.retf.com:7051"
[34m2026-07-15 18:17:44.113 UTC 0015 INFO[0m [grpc] [34;1mAddTraceEvent[0m -> [core] [Channel #4]Resolver state updated: {
  "Addresses": [
    {
      "Addr": "peer0.nsw.retf.com:7051",
      "ServerName": "",
      "Attributes": null,
      "BalancerAttributes": null,
      "Metadata": null
    }
  ],
  "Endpoints": [
    {
      "Addresses": [
        {
          "Addr": "peer0.nsw.retf.com:7051",
          "ServerName": "",
          "Attributes": null,
          "BalancerAttributes": null,
          "Metadata": null
        }
      ],
      "Attributes": null
    }
  ],
  "ServiceConfig": null,
  "Attributes": null
} (resolver returned new addresses)
[34m2026-07-15 18:17:44.113 UTC 0016 INFO[0m [grpc] [34;1mAddTraceEvent[0m -> [core] [Channel #4]Channel switches to new LB policy "pick_first"
[34m2026-07-15 18:17:44.113 UTC 0017 INFO[0m [grpc] [34;1mInfof[0m -> [pick-first-leaf-lb] [pick-first-leaf-lb 0x3de754f48bd0] Received new config {
  "shuffleAddressList": false
}, resolver state {
  "Addresses": [
    {
      "Addr": "peer0.nsw.retf.com:7051",
      "ServerName": "",
      "Attributes": null,
      "BalancerAttributes": null,
      "Metadata": null
    }
  ],
  "Endpoints": [
    {
      "Addresses": [
        {
          "Addr": "peer0.nsw.retf.com:7051",
          "ServerName": "",
          "Attributes": null,
          "BalancerAttributes": null,
          "Metadata": null
        }
      ],
      "Attributes": null
    }
  ],
  "ServiceConfig": null,
  "Attributes": null
}
[34m2026-07-15 18:17:44.113 UTC 0018 INFO[0m [grpc] [34;1mAddTraceEvent[0m -> [core] [Channel #4]Channel Connectivity change to CONNECTING
[34m2026-07-15 18:17:44.113 UTC 0019 INFO[0m [grpc] [34;1mAddTraceEvent[0m -> [core] [Channel #4 SubChannel #5]Subchannel created
[34m2026-07-15 18:17:44.113 UTC 001a INFO[0m [grpc] [34;1mAddTraceEvent[0m -> [core] [Channel #4]Channel exiting idle mode
[34m2026-07-15 18:17:44.113 UTC 001b INFO[0m [grpc] [34;1mAddTraceEvent[0m -> [core] [Channel #4 SubChannel #5]Subchannel Connectivity change to CONNECTING
[34m2026-07-15 18:17:44.113 UTC 001c INFO[0m [grpc] [34;1mAddTraceEvent[0m -> [core] [Channel #4 SubChannel #5]Subchannel picks a new address "peer0.nsw.retf.com:7051" to connect
[34m2026-07-15 18:17:44.115 UTC 001d INFO[0m [grpc] [34;1mAddTraceEvent[0m -> [core] [Channel #4 SubChannel #5]Subchannel Connectivity change to READY
[34m2026-07-15 18:17:44.115 UTC 001e INFO[0m [grpc] [34;1mInfof[0m -> [pick-first-leaf-lb] [pick-first-leaf-lb 0x3de754f48bd0] SubConn 0x3de7550bfdb0 reported connectivity state READY and the health listener is disabled. Transitioning SubConn to READY.
[34m2026-07-15 18:17:44.115 UTC 001f INFO[0m [grpc] [34;1mAddTraceEvent[0m -> [core] [Channel #4]Channel Connectivity change to READY
[33m2026-07-15 18:17:44.115 UTC 0020 WARN[0m [grpc] [33;1mWarningf[0m -> [core] Adjusting keepalive ping interval to minimum period of 10s
[34m2026-07-15 18:17:44.115 UTC 0021 INFO[0m [grpc] [34;1mInfof[0m -> [core] original dial target is: "orderer.orderer.retf.com:7050"
[34m2026-07-15 18:17:44.115 UTC 0022 INFO[0m [grpc] [34;1mAddTraceEvent[0m -> [core] [Channel #7]Channel created
[34m2026-07-15 18:17:44.115 UTC 0023 INFO[0m [grpc] [34;1mAddTraceEvent[0m -> [core] [Channel #7]parsed dial target is: resolver.Target{URL:url.URL{Scheme:"passthrough", Opaque:"", User:(*url.Userinfo)(nil), Host:"", Path:"/orderer.orderer.retf.com:7050", Fragment:"", RawQuery:"", RawPath:"", RawFragment:"", ForceQuery:false, OmitHost:false}}
[34m2026-07-15 18:17:44.115 UTC 0024 INFO[0m [grpc] [34;1mAddTraceEvent[0m -> [core] [Channel #7]Channel authority set to "orderer.orderer.retf.com"
[34m2026-07-15 18:17:44.115 UTC 0025 INFO[0m [grpc] [34;1mAddTraceEvent[0m -> [core] [Channel #7]Resolver state updated: {
  "Addresses": [
    {
      "Addr": "orderer.orderer.retf.com:7050",
      "ServerName": "",
      "Attributes": null,
      "BalancerAttributes": null,
      "Metadata": null
    }
  ],
  "Endpoints": [
    {
      "Addresses": [
        {
          "Addr": "orderer.orderer.retf.com:7050",
          "ServerName": "",
          "Attributes": null,
          "BalancerAttributes": null,
          "Metadata": null
        }
      ],
      "Attributes": null
    }
  ],
  "ServiceConfig": null,
  "Attributes": null
} (resolver returned new addresses)
[34m2026-07-15 18:17:44.115 UTC 0026 INFO[0m [grpc] [34;1mAddTraceEvent[0m -> [core] [Channel #7]Channel switches to new LB policy "pick_first"
[34m2026-07-15 18:17:44.115 UTC 0027 INFO[0m [grpc] [34;1mInfof[0m -> [pick-first-leaf-lb] [pick-first-leaf-lb 0x3de7552753b0] Received new config {
  "shuffleAddressList": false
}, resolver state {
  "Addresses": [
    {
      "Addr": "orderer.orderer.retf.com:7050",
      "ServerName": "",
      "Attributes": null,
      "BalancerAttributes": null,
      "Metadata": null
    }
  ],
  "Endpoints": [
    {
      "Addresses": [
        {
          "Addr": "orderer.orderer.retf.com:7050",
          "ServerName": "",
          "Attributes": null,
          "BalancerAttributes": null,
          "Metadata": null
        }
      ],
      "Attributes": null
    }
  ],
  "ServiceConfig": null,
  "Attributes": null
}
[34m2026-07-15 18:17:44.115 UTC 0028 INFO[0m [grpc] [34;1mAddTraceEvent[0m -> [core] [Channel #7]Channel Connectivity change to CONNECTING
[34m2026-07-15 18:17:44.115 UTC 0029 INFO[0m [grpc] [34;1mAddTraceEvent[0m -> [core] [Channel #7 SubChannel #8]Subchannel created
[34m2026-07-15 18:17:44.115 UTC 002a INFO[0m [grpc] [34;1mAddTraceEvent[0m -> [core] [Channel #7]Channel exiting idle mode
[34m2026-07-15 18:17:44.115 UTC 002b INFO[0m [grpc] [34;1mAddTraceEvent[0m -> [core] [Channel #7 SubChannel #8]Subchannel Connectivity change to CONNECTING
[34m2026-07-15 18:17:44.116 UTC 002c INFO[0m [grpc] [34;1mAddTraceEvent[0m -> [core] [Channel #7 SubChannel #8]Subchannel picks a new address "orderer.orderer.retf.com:7050" to connect
[34m2026-07-15 18:17:44.118 UTC 002d INFO[0m [grpc] [34;1mAddTraceEvent[0m -> [core] [Channel #7 SubChannel #8]Subchannel Connectivity change to READY
[34m2026-07-15 18:17:44.118 UTC 002e INFO[0m [grpc] [34;1mInfof[0m -> [pick-first-leaf-lb] [pick-first-leaf-lb 0x3de7552753b0] SubConn 0x3de7554266e0 reported connectivity state READY and the health listener is disabled. Transitioning SubConn to READY.
[34m2026-07-15 18:17:44.118 UTC 002f INFO[0m [grpc] [34;1mAddTraceEvent[0m -> [core] [Channel #7]Channel Connectivity change to READY
[34m2026-07-15 18:17:46.172 UTC 0030 INFO[0m [chaincodeCmd] [34;1mClientWait[0m -> txid [00c445c2989767faa5b8dd46623b9847c81d832bd80de109c3fb9cb47327f0f2] committed with status (VALID) at peer0.nsw.retf.com:7051
[34m2026-07-15 18:17:46.172 UTC 0031 INFO[0m [chaincodeCmd] [34;1mchaincodeInvokeOrQuery[0m -> Chaincode invoke successful. result: status:200 payload:"s2.2.2/task-policy/task-b"
[34m2026-07-15 18:17:47.559 UTC 0001 INFO[0m [chaincodeCmd] [34;1mInitCmdFactory[0m -> InitCmdFactory: Entry: invoke, true, true
[34m2026-07-15 18:17:47.559 UTC 0002 INFO[0m [grpc] [34;1mInfof[0m -> [core] original dial target is: "peer0.nsw.retf.com:7051"
[34m2026-07-15 18:17:47.559 UTC 0003 INFO[0m [grpc] [34;1mAddTraceEvent[0m -> [core] [Channel #1]Channel created
[34m2026-07-15 18:17:47.559 UTC 0004 INFO[0m [grpc] [34;1mAddTraceEvent[0m -> [core] [Channel #1]parsed dial target is: resolver.Target{URL:url.URL{Scheme:"passthrough", Opaque:"", User:(*url.Userinfo)(nil), Host:"", Path:"/peer0.nsw.retf.com:7051", Fragment:"", RawQuery:"", RawPath:"", RawFragment:"", ForceQuery:false, OmitHost:false}}
[34m2026-07-15 18:17:47.559 UTC 0005 INFO[0m [grpc] [34;1mAddTraceEvent[0m -> [core] [Channel #1]Channel authority set to "peer0.nsw.retf.com:7051"
[34m2026-07-15 18:17:47.560 UTC 0006 INFO[0m [grpc] [34;1mAddTraceEvent[0m -> [core] [Channel #1]Resolver state updated: {
  "Addresses": [
    {
      "Addr": "peer0.nsw.retf.com:7051",
      "ServerName": "",
      "Attributes": null,
      "BalancerAttributes": null,
      "Metadata": null
    }
  ],
  "Endpoints": [
    {
      "Addresses": [
        {
          "Addr": "peer0.nsw.retf.com:7051",
          "ServerName": "",
          "Attributes": null,
          "BalancerAttributes": null,
          "Metadata": null
        }
      ],
      "Attributes": null
    }
  ],
  "ServiceConfig": null,
  "Attributes": null
} (resolver returned new addresses)
[34m2026-07-15 18:17:47.560 UTC 0007 INFO[0m [grpc] [34;1mAddTraceEvent[0m -> [core] [Channel #1]Channel switches to new LB policy "pick_first"
[34m2026-07-15 18:17:47.560 UTC 0008 INFO[0m [grpc] [34;1mInfof[0m -> [pick-first-leaf-lb] [pick-first-leaf-lb 0x2cc149355d40] Received new config {
  "shuffleAddressList": false
}, resolver state {
  "Addresses": [
    {
      "Addr": "peer0.nsw.retf.com:7051",
      "ServerName": "",
      "Attributes": null,
      "BalancerAttributes": null,
      "Metadata": null
    }
  ],
  "Endpoints": [
    {
      "Addresses": [
        {
          "Addr": "peer0.nsw.retf.com:7051",
          "ServerName": "",
          "Attributes": null,
          "BalancerAttributes": null,
          "Metadata": null
        }
      ],
      "Attributes": null
    }
  ],
  "ServiceConfig": null,
  "Attributes": null
}
[34m2026-07-15 18:17:47.560 UTC 0009 INFO[0m [grpc] [34;1mAddTraceEvent[0m -> [core] [Channel #1]Channel Connectivity change to CONNECTING
[34m2026-07-15 18:17:47.560 UTC 000a INFO[0m [grpc] [34;1mAddTraceEvent[0m -> [core] [Channel #1 SubChannel #2]Subchannel created
[34m2026-07-15 18:17:47.560 UTC 000b INFO[0m [grpc] [34;1mAddTraceEvent[0m -> [core] [Channel #1]Channel exiting idle mode
[34m2026-07-15 18:17:47.560 UTC 000c INFO[0m [grpc] [34;1mAddTraceEvent[0m -> [core] [Channel #1 SubChannel #2]Subchannel Connectivity change to CONNECTING
[34m2026-07-15 18:17:47.560 UTC 000d INFO[0m [grpc] [34;1mAddTraceEvent[0m -> [core] [Channel #1 SubChannel #2]Subchannel picks a new address "peer0.nsw.retf.com:7051" to connect
[34m2026-07-15 18:17:47.563 UTC 000e INFO[0m [grpc] [34;1mAddTraceEvent[0m -> [core] [Channel #1 SubChannel #2]Subchannel Connectivity change to READY
[34m2026-07-15 18:17:47.563 UTC 000f INFO[0m [grpc] [34;1mInfof[0m -> [pick-first-leaf-lb] [pick-first-leaf-lb 0x2cc149355d40] SubConn 0x2cc14982a550 reported connectivity state READY and the health listener is disabled. Transitioning SubConn to READY.
[34m2026-07-15 18:17:47.563 UTC 0010 INFO[0m [grpc] [34;1mAddTraceEvent[0m -> [core] [Channel #1]Channel Connectivity change to READY
[34m2026-07-15 18:17:47.563 UTC 0011 INFO[0m [grpc] [34;1mInfof[0m -> [core] original dial target is: "peer0.nsw.retf.com:7051"
[34m2026-07-15 18:17:47.563 UTC 0012 INFO[0m [grpc] [34;1mAddTraceEvent[0m -> [core] [Channel #4]Channel created
[34m2026-07-15 18:17:47.563 UTC 0013 INFO[0m [grpc] [34;1mAddTraceEvent[0m -> [core] [Channel #4]parsed dial target is: resolver.Target{URL:url.URL{Scheme:"passthrough", Opaque:"", User:(*url.Userinfo)(nil), Host:"", Path:"/peer0.nsw.retf.com:7051", Fragment:"", RawQuery:"", RawPath:"", RawFragment:"", ForceQuery:false, OmitHost:false}}
[34m2026-07-15 18:17:47.563 UTC 0014 INFO[0m [grpc] [34;1mAddTraceEvent[0m -> [core] [Channel #4]Channel authority set to "peer0.nsw.retf.com:7051"
[34m2026-07-15 18:17:47.563 UTC 0015 INFO[0m [grpc] [34;1mAddTraceEvent[0m -> [core] [Channel #4]Resolver state updated: {
  "Addresses": [
    {
      "Addr": "peer0.nsw.retf.com:7051",
      "ServerName": "",
      "Attributes": null,
      "BalancerAttributes": null,
      "Metadata": null
    }
  ],
  "Endpoints": [
    {
      "Addresses": [
        {
          "Addr": "peer0.nsw.retf.com:7051",
          "ServerName": "",
          "Attributes": null,
          "BalancerAttributes": null,
          "Metadata": null
        }
      ],
      "Attributes": null
    }
  ],
  "ServiceConfig": null,
  "Attributes": null
} (resolver returned new addresses)
[34m2026-07-15 18:17:47.563 UTC 0016 INFO[0m [grpc] [34;1mAddTraceEvent[0m -> [core] [Channel #4]Channel switches to new LB policy "pick_first"
[34m2026-07-15 18:17:47.563 UTC 0017 INFO[0m [grpc] [34;1mInfof[0m -> [pick-first-leaf-lb] [pick-first-leaf-lb 0x2cc149355e60] Received new config {
  "shuffleAddressList": false
}, resolver state {
  "Addresses": [
    {
      "Addr": "peer0.nsw.retf.com:7051",
      "ServerName": "",
      "Attributes": null,
      "BalancerAttributes": null,
      "Metadata": null
    }
  ],
  "Endpoints": [
    {
      "Addresses": [
        {
          "Addr": "peer0.nsw.retf.com:7051",
          "ServerName": "",
          "Attributes": null,
          "BalancerAttributes": null,
          "Metadata": null
        }
      ],
      "Attributes": null
    }
  ],
  "ServiceConfig": null,
  "Attributes": null
}
[34m2026-07-15 18:17:47.563 UTC 0018 INFO[0m [grpc] [34;1mAddTraceEvent[0m -> [core] [Channel #4]Channel Connectivity change to CONNECTING
[34m2026-07-15 18:17:47.563 UTC 0019 INFO[0m [grpc] [34;1mAddTraceEvent[0m -> [core] [Channel #4 SubChannel #5]Subchannel created
[34m2026-07-15 18:17:47.563 UTC 001a INFO[0m [grpc] [34;1mAddTraceEvent[0m -> [core] [Channel #4]Channel exiting idle mode
[34m2026-07-15 18:17:47.563 UTC 001b INFO[0m [grpc] [34;1mAddTraceEvent[0m -> [core] [Channel #4 SubChannel #5]Subchannel Connectivity change to CONNECTING
[34m2026-07-15 18:17:47.564 UTC 001c INFO[0m [grpc] [34;1mAddTraceEvent[0m -> [core] [Channel #4 SubChannel #5]Subchannel picks a new address "peer0.nsw.retf.com:7051" to connect
[34m2026-07-15 18:17:47.565 UTC 001d INFO[0m [grpc] [34;1mAddTraceEvent[0m -> [core] [Channel #4 SubChannel #5]Subchannel Connectivity change to READY
[34m2026-07-15 18:17:47.565 UTC 001e INFO[0m [grpc] [34;1mInfof[0m -> [pick-first-leaf-lb] [pick-first-leaf-lb 0x2cc149355e60] SubConn 0x2cc149980320 reported connectivity state READY and the health listener is disabled. Transitioning SubConn to READY.
[34m2026-07-15 18:17:47.565 UTC 001f INFO[0m [grpc] [34;1mAddTraceEvent[0m -> [core] [Channel #4]Channel Connectivity change to READY
[33m2026-07-15 18:17:47.565 UTC 0020 WARN[0m [grpc] [33;1mWarningf[0m -> [core] Adjusting keepalive ping interval to minimum period of 10s
[34m2026-07-15 18:17:47.565 UTC 0021 INFO[0m [grpc] [34;1mInfof[0m -> [core] original dial target is: "orderer.orderer.retf.com:7050"
[34m2026-07-15 18:17:47.565 UTC 0022 INFO[0m [grpc] [34;1mAddTraceEvent[0m -> [core] [Channel #7]Channel created
[34m2026-07-15 18:17:47.565 UTC 0023 INFO[0m [grpc] [34;1mAddTraceEvent[0m -> [core] [Channel #7]parsed dial target is: resolver.Target{URL:url.URL{Scheme:"passthrough", Opaque:"", User:(*url.Userinfo)(nil), Host:"", Path:"/orderer.orderer.retf.com:7050", Fragment:"", RawQuery:"", RawPath:"", RawFragment:"", ForceQuery:false, OmitHost:false}}
[34m2026-07-15 18:17:47.565 UTC 0024 INFO[0m [grpc] [34;1mAddTraceEvent[0m -> [core] [Channel #7]Channel authority set to "orderer.orderer.retf.com"
[34m2026-07-15 18:17:47.565 UTC 0025 INFO[0m [grpc] [34;1mAddTraceEvent[0m -> [core] [Channel #7]Resolver state updated: {
  "Addresses": [
    {
      "Addr": "orderer.orderer.retf.com:7050",
      "ServerName": "",
      "Attributes": null,
      "BalancerAttributes": null,
      "Metadata": null
    }
  ],
  "Endpoints": [
    {
      "Addresses": [
        {
          "Addr": "orderer.orderer.retf.com:7050",
          "ServerName": "",
          "Attributes": null,
          "BalancerAttributes": null,
          "Metadata": null
        }
      ],
      "Attributes": null
    }
  ],
  "ServiceConfig": null,
  "Attributes": null
} (resolver returned new addresses)
[34m2026-07-15 18:17:47.566 UTC 0026 INFO[0m [grpc] [34;1mAddTraceEvent[0m -> [core] [Channel #7]Channel switches to new LB policy "pick_first"
[34m2026-07-15 18:17:47.566 UTC 0027 INFO[0m [grpc] [34;1mInfof[0m -> [pick-first-leaf-lb] [pick-first-leaf-lb 0x2cc1496bc6c0] Received new config {
  "shuffleAddressList": false
}, resolver state {
  "Addresses": [
    {
      "Addr": "orderer.orderer.retf.com:7050",
      "ServerName": "",
      "Attributes": null,
      "BalancerAttributes": null,
      "Metadata": null
    }
  ],
  "Endpoints": [
    {
      "Addresses": [
        {
          "Addr": "orderer.orderer.retf.com:7050",
          "ServerName": "",
          "Attributes": null,
          "BalancerAttributes": null,
          "Metadata": null
        }
      ],
      "Attributes": null
    }
  ],
  "ServiceConfig": null,
  "Attributes": null
}
[34m2026-07-15 18:17:47.566 UTC 0028 INFO[0m [grpc] [34;1mAddTraceEvent[0m -> [core] [Channel #7]Channel Connectivity change to CONNECTING
[34m2026-07-15 18:17:47.566 UTC 0029 INFO[0m [grpc] [34;1mAddTraceEvent[0m -> [core] [Channel #7 SubChannel #8]Subchannel created
[34m2026-07-15 18:17:47.566 UTC 002a INFO[0m [grpc] [34;1mAddTraceEvent[0m -> [core] [Channel #7]Channel exiting idle mode
[34m2026-07-15 18:17:47.566 UTC 002b INFO[0m [grpc] [34;1mAddTraceEvent[0m -> [core] [Channel #7 SubChannel #8]Subchannel Connectivity change to CONNECTING
[34m2026-07-15 18:17:47.566 UTC 002c INFO[0m [grpc] [34;1mAddTraceEvent[0m -> [core] [Channel #7 SubChannel #8]Subchannel picks a new address "orderer.orderer.retf.com:7050" to connect
[34m2026-07-15 18:17:47.568 UTC 002d INFO[0m [grpc] [34;1mAddTraceEvent[0m -> [core] [Channel #7 SubChannel #8]Subchannel Connectivity change to READY
[34m2026-07-15 18:17:47.568 UTC 002e INFO[0m [grpc] [34;1mInfof[0m -> [pick-first-leaf-lb] [pick-first-leaf-lb 0x2cc1496bc6c0] SubConn 0x2cc149980690 reported connectivity state READY and the health listener is disabled. Transitioning SubConn to READY.
[34m2026-07-15 18:17:47.568 UTC 002f INFO[0m [grpc] [34;1mAddTraceEvent[0m -> [core] [Channel #7]Channel Connectivity change to READY
[34m2026-07-15 18:17:49.619 UTC 0030 INFO[0m [chaincodeCmd] [34;1mClientWait[0m -> txid [3afb6e1f0f0ec7df404fd8a228dce59d8f37142f66c510d0bd2e12a54da89fcf] committed with status (VALID) at peer0.nsw.retf.com:7051
[34m2026-07-15 18:17:49.619 UTC 0031 INFO[0m [chaincodeCmd] [34;1mchaincodeInvokeOrQuery[0m -> Chaincode invoke successful. result: status:200 payload:"s2.2.2/task-policy/task-concurrent"
[34m2026-07-15 18:17:51.008 UTC 0001 INFO[0m [chaincodeCmd] [34;1mInitCmdFactory[0m -> InitCmdFactory: Entry: invoke, true, true
[34m2026-07-15 18:17:51.008 UTC 0002 INFO[0m [grpc] [34;1mInfof[0m -> [core] original dial target is: "peer0.nsw.retf.com:7051"
[34m2026-07-15 18:17:51.009 UTC 0003 INFO[0m [grpc] [34;1mAddTraceEvent[0m -> [core] [Channel #1]Channel created
[34m2026-07-15 18:17:51.009 UTC 0004 INFO[0m [grpc] [34;1mAddTraceEvent[0m -> [core] [Channel #1]parsed dial target is: resolver.Target{URL:url.URL{Scheme:"passthrough", Opaque:"", User:(*url.Userinfo)(nil), Host:"", Path:"/peer0.nsw.retf.com:7051", Fragment:"", RawQuery:"", RawPath:"", RawFragment:"", ForceQuery:false, OmitHost:false}}
[34m2026-07-15 18:17:51.009 UTC 0005 INFO[0m [grpc] [34;1mAddTraceEvent[0m -> [core] [Channel #1]Channel authority set to "peer0.nsw.retf.com:7051"
[34m2026-07-15 18:17:51.009 UTC 0006 INFO[0m [grpc] [34;1mAddTraceEvent[0m -> [core] [Channel #1]Resolver state updated: {
  "Addresses": [
    {
      "Addr": "peer0.nsw.retf.com:7051",
      "ServerName": "",
      "Attributes": null,
      "BalancerAttributes": null,
      "Metadata": null
    }
  ],
  "Endpoints": [
    {
      "Addresses": [
        {
          "Addr": "peer0.nsw.retf.com:7051",
          "ServerName": "",
          "Attributes": null,
          "BalancerAttributes": null,
          "Metadata": null
        }
      ],
      "Attributes": null
    }
  ],
  "ServiceConfig": null,
  "Attributes": null
} (resolver returned new addresses)
[34m2026-07-15 18:17:51.009 UTC 0007 INFO[0m [grpc] [34;1mAddTraceEvent[0m -> [core] [Channel #1]Channel switches to new LB policy "pick_first"
[34m2026-07-15 18:17:51.009 UTC 0008 INFO[0m [grpc] [34;1mInfof[0m -> [pick-first-leaf-lb] [pick-first-leaf-lb 0x55b6fec6870] Received new config {
  "shuffleAddressList": false
}, resolver state {
  "Addresses": [
    {
      "Addr": "peer0.nsw.retf.com:7051",
      "ServerName": "",
      "Attributes": null,
      "BalancerAttributes": null,
      "Metadata": null
    }
  ],
  "Endpoints": [
    {
      "Addresses": [
        {
          "Addr": "peer0.nsw.retf.com:7051",
          "ServerName": "",
          "Attributes": null,
          "BalancerAttributes": null,
          "Metadata": null
        }
      ],
      "Attributes": null
    }
  ],
  "ServiceConfig": null,
  "Attributes": null
}
[34m2026-07-15 18:17:51.009 UTC 0009 INFO[0m [grpc] [34;1mAddTraceEvent[0m -> [core] [Channel #1]Channel Connectivity change to CONNECTING
[34m2026-07-15 18:17:51.009 UTC 000a INFO[0m [grpc] [34;1mAddTraceEvent[0m -> [core] [Channel #1 SubChannel #2]Subchannel created
[34m2026-07-15 18:17:51.009 UTC 000b INFO[0m [grpc] [34;1mAddTraceEvent[0m -> [core] [Channel #1]Channel exiting idle mode
[34m2026-07-15 18:17:51.009 UTC 000c INFO[0m [grpc] [34;1mAddTraceEvent[0m -> [core] [Channel #1 SubChannel #2]Subchannel Connectivity change to CONNECTING
[34m2026-07-15 18:17:51.009 UTC 000d INFO[0m [grpc] [34;1mAddTraceEvent[0m -> [core] [Channel #1 SubChannel #2]Subchannel picks a new address "peer0.nsw.retf.com:7051" to connect
[34m2026-07-15 18:17:51.011 UTC 000e INFO[0m [grpc] [34;1mAddTraceEvent[0m -> [core] [Channel #1 SubChannel #2]Subchannel Connectivity change to READY
[34m2026-07-15 18:17:51.011 UTC 000f INFO[0m [grpc] [34;1mInfof[0m -> [pick-first-leaf-lb] [pick-first-leaf-lb 0x55b6fec6870] SubConn 0x55b6fdd9270 reported connectivity state READY and the health listener is disabled. Transitioning SubConn to READY.
[34m2026-07-15 18:17:51.011 UTC 0010 INFO[0m [grpc] [34;1mAddTraceEvent[0m -> [core] [Channel #1]Channel Connectivity change to READY
[34m2026-07-15 18:17:51.012 UTC 0011 INFO[0m [grpc] [34;1mInfof[0m -> [core] original dial target is: "peer0.nsw.retf.com:7051"
[34m2026-07-15 18:17:51.012 UTC 0012 INFO[0m [grpc] [34;1mAddTraceEvent[0m -> [core] [Channel #4]Channel created
[34m2026-07-15 18:17:51.012 UTC 0013 INFO[0m [grpc] [34;1mAddTraceEvent[0m -> [core] [Channel #4]parsed dial target is: resolver.Target{URL:url.URL{Scheme:"passthrough", Opaque:"", User:(*url.Userinfo)(nil), Host:"", Path:"/peer0.nsw.retf.com:7051", Fragment:"", RawQuery:"", RawPath:"", RawFragment:"", ForceQuery:false, OmitHost:false}}
[34m2026-07-15 18:17:51.012 UTC 0014 INFO[0m [grpc] [34;1mAddTraceEvent[0m -> [core] [Channel #4]Channel authority set to "peer0.nsw.retf.com:7051"
[34m2026-07-15 18:17:51.012 UTC 0015 INFO[0m [grpc] [34;1mAddTraceEvent[0m -> [core] [Channel #4]Resolver state updated: {
  "Addresses": [
    {
      "Addr": "peer0.nsw.retf.com:7051",
      "ServerName": "",
      "Attributes": null,
      "BalancerAttributes": null,
      "Metadata": null
    }
  ],
  "Endpoints": [
    {
      "Addresses": [
        {
          "Addr": "peer0.nsw.retf.com:7051",
          "ServerName": "",
          "Attributes": null,
          "BalancerAttributes": null,
          "Metadata": null
        }
      ],
      "Attributes": null
    }
  ],
  "ServiceConfig": null,
  "Attributes": null
} (resolver returned new addresses)
[34m2026-07-15 18:17:51.012 UTC 0016 INFO[0m [grpc] [34;1mAddTraceEvent[0m -> [core] [Channel #4]Channel switches to new LB policy "pick_first"
[34m2026-07-15 18:17:51.012 UTC 0017 INFO[0m [grpc] [34;1mInfof[0m -> [pick-first-leaf-lb] [pick-first-leaf-lb 0x55b6ff4b3b0] Received new config {
  "shuffleAddressList": false
}, resolver state {
  "Addresses": [
    {
      "Addr": "peer0.nsw.retf.com:7051",
      "ServerName": "",
      "Attributes": null,
      "BalancerAttributes": null,
      "Metadata": null
    }
  ],
  "Endpoints": [
    {
      "Addresses": [
        {
          "Addr": "peer0.nsw.retf.com:7051",
          "ServerName": "",
          "Attributes": null,
          "BalancerAttributes": null,
          "Metadata": null
        }
      ],
      "Attributes": null
    }
  ],
  "ServiceConfig": null,
  "Attributes": null
}
[34m2026-07-15 18:17:51.012 UTC 0018 INFO[0m [grpc] [34;1mAddTraceEvent[0m -> [core] [Channel #4]Channel Connectivity change to CONNECTING
[34m2026-07-15 18:17:51.012 UTC 0019 INFO[0m [grpc] [34;1mAddTraceEvent[0m -> [core] [Channel #4 SubChannel #5]Subchannel created
[34m2026-07-15 18:17:51.012 UTC 001a INFO[0m [grpc] [34;1mAddTraceEvent[0m -> [core] [Channel #4]Channel exiting idle mode
[34m2026-07-15 18:17:51.012 UTC 001b INFO[0m [grpc] [34;1mAddTraceEvent[0m -> [core] [Channel #4 SubChannel #5]Subchannel Connectivity change to CONNECTING
[34m2026-07-15 18:17:51.012 UTC 001c INFO[0m [grpc] [34;1mAddTraceEvent[0m -> [core] [Channel #4 SubChannel #5]Subchannel picks a new address "peer0.nsw.retf.com:7051" to connect
[34m2026-07-15 18:17:51.014 UTC 001d INFO[0m [grpc] [34;1mAddTraceEvent[0m -> [core] [Channel #4 SubChannel #5]Subchannel Connectivity change to READY
[34m2026-07-15 18:17:51.014 UTC 001e INFO[0m [grpc] [34;1mInfof[0m -> [pick-first-leaf-lb] [pick-first-leaf-lb 0x55b6ff4b3b0] SubConn 0x55b701447d0 reported connectivity state READY and the health listener is disabled. Transitioning SubConn to READY.
[34m2026-07-15 18:17:51.014 UTC 001f INFO[0m [grpc] [34;1mAddTraceEvent[0m -> [core] [Channel #4]Channel Connectivity change to READY
[33m2026-07-15 18:17:51.014 UTC 0020 WARN[0m [grpc] [33;1mWarningf[0m -> [core] Adjusting keepalive ping interval to minimum period of 10s
[34m2026-07-15 18:17:51.014 UTC 0021 INFO[0m [grpc] [34;1mInfof[0m -> [core] original dial target is: "orderer.orderer.retf.com:7050"
[34m2026-07-15 18:17:51.014 UTC 0022 INFO[0m [grpc] [34;1mAddTraceEvent[0m -> [core] [Channel #7]Channel created
[34m2026-07-15 18:17:51.014 UTC 0023 INFO[0m [grpc] [34;1mAddTraceEvent[0m -> [core] [Channel #7]parsed dial target is: resolver.Target{URL:url.URL{Scheme:"passthrough", Opaque:"", User:(*url.Userinfo)(nil), Host:"", Path:"/orderer.orderer.retf.com:7050", Fragment:"", RawQuery:"", RawPath:"", RawFragment:"", ForceQuery:false, OmitHost:false}}
[34m2026-07-15 18:17:51.014 UTC 0024 INFO[0m [grpc] [34;1mAddTraceEvent[0m -> [core] [Channel #7]Channel authority set to "orderer.orderer.retf.com"
[34m2026-07-15 18:17:51.015 UTC 0025 INFO[0m [grpc] [34;1mAddTraceEvent[0m -> [core] [Channel #7]Resolver state updated: {
  "Addresses": [
    {
      "Addr": "orderer.orderer.retf.com:7050",
      "ServerName": "",
      "Attributes": null,
      "BalancerAttributes": null,
      "Metadata": null
    }
  ],
  "Endpoints": [
    {
      "Addresses": [
        {
          "Addr": "orderer.orderer.retf.com:7050",
          "ServerName": "",
          "Attributes": null,
          "BalancerAttributes": null,
          "Metadata": null
        }
      ],
      "Attributes": null
    }
  ],
  "ServiceConfig": null,
  "Attributes": null
} (resolver returned new addresses)
[34m2026-07-15 18:17:51.015 UTC 0026 INFO[0m [grpc] [34;1mAddTraceEvent[0m -> [core] [Channel #7]Channel switches to new LB policy "pick_first"
[34m2026-07-15 18:17:51.015 UTC 0027 INFO[0m [grpc] [34;1mInfof[0m -> [pick-first-leaf-lb] [pick-first-leaf-lb 0x55b703ba000] Received new config {
  "shuffleAddressList": false
}, resolver state {
  "Addresses": [
    {
      "Addr": "orderer.orderer.retf.com:7050",
      "ServerName": "",
      "Attributes": null,
      "BalancerAttributes": null,
      "Metadata": null
    }
  ],
  "Endpoints": [
    {
      "Addresses": [
        {
          "Addr": "orderer.orderer.retf.com:7050",
          "ServerName": "",
          "Attributes": null,
          "BalancerAttributes": null,
          "Metadata": null
        }
      ],
      "Attributes": null
    }
  ],
  "ServiceConfig": null,
  "Attributes": null
}
[34m2026-07-15 18:17:51.015 UTC 0028 INFO[0m [grpc] [34;1mAddTraceEvent[0m -> [core] [Channel #7]Channel Connectivity change to CONNECTING
[34m2026-07-15 18:17:51.015 UTC 0029 INFO[0m [grpc] [34;1mAddTraceEvent[0m -> [core] [Channel #7 SubChannel #8]Subchannel created
[34m2026-07-15 18:17:51.015 UTC 002a INFO[0m [grpc] [34;1mAddTraceEvent[0m -> [core] [Channel #7]Channel exiting idle mode
[34m2026-07-15 18:17:51.015 UTC 002b INFO[0m [grpc] [34;1mAddTraceEvent[0m -> [core] [Channel #7 SubChannel #8]Subchannel Connectivity change to CONNECTING
[34m2026-07-15 18:17:51.015 UTC 002c INFO[0m [grpc] [34;1mAddTraceEvent[0m -> [core] [Channel #7 SubChannel #8]Subchannel picks a new address "orderer.orderer.retf.com:7050" to connect
[34m2026-07-15 18:17:51.025 UTC 002d INFO[0m [grpc] [34;1mAddTraceEvent[0m -> [core] [Channel #7 SubChannel #8]Subchannel Connectivity change to READY
[34m2026-07-15 18:17:51.025 UTC 002e INFO[0m [grpc] [34;1mInfof[0m -> [pick-first-leaf-lb] [pick-first-leaf-lb 0x55b703ba000] SubConn 0x55b7038e0f0 reported connectivity state READY and the health listener is disabled. Transitioning SubConn to READY.
[34m2026-07-15 18:17:51.025 UTC 002f INFO[0m [grpc] [34;1mAddTraceEvent[0m -> [core] [Channel #7]Channel Connectivity change to READY
[34m2026-07-15 18:17:53.078 UTC 0030 INFO[0m [chaincodeCmd] [34;1mClientWait[0m -> txid [0f99eb421bb0f7ee804d2a93127a78e1cc2a713af0cd1ee3d21a3e7b75e03a08] committed with status (VALID) at peer0.nsw.retf.com:7051
[34m2026-07-15 18:17:53.078 UTC 0031 INFO[0m [chaincodeCmd] [34;1mchaincodeInvokeOrQuery[0m -> Chaincode invoke successful. result: status:200 payload:"s2.2.2/task-policy/task-env-restart"
[34m2026-07-15 18:17:54.451 UTC 0001 INFO[0m [chaincodeCmd] [34;1mInitCmdFactory[0m -> InitCmdFactory: Entry: invoke, true, true
[34m2026-07-15 18:17:54.451 UTC 0002 INFO[0m [grpc] [34;1mInfof[0m -> [core] original dial target is: "peer0.nsw.retf.com:7051"
[34m2026-07-15 18:17:54.451 UTC 0003 INFO[0m [grpc] [34;1mAddTraceEvent[0m -> [core] [Channel #1]Channel created
[34m2026-07-15 18:17:54.451 UTC 0004 INFO[0m [grpc] [34;1mAddTraceEvent[0m -> [core] [Channel #1]parsed dial target is: resolver.Target{URL:url.URL{Scheme:"passthrough", Opaque:"", User:(*url.Userinfo)(nil), Host:"", Path:"/peer0.nsw.retf.com:7051", Fragment:"", RawQuery:"", RawPath:"", RawFragment:"", ForceQuery:false, OmitHost:false}}
[34m2026-07-15 18:17:54.451 UTC 0005 INFO[0m [grpc] [34;1mAddTraceEvent[0m -> [core] [Channel #1]Channel authority set to "peer0.nsw.retf.com:7051"
[34m2026-07-15 18:17:54.451 UTC 0006 INFO[0m [grpc] [34;1mAddTraceEvent[0m -> [core] [Channel #1]Resolver state updated: {
  "Addresses": [
    {
      "Addr": "peer0.nsw.retf.com:7051",
      "ServerName": "",
      "Attributes": null,
      "BalancerAttributes": null,
      "Metadata": null
    }
  ],
  "Endpoints": [
    {
      "Addresses": [
        {
          "Addr": "peer0.nsw.retf.com:7051",
          "ServerName": "",
          "Attributes": null,
          "BalancerAttributes": null,
          "Metadata": null
        }
      ],
      "Attributes": null
    }
  ],
  "ServiceConfig": null,
  "Attributes": null
} (resolver returned new addresses)
[34m2026-07-15 18:17:54.451 UTC 0007 INFO[0m [grpc] [34;1mAddTraceEvent[0m -> [core] [Channel #1]Channel switches to new LB policy "pick_first"
[34m2026-07-15 18:17:54.451 UTC 0008 INFO[0m [grpc] [34;1mInfof[0m -> [pick-first-leaf-lb] [pick-first-leaf-lb 0x1030cd1fc480] Received new config {
  "shuffleAddressList": false
}, resolver state {
  "Addresses": [
    {
      "Addr": "peer0.nsw.retf.com:7051",
      "ServerName": "",
      "Attributes": null,
      "BalancerAttributes": null,
      "Metadata": null
    }
  ],
  "Endpoints": [
    {
      "Addresses": [
        {
          "Addr": "peer0.nsw.retf.com:7051",
          "ServerName": "",
          "Attributes": null,
          "BalancerAttributes": null,
          "Metadata": null
        }
      ],
      "Attributes": null
    }
  ],
  "ServiceConfig": null,
  "Attributes": null
}
[34m2026-07-15 18:17:54.451 UTC 0009 INFO[0m [grpc] [34;1mAddTraceEvent[0m -> [core] [Channel #1]Channel Connectivity change to CONNECTING
[34m2026-07-15 18:17:54.451 UTC 000a INFO[0m [grpc] [34;1mAddTraceEvent[0m -> [core] [Channel #1 SubChannel #2]Subchannel created
[34m2026-07-15 18:17:54.451 UTC 000b INFO[0m [grpc] [34;1mAddTraceEvent[0m -> [core] [Channel #1]Channel exiting idle mode
[34m2026-07-15 18:17:54.451 UTC 000c INFO[0m [grpc] [34;1mAddTraceEvent[0m -> [core] [Channel #1 SubChannel #2]Subchannel Connectivity change to CONNECTING
[34m2026-07-15 18:17:54.452 UTC 000d INFO[0m [grpc] [34;1mAddTraceEvent[0m -> [core] [Channel #1 SubChannel #2]Subchannel picks a new address "peer0.nsw.retf.com:7051" to connect
[34m2026-07-15 18:17:54.454 UTC 000e INFO[0m [grpc] [34;1mAddTraceEvent[0m -> [core] [Channel #1 SubChannel #2]Subchannel Connectivity change to READY
[34m2026-07-15 18:17:54.454 UTC 000f INFO[0m [grpc] [34;1mInfof[0m -> [pick-first-leaf-lb] [pick-first-leaf-lb 0x1030cd1fc480] SubConn 0x1030cd19d860 reported connectivity state READY and the health listener is disabled. Transitioning SubConn to READY.
[34m2026-07-15 18:17:54.454 UTC 0010 INFO[0m [grpc] [34;1mAddTraceEvent[0m -> [core] [Channel #1]Channel Connectivity change to READY
[34m2026-07-15 18:17:54.454 UTC 0011 INFO[0m [grpc] [34;1mInfof[0m -> [core] original dial target is: "peer0.nsw.retf.com:7051"
[34m2026-07-15 18:17:54.454 UTC 0012 INFO[0m [grpc] [34;1mAddTraceEvent[0m -> [core] [Channel #4]Channel created
[34m2026-07-15 18:17:54.454 UTC 0013 INFO[0m [grpc] [34;1mAddTraceEvent[0m -> [core] [Channel #4]parsed dial target is: resolver.Target{URL:url.URL{Scheme:"passthrough", Opaque:"", User:(*url.Userinfo)(nil), Host:"", Path:"/peer0.nsw.retf.com:7051", Fragment:"", RawQuery:"", RawPath:"", RawFragment:"", ForceQuery:false, OmitHost:false}}
[34m2026-07-15 18:17:54.454 UTC 0014 INFO[0m [grpc] [34;1mAddTraceEvent[0m -> [core] [Channel #4]Channel authority set to "peer0.nsw.retf.com:7051"
[34m2026-07-15 18:17:54.454 UTC 0015 INFO[0m [grpc] [34;1mAddTraceEvent[0m -> [core] [Channel #4]Resolver state updated: {
  "Addresses": [
    {
      "Addr": "peer0.nsw.retf.com:7051",
      "ServerName": "",
      "Attributes": null,
      "BalancerAttributes": null,
      "Metadata": null
    }
  ],
  "Endpoints": [
    {
      "Addresses": [
        {
          "Addr": "peer0.nsw.retf.com:7051",
          "ServerName": "",
          "Attributes": null,
          "BalancerAttributes": null,
          "Metadata": null
        }
      ],
      "Attributes": null
    }
  ],
  "ServiceConfig": null,
  "Attributes": null
} (resolver returned new addresses)
[34m2026-07-15 18:17:54.454 UTC 0016 INFO[0m [grpc] [34;1mAddTraceEvent[0m -> [core] [Channel #4]Channel switches to new LB policy "pick_first"
[34m2026-07-15 18:17:54.454 UTC 0017 INFO[0m [grpc] [34;1mInfof[0m -> [pick-first-leaf-lb] [pick-first-leaf-lb 0x1030cd2106c0] Received new config {
  "shuffleAddressList": false
}, resolver state {
  "Addresses": [
    {
      "Addr": "peer0.nsw.retf.com:7051",
      "ServerName": "",
      "Attributes": null,
      "BalancerAttributes": null,
      "Metadata": null
    }
  ],
  "Endpoints": [
    {
      "Addresses": [
        {
          "Addr": "peer0.nsw.retf.com:7051",
          "ServerName": "",
          "Attributes": null,
          "BalancerAttributes": null,
          "Metadata": null
        }
      ],
      "Attributes": null
    }
  ],
  "ServiceConfig": null,
  "Attributes": null
}
[34m2026-07-15 18:17:54.454 UTC 0018 INFO[0m [grpc] [34;1mAddTraceEvent[0m -> [core] [Channel #4]Channel Connectivity change to CONNECTING
[34m2026-07-15 18:17:54.454 UTC 0019 INFO[0m [grpc] [34;1mAddTraceEvent[0m -> [core] [Channel #4 SubChannel #5]Subchannel created
[34m2026-07-15 18:17:54.454 UTC 001a INFO[0m [grpc] [34;1mAddTraceEvent[0m -> [core] [Channel #4]Channel exiting idle mode
[34m2026-07-15 18:17:54.455 UTC 001b INFO[0m [grpc] [34;1mAddTraceEvent[0m -> [core] [Channel #4 SubChannel #5]Subchannel Connectivity change to CONNECTING
[34m2026-07-15 18:17:54.455 UTC 001c INFO[0m [grpc] [34;1mAddTraceEvent[0m -> [core] [Channel #4 SubChannel #5]Subchannel picks a new address "peer0.nsw.retf.com:7051" to connect
[34m2026-07-15 18:17:54.456 UTC 001d INFO[0m [grpc] [34;1mAddTraceEvent[0m -> [core] [Channel #4 SubChannel #5]Subchannel Connectivity change to READY
[34m2026-07-15 18:17:54.457 UTC 001e INFO[0m [grpc] [34;1mInfof[0m -> [pick-first-leaf-lb] [pick-first-leaf-lb 0x1030cd2106c0] SubConn 0x1030cd3d85a0 reported connectivity state READY and the health listener is disabled. Transitioning SubConn to READY.
[34m2026-07-15 18:17:54.457 UTC 001f INFO[0m [grpc] [34;1mAddTraceEvent[0m -> [core] [Channel #4]Channel Connectivity change to READY
[33m2026-07-15 18:17:54.457 UTC 0020 WARN[0m [grpc] [33;1mWarningf[0m -> [core] Adjusting keepalive ping interval to minimum period of 10s
[34m2026-07-15 18:17:54.457 UTC 0021 INFO[0m [grpc] [34;1mInfof[0m -> [core] original dial target is: "orderer.orderer.retf.com:7050"
[34m2026-07-15 18:17:54.457 UTC 0022 INFO[0m [grpc] [34;1mAddTraceEvent[0m -> [core] [Channel #7]Channel created
[34m2026-07-15 18:17:54.457 UTC 0023 INFO[0m [grpc] [34;1mAddTraceEvent[0m -> [core] [Channel #7]parsed dial target is: resolver.Target{URL:url.URL{Scheme:"passthrough", Opaque:"", User:(*url.Userinfo)(nil), Host:"", Path:"/orderer.orderer.retf.com:7050", Fragment:"", RawQuery:"", RawPath:"", RawFragment:"", ForceQuery:false, OmitHost:false}}
[34m2026-07-15 18:17:54.457 UTC 0024 INFO[0m [grpc] [34;1mAddTraceEvent[0m -> [core] [Channel #7]Channel authority set to "orderer.orderer.retf.com"
[34m2026-07-15 18:17:54.458 UTC 0025 INFO[0m [grpc] [34;1mAddTraceEvent[0m -> [core] [Channel #7]Resolver state updated: {
  "Addresses": [
    {
      "Addr": "orderer.orderer.retf.com:7050",
      "ServerName": "",
      "Attributes": null,
      "BalancerAttributes": null,
      "Metadata": null
    }
  ],
  "Endpoints": [
    {
      "Addresses": [
        {
          "Addr": "orderer.orderer.retf.com:7050",
          "ServerName": "",
          "Attributes": null,
          "BalancerAttributes": null,
          "Metadata": null
        }
      ],
      "Attributes": null
    }
  ],
  "ServiceConfig": null,
  "Attributes": null
} (resolver returned new addresses)
[34m2026-07-15 18:17:54.458 UTC 0026 INFO[0m [grpc] [34;1mAddTraceEvent[0m -> [core] [Channel #7]Channel switches to new LB policy "pick_first"
[34m2026-07-15 18:17:54.458 UTC 0027 INFO[0m [grpc] [34;1mInfof[0m -> [pick-first-leaf-lb] [pick-first-leaf-lb 0x1030cd1fc630] Received new config {
  "shuffleAddressList": false
}, resolver state {
  "Addresses": [
    {
      "Addr": "orderer.orderer.retf.com:7050",
      "ServerName": "",
      "Attributes": null,
      "BalancerAttributes": null,
      "Metadata": null
    }
  ],
  "Endpoints": [
    {
      "Addresses": [
        {
          "Addr": "orderer.orderer.retf.com:7050",
          "ServerName": "",
          "Attributes": null,
          "BalancerAttributes": null,
          "Metadata": null
        }
      ],
      "Attributes": null
    }
  ],
  "ServiceConfig": null,
  "Attributes": null
}
[34m2026-07-15 18:17:54.458 UTC 0028 INFO[0m [grpc] [34;1mAddTraceEvent[0m -> [core] [Channel #7]Channel Connectivity change to CONNECTING
[34m2026-07-15 18:17:54.458 UTC 0029 INFO[0m [grpc] [34;1mAddTraceEvent[0m -> [core] [Channel #7 SubChannel #8]Subchannel created
[34m2026-07-15 18:17:54.458 UTC 002a INFO[0m [grpc] [34;1mAddTraceEvent[0m -> [core] [Channel #7]Channel exiting idle mode
[34m2026-07-15 18:17:54.458 UTC 002b INFO[0m [grpc] [34;1mAddTraceEvent[0m -> [core] [Channel #7 SubChannel #8]Subchannel Connectivity change to CONNECTING
[34m2026-07-15 18:17:54.458 UTC 002c INFO[0m [grpc] [34;1mAddTraceEvent[0m -> [core] [Channel #7 SubChannel #8]Subchannel picks a new address "orderer.orderer.retf.com:7050" to connect
[34m2026-07-15 18:17:54.461 UTC 002d INFO[0m [grpc] [34;1mAddTraceEvent[0m -> [core] [Channel #7 SubChannel #8]Subchannel Connectivity change to READY
[34m2026-07-15 18:17:54.461 UTC 002e INFO[0m [grpc] [34;1mInfof[0m -> [pick-first-leaf-lb] [pick-first-leaf-lb 0x1030cd1fc630] SubConn 0x1030cd7081e0 reported connectivity state READY and the health listener is disabled. Transitioning SubConn to READY.
[34m2026-07-15 18:17:54.461 UTC 002f INFO[0m [grpc] [34;1mAddTraceEvent[0m -> [core] [Channel #7]Channel Connectivity change to READY
[34m2026-07-15 18:17:56.518 UTC 0030 INFO[0m [chaincodeCmd] [34;1mClientWait[0m -> txid [97d12434301860144b2b791eb558942fcb8e0151fc17f16caec7333397e7363f] committed with status (VALID) at peer0.nsw.retf.com:7051
[34m2026-07-15 18:17:56.518 UTC 0031 INFO[0m [chaincodeCmd] [34;1mchaincodeInvokeOrQuery[0m -> Chaincode invoke successful. result: status:200 payload:"s2.2.2/task-policy/task-expiry-unused"
[34m2026-07-15 18:17:57.485 UTC 0001 INFO[0m [chaincodeCmd] [34;1mInitCmdFactory[0m -> InitCmdFactory: Entry: invoke, true, true
[34m2026-07-15 18:17:57.486 UTC 0002 INFO[0m [grpc] [34;1mInfof[0m -> [core] original dial target is: "peer0.nsw.retf.com:7051"
[34m2026-07-15 18:17:57.486 UTC 0003 INFO[0m [grpc] [34;1mAddTraceEvent[0m -> [core] [Channel #1]Channel created
[34m2026-07-15 18:17:57.486 UTC 0004 INFO[0m [grpc] [34;1mAddTraceEvent[0m -> [core] [Channel #1]parsed dial target is: resolver.Target{URL:url.URL{Scheme:"passthrough", Opaque:"", User:(*url.Userinfo)(nil), Host:"", Path:"/peer0.nsw.retf.com:7051", Fragment:"", RawQuery:"", RawPath:"", RawFragment:"", ForceQuery:false, OmitHost:false}}
[34m2026-07-15 18:17:57.486 UTC 0005 INFO[0m [grpc] [34;1mAddTraceEvent[0m -> [core] [Channel #1]Channel authority set to "peer0.nsw.retf.com:7051"
[34m2026-07-15 18:17:57.486 UTC 0006 INFO[0m [grpc] [34;1mAddTraceEvent[0m -> [core] [Channel #1]Resolver state updated: {
  "Addresses": [
    {
      "Addr": "peer0.nsw.retf.com:7051",
      "ServerName": "",
      "Attributes": null,
      "BalancerAttributes": null,
      "Metadata": null
    }
  ],
  "Endpoints": [
    {
      "Addresses": [
        {
          "Addr": "peer0.nsw.retf.com:7051",
          "ServerName": "",
          "Attributes": null,
          "BalancerAttributes": null,
          "Metadata": null
        }
      ],
      "Attributes": null
    }
  ],
  "ServiceConfig": null,
  "Attributes": null
} (resolver returned new addresses)
[34m2026-07-15 18:17:57.486 UTC 0007 INFO[0m [grpc] [34;1mAddTraceEvent[0m -> [core] [Channel #1]Channel switches to new LB policy "pick_first"
[34m2026-07-15 18:17:57.486 UTC 0008 INFO[0m [grpc] [34;1mInfof[0m -> [pick-first-leaf-lb] [pick-first-leaf-lb 0x3663f40ac7e0] Received new config {
  "shuffleAddressList": false
}, resolver state {
  "Addresses": [
    {
      "Addr": "peer0.nsw.retf.com:7051",
      "ServerName": "",
      "Attributes": null,
      "BalancerAttributes": null,
      "Metadata": null
    }
  ],
  "Endpoints": [
    {
      "Addresses": [
        {
          "Addr": "peer0.nsw.retf.com:7051",
          "ServerName": "",
          "Attributes": null,
          "BalancerAttributes": null,
          "Metadata": null
        }
      ],
      "Attributes": null
    }
  ],
  "ServiceConfig": null,
  "Attributes": null
}
[34m2026-07-15 18:17:57.486 UTC 0009 INFO[0m [grpc] [34;1mAddTraceEvent[0m -> [core] [Channel #1]Channel Connectivity change to CONNECTING
[34m2026-07-15 18:17:57.486 UTC 000a INFO[0m [grpc] [34;1mAddTraceEvent[0m -> [core] [Channel #1 SubChannel #2]Subchannel created
[34m2026-07-15 18:17:57.486 UTC 000b INFO[0m [grpc] [34;1mAddTraceEvent[0m -> [core] [Channel #1]Channel exiting idle mode
[34m2026-07-15 18:17:57.486 UTC 000c INFO[0m [grpc] [34;1mAddTraceEvent[0m -> [core] [Channel #1 SubChannel #2]Subchannel Connectivity change to CONNECTING
[34m2026-07-15 18:17:57.486 UTC 000d INFO[0m [grpc] [34;1mAddTraceEvent[0m -> [core] [Channel #1 SubChannel #2]Subchannel picks a new address "peer0.nsw.retf.com:7051" to connect
[34m2026-07-15 18:17:57.489 UTC 000e INFO[0m [grpc] [34;1mAddTraceEvent[0m -> [core] [Channel #1 SubChannel #2]Subchannel Connectivity change to READY
[34m2026-07-15 18:17:57.489 UTC 000f INFO[0m [grpc] [34;1mInfof[0m -> [pick-first-leaf-lb] [pick-first-leaf-lb 0x3663f40ac7e0] SubConn 0x3663f3dd8eb0 reported connectivity state READY and the health listener is disabled. Transitioning SubConn to READY.
[34m2026-07-15 18:17:57.489 UTC 0010 INFO[0m [grpc] [34;1mAddTraceEvent[0m -> [core] [Channel #1]Channel Connectivity change to READY
[34m2026-07-15 18:17:57.489 UTC 0011 INFO[0m [grpc] [34;1mInfof[0m -> [core] original dial target is: "peer0.nsw.retf.com:7051"
[34m2026-07-15 18:17:57.489 UTC 0012 INFO[0m [grpc] [34;1mAddTraceEvent[0m -> [core] [Channel #4]Channel created
[34m2026-07-15 18:17:57.489 UTC 0013 INFO[0m [grpc] [34;1mAddTraceEvent[0m -> [core] [Channel #4]parsed dial target is: resolver.Target{URL:url.URL{Scheme:"passthrough", Opaque:"", User:(*url.Userinfo)(nil), Host:"", Path:"/peer0.nsw.retf.com:7051", Fragment:"", RawQuery:"", RawPath:"", RawFragment:"", ForceQuery:false, OmitHost:false}}
[34m2026-07-15 18:17:57.489 UTC 0014 INFO[0m [grpc] [34;1mAddTraceEvent[0m -> [core] [Channel #4]Channel authority set to "peer0.nsw.retf.com:7051"
[34m2026-07-15 18:17:57.489 UTC 0015 INFO[0m [grpc] [34;1mAddTraceEvent[0m -> [core] [Channel #4]Resolver state updated: {
  "Addresses": [
    {
      "Addr": "peer0.nsw.retf.com:7051",
      "ServerName": "",
      "Attributes": null,
      "BalancerAttributes": null,
      "Metadata": null
    }
  ],
  "Endpoints": [
    {
      "Addresses": [
        {
          "Addr": "peer0.nsw.retf.com:7051",
          "ServerName": "",
          "Attributes": null,
          "BalancerAttributes": null,
          "Metadata": null
        }
      ],
      "Attributes": null
    }
  ],
  "ServiceConfig": null,
  "Attributes": null
} (resolver returned new addresses)
[34m2026-07-15 18:17:57.489 UTC 0016 INFO[0m [grpc] [34;1mAddTraceEvent[0m -> [core] [Channel #4]Channel switches to new LB policy "pick_first"
[34m2026-07-15 18:17:57.489 UTC 0017 INFO[0m [grpc] [34;1mInfof[0m -> [pick-first-leaf-lb] [pick-first-leaf-lb 0x3663f3fbb3b0] Received new config {
  "shuffleAddressList": false
}, resolver state {
  "Addresses": [
    {
      "Addr": "peer0.nsw.retf.com:7051",
      "ServerName": "",
      "Attributes": null,
      "BalancerAttributes": null,
      "Metadata": null
    }
  ],
  "Endpoints": [
    {
      "Addresses": [
        {
          "Addr": "peer0.nsw.retf.com:7051",
          "ServerName": "",
          "Attributes": null,
          "BalancerAttributes": null,
          "Metadata": null
        }
      ],
      "Attributes": null
    }
  ],
  "ServiceConfig": null,
  "Attributes": null
}
[34m2026-07-15 18:17:57.489 UTC 0018 INFO[0m [grpc] [34;1mAddTraceEvent[0m -> [core] [Channel #4]Channel Connectivity change to CONNECTING
[34m2026-07-15 18:17:57.489 UTC 0019 INFO[0m [grpc] [34;1mAddTraceEvent[0m -> [core] [Channel #4 SubChannel #5]Subchannel created
[34m2026-07-15 18:17:57.489 UTC 001a INFO[0m [grpc] [34;1mAddTraceEvent[0m -> [core] [Channel #4]Channel exiting idle mode
[34m2026-07-15 18:17:57.489 UTC 001b INFO[0m [grpc] [34;1mAddTraceEvent[0m -> [core] [Channel #4 SubChannel #5]Subchannel Connectivity change to CONNECTING
[34m2026-07-15 18:17:57.489 UTC 001c INFO[0m [grpc] [34;1mAddTraceEvent[0m -> [core] [Channel #4 SubChannel #5]Subchannel picks a new address "peer0.nsw.retf.com:7051" to connect
[34m2026-07-15 18:17:57.491 UTC 001d INFO[0m [grpc] [34;1mAddTraceEvent[0m -> [core] [Channel #4 SubChannel #5]Subchannel Connectivity change to READY
[34m2026-07-15 18:17:57.491 UTC 001e INFO[0m [grpc] [34;1mInfof[0m -> [pick-first-leaf-lb] [pick-first-leaf-lb 0x3663f3fbb3b0] SubConn 0x3663f417e500 reported connectivity state READY and the health listener is disabled. Transitioning SubConn to READY.
[34m2026-07-15 18:17:57.491 UTC 001f INFO[0m [grpc] [34;1mAddTraceEvent[0m -> [core] [Channel #4]Channel Connectivity change to READY
[33m2026-07-15 18:17:57.491 UTC 0020 WARN[0m [grpc] [33;1mWarningf[0m -> [core] Adjusting keepalive ping interval to minimum period of 10s
[34m2026-07-15 18:17:57.491 UTC 0021 INFO[0m [grpc] [34;1mInfof[0m -> [core] original dial target is: "orderer.orderer.retf.com:7050"
[34m2026-07-15 18:17:57.491 UTC 0022 INFO[0m [grpc] [34;1mAddTraceEvent[0m -> [core] [Channel #7]Channel created
[34m2026-07-15 18:17:57.492 UTC 0023 INFO[0m [grpc] [34;1mAddTraceEvent[0m -> [core] [Channel #7]parsed dial target is: resolver.Target{URL:url.URL{Scheme:"passthrough", Opaque:"", User:(*url.Userinfo)(nil), Host:"", Path:"/orderer.orderer.retf.com:7050", Fragment:"", RawQuery:"", RawPath:"", RawFragment:"", ForceQuery:false, OmitHost:false}}
[34m2026-07-15 18:17:57.492 UTC 0024 INFO[0m [grpc] [34;1mAddTraceEvent[0m -> [core] [Channel #7]Channel authority set to "orderer.orderer.retf.com"
[34m2026-07-15 18:17:57.492 UTC 0025 INFO[0m [grpc] [34;1mAddTraceEvent[0m -> [core] [Channel #7]Resolver state updated: {
  "Addresses": [
    {
      "Addr": "orderer.orderer.retf.com:7050",
      "ServerName": "",
      "Attributes": null,
      "BalancerAttributes": null,
      "Metadata": null
    }
  ],
  "Endpoints": [
    {
      "Addresses": [
        {
          "Addr": "orderer.orderer.retf.com:7050",
          "ServerName": "",
          "Attributes": null,
          "BalancerAttributes": null,
          "Metadata": null
        }
      ],
      "Attributes": null
    }
  ],
  "ServiceConfig": null,
  "Attributes": null
} (resolver returned new addresses)
[34m2026-07-15 18:17:57.492 UTC 0026 INFO[0m [grpc] [34;1mAddTraceEvent[0m -> [core] [Channel #7]Channel switches to new LB policy "pick_first"
[34m2026-07-15 18:17:57.492 UTC 0027 INFO[0m [grpc] [34;1mInfof[0m -> [pick-first-leaf-lb] [pick-first-leaf-lb 0x3663f40ac990] Received new config {
  "shuffleAddressList": false
}, resolver state {
  "Addresses": [
    {
      "Addr": "orderer.orderer.retf.com:7050",
      "ServerName": "",
      "Attributes": null,
      "BalancerAttributes": null,
      "Metadata": null
    }
  ],
  "Endpoints": [
    {
      "Addresses": [
        {
          "Addr": "orderer.orderer.retf.com:7050",
          "ServerName": "",
          "Attributes": null,
          "BalancerAttributes": null,
          "Metadata": null
        }
      ],
      "Attributes": null
    }
  ],
  "ServiceConfig": null,
  "Attributes": null
}
[34m2026-07-15 18:17:57.492 UTC 0028 INFO[0m [grpc] [34;1mAddTraceEvent[0m -> [core] [Channel #7]Channel Connectivity change to CONNECTING
[34m2026-07-15 18:17:57.492 UTC 0029 INFO[0m [grpc] [34;1mAddTraceEvent[0m -> [core] [Channel #7 SubChannel #8]Subchannel created
[34m2026-07-15 18:17:57.492 UTC 002a INFO[0m [grpc] [34;1mAddTraceEvent[0m -> [core] [Channel #7]Channel exiting idle mode
[34m2026-07-15 18:17:57.492 UTC 002b INFO[0m [grpc] [34;1mAddTraceEvent[0m -> [core] [Channel #7 SubChannel #8]Subchannel Connectivity change to CONNECTING
[34m2026-07-15 18:17:57.492 UTC 002c INFO[0m [grpc] [34;1mAddTraceEvent[0m -> [core] [Channel #7 SubChannel #8]Subchannel picks a new address "orderer.orderer.retf.com:7050" to connect
[34m2026-07-15 18:17:57.495 UTC 002d INFO[0m [grpc] [34;1mAddTraceEvent[0m -> [core] [Channel #7 SubChannel #8]Subchannel Connectivity change to READY
[34m2026-07-15 18:17:57.495 UTC 002e INFO[0m [grpc] [34;1mInfof[0m -> [pick-first-leaf-lb] [pick-first-leaf-lb 0x3663f40ac990] SubConn 0x3663f3dd8b90 reported connectivity state READY and the health listener is disabled. Transitioning SubConn to READY.
[34m2026-07-15 18:17:57.495 UTC 002f INFO[0m [grpc] [34;1mAddTraceEvent[0m -> [core] [Channel #7]Channel Connectivity change to READY
[34m2026-07-15 18:17:59.545 UTC 0030 INFO[0m [chaincodeCmd] [34;1mClientWait[0m -> txid [76ff1ad7af92939eec16b96f2ae2a0d35c36935438c9ae3d195bcde77e19706f] committed with status (VALID) at peer0.nsw.retf.com:7051
[34m2026-07-15 18:17:59.545 UTC 0031 INFO[0m [chaincodeCmd] [34;1mchaincodeInvokeOrQuery[0m -> Chaincode invoke successful. result: status:200 payload:"s2.2.2/credential-registry/trusted-registry-epoch1b"
[34m2026-07-15 18:18:01.314 UTC 0001 INFO[0m [chaincodeCmd] [34;1mInitCmdFactory[0m -> InitCmdFactory: Entry: invoke, true, true
[34m2026-07-15 18:18:01.314 UTC 0002 INFO[0m [grpc] [34;1mInfof[0m -> [core] original dial target is: "peer0.nsw.retf.com:7051"
[34m2026-07-15 18:18:01.315 UTC 0003 INFO[0m [grpc] [34;1mAddTraceEvent[0m -> [core] [Channel #1]Channel created
[34m2026-07-15 18:18:01.315 UTC 0004 INFO[0m [grpc] [34;1mAddTraceEvent[0m -> [core] [Channel #1]parsed dial target is: resolver.Target{URL:url.URL{Scheme:"passthrough", Opaque:"", User:(*url.Userinfo)(nil), Host:"", Path:"/peer0.nsw.retf.com:7051", Fragment:"", RawQuery:"", RawPath:"", RawFragment:"", ForceQuery:false, OmitHost:false}}
[34m2026-07-15 18:18:01.315 UTC 0005 INFO[0m [grpc] [34;1mAddTraceEvent[0m -> [core] [Channel #1]Channel authority set to "peer0.nsw.retf.com:7051"
[34m2026-07-15 18:18:01.315 UTC 0006 INFO[0m [grpc] [34;1mAddTraceEvent[0m -> [core] [Channel #1]Resolver state updated: {
  "Addresses": [
    {
      "Addr": "peer0.nsw.retf.com:7051",
      "ServerName": "",
      "Attributes": null,
      "BalancerAttributes": null,
      "Metadata": null
    }
  ],
  "Endpoints": [
    {
      "Addresses": [
        {
          "Addr": "peer0.nsw.retf.com:7051",
          "ServerName": "",
          "Attributes": null,
          "BalancerAttributes": null,
          "Metadata": null
        }
      ],
      "Attributes": null
    }
  ],
  "ServiceConfig": null,
  "Attributes": null
} (resolver returned new addresses)
[34m2026-07-15 18:18:01.315 UTC 0007 INFO[0m [grpc] [34;1mAddTraceEvent[0m -> [core] [Channel #1]Channel switches to new LB policy "pick_first"
[34m2026-07-15 18:18:01.315 UTC 0008 INFO[0m [grpc] [34;1mInfof[0m -> [pick-first-leaf-lb] [pick-first-leaf-lb 0x2fed4a5a67e0] Received new config {
  "shuffleAddressList": false
}, resolver state {
  "Addresses": [
    {
      "Addr": "peer0.nsw.retf.com:7051",
      "ServerName": "",
      "Attributes": null,
      "BalancerAttributes": null,
      "Metadata": null
    }
  ],
  "Endpoints": [
    {
      "Addresses": [
        {
          "Addr": "peer0.nsw.retf.com:7051",
          "ServerName": "",
          "Attributes": null,
          "BalancerAttributes": null,
          "Metadata": null
        }
      ],
      "Attributes": null
    }
  ],
  "ServiceConfig": null,
  "Attributes": null
}
[34m2026-07-15 18:18:01.315 UTC 0009 INFO[0m [grpc] [34;1mAddTraceEvent[0m -> [core] [Channel #1]Channel Connectivity change to CONNECTING
[34m2026-07-15 18:18:01.315 UTC 000a INFO[0m [grpc] [34;1mAddTraceEvent[0m -> [core] [Channel #1 SubChannel #2]Subchannel created
[34m2026-07-15 18:18:01.315 UTC 000b INFO[0m [grpc] [34;1mAddTraceEvent[0m -> [core] [Channel #1]Channel exiting idle mode
[34m2026-07-15 18:18:01.315 UTC 000c INFO[0m [grpc] [34;1mAddTraceEvent[0m -> [core] [Channel #1 SubChannel #2]Subchannel Connectivity change to CONNECTING
[34m2026-07-15 18:18:01.315 UTC 000d INFO[0m [grpc] [34;1mAddTraceEvent[0m -> [core] [Channel #1 SubChannel #2]Subchannel picks a new address "peer0.nsw.retf.com:7051" to connect
[34m2026-07-15 18:18:01.317 UTC 000e INFO[0m [grpc] [34;1mAddTraceEvent[0m -> [core] [Channel #1 SubChannel #2]Subchannel Connectivity change to READY
[34m2026-07-15 18:18:01.317 UTC 000f INFO[0m [grpc] [34;1mInfof[0m -> [pick-first-leaf-lb] [pick-first-leaf-lb 0x2fed4a5a67e0] SubConn 0x2fed4a27ceb0 reported connectivity state READY and the health listener is disabled. Transitioning SubConn to READY.
[34m2026-07-15 18:18:01.317 UTC 0010 INFO[0m [grpc] [34;1mAddTraceEvent[0m -> [core] [Channel #1]Channel Connectivity change to READY
[34m2026-07-15 18:18:01.317 UTC 0011 INFO[0m [grpc] [34;1mInfof[0m -> [core] original dial target is: "peer0.nsw.retf.com:7051"
[34m2026-07-15 18:18:01.317 UTC 0012 INFO[0m [grpc] [34;1mAddTraceEvent[0m -> [core] [Channel #4]Channel created
[34m2026-07-15 18:18:01.317 UTC 0013 INFO[0m [grpc] [34;1mAddTraceEvent[0m -> [core] [Channel #4]parsed dial target is: resolver.Target{URL:url.URL{Scheme:"passthrough", Opaque:"", User:(*url.Userinfo)(nil), Host:"", Path:"/peer0.nsw.retf.com:7051", Fragment:"", RawQuery:"", RawPath:"", RawFragment:"", ForceQuery:false, OmitHost:false}}
[34m2026-07-15 18:18:01.317 UTC 0014 INFO[0m [grpc] [34;1mAddTraceEvent[0m -> [core] [Channel #4]Channel authority set to "peer0.nsw.retf.com:7051"
[34m2026-07-15 18:18:01.317 UTC 0015 INFO[0m [grpc] [34;1mAddTraceEvent[0m -> [core] [Channel #4]Resolver state updated: {
  "Addresses": [
    {
      "Addr": "peer0.nsw.retf.com:7051",
      "ServerName": "",
      "Attributes": null,
      "BalancerAttributes": null,
      "Metadata": null
    }
  ],
  "Endpoints": [
    {
      "Addresses": [
        {
          "Addr": "peer0.nsw.retf.com:7051",
          "ServerName": "",
          "Attributes": null,
          "BalancerAttributes": null,
          "Metadata": null
        }
      ],
      "Attributes": null
    }
  ],
  "ServiceConfig": null,
  "Attributes": null
} (resolver returned new addresses)
[34m2026-07-15 18:18:01.317 UTC 0016 INFO[0m [grpc] [34;1mAddTraceEvent[0m -> [core] [Channel #4]Channel switches to new LB policy "pick_first"
[34m2026-07-15 18:18:01.317 UTC 0017 INFO[0m [grpc] [34;1mInfof[0m -> [pick-first-leaf-lb] [pick-first-leaf-lb 0x2fed4a5a6bd0] Received new config {
  "shuffleAddressList": false
}, resolver state {
  "Addresses": [
    {
      "Addr": "peer0.nsw.retf.com:7051",
      "ServerName": "",
      "Attributes": null,
      "BalancerAttributes": null,
      "Metadata": null
    }
  ],
  "Endpoints": [
    {
      "Addresses": [
        {
          "Addr": "peer0.nsw.retf.com:7051",
          "ServerName": "",
          "Attributes": null,
          "BalancerAttributes": null,
          "Metadata": null
        }
      ],
      "Attributes": null
    }
  ],
  "ServiceConfig": null,
  "Attributes": null
}
[34m2026-07-15 18:18:01.317 UTC 0018 INFO[0m [grpc] [34;1mAddTraceEvent[0m -> [core] [Channel #4]Channel Connectivity change to CONNECTING
[34m2026-07-15 18:18:01.317 UTC 0019 INFO[0m [grpc] [34;1mAddTraceEvent[0m -> [core] [Channel #4 SubChannel #5]Subchannel created
[34m2026-07-15 18:18:01.318 UTC 001a INFO[0m [grpc] [34;1mAddTraceEvent[0m -> [core] [Channel #4]Channel exiting idle mode
[34m2026-07-15 18:18:01.318 UTC 001b INFO[0m [grpc] [34;1mAddTraceEvent[0m -> [core] [Channel #4 SubChannel #5]Subchannel Connectivity change to CONNECTING
[34m2026-07-15 18:18:01.318 UTC 001c INFO[0m [grpc] [34;1mAddTraceEvent[0m -> [core] [Channel #4 SubChannel #5]Subchannel picks a new address "peer0.nsw.retf.com:7051" to connect
[34m2026-07-15 18:18:01.320 UTC 001d INFO[0m [grpc] [34;1mAddTraceEvent[0m -> [core] [Channel #4 SubChannel #5]Subchannel Connectivity change to READY
[34m2026-07-15 18:18:01.320 UTC 001e INFO[0m [grpc] [34;1mInfof[0m -> [pick-first-leaf-lb] [pick-first-leaf-lb 0x2fed4a5a6bd0] SubConn 0x2fed4a41fe50 reported connectivity state READY and the health listener is disabled. Transitioning SubConn to READY.
[34m2026-07-15 18:18:01.320 UTC 001f INFO[0m [grpc] [34;1mAddTraceEvent[0m -> [core] [Channel #4]Channel Connectivity change to READY
[33m2026-07-15 18:18:01.320 UTC 0020 WARN[0m [grpc] [33;1mWarningf[0m -> [core] Adjusting keepalive ping interval to minimum period of 10s
[34m2026-07-15 18:18:01.320 UTC 0021 INFO[0m [grpc] [34;1mInfof[0m -> [core] original dial target is: "orderer.orderer.retf.com:7050"
[34m2026-07-15 18:18:01.320 UTC 0022 INFO[0m [grpc] [34;1mAddTraceEvent[0m -> [core] [Channel #7]Channel created
[34m2026-07-15 18:18:01.320 UTC 0023 INFO[0m [grpc] [34;1mAddTraceEvent[0m -> [core] [Channel #7]parsed dial target is: resolver.Target{URL:url.URL{Scheme:"passthrough", Opaque:"", User:(*url.Userinfo)(nil), Host:"", Path:"/orderer.orderer.retf.com:7050", Fragment:"", RawQuery:"", RawPath:"", RawFragment:"", ForceQuery:false, OmitHost:false}}
[34m2026-07-15 18:18:01.320 UTC 0024 INFO[0m [grpc] [34;1mAddTraceEvent[0m -> [core] [Channel #7]Channel authority set to "orderer.orderer.retf.com"
[34m2026-07-15 18:18:01.321 UTC 0025 INFO[0m [grpc] [34;1mAddTraceEvent[0m -> [core] [Channel #7]Resolver state updated: {
  "Addresses": [
    {
      "Addr": "orderer.orderer.retf.com:7050",
      "ServerName": "",
      "Attributes": null,
      "BalancerAttributes": null,
      "Metadata": null
    }
  ],
  "Endpoints": [
    {
      "Addresses": [
        {
          "Addr": "orderer.orderer.retf.com:7050",
          "ServerName": "",
          "Attributes": null,
          "BalancerAttributes": null,
          "Metadata": null
        }
      ],
      "Attributes": null
    }
  ],
  "ServiceConfig": null,
  "Attributes": null
} (resolver returned new addresses)
[34m2026-07-15 18:18:01.321 UTC 0026 INFO[0m [grpc] [34;1mAddTraceEvent[0m -> [core] [Channel #7]Channel switches to new LB policy "pick_first"
[34m2026-07-15 18:18:01.321 UTC 0027 INFO[0m [grpc] [34;1mInfof[0m -> [pick-first-leaf-lb] [pick-first-leaf-lb 0x2fed4a272120] Received new config {
  "shuffleAddressList": false
}, resolver state {
  "Addresses": [
    {
      "Addr": "orderer.orderer.retf.com:7050",
      "ServerName": "",
      "Attributes": null,
      "BalancerAttributes": null,
      "Metadata": null
    }
  ],
  "Endpoints": [
    {
      "Addresses": [
        {
          "Addr": "orderer.orderer.retf.com:7050",
          "ServerName": "",
          "Attributes": null,
          "BalancerAttributes": null,
          "Metadata": null
        }
      ],
      "Attributes": null
    }
  ],
  "ServiceConfig": null,
  "Attributes": null
}
[34m2026-07-15 18:18:01.321 UTC 0028 INFO[0m [grpc] [34;1mAddTraceEvent[0m -> [core] [Channel #7]Channel Connectivity change to CONNECTING
[34m2026-07-15 18:18:01.321 UTC 0029 INFO[0m [grpc] [34;1mAddTraceEvent[0m -> [core] [Channel #7 SubChannel #8]Subchannel created
[34m2026-07-15 18:18:01.321 UTC 002a INFO[0m [grpc] [34;1mAddTraceEvent[0m -> [core] [Channel #7]Channel exiting idle mode
[34m2026-07-15 18:18:01.321 UTC 002b INFO[0m [grpc] [34;1mAddTraceEvent[0m -> [core] [Channel #7 SubChannel #8]Subchannel Connectivity change to CONNECTING
[34m2026-07-15 18:18:01.321 UTC 002c INFO[0m [grpc] [34;1mAddTraceEvent[0m -> [core] [Channel #7 SubChannel #8]Subchannel picks a new address "orderer.orderer.retf.com:7050" to connect
[34m2026-07-15 18:18:01.332 UTC 002d INFO[0m [grpc] [34;1mAddTraceEvent[0m -> [core] [Channel #7 SubChannel #8]Subchannel Connectivity change to READY
[34m2026-07-15 18:18:01.332 UTC 002e INFO[0m [grpc] [34;1mInfof[0m -> [pick-first-leaf-lb] [pick-first-leaf-lb 0x2fed4a272120] SubConn 0x2fed4a5b6190 reported connectivity state READY and the health listener is disabled. Transitioning SubConn to READY.
[34m2026-07-15 18:18:01.332 UTC 002f INFO[0m [grpc] [34;1mAddTraceEvent[0m -> [core] [Channel #7]Channel Connectivity change to READY
[34m2026-07-15 18:18:03.386 UTC 0030 INFO[0m [chaincodeCmd] [34;1mClientWait[0m -> txid [098046fb22779ac68746b344ad1dd0a60e1d9e4bca80ff88e0ce662381d64c52] committed with status (VALID) at peer0.nsw.retf.com:7051
[34m2026-07-15 18:18:03.386 UTC 0031 INFO[0m [chaincodeCmd] [34;1mchaincodeInvokeOrQuery[0m -> Chaincode invoke successful. result: status:200 payload:"s2.2.2/task-policy/task-holder-b"
[34m2026-07-15 18:18:04.344 UTC 0001 INFO[0m [chaincodeCmd] [34;1mInitCmdFactory[0m -> InitCmdFactory: Entry: invoke, true, true
[34m2026-07-15 18:18:04.344 UTC 0002 INFO[0m [grpc] [34;1mInfof[0m -> [core] original dial target is: "peer0.nsw.retf.com:7051"
[34m2026-07-15 18:18:04.344 UTC 0003 INFO[0m [grpc] [34;1mAddTraceEvent[0m -> [core] [Channel #1]Channel created
[34m2026-07-15 18:18:04.344 UTC 0004 INFO[0m [grpc] [34;1mAddTraceEvent[0m -> [core] [Channel #1]parsed dial target is: resolver.Target{URL:url.URL{Scheme:"passthrough", Opaque:"", User:(*url.Userinfo)(nil), Host:"", Path:"/peer0.nsw.retf.com:7051", Fragment:"", RawQuery:"", RawPath:"", RawFragment:"", ForceQuery:false, OmitHost:false}}
[34m2026-07-15 18:18:04.344 UTC 0005 INFO[0m [grpc] [34;1mAddTraceEvent[0m -> [core] [Channel #1]Channel authority set to "peer0.nsw.retf.com:7051"
[34m2026-07-15 18:18:04.344 UTC 0006 INFO[0m [grpc] [34;1mAddTraceEvent[0m -> [core] [Channel #1]Resolver state updated: {
  "Addresses": [
    {
      "Addr": "peer0.nsw.retf.com:7051",
      "ServerName": "",
      "Attributes": null,
      "BalancerAttributes": null,
      "Metadata": null
    }
  ],
  "Endpoints": [
    {
      "Addresses": [
        {
          "Addr": "peer0.nsw.retf.com:7051",
          "ServerName": "",
          "Attributes": null,
          "BalancerAttributes": null,
          "Metadata": null
        }
      ],
      "Attributes": null
    }
  ],
  "ServiceConfig": null,
  "Attributes": null
} (resolver returned new addresses)
[34m2026-07-15 18:18:04.344 UTC 0007 INFO[0m [grpc] [34;1mAddTraceEvent[0m -> [core] [Channel #1]Channel switches to new LB policy "pick_first"
[34m2026-07-15 18:18:04.344 UTC 0008 INFO[0m [grpc] [34;1mInfof[0m -> [pick-first-leaf-lb] [pick-first-leaf-lb 0x8487544b710] Received new config {
  "shuffleAddressList": false
}, resolver state {
  "Addresses": [
    {
      "Addr": "peer0.nsw.retf.com:7051",
      "ServerName": "",
      "Attributes": null,
      "BalancerAttributes": null,
      "Metadata": null
    }
  ],
  "Endpoints": [
    {
      "Addresses": [
        {
          "Addr": "peer0.nsw.retf.com:7051",
          "ServerName": "",
          "Attributes": null,
          "BalancerAttributes": null,
          "Metadata": null
        }
      ],
      "Attributes": null
    }
  ],
  "ServiceConfig": null,
  "Attributes": null
}
[34m2026-07-15 18:18:04.344 UTC 0009 INFO[0m [grpc] [34;1mAddTraceEvent[0m -> [core] [Channel #1]Channel Connectivity change to CONNECTING
[34m2026-07-15 18:18:04.344 UTC 000a INFO[0m [grpc] [34;1mAddTraceEvent[0m -> [core] [Channel #1 SubChannel #2]Subchannel created
[34m2026-07-15 18:18:04.344 UTC 000b INFO[0m [grpc] [34;1mAddTraceEvent[0m -> [core] [Channel #1]Channel exiting idle mode
[34m2026-07-15 18:18:04.344 UTC 000c INFO[0m [grpc] [34;1mAddTraceEvent[0m -> [core] [Channel #1 SubChannel #2]Subchannel Connectivity change to CONNECTING
[34m2026-07-15 18:18:04.344 UTC 000d INFO[0m [grpc] [34;1mAddTraceEvent[0m -> [core] [Channel #1 SubChannel #2]Subchannel picks a new address "peer0.nsw.retf.com:7051" to connect
[34m2026-07-15 18:18:04.347 UTC 000e INFO[0m [grpc] [34;1mAddTraceEvent[0m -> [core] [Channel #1 SubChannel #2]Subchannel Connectivity change to READY
[34m2026-07-15 18:18:04.347 UTC 000f INFO[0m [grpc] [34;1mInfof[0m -> [pick-first-leaf-lb] [pick-first-leaf-lb 0x8487544b710] SubConn 0x848756283c0 reported connectivity state READY and the health listener is disabled. Transitioning SubConn to READY.
[34m2026-07-15 18:18:04.347 UTC 0010 INFO[0m [grpc] [34;1mAddTraceEvent[0m -> [core] [Channel #1]Channel Connectivity change to READY
[34m2026-07-15 18:18:04.348 UTC 0011 INFO[0m [grpc] [34;1mInfof[0m -> [core] original dial target is: "peer0.nsw.retf.com:7051"
[34m2026-07-15 18:18:04.348 UTC 0012 INFO[0m [grpc] [34;1mAddTraceEvent[0m -> [core] [Channel #4]Channel created
[34m2026-07-15 18:18:04.348 UTC 0013 INFO[0m [grpc] [34;1mAddTraceEvent[0m -> [core] [Channel #4]parsed dial target is: resolver.Target{URL:url.URL{Scheme:"passthrough", Opaque:"", User:(*url.Userinfo)(nil), Host:"", Path:"/peer0.nsw.retf.com:7051", Fragment:"", RawQuery:"", RawPath:"", RawFragment:"", ForceQuery:false, OmitHost:false}}
[34m2026-07-15 18:18:04.348 UTC 0014 INFO[0m [grpc] [34;1mAddTraceEvent[0m -> [core] [Channel #4]Channel authority set to "peer0.nsw.retf.com:7051"
[34m2026-07-15 18:18:04.348 UTC 0015 INFO[0m [grpc] [34;1mAddTraceEvent[0m -> [core] [Channel #4]Resolver state updated: {
  "Addresses": [
    {
      "Addr": "peer0.nsw.retf.com:7051",
      "ServerName": "",
      "Attributes": null,
      "BalancerAttributes": null,
      "Metadata": null
    }
  ],
  "Endpoints": [
    {
      "Addresses": [
        {
          "Addr": "peer0.nsw.retf.com:7051",
          "ServerName": "",
          "Attributes": null,
          "BalancerAttributes": null,
          "Metadata": null
        }
      ],
      "Attributes": null
    }
  ],
  "ServiceConfig": null,
  "Attributes": null
} (resolver returned new addresses)
[34m2026-07-15 18:18:04.348 UTC 0016 INFO[0m [grpc] [34;1mAddTraceEvent[0m -> [core] [Channel #4]Channel switches to new LB policy "pick_first"
[34m2026-07-15 18:18:04.348 UTC 0017 INFO[0m [grpc] [34;1mInfof[0m -> [pick-first-leaf-lb] [pick-first-leaf-lb 0x8487544b830] Received new config {
  "shuffleAddressList": false
}, resolver state {
  "Addresses": [
    {
      "Addr": "peer0.nsw.retf.com:7051",
      "ServerName": "",
      "Attributes": null,
      "BalancerAttributes": null,
      "Metadata": null
    }
  ],
  "Endpoints": [
    {
      "Addresses": [
        {
          "Addr": "peer0.nsw.retf.com:7051",
          "ServerName": "",
          "Attributes": null,
          "BalancerAttributes": null,
          "Metadata": null
        }
      ],
      "Attributes": null
    }
  ],
  "ServiceConfig": null,
  "Attributes": null
}
[34m2026-07-15 18:18:04.348 UTC 0018 INFO[0m [grpc] [34;1mAddTraceEvent[0m -> [core] [Channel #4]Channel Connectivity change to CONNECTING
[34m2026-07-15 18:18:04.348 UTC 0019 INFO[0m [grpc] [34;1mAddTraceEvent[0m -> [core] [Channel #4 SubChannel #5]Subchannel created
[34m2026-07-15 18:18:04.348 UTC 001a INFO[0m [grpc] [34;1mAddTraceEvent[0m -> [core] [Channel #4]Channel exiting idle mode
[34m2026-07-15 18:18:04.348 UTC 001b INFO[0m [grpc] [34;1mAddTraceEvent[0m -> [core] [Channel #4 SubChannel #5]Subchannel Connectivity change to CONNECTING
[34m2026-07-15 18:18:04.348 UTC 001c INFO[0m [grpc] [34;1mAddTraceEvent[0m -> [core] [Channel #4 SubChannel #5]Subchannel picks a new address "peer0.nsw.retf.com:7051" to connect
[34m2026-07-15 18:18:04.350 UTC 001d INFO[0m [grpc] [34;1mAddTraceEvent[0m -> [core] [Channel #4 SubChannel #5]Subchannel Connectivity change to READY
[34m2026-07-15 18:18:04.350 UTC 001e INFO[0m [grpc] [34;1mInfof[0m -> [pick-first-leaf-lb] [pick-first-leaf-lb 0x8487544b830] SubConn 0x848756285a0 reported connectivity state READY and the health listener is disabled. Transitioning SubConn to READY.
[34m2026-07-15 18:18:04.350 UTC 001f INFO[0m [grpc] [34;1mAddTraceEvent[0m -> [core] [Channel #4]Channel Connectivity change to READY
[33m2026-07-15 18:18:04.350 UTC 0020 WARN[0m [grpc] [33;1mWarningf[0m -> [core] Adjusting keepalive ping interval to minimum period of 10s
[34m2026-07-15 18:18:04.350 UTC 0021 INFO[0m [grpc] [34;1mInfof[0m -> [core] original dial target is: "orderer.orderer.retf.com:7050"
[34m2026-07-15 18:18:04.350 UTC 0022 INFO[0m [grpc] [34;1mAddTraceEvent[0m -> [core] [Channel #7]Channel created
[34m2026-07-15 18:18:04.350 UTC 0023 INFO[0m [grpc] [34;1mAddTraceEvent[0m -> [core] [Channel #7]parsed dial target is: resolver.Target{URL:url.URL{Scheme:"passthrough", Opaque:"", User:(*url.Userinfo)(nil), Host:"", Path:"/orderer.orderer.retf.com:7050", Fragment:"", RawQuery:"", RawPath:"", RawFragment:"", ForceQuery:false, OmitHost:false}}
[34m2026-07-15 18:18:04.350 UTC 0024 INFO[0m [grpc] [34;1mAddTraceEvent[0m -> [core] [Channel #7]Channel authority set to "orderer.orderer.retf.com"
[34m2026-07-15 18:18:04.350 UTC 0025 INFO[0m [grpc] [34;1mAddTraceEvent[0m -> [core] [Channel #7]Resolver state updated: {
  "Addresses": [
    {
      "Addr": "orderer.orderer.retf.com:7050",
      "ServerName": "",
      "Attributes": null,
      "BalancerAttributes": null,
      "Metadata": null
    }
  ],
  "Endpoints": [
    {
      "Addresses": [
        {
          "Addr": "orderer.orderer.retf.com:7050",
          "ServerName": "",
          "Attributes": null,
          "BalancerAttributes": null,
          "Metadata": null
        }
      ],
      "Attributes": null
    }
  ],
  "ServiceConfig": null,
  "Attributes": null
} (resolver returned new addresses)
[34m2026-07-15 18:18:04.350 UTC 0026 INFO[0m [grpc] [34;1mAddTraceEvent[0m -> [core] [Channel #7]Channel switches to new LB policy "pick_first"
[34m2026-07-15 18:18:04.350 UTC 0027 INFO[0m [grpc] [34;1mInfof[0m -> [pick-first-leaf-lb] [pick-first-leaf-lb 0x84875486240] Received new config {
  "shuffleAddressList": false
}, resolver state {
  "Addresses": [
    {
      "Addr": "orderer.orderer.retf.com:7050",
      "ServerName": "",
      "Attributes": null,
      "BalancerAttributes": null,
      "Metadata": null
    }
  ],
  "Endpoints": [
    {
      "Addresses": [
        {
          "Addr": "orderer.orderer.retf.com:7050",
          "ServerName": "",
          "Attributes": null,
          "BalancerAttributes": null,
          "Metadata": null
        }
      ],
      "Attributes": null
    }
  ],
  "ServiceConfig": null,
  "Attributes": null
}
[34m2026-07-15 18:18:04.350 UTC 0028 INFO[0m [grpc] [34;1mAddTraceEvent[0m -> [core] [Channel #7]Channel Connectivity change to CONNECTING
[34m2026-07-15 18:18:04.350 UTC 0029 INFO[0m [grpc] [34;1mAddTraceEvent[0m -> [core] [Channel #7 SubChannel #8]Subchannel created
[34m2026-07-15 18:18:04.350 UTC 002a INFO[0m [grpc] [34;1mAddTraceEvent[0m -> [core] [Channel #7]Channel exiting idle mode
[34m2026-07-15 18:18:04.350 UTC 002b INFO[0m [grpc] [34;1mAddTraceEvent[0m -> [core] [Channel #7 SubChannel #8]Subchannel Connectivity change to CONNECTING
[34m2026-07-15 18:18:04.351 UTC 002c INFO[0m [grpc] [34;1mAddTraceEvent[0m -> [core] [Channel #7 SubChannel #8]Subchannel picks a new address "orderer.orderer.retf.com:7050" to connect
[34m2026-07-15 18:18:04.352 UTC 002d INFO[0m [grpc] [34;1mAddTraceEvent[0m -> [core] [Channel #7 SubChannel #8]Subchannel Connectivity change to READY
[34m2026-07-15 18:18:04.352 UTC 002e INFO[0m [grpc] [34;1mInfof[0m -> [pick-first-leaf-lb] [pick-first-leaf-lb 0x84875486240] SubConn 0x8487578c5f0 reported connectivity state READY and the health listener is disabled. Transitioning SubConn to READY.
[34m2026-07-15 18:18:04.352 UTC 002f INFO[0m [grpc] [34;1mAddTraceEvent[0m -> [core] [Channel #7]Channel Connectivity change to READY
[34m2026-07-15 18:18:06.408 UTC 0030 INFO[0m [chaincodeCmd] [34;1mClientWait[0m -> txid [de4d5d4fd048a6a7ca1ed8cbf950dd4dc280b120bc120a6e1268de59f1bc75c1] committed with status (VALID) at peer0.nsw.retf.com:7051
[34m2026-07-15 18:18:06.408 UTC 0031 INFO[0m [chaincodeCmd] [34;1mchaincodeInvokeOrQuery[0m -> Chaincode invoke successful. result: status:200 payload:"s2.2.2/verifier-key/s222-attestor/00000000000000000001"
[34m2026-07-15 18:18:07.363 UTC 0001 INFO[0m [chaincodeCmd] [34;1mInitCmdFactory[0m -> InitCmdFactory: Entry: invoke, true, true
[34m2026-07-15 18:18:07.363 UTC 0002 INFO[0m [grpc] [34;1mInfof[0m -> [core] original dial target is: "peer0.nsw.retf.com:7051"
[34m2026-07-15 18:18:07.363 UTC 0003 INFO[0m [grpc] [34;1mAddTraceEvent[0m -> [core] [Channel #1]Channel created
[34m2026-07-15 18:18:07.363 UTC 0004 INFO[0m [grpc] [34;1mAddTraceEvent[0m -> [core] [Channel #1]parsed dial target is: resolver.Target{URL:url.URL{Scheme:"passthrough", Opaque:"", User:(*url.Userinfo)(nil), Host:"", Path:"/peer0.nsw.retf.com:7051", Fragment:"", RawQuery:"", RawPath:"", RawFragment:"", ForceQuery:false, OmitHost:false}}
[34m2026-07-15 18:18:07.363 UTC 0005 INFO[0m [grpc] [34;1mAddTraceEvent[0m -> [core] [Channel #1]Channel authority set to "peer0.nsw.retf.com:7051"
[34m2026-07-15 18:18:07.363 UTC 0006 INFO[0m [grpc] [34;1mAddTraceEvent[0m -> [core] [Channel #1]Resolver state updated: {
  "Addresses": [
    {
      "Addr": "peer0.nsw.retf.com:7051",
      "ServerName": "",
      "Attributes": null,
      "BalancerAttributes": null,
      "Metadata": null
    }
  ],
  "Endpoints": [
    {
      "Addresses": [
        {
          "Addr": "peer0.nsw.retf.com:7051",
          "ServerName": "",
          "Attributes": null,
          "BalancerAttributes": null,
          "Metadata": null
        }
      ],
      "Attributes": null
    }
  ],
  "ServiceConfig": null,
  "Attributes": null
} (resolver returned new addresses)
[34m2026-07-15 18:18:07.363 UTC 0007 INFO[0m [grpc] [34;1mAddTraceEvent[0m -> [core] [Channel #1]Channel switches to new LB policy "pick_first"
[34m2026-07-15 18:18:07.363 UTC 0008 INFO[0m [grpc] [34;1mInfof[0m -> [pick-first-leaf-lb] [pick-first-leaf-lb 0x1c00e8e3a090] Received new config {
  "shuffleAddressList": false
}, resolver state {
  "Addresses": [
    {
      "Addr": "peer0.nsw.retf.com:7051",
      "ServerName": "",
      "Attributes": null,
      "BalancerAttributes": null,
      "Metadata": null
    }
  ],
  "Endpoints": [
    {
      "Addresses": [
        {
          "Addr": "peer0.nsw.retf.com:7051",
          "ServerName": "",
          "Attributes": null,
          "BalancerAttributes": null,
          "Metadata": null
        }
      ],
      "Attributes": null
    }
  ],
  "ServiceConfig": null,
  "Attributes": null
}
[34m2026-07-15 18:18:07.364 UTC 0009 INFO[0m [grpc] [34;1mAddTraceEvent[0m -> [core] [Channel #1]Channel Connectivity change to CONNECTING
[34m2026-07-15 18:18:07.364 UTC 000a INFO[0m [grpc] [34;1mAddTraceEvent[0m -> [core] [Channel #1 SubChannel #2]Subchannel created
[34m2026-07-15 18:18:07.364 UTC 000b INFO[0m [grpc] [34;1mAddTraceEvent[0m -> [core] [Channel #1]Channel exiting idle mode
[34m2026-07-15 18:18:07.364 UTC 000c INFO[0m [grpc] [34;1mAddTraceEvent[0m -> [core] [Channel #1 SubChannel #2]Subchannel Connectivity change to CONNECTING
[34m2026-07-15 18:18:07.364 UTC 000d INFO[0m [grpc] [34;1mAddTraceEvent[0m -> [core] [Channel #1 SubChannel #2]Subchannel picks a new address "peer0.nsw.retf.com:7051" to connect
[34m2026-07-15 18:18:07.366 UTC 000e INFO[0m [grpc] [34;1mAddTraceEvent[0m -> [core] [Channel #1 SubChannel #2]Subchannel Connectivity change to READY
[34m2026-07-15 18:18:07.366 UTC 000f INFO[0m [grpc] [34;1mInfof[0m -> [pick-first-leaf-lb] [pick-first-leaf-lb 0x1c00e8e3a090] SubConn 0x1c00e9004370 reported connectivity state READY and the health listener is disabled. Transitioning SubConn to READY.
[34m2026-07-15 18:18:07.366 UTC 0010 INFO[0m [grpc] [34;1mAddTraceEvent[0m -> [core] [Channel #1]Channel Connectivity change to READY
[34m2026-07-15 18:18:07.366 UTC 0011 INFO[0m [grpc] [34;1mInfof[0m -> [core] original dial target is: "peer0.nsw.retf.com:7051"
[34m2026-07-15 18:18:07.366 UTC 0012 INFO[0m [grpc] [34;1mAddTraceEvent[0m -> [core] [Channel #4]Channel created
[34m2026-07-15 18:18:07.366 UTC 0013 INFO[0m [grpc] [34;1mAddTraceEvent[0m -> [core] [Channel #4]parsed dial target is: resolver.Target{URL:url.URL{Scheme:"passthrough", Opaque:"", User:(*url.Userinfo)(nil), Host:"", Path:"/peer0.nsw.retf.com:7051", Fragment:"", RawQuery:"", RawPath:"", RawFragment:"", ForceQuery:false, OmitHost:false}}
[34m2026-07-15 18:18:07.366 UTC 0014 INFO[0m [grpc] [34;1mAddTraceEvent[0m -> [core] [Channel #4]Channel authority set to "peer0.nsw.retf.com:7051"
[34m2026-07-15 18:18:07.366 UTC 0015 INFO[0m [grpc] [34;1mAddTraceEvent[0m -> [core] [Channel #4]Resolver state updated: {
  "Addresses": [
    {
      "Addr": "peer0.nsw.retf.com:7051",
      "ServerName": "",
      "Attributes": null,
      "BalancerAttributes": null,
      "Metadata": null
    }
  ],
  "Endpoints": [
    {
      "Addresses": [
        {
          "Addr": "peer0.nsw.retf.com:7051",
          "ServerName": "",
          "Attributes": null,
          "BalancerAttributes": null,
          "Metadata": null
        }
      ],
      "Attributes": null
    }
  ],
  "ServiceConfig": null,
  "Attributes": null
} (resolver returned new addresses)
[34m2026-07-15 18:18:07.366 UTC 0016 INFO[0m [grpc] [34;1mAddTraceEvent[0m -> [core] [Channel #4]Channel switches to new LB policy "pick_first"
[34m2026-07-15 18:18:07.367 UTC 0017 INFO[0m [grpc] [34;1mInfof[0m -> [pick-first-leaf-lb] [pick-first-leaf-lb 0x1c00e9026630] Received new config {
  "shuffleAddressList": false
}, resolver state {
  "Addresses": [
    {
      "Addr": "peer0.nsw.retf.com:7051",
      "ServerName": "",
      "Attributes": null,
      "BalancerAttributes": null,
      "Metadata": null
    }
  ],
  "Endpoints": [
    {
      "Addresses": [
        {
          "Addr": "peer0.nsw.retf.com:7051",
          "ServerName": "",
          "Attributes": null,
          "BalancerAttributes": null,
          "Metadata": null
        }
      ],
      "Attributes": null
    }
  ],
  "ServiceConfig": null,
  "Attributes": null
}
[34m2026-07-15 18:18:07.367 UTC 0018 INFO[0m [grpc] [34;1mAddTraceEvent[0m -> [core] [Channel #4]Channel Connectivity change to CONNECTING
[34m2026-07-15 18:18:07.367 UTC 0019 INFO[0m [grpc] [34;1mAddTraceEvent[0m -> [core] [Channel #4 SubChannel #5]Subchannel created
[34m2026-07-15 18:18:07.367 UTC 001a INFO[0m [grpc] [34;1mAddTraceEvent[0m -> [core] [Channel #4]Channel exiting idle mode
[34m2026-07-15 18:18:07.367 UTC 001b INFO[0m [grpc] [34;1mAddTraceEvent[0m -> [core] [Channel #4 SubChannel #5]Subchannel Connectivity change to CONNECTING
[34m2026-07-15 18:18:07.367 UTC 001c INFO[0m [grpc] [34;1mAddTraceEvent[0m -> [core] [Channel #4 SubChannel #5]Subchannel picks a new address "peer0.nsw.retf.com:7051" to connect
[34m2026-07-15 18:18:07.368 UTC 001d INFO[0m [grpc] [34;1mAddTraceEvent[0m -> [core] [Channel #4 SubChannel #5]Subchannel Connectivity change to READY
[34m2026-07-15 18:18:07.368 UTC 001e INFO[0m [grpc] [34;1mInfof[0m -> [pick-first-leaf-lb] [pick-first-leaf-lb 0x1c00e9026630] SubConn 0x1c00e9004640 reported connectivity state READY and the health listener is disabled. Transitioning SubConn to READY.
[34m2026-07-15 18:18:07.368 UTC 001f INFO[0m [grpc] [34;1mAddTraceEvent[0m -> [core] [Channel #4]Channel Connectivity change to READY
[33m2026-07-15 18:18:07.368 UTC 0020 WARN[0m [grpc] [33;1mWarningf[0m -> [core] Adjusting keepalive ping interval to minimum period of 10s
[34m2026-07-15 18:18:07.368 UTC 0021 INFO[0m [grpc] [34;1mInfof[0m -> [core] original dial target is: "orderer.orderer.retf.com:7050"
[34m2026-07-15 18:18:07.368 UTC 0022 INFO[0m [grpc] [34;1mAddTraceEvent[0m -> [core] [Channel #7]Channel created
[34m2026-07-15 18:18:07.369 UTC 0023 INFO[0m [grpc] [34;1mAddTraceEvent[0m -> [core] [Channel #7]parsed dial target is: resolver.Target{URL:url.URL{Scheme:"passthrough", Opaque:"", User:(*url.Userinfo)(nil), Host:"", Path:"/orderer.orderer.retf.com:7050", Fragment:"", RawQuery:"", RawPath:"", RawFragment:"", ForceQuery:false, OmitHost:false}}
[34m2026-07-15 18:18:07.369 UTC 0024 INFO[0m [grpc] [34;1mAddTraceEvent[0m -> [core] [Channel #7]Channel authority set to "orderer.orderer.retf.com"
[34m2026-07-15 18:18:07.369 UTC 0025 INFO[0m [grpc] [34;1mAddTraceEvent[0m -> [core] [Channel #7]Resolver state updated: {
  "Addresses": [
    {
      "Addr": "orderer.orderer.retf.com:7050",
      "ServerName": "",
      "Attributes": null,
      "BalancerAttributes": null,
      "Metadata": null
    }
  ],
  "Endpoints": [
    {
      "Addresses": [
        {
          "Addr": "orderer.orderer.retf.com:7050",
          "ServerName": "",
          "Attributes": null,
          "BalancerAttributes": null,
          "Metadata": null
        }
      ],
      "Attributes": null
    }
  ],
  "ServiceConfig": null,
  "Attributes": null
} (resolver returned new addresses)
[34m2026-07-15 18:18:07.369 UTC 0026 INFO[0m [grpc] [34;1mAddTraceEvent[0m -> [core] [Channel #7]Channel switches to new LB policy "pick_first"
[34m2026-07-15 18:18:07.369 UTC 0027 INFO[0m [grpc] [34;1mInfof[0m -> [pick-first-leaf-lb] [pick-first-leaf-lb 0x1c00e8e3a3f0] Received new config {
  "shuffleAddressList": false
}, resolver state {
  "Addresses": [
    {
      "Addr": "orderer.orderer.retf.com:7050",
      "ServerName": "",
      "Attributes": null,
      "BalancerAttributes": null,
      "Metadata": null
    }
  ],
  "Endpoints": [
    {
      "Addresses": [
        {
          "Addr": "orderer.orderer.retf.com:7050",
          "ServerName": "",
          "Attributes": null,
          "BalancerAttributes": null,
          "Metadata": null
        }
      ],
      "Attributes": null
    }
  ],
  "ServiceConfig": null,
  "Attributes": null
}
[34m2026-07-15 18:18:07.369 UTC 0028 INFO[0m [grpc] [34;1mAddTraceEvent[0m -> [core] [Channel #7]Channel Connectivity change to CONNECTING
[34m2026-07-15 18:18:07.369 UTC 0029 INFO[0m [grpc] [34;1mAddTraceEvent[0m -> [core] [Channel #7 SubChannel #8]Subchannel created
[34m2026-07-15 18:18:07.369 UTC 002a INFO[0m [grpc] [34;1mAddTraceEvent[0m -> [core] [Channel #7]Channel exiting idle mode
[34m2026-07-15 18:18:07.369 UTC 002b INFO[0m [grpc] [34;1mAddTraceEvent[0m -> [core] [Channel #7 SubChannel #8]Subchannel Connectivity change to CONNECTING
[34m2026-07-15 18:18:07.369 UTC 002c INFO[0m [grpc] [34;1mAddTraceEvent[0m -> [core] [Channel #7 SubChannel #8]Subchannel picks a new address "orderer.orderer.retf.com:7050" to connect
[34m2026-07-15 18:18:07.372 UTC 002d INFO[0m [grpc] [34;1mAddTraceEvent[0m -> [core] [Channel #7 SubChannel #8]Subchannel Connectivity change to READY
[34m2026-07-15 18:18:07.372 UTC 002e INFO[0m [grpc] [34;1mInfof[0m -> [pick-first-leaf-lb] [pick-first-leaf-lb 0x1c00e8e3a3f0] SubConn 0x1c00e8eb2780 reported connectivity state READY and the health listener is disabled. Transitioning SubConn to READY.
[34m2026-07-15 18:18:07.372 UTC 002f INFO[0m [grpc] [34;1mAddTraceEvent[0m -> [core] [Channel #7]Channel Connectivity change to READY
[34m2026-07-15 18:18:09.419 UTC 0030 INFO[0m [chaincodeCmd] [34;1mClientWait[0m -> txid [3f5a0f0959249c79f46c2372bffcb371f65bb7a432de4211fbec041014da0686] committed with status (VALID) at peer0.nsw.retf.com:7051
[34m2026-07-15 18:18:09.419 UTC 0031 INFO[0m [chaincodeCmd] [34;1mchaincodeInvokeOrQuery[0m -> Chaincode invoke successful. result: status:200 payload:"s2.2.2/verifier-key/s222-attestor/00000000000000000002"
[34m2026-07-15 18:18:09.969 UTC 0001 INFO[0m [chaincodeCmd] [34;1mInitCmdFactory[0m -> InitCmdFactory: Entry: invoke, true, true
[34m2026-07-15 18:18:09.969 UTC 0002 INFO[0m [grpc] [34;1mInfof[0m -> [core] original dial target is: "peer0.nsw.retf.com:7051"
[34m2026-07-15 18:18:09.969 UTC 0003 INFO[0m [grpc] [34;1mAddTraceEvent[0m -> [core] [Channel #1]Channel created
[34m2026-07-15 18:18:09.969 UTC 0004 INFO[0m [grpc] [34;1mAddTraceEvent[0m -> [core] [Channel #1]parsed dial target is: resolver.Target{URL:url.URL{Scheme:"passthrough", Opaque:"", User:(*url.Userinfo)(nil), Host:"", Path:"/peer0.nsw.retf.com:7051", Fragment:"", RawQuery:"", RawPath:"", RawFragment:"", ForceQuery:false, OmitHost:false}}
[34m2026-07-15 18:18:09.969 UTC 0005 INFO[0m [grpc] [34;1mAddTraceEvent[0m -> [core] [Channel #1]Channel authority set to "peer0.nsw.retf.com:7051"
[34m2026-07-15 18:18:09.970 UTC 0006 INFO[0m [grpc] [34;1mAddTraceEvent[0m -> [core] [Channel #1]Resolver state updated: {
  "Addresses": [
    {
      "Addr": "peer0.nsw.retf.com:7051",
      "ServerName": "",
      "Attributes": null,
      "BalancerAttributes": null,
      "Metadata": null
    }
  ],
  "Endpoints": [
    {
      "Addresses": [
        {
          "Addr": "peer0.nsw.retf.com:7051",
          "ServerName": "",
          "Attributes": null,
          "BalancerAttributes": null,
          "Metadata": null
        }
      ],
      "Attributes": null
    }
  ],
  "ServiceConfig": null,
  "Attributes": null
} (resolver returned new addresses)
[34m2026-07-15 18:18:09.970 UTC 0007 INFO[0m [grpc] [34;1mAddTraceEvent[0m -> [core] [Channel #1]Channel switches to new LB policy "pick_first"
[34m2026-07-15 18:18:09.970 UTC 0008 INFO[0m [grpc] [34;1mInfof[0m -> [pick-first-leaf-lb] [pick-first-leaf-lb 0x13a2fa428510] Received new config {
  "shuffleAddressList": false
}, resolver state {
  "Addresses": [
    {
      "Addr": "peer0.nsw.retf.com:7051",
      "ServerName": "",
      "Attributes": null,
      "BalancerAttributes": null,
      "Metadata": null
    }
  ],
  "Endpoints": [
    {
      "Addresses": [
        {
          "Addr": "peer0.nsw.retf.com:7051",
          "ServerName": "",
          "Attributes": null,
          "BalancerAttributes": null,
          "Metadata": null
        }
      ],
      "Attributes": null
    }
  ],
  "ServiceConfig": null,
  "Attributes": null
}
[34m2026-07-15 18:18:09.970 UTC 0009 INFO[0m [grpc] [34;1mAddTraceEvent[0m -> [core] [Channel #1]Channel Connectivity change to CONNECTING
[34m2026-07-15 18:18:09.970 UTC 000a INFO[0m [grpc] [34;1mAddTraceEvent[0m -> [core] [Channel #1 SubChannel #2]Subchannel created
[34m2026-07-15 18:18:09.970 UTC 000b INFO[0m [grpc] [34;1mAddTraceEvent[0m -> [core] [Channel #1]Channel exiting idle mode
[34m2026-07-15 18:18:09.970 UTC 000c INFO[0m [grpc] [34;1mAddTraceEvent[0m -> [core] [Channel #1 SubChannel #2]Subchannel Connectivity change to CONNECTING
[34m2026-07-15 18:18:09.970 UTC 000d INFO[0m [grpc] [34;1mAddTraceEvent[0m -> [core] [Channel #1 SubChannel #2]Subchannel picks a new address "peer0.nsw.retf.com:7051" to connect
[34m2026-07-15 18:18:09.972 UTC 000e INFO[0m [grpc] [34;1mAddTraceEvent[0m -> [core] [Channel #1 SubChannel #2]Subchannel Connectivity change to READY
[34m2026-07-15 18:18:09.972 UTC 000f INFO[0m [grpc] [34;1mInfof[0m -> [pick-first-leaf-lb] [pick-first-leaf-lb 0x13a2fa428510] SubConn 0x13a2fa71c910 reported connectivity state READY and the health listener is disabled. Transitioning SubConn to READY.
[34m2026-07-15 18:18:09.972 UTC 0010 INFO[0m [grpc] [34;1mAddTraceEvent[0m -> [core] [Channel #1]Channel Connectivity change to READY
[34m2026-07-15 18:18:09.972 UTC 0011 INFO[0m [grpc] [34;1mInfof[0m -> [core] original dial target is: "peer0.nsw.retf.com:7051"
[34m2026-07-15 18:18:09.972 UTC 0012 INFO[0m [grpc] [34;1mAddTraceEvent[0m -> [core] [Channel #4]Channel created
[34m2026-07-15 18:18:09.972 UTC 0013 INFO[0m [grpc] [34;1mAddTraceEvent[0m -> [core] [Channel #4]parsed dial target is: resolver.Target{URL:url.URL{Scheme:"passthrough", Opaque:"", User:(*url.Userinfo)(nil), Host:"", Path:"/peer0.nsw.retf.com:7051", Fragment:"", RawQuery:"", RawPath:"", RawFragment:"", ForceQuery:false, OmitHost:false}}
[34m2026-07-15 18:18:09.972 UTC 0014 INFO[0m [grpc] [34;1mAddTraceEvent[0m -> [core] [Channel #4]Channel authority set to "peer0.nsw.retf.com:7051"
[34m2026-07-15 18:18:09.972 UTC 0015 INFO[0m [grpc] [34;1mAddTraceEvent[0m -> [core] [Channel #4]Resolver state updated: {
  "Addresses": [
    {
      "Addr": "peer0.nsw.retf.com:7051",
      "ServerName": "",
      "Attributes": null,
      "BalancerAttributes": null,
      "Metadata": null
    }
  ],
  "Endpoints": [
    {
      "Addresses": [
        {
          "Addr": "peer0.nsw.retf.com:7051",
          "ServerName": "",
          "Attributes": null,
          "BalancerAttributes": null,
          "Metadata": null
        }
      ],
      "Attributes": null
    }
  ],
  "ServiceConfig": null,
  "Attributes": null
} (resolver returned new addresses)
[34m2026-07-15 18:18:09.972 UTC 0016 INFO[0m [grpc] [34;1mAddTraceEvent[0m -> [core] [Channel #4]Channel switches to new LB policy "pick_first"
[34m2026-07-15 18:18:09.973 UTC 0017 INFO[0m [grpc] [34;1mInfof[0m -> [pick-first-leaf-lb] [pick-first-leaf-lb 0x13a2fa73e360] Received new config {
  "shuffleAddressList": false
}, resolver state {
  "Addresses": [
    {
      "Addr": "peer0.nsw.retf.com:7051",
      "ServerName": "",
      "Attributes": null,
      "BalancerAttributes": null,
      "Metadata": null
    }
  ],
  "Endpoints": [
    {
      "Addresses": [
        {
          "Addr": "peer0.nsw.retf.com:7051",
          "ServerName": "",
          "Attributes": null,
          "BalancerAttributes": null,
          "Metadata": null
        }
      ],
      "Attributes": null
    }
  ],
  "ServiceConfig": null,
  "Attributes": null
}
[34m2026-07-15 18:18:09.973 UTC 0018 INFO[0m [grpc] [34;1mAddTraceEvent[0m -> [core] [Channel #4]Channel Connectivity change to CONNECTING
[34m2026-07-15 18:18:09.973 UTC 0019 INFO[0m [grpc] [34;1mAddTraceEvent[0m -> [core] [Channel #4 SubChannel #5]Subchannel created
[34m2026-07-15 18:18:09.973 UTC 001a INFO[0m [grpc] [34;1mAddTraceEvent[0m -> [core] [Channel #4]Channel exiting idle mode
[34m2026-07-15 18:18:09.973 UTC 001b INFO[0m [grpc] [34;1mAddTraceEvent[0m -> [core] [Channel #4 SubChannel #5]Subchannel Connectivity change to CONNECTING
[34m2026-07-15 18:18:09.973 UTC 001c INFO[0m [grpc] [34;1mAddTraceEvent[0m -> [core] [Channel #4 SubChannel #5]Subchannel picks a new address "peer0.nsw.retf.com:7051" to connect
[34m2026-07-15 18:18:09.974 UTC 001d INFO[0m [grpc] [34;1mAddTraceEvent[0m -> [core] [Channel #4 SubChannel #5]Subchannel Connectivity change to READY
[34m2026-07-15 18:18:09.974 UTC 001e INFO[0m [grpc] [34;1mInfof[0m -> [pick-first-leaf-lb] [pick-first-leaf-lb 0x13a2fa73e360] SubConn 0x13a2fa6d0a00 reported connectivity state READY and the health listener is disabled. Transitioning SubConn to READY.
[34m2026-07-15 18:18:09.974 UTC 001f INFO[0m [grpc] [34;1mAddTraceEvent[0m -> [core] [Channel #4]Channel Connectivity change to READY
[34m2026-07-15 18:18:09.974 UTC 0020 INFO[0m [grpc] [34;1mInfof[0m -> [core] original dial target is: "peer0.qld.retf.com:7051"
[34m2026-07-15 18:18:09.974 UTC 0021 INFO[0m [grpc] [34;1mAddTraceEvent[0m -> [core] [Channel #7]Channel created
[34m2026-07-15 18:18:09.974 UTC 0022 INFO[0m [grpc] [34;1mAddTraceEvent[0m -> [core] [Channel #7]parsed dial target is: resolver.Target{URL:url.URL{Scheme:"passthrough", Opaque:"", User:(*url.Userinfo)(nil), Host:"", Path:"/peer0.qld.retf.com:7051", Fragment:"", RawQuery:"", RawPath:"", RawFragment:"", ForceQuery:false, OmitHost:false}}
[34m2026-07-15 18:18:09.974 UTC 0023 INFO[0m [grpc] [34;1mAddTraceEvent[0m -> [core] [Channel #7]Channel authority set to "peer0.qld.retf.com:7051"
[34m2026-07-15 18:18:09.975 UTC 0024 INFO[0m [grpc] [34;1mAddTraceEvent[0m -> [core] [Channel #7]Resolver state updated: {
  "Addresses": [
    {
      "Addr": "peer0.qld.retf.com:7051",
      "ServerName": "",
      "Attributes": null,
      "BalancerAttributes": null,
      "Metadata": null
    }
  ],
  "Endpoints": [
    {
      "Addresses": [
        {
          "Addr": "peer0.qld.retf.com:7051",
          "ServerName": "",
          "Attributes": null,
          "BalancerAttributes": null,
          "Metadata": null
        }
      ],
      "Attributes": null
    }
  ],
  "ServiceConfig": null,
  "Attributes": null
} (resolver returned new addresses)
[34m2026-07-15 18:18:09.975 UTC 0025 INFO[0m [grpc] [34;1mAddTraceEvent[0m -> [core] [Channel #7]Channel switches to new LB policy "pick_first"
[34m2026-07-15 18:18:09.975 UTC 0026 INFO[0m [grpc] [34;1mInfof[0m -> [pick-first-leaf-lb] [pick-first-leaf-lb 0x13a2fa53e5a0] Received new config {
  "shuffleAddressList": false
}, resolver state {
  "Addresses": [
    {
      "Addr": "peer0.qld.retf.com:7051",
      "ServerName": "",
      "Attributes": null,
      "BalancerAttributes": null,
      "Metadata": null
    }
  ],
  "Endpoints": [
    {
      "Addresses": [
        {
          "Addr": "peer0.qld.retf.com:7051",
          "ServerName": "",
          "Attributes": null,
          "BalancerAttributes": null,
          "Metadata": null
        }
      ],
      "Attributes": null
    }
  ],
  "ServiceConfig": null,
  "Attributes": null
}
[34m2026-07-15 18:18:09.975 UTC 0027 INFO[0m [grpc] [34;1mAddTraceEvent[0m -> [core] [Channel #7]Channel Connectivity change to CONNECTING
[34m2026-07-15 18:18:09.975 UTC 0028 INFO[0m [grpc] [34;1mAddTraceEvent[0m -> [core] [Channel #7 SubChannel #8]Subchannel created
[34m2026-07-15 18:18:09.975 UTC 0029 INFO[0m [grpc] [34;1mAddTraceEvent[0m -> [core] [Channel #7]Channel exiting idle mode
[34m2026-07-15 18:18:09.975 UTC 002a INFO[0m [grpc] [34;1mAddTraceEvent[0m -> [core] [Channel #7 SubChannel #8]Subchannel Connectivity change to CONNECTING
[34m2026-07-15 18:18:09.975 UTC 002b INFO[0m [grpc] [34;1mAddTraceEvent[0m -> [core] [Channel #7 SubChannel #8]Subchannel picks a new address "peer0.qld.retf.com:7051" to connect
[34m2026-07-15 18:18:09.977 UTC 002c INFO[0m [grpc] [34;1mAddTraceEvent[0m -> [core] [Channel #7 SubChannel #8]Subchannel Connectivity change to READY
[34m2026-07-15 18:18:09.977 UTC 002d INFO[0m [grpc] [34;1mInfof[0m -> [pick-first-leaf-lb] [pick-first-leaf-lb 0x13a2fa53e5a0] SubConn 0x13a2fa47c640 reported connectivity state READY and the health listener is disabled. Transitioning SubConn to READY.
[34m2026-07-15 18:18:09.977 UTC 002e INFO[0m [grpc] [34;1mAddTraceEvent[0m -> [core] [Channel #7]Channel Connectivity change to READY
[34m2026-07-15 18:18:09.977 UTC 002f INFO[0m [grpc] [34;1mInfof[0m -> [core] original dial target is: "peer0.qld.retf.com:7051"
[34m2026-07-15 18:18:09.977 UTC 0030 INFO[0m [grpc] [34;1mAddTraceEvent[0m -> [core] [Channel #10]Channel created
[34m2026-07-15 18:18:09.977 UTC 0031 INFO[0m [grpc] [34;1mAddTraceEvent[0m -> [core] [Channel #10]parsed dial target is: resolver.Target{URL:url.URL{Scheme:"passthrough", Opaque:"", User:(*url.Userinfo)(nil), Host:"", Path:"/peer0.qld.retf.com:7051", Fragment:"", RawQuery:"", RawPath:"", RawFragment:"", ForceQuery:false, OmitHost:false}}
[34m2026-07-15 18:18:09.977 UTC 0032 INFO[0m [grpc] [34;1mAddTraceEvent[0m -> [core] [Channel #10]Channel authority set to "peer0.qld.retf.com:7051"
[34m2026-07-15 18:18:09.977 UTC 0033 INFO[0m [grpc] [34;1mAddTraceEvent[0m -> [core] [Channel #10]Resolver state updated: {
  "Addresses": [
    {
      "Addr": "peer0.qld.retf.com:7051",
      "ServerName": "",
      "Attributes": null,
      "BalancerAttributes": null,
      "Metadata": null
    }
  ],
  "Endpoints": [
    {
      "Addresses": [
        {
          "Addr": "peer0.qld.retf.com:7051",
          "ServerName": "",
          "Attributes": null,
          "BalancerAttributes": null,
          "Metadata": null
        }
      ],
      "Attributes": null
    }
  ],
  "ServiceConfig": null,
  "Attributes": null
} (resolver returned new addresses)
[34m2026-07-15 18:18:09.977 UTC 0034 INFO[0m [grpc] [34;1mAddTraceEvent[0m -> [core] [Channel #10]Channel switches to new LB policy "pick_first"
[34m2026-07-15 18:18:09.977 UTC 0035 INFO[0m [grpc] [34;1mInfof[0m -> [pick-first-leaf-lb] [pick-first-leaf-lb 0x13a2fa428900] Received new config {
  "shuffleAddressList": false
}, resolver state {
  "Addresses": [
    {
      "Addr": "peer0.qld.retf.com:7051",
      "ServerName": "",
      "Attributes": null,
      "BalancerAttributes": null,
      "Metadata": null
    }
  ],
  "Endpoints": [
    {
      "Addresses": [
        {
          "Addr": "peer0.qld.retf.com:7051",
          "ServerName": "",
          "Attributes": null,
          "BalancerAttributes": null,
          "Metadata": null
        }
      ],
      "Attributes": null
    }
  ],
  "ServiceConfig": null,
  "Attributes": null
}
[34m2026-07-15 18:18:09.977 UTC 0036 INFO[0m [grpc] [34;1mAddTraceEvent[0m -> [core] [Channel #10]Channel Connectivity change to CONNECTING
[34m2026-07-15 18:18:09.977 UTC 0037 INFO[0m [grpc] [34;1mAddTraceEvent[0m -> [core] [Channel #10 SubChannel #11]Subchannel created
[34m2026-07-15 18:18:09.977 UTC 0038 INFO[0m [grpc] [34;1mAddTraceEvent[0m -> [core] [Channel #10]Channel exiting idle mode
[34m2026-07-15 18:18:09.977 UTC 0039 INFO[0m [grpc] [34;1mAddTraceEvent[0m -> [core] [Channel #10 SubChannel #11]Subchannel Connectivity change to CONNECTING
[34m2026-07-15 18:18:09.977 UTC 003a INFO[0m [grpc] [34;1mAddTraceEvent[0m -> [core] [Channel #10 SubChannel #11]Subchannel picks a new address "peer0.qld.retf.com:7051" to connect
[34m2026-07-15 18:18:09.980 UTC 003b INFO[0m [grpc] [34;1mAddTraceEvent[0m -> [core] [Channel #10 SubChannel #11]Subchannel Connectivity change to READY
[34m2026-07-15 18:18:09.980 UTC 003c INFO[0m [grpc] [34;1mInfof[0m -> [pick-first-leaf-lb] [pick-first-leaf-lb 0x13a2fa428900] SubConn 0x13a2fa71d180 reported connectivity state READY and the health listener is disabled. Transitioning SubConn to READY.
[34m2026-07-15 18:18:09.980 UTC 003d INFO[0m [grpc] [34;1mAddTraceEvent[0m -> [core] [Channel #10]Channel Connectivity change to READY
[34m2026-07-15 18:18:09.980 UTC 003e INFO[0m [grpc] [34;1mInfof[0m -> [core] original dial target is: "peer0.sa.retf.com:7051"
[34m2026-07-15 18:18:09.980 UTC 003f INFO[0m [grpc] [34;1mAddTraceEvent[0m -> [core] [Channel #13]Channel created
[34m2026-07-15 18:18:09.980 UTC 0040 INFO[0m [grpc] [34;1mAddTraceEvent[0m -> [core] [Channel #13]parsed dial target is: resolver.Target{URL:url.URL{Scheme:"passthrough", Opaque:"", User:(*url.Userinfo)(nil), Host:"", Path:"/peer0.sa.retf.com:7051", Fragment:"", RawQuery:"", RawPath:"", RawFragment:"", ForceQuery:false, OmitHost:false}}
[34m2026-07-15 18:18:09.980 UTC 0041 INFO[0m [grpc] [34;1mAddTraceEvent[0m -> [core] [Channel #13]Channel authority set to "peer0.sa.retf.com:7051"
[34m2026-07-15 18:18:09.980 UTC 0042 INFO[0m [grpc] [34;1mAddTraceEvent[0m -> [core] [Channel #13]Resolver state updated: {
  "Addresses": [
    {
      "Addr": "peer0.sa.retf.com:7051",
      "ServerName": "",
      "Attributes": null,
      "BalancerAttributes": null,
      "Metadata": null
    }
  ],
  "Endpoints": [
    {
      "Addresses": [
        {
          "Addr": "peer0.sa.retf.com:7051",
          "ServerName": "",
          "Attributes": null,
          "BalancerAttributes": null,
          "Metadata": null
        }
      ],
      "Attributes": null
    }
  ],
  "ServiceConfig": null,
  "Attributes": null
} (resolver returned new addresses)
[34m2026-07-15 18:18:09.980 UTC 0043 INFO[0m [grpc] [34;1mAddTraceEvent[0m -> [core] [Channel #13]Channel switches to new LB policy "pick_first"
[34m2026-07-15 18:18:09.980 UTC 0044 INFO[0m [grpc] [34;1mInfof[0m -> [pick-first-leaf-lb] [pick-first-leaf-lb 0x13a2fa4286c0] Received new config {
  "shuffleAddressList": false
}, resolver state {
  "Addresses": [
    {
      "Addr": "peer0.sa.retf.com:7051",
      "ServerName": "",
      "Attributes": null,
      "BalancerAttributes": null,
      "Metadata": null
    }
  ],
  "Endpoints": [
    {
      "Addresses": [
        {
          "Addr": "peer0.sa.retf.com:7051",
          "ServerName": "",
          "Attributes": null,
          "BalancerAttributes": null,
          "Metadata": null
        }
      ],
      "Attributes": null
    }
  ],
  "ServiceConfig": null,
  "Attributes": null
}
[34m2026-07-15 18:18:09.980 UTC 0045 INFO[0m [grpc] [34;1mAddTraceEvent[0m -> [core] [Channel #13]Channel Connectivity change to CONNECTING
[34m2026-07-15 18:18:09.980 UTC 0046 INFO[0m [grpc] [34;1mAddTraceEvent[0m -> [core] [Channel #13 SubChannel #14]Subchannel created
[34m2026-07-15 18:18:09.980 UTC 0047 INFO[0m [grpc] [34;1mAddTraceEvent[0m -> [core] [Channel #13]Channel exiting idle mode
[34m2026-07-15 18:18:09.980 UTC 0048 INFO[0m [grpc] [34;1mAddTraceEvent[0m -> [core] [Channel #13 SubChannel #14]Subchannel Connectivity change to CONNECTING
[34m2026-07-15 18:18:09.980 UTC 0049 INFO[0m [grpc] [34;1mAddTraceEvent[0m -> [core] [Channel #13 SubChannel #14]Subchannel picks a new address "peer0.sa.retf.com:7051" to connect
[34m2026-07-15 18:18:09.982 UTC 004a INFO[0m [grpc] [34;1mAddTraceEvent[0m -> [core] [Channel #13 SubChannel #14]Subchannel Connectivity change to READY
[34m2026-07-15 18:18:09.982 UTC 004b INFO[0m [grpc] [34;1mInfof[0m -> [pick-first-leaf-lb] [pick-first-leaf-lb 0x13a2fa4286c0] SubConn 0x13a2fa71c870 reported connectivity state READY and the health listener is disabled. Transitioning SubConn to READY.
[34m2026-07-15 18:18:09.982 UTC 004c INFO[0m [grpc] [34;1mAddTraceEvent[0m -> [core] [Channel #13]Channel Connectivity change to READY
[34m2026-07-15 18:18:09.982 UTC 004d INFO[0m [grpc] [34;1mInfof[0m -> [core] original dial target is: "peer0.sa.retf.com:7051"
[34m2026-07-15 18:18:09.982 UTC 004e INFO[0m [grpc] [34;1mAddTraceEvent[0m -> [core] [Channel #16]Channel created
[34m2026-07-15 18:18:09.982 UTC 004f INFO[0m [grpc] [34;1mAddTraceEvent[0m -> [core] [Channel #16]parsed dial target is: resolver.Target{URL:url.URL{Scheme:"passthrough", Opaque:"", User:(*url.Userinfo)(nil), Host:"", Path:"/peer0.sa.retf.com:7051", Fragment:"", RawQuery:"", RawPath:"", RawFragment:"", ForceQuery:false, OmitHost:false}}
[34m2026-07-15 18:18:09.982 UTC 0050 INFO[0m [grpc] [34;1mAddTraceEvent[0m -> [core] [Channel #16]Channel authority set to "peer0.sa.retf.com:7051"
[34m2026-07-15 18:18:09.982 UTC 0051 INFO[0m [grpc] [34;1mAddTraceEvent[0m -> [core] [Channel #16]Resolver state updated: {
  "Addresses": [
    {
      "Addr": "peer0.sa.retf.com:7051",
      "ServerName": "",
      "Attributes": null,
      "BalancerAttributes": null,
      "Metadata": null
    }
  ],
  "Endpoints": [
    {
      "Addresses": [
        {
          "Addr": "peer0.sa.retf.com:7051",
          "ServerName": "",
          "Attributes": null,
          "BalancerAttributes": null,
          "Metadata": null
        }
      ],
      "Attributes": null
    }
  ],
  "ServiceConfig": null,
  "Attributes": null
} (resolver returned new addresses)
[34m2026-07-15 18:18:09.982 UTC 0052 INFO[0m [grpc] [34;1mAddTraceEvent[0m -> [core] [Channel #16]Channel switches to new LB policy "pick_first"
[34m2026-07-15 18:18:09.982 UTC 0053 INFO[0m [grpc] [34;1mInfof[0m -> [pick-first-leaf-lb] [pick-first-leaf-lb 0x13a2fa73e2d0] Received new config {
  "shuffleAddressList": false
}, resolver state {
  "Addresses": [
    {
      "Addr": "peer0.sa.retf.com:7051",
      "ServerName": "",
      "Attributes": null,
      "BalancerAttributes": null,
      "Metadata": null
    }
  ],
  "Endpoints": [
    {
      "Addresses": [
        {
          "Addr": "peer0.sa.retf.com:7051",
          "ServerName": "",
          "Attributes": null,
          "BalancerAttributes": null,
          "Metadata": null
        }
      ],
      "Attributes": null
    }
  ],
  "ServiceConfig": null,
  "Attributes": null
}
[34m2026-07-15 18:18:09.982 UTC 0054 INFO[0m [grpc] [34;1mAddTraceEvent[0m -> [core] [Channel #16]Channel Connectivity change to CONNECTING
[34m2026-07-15 18:18:09.982 UTC 0055 INFO[0m [grpc] [34;1mAddTraceEvent[0m -> [core] [Channel #16 SubChannel #17]Subchannel created
[34m2026-07-15 18:18:09.982 UTC 0056 INFO[0m [grpc] [34;1mAddTraceEvent[0m -> [core] [Channel #16]Channel exiting idle mode
[34m2026-07-15 18:18:09.982 UTC 0057 INFO[0m [grpc] [34;1mAddTraceEvent[0m -> [core] [Channel #16 SubChannel #17]Subchannel Connectivity change to CONNECTING
[34m2026-07-15 18:18:09.982 UTC 0058 INFO[0m [grpc] [34;1mAddTraceEvent[0m -> [core] [Channel #16 SubChannel #17]Subchannel picks a new address "peer0.sa.retf.com:7051" to connect
[34m2026-07-15 18:18:09.984 UTC 0059 INFO[0m [grpc] [34;1mAddTraceEvent[0m -> [core] [Channel #16 SubChannel #17]Subchannel Connectivity change to READY
[34m2026-07-15 18:18:09.984 UTC 005a INFO[0m [grpc] [34;1mInfof[0m -> [pick-first-leaf-lb] [pick-first-leaf-lb 0x13a2fa73e2d0] SubConn 0x13a2fa30b810 reported connectivity state READY and the health listener is disabled. Transitioning SubConn to READY.
[34m2026-07-15 18:18:09.984 UTC 005b INFO[0m [grpc] [34;1mAddTraceEvent[0m -> [core] [Channel #16]Channel Connectivity change to READY
[33m2026-07-15 18:18:09.985 UTC 005c WARN[0m [grpc] [33;1mWarningf[0m -> [core] Adjusting keepalive ping interval to minimum period of 10s
[34m2026-07-15 18:18:09.985 UTC 005d INFO[0m [grpc] [34;1mInfof[0m -> [core] original dial target is: "orderer.orderer.retf.com:7050"
[34m2026-07-15 18:18:09.985 UTC 005e INFO[0m [grpc] [34;1mAddTraceEvent[0m -> [core] [Channel #19]Channel created
[34m2026-07-15 18:18:09.985 UTC 005f INFO[0m [grpc] [34;1mAddTraceEvent[0m -> [core] [Channel #19]parsed dial target is: resolver.Target{URL:url.URL{Scheme:"passthrough", Opaque:"", User:(*url.Userinfo)(nil), Host:"", Path:"/orderer.orderer.retf.com:7050", Fragment:"", RawQuery:"", RawPath:"", RawFragment:"", ForceQuery:false, OmitHost:false}}
[34m2026-07-15 18:18:09.985 UTC 0060 INFO[0m [grpc] [34;1mAddTraceEvent[0m -> [core] [Channel #19]Channel authority set to "orderer.orderer.retf.com"
[34m2026-07-15 18:18:09.985 UTC 0061 INFO[0m [grpc] [34;1mAddTraceEvent[0m -> [core] [Channel #19]Resolver state updated: {
  "Addresses": [
    {
      "Addr": "orderer.orderer.retf.com:7050",
      "ServerName": "",
      "Attributes": null,
      "BalancerAttributes": null,
      "Metadata": null
    }
  ],
  "Endpoints": [
    {
      "Addresses": [
        {
          "Addr": "orderer.orderer.retf.com:7050",
          "ServerName": "",
          "Attributes": null,
          "BalancerAttributes": null,
          "Metadata": null
        }
      ],
      "Attributes": null
    }
  ],
  "ServiceConfig": null,
  "Attributes": null
} (resolver returned new addresses)
[34m2026-07-15 18:18:09.985 UTC 0062 INFO[0m [grpc] [34;1mAddTraceEvent[0m -> [core] [Channel #19]Channel switches to new LB policy "pick_first"
[34m2026-07-15 18:18:09.985 UTC 0063 INFO[0m [grpc] [34;1mInfof[0m -> [pick-first-leaf-lb] [pick-first-leaf-lb 0x13a2fa5fa120] Received new config {
  "shuffleAddressList": false
}, resolver state {
  "Addresses": [
    {
      "Addr": "orderer.orderer.retf.com:7050",
      "ServerName": "",
      "Attributes": null,
      "BalancerAttributes": null,
      "Metadata": null
    }
  ],
  "Endpoints": [
    {
      "Addresses": [
        {
          "Addr": "orderer.orderer.retf.com:7050",
          "ServerName": "",
          "Attributes": null,
          "BalancerAttributes": null,
          "Metadata": null
        }
      ],
      "Attributes": null
    }
  ],
  "ServiceConfig": null,
  "Attributes": null
}
[34m2026-07-15 18:18:09.985 UTC 0064 INFO[0m [grpc] [34;1mAddTraceEvent[0m -> [core] [Channel #19]Channel Connectivity change to CONNECTING
[34m2026-07-15 18:18:09.985 UTC 0065 INFO[0m [grpc] [34;1mAddTraceEvent[0m -> [core] [Channel #19 SubChannel #20]Subchannel created
[34m2026-07-15 18:18:09.985 UTC 0066 INFO[0m [grpc] [34;1mAddTraceEvent[0m -> [core] [Channel #19]Channel exiting idle mode
[34m2026-07-15 18:18:09.985 UTC 0067 INFO[0m [grpc] [34;1mAddTraceEvent[0m -> [core] [Channel #19 SubChannel #20]Subchannel Connectivity change to CONNECTING
[34m2026-07-15 18:18:09.985 UTC 0068 INFO[0m [grpc] [34;1mAddTraceEvent[0m -> [core] [Channel #19 SubChannel #20]Subchannel picks a new address "orderer.orderer.retf.com:7050" to connect
[34m2026-07-15 18:18:09.987 UTC 0069 INFO[0m [grpc] [34;1mAddTraceEvent[0m -> [core] [Channel #19 SubChannel #20]Subchannel Connectivity change to READY
[34m2026-07-15 18:18:09.987 UTC 006a INFO[0m [grpc] [34;1mInfof[0m -> [pick-first-leaf-lb] [pick-first-leaf-lb 0x13a2fa5fa120] SubConn 0x13a2fa6d0460 reported connectivity state READY and the health listener is disabled. Transitioning SubConn to READY.
[34m2026-07-15 18:18:09.987 UTC 006b INFO[0m [grpc] [34;1mAddTraceEvent[0m -> [core] [Channel #19]Channel Connectivity change to READY
[34m2026-07-15 18:18:12.096 UTC 006c INFO[0m [chaincodeCmd] [34;1mClientWait[0m -> txid [038027b0f704d914e3c65ecc792dbd1c337ee49b5a2a826f100a40640c6362bc] committed with status (VALID) at peer0.nsw.retf.com:7051
[34m2026-07-15 18:18:12.106 UTC 006d INFO[0m [chaincodeCmd] [34;1mClientWait[0m -> txid [038027b0f704d914e3c65ecc792dbd1c337ee49b5a2a826f100a40640c6362bc] committed with status (VALID) at peer0.sa.retf.com:7051
[34m2026-07-15 18:18:12.106 UTC 006e INFO[0m [chaincodeCmd] [34;1mClientWait[0m -> txid [038027b0f704d914e3c65ecc792dbd1c337ee49b5a2a826f100a40640c6362bc] committed with status (VALID) at peer0.qld.retf.com:7051
[34m2026-07-15 18:18:12.106 UTC 006f INFO[0m [chaincodeCmd] [34;1mchaincodeInvokeOrQuery[0m -> Chaincode invoke successful. result: status:200 payload:"{\"schema_version\":\"saib-retf-s2.2.2-governance/1\",\"key_id\":\"s222-governance-root\",\"public_key_b64\":\"RNH0uUUphlFOLdQQzdNn9l6h4mKpmmk1NbdD/VAgeAQ=\",\"public_key_sha256\":\"36c5c005bd01b33e32cbff4b1c52da84d8542d8acc520f99fab384f03709d7a8\",\"status\":\"active\",\"last_nonce\":0}"
[34m2026-07-15 18:18:13.106 UTC 0001 INFO[0m [chaincodeCmd] [34;1mInitCmdFactory[0m -> InitCmdFactory: Entry: invoke, true, true
[34m2026-07-15 18:18:13.106 UTC 0002 INFO[0m [grpc] [34;1mInfof[0m -> [core] original dial target is: "peer0.nsw.retf.com:7051"
[34m2026-07-15 18:18:13.106 UTC 0003 INFO[0m [grpc] [34;1mAddTraceEvent[0m -> [core] [Channel #1]Channel created
[34m2026-07-15 18:18:13.106 UTC 0004 INFO[0m [grpc] [34;1mAddTraceEvent[0m -> [core] [Channel #1]parsed dial target is: resolver.Target{URL:url.URL{Scheme:"passthrough", Opaque:"", User:(*url.Userinfo)(nil), Host:"", Path:"/peer0.nsw.retf.com:7051", Fragment:"", RawQuery:"", RawPath:"", RawFragment:"", ForceQuery:false, OmitHost:false}}
[34m2026-07-15 18:18:13.106 UTC 0005 INFO[0m [grpc] [34;1mAddTraceEvent[0m -> [core] [Channel #1]Channel authority set to "peer0.nsw.retf.com:7051"
[34m2026-07-15 18:18:13.107 UTC 0006 INFO[0m [grpc] [34;1mAddTraceEvent[0m -> [core] [Channel #1]Resolver state updated: {
  "Addresses": [
    {
      "Addr": "peer0.nsw.retf.com:7051",
      "ServerName": "",
      "Attributes": null,
      "BalancerAttributes": null,
      "Metadata": null
    }
  ],
  "Endpoints": [
    {
      "Addresses": [
        {
          "Addr": "peer0.nsw.retf.com:7051",
          "ServerName": "",
          "Attributes": null,
          "BalancerAttributes": null,
          "Metadata": null
        }
      ],
      "Attributes": null
    }
  ],
  "ServiceConfig": null,
  "Attributes": null
} (resolver returned new addresses)
[34m2026-07-15 18:18:13.107 UTC 0007 INFO[0m [grpc] [34;1mAddTraceEvent[0m -> [core] [Channel #1]Channel switches to new LB policy "pick_first"
[34m2026-07-15 18:18:13.107 UTC 0008 INFO[0m [grpc] [34;1mInfof[0m -> [pick-first-leaf-lb] [pick-first-leaf-lb 0x272054b4a7e0] Received new config {
  "shuffleAddressList": false
}, resolver state {
  "Addresses": [
    {
      "Addr": "peer0.nsw.retf.com:7051",
      "ServerName": "",
      "Attributes": null,
      "BalancerAttributes": null,
      "Metadata": null
    }
  ],
  "Endpoints": [
    {
      "Addresses": [
        {
          "Addr": "peer0.nsw.retf.com:7051",
          "ServerName": "",
          "Attributes": null,
          "BalancerAttributes": null,
          "Metadata": null
        }
      ],
      "Attributes": null
    }
  ],
  "ServiceConfig": null,
  "Attributes": null
}
[34m2026-07-15 18:18:13.107 UTC 0009 INFO[0m [grpc] [34;1mAddTraceEvent[0m -> [core] [Channel #1]Channel Connectivity change to CONNECTING
[34m2026-07-15 18:18:13.107 UTC 000a INFO[0m [grpc] [34;1mAddTraceEvent[0m -> [core] [Channel #1 SubChannel #2]Subchannel created
[34m2026-07-15 18:18:13.107 UTC 000b INFO[0m [grpc] [34;1mAddTraceEvent[0m -> [core] [Channel #1]Channel exiting idle mode
[34m2026-07-15 18:18:13.107 UTC 000c INFO[0m [grpc] [34;1mAddTraceEvent[0m -> [core] [Channel #1 SubChannel #2]Subchannel Connectivity change to CONNECTING
[34m2026-07-15 18:18:13.107 UTC 000d INFO[0m [grpc] [34;1mAddTraceEvent[0m -> [core] [Channel #1 SubChannel #2]Subchannel picks a new address "peer0.nsw.retf.com:7051" to connect
[34m2026-07-15 18:18:13.109 UTC 000e INFO[0m [grpc] [34;1mAddTraceEvent[0m -> [core] [Channel #1 SubChannel #2]Subchannel Connectivity change to READY
[34m2026-07-15 18:18:13.109 UTC 000f INFO[0m [grpc] [34;1mInfof[0m -> [pick-first-leaf-lb] [pick-first-leaf-lb 0x272054b4a7e0] SubConn 0x272054a7d1d0 reported connectivity state READY and the health listener is disabled. Transitioning SubConn to READY.
[34m2026-07-15 18:18:13.109 UTC 0010 INFO[0m [grpc] [34;1mAddTraceEvent[0m -> [core] [Channel #1]Channel Connectivity change to READY
[34m2026-07-15 18:18:13.109 UTC 0011 INFO[0m [grpc] [34;1mInfof[0m -> [core] original dial target is: "peer0.nsw.retf.com:7051"
[34m2026-07-15 18:18:13.109 UTC 0012 INFO[0m [grpc] [34;1mAddTraceEvent[0m -> [core] [Channel #4]Channel created
[34m2026-07-15 18:18:13.109 UTC 0013 INFO[0m [grpc] [34;1mAddTraceEvent[0m -> [core] [Channel #4]parsed dial target is: resolver.Target{URL:url.URL{Scheme:"passthrough", Opaque:"", User:(*url.Userinfo)(nil), Host:"", Path:"/peer0.nsw.retf.com:7051", Fragment:"", RawQuery:"", RawPath:"", RawFragment:"", ForceQuery:false, OmitHost:false}}
[34m2026-07-15 18:18:13.109 UTC 0014 INFO[0m [grpc] [34;1mAddTraceEvent[0m -> [core] [Channel #4]Channel authority set to "peer0.nsw.retf.com:7051"
[34m2026-07-15 18:18:13.109 UTC 0015 INFO[0m [grpc] [34;1mAddTraceEvent[0m -> [core] [Channel #4]Resolver state updated: {
  "Addresses": [
    {
      "Addr": "peer0.nsw.retf.com:7051",
      "ServerName": "",
      "Attributes": null,
      "BalancerAttributes": null,
      "Metadata": null
    }
  ],
  "Endpoints": [
    {
      "Addresses": [
        {
          "Addr": "peer0.nsw.retf.com:7051",
          "ServerName": "",
          "Attributes": null,
          "BalancerAttributes": null,
          "Metadata": null
        }
      ],
      "Attributes": null
    }
  ],
  "ServiceConfig": null,
  "Attributes": null
} (resolver returned new addresses)
[34m2026-07-15 18:18:13.109 UTC 0016 INFO[0m [grpc] [34;1mAddTraceEvent[0m -> [core] [Channel #4]Channel switches to new LB policy "pick_first"
[34m2026-07-15 18:18:13.109 UTC 0017 INFO[0m [grpc] [34;1mInfof[0m -> [pick-first-leaf-lb] [pick-first-leaf-lb 0x272054d173b0] Received new config {
  "shuffleAddressList": false
}, resolver state {
  "Addresses": [
    {
      "Addr": "peer0.nsw.retf.com:7051",
      "ServerName": "",
      "Attributes": null,
      "BalancerAttributes": null,
      "Metadata": null
    }
  ],
  "Endpoints": [
    {
      "Addresses": [
        {
          "Addr": "peer0.nsw.retf.com:7051",
          "ServerName": "",
          "Attributes": null,
          "BalancerAttributes": null,
          "Metadata": null
        }
      ],
      "Attributes": null
    }
  ],
  "ServiceConfig": null,
  "Attributes": null
}
[34m2026-07-15 18:18:13.109 UTC 0018 INFO[0m [grpc] [34;1mAddTraceEvent[0m -> [core] [Channel #4]Channel Connectivity change to CONNECTING
[34m2026-07-15 18:18:13.109 UTC 0019 INFO[0m [grpc] [34;1mAddTraceEvent[0m -> [core] [Channel #4 SubChannel #5]Subchannel created
[34m2026-07-15 18:18:13.110 UTC 001a INFO[0m [grpc] [34;1mAddTraceEvent[0m -> [core] [Channel #4]Channel exiting idle mode
[34m2026-07-15 18:18:13.110 UTC 001b INFO[0m [grpc] [34;1mAddTraceEvent[0m -> [core] [Channel #4 SubChannel #5]Subchannel Connectivity change to CONNECTING
[34m2026-07-15 18:18:13.110 UTC 001c INFO[0m [grpc] [34;1mAddTraceEvent[0m -> [core] [Channel #4 SubChannel #5]Subchannel picks a new address "peer0.nsw.retf.com:7051" to connect
[34m2026-07-15 18:18:13.112 UTC 001d INFO[0m [grpc] [34;1mAddTraceEvent[0m -> [core] [Channel #4 SubChannel #5]Subchannel Connectivity change to READY
[34m2026-07-15 18:18:13.112 UTC 001e INFO[0m [grpc] [34;1mInfof[0m -> [pick-first-leaf-lb] [pick-first-leaf-lb 0x272054d173b0] SubConn 0x272054d5c2d0 reported connectivity state READY and the health listener is disabled. Transitioning SubConn to READY.
[34m2026-07-15 18:18:13.112 UTC 001f INFO[0m [grpc] [34;1mAddTraceEvent[0m -> [core] [Channel #4]Channel Connectivity change to READY
[34m2026-07-15 18:18:13.112 UTC 0020 INFO[0m [grpc] [34;1mInfof[0m -> [core] original dial target is: "peer0.qld.retf.com:7051"
[34m2026-07-15 18:18:13.112 UTC 0021 INFO[0m [grpc] [34;1mAddTraceEvent[0m -> [core] [Channel #7]Channel created
[34m2026-07-15 18:18:13.112 UTC 0022 INFO[0m [grpc] [34;1mAddTraceEvent[0m -> [core] [Channel #7]parsed dial target is: resolver.Target{URL:url.URL{Scheme:"passthrough", Opaque:"", User:(*url.Userinfo)(nil), Host:"", Path:"/peer0.qld.retf.com:7051", Fragment:"", RawQuery:"", RawPath:"", RawFragment:"", ForceQuery:false, OmitHost:false}}
[34m2026-07-15 18:18:13.112 UTC 0023 INFO[0m [grpc] [34;1mAddTraceEvent[0m -> [core] [Channel #7]Channel authority set to "peer0.qld.retf.com:7051"
[34m2026-07-15 18:18:13.113 UTC 0024 INFO[0m [grpc] [34;1mAddTraceEvent[0m -> [core] [Channel #7]Resolver state updated: {
  "Addresses": [
    {
      "Addr": "peer0.qld.retf.com:7051",
      "ServerName": "",
      "Attributes": null,
      "BalancerAttributes": null,
      "Metadata": null
    }
  ],
  "Endpoints": [
    {
      "Addresses": [
        {
          "Addr": "peer0.qld.retf.com:7051",
          "ServerName": "",
          "Attributes": null,
          "BalancerAttributes": null,
          "Metadata": null
        }
      ],
      "Attributes": null
    }
  ],
  "ServiceConfig": null,
  "Attributes": null
} (resolver returned new addresses)
[34m2026-07-15 18:18:13.113 UTC 0025 INFO[0m [grpc] [34;1mAddTraceEvent[0m -> [core] [Channel #7]Channel switches to new LB policy "pick_first"
[34m2026-07-15 18:18:13.113 UTC 0026 INFO[0m [grpc] [34;1mInfof[0m -> [pick-first-leaf-lb] [pick-first-leaf-lb 0x272054b4a5a0] Received new config {
  "shuffleAddressList": false
}, resolver state {
  "Addresses": [
    {
      "Addr": "peer0.qld.retf.com:7051",
      "ServerName": "",
      "Attributes": null,
      "BalancerAttributes": null,
      "Metadata": null
    }
  ],
  "Endpoints": [
    {
      "Addresses": [
        {
          "Addr": "peer0.qld.retf.com:7051",
          "ServerName": "",
          "Attributes": null,
          "BalancerAttributes": null,
          "Metadata": null
        }
      ],
      "Attributes": null
    }
  ],
  "ServiceConfig": null,
  "Attributes": null
}
[34m2026-07-15 18:18:13.113 UTC 0027 INFO[0m [grpc] [34;1mAddTraceEvent[0m -> [core] [Channel #7]Channel Connectivity change to CONNECTING
[34m2026-07-15 18:18:13.113 UTC 0028 INFO[0m [grpc] [34;1mAddTraceEvent[0m -> [core] [Channel #7 SubChannel #8]Subchannel created
[34m2026-07-15 18:18:13.113 UTC 0029 INFO[0m [grpc] [34;1mAddTraceEvent[0m -> [core] [Channel #7]Channel exiting idle mode
[34m2026-07-15 18:18:13.113 UTC 002a INFO[0m [grpc] [34;1mAddTraceEvent[0m -> [core] [Channel #7 SubChannel #8]Subchannel Connectivity change to CONNECTING
[34m2026-07-15 18:18:13.113 UTC 002b INFO[0m [grpc] [34;1mAddTraceEvent[0m -> [core] [Channel #7 SubChannel #8]Subchannel picks a new address "peer0.qld.retf.com:7051" to connect
[34m2026-07-15 18:18:13.115 UTC 002c INFO[0m [grpc] [34;1mAddTraceEvent[0m -> [core] [Channel #7 SubChannel #8]Subchannel Connectivity change to READY
[34m2026-07-15 18:18:13.115 UTC 002d INFO[0m [grpc] [34;1mInfof[0m -> [pick-first-leaf-lb] [pick-first-leaf-lb 0x272054b4a5a0] SubConn 0x272054d5c500 reported connectivity state READY and the health listener is disabled. Transitioning SubConn to READY.
[34m2026-07-15 18:18:13.115 UTC 002e INFO[0m [grpc] [34;1mAddTraceEvent[0m -> [core] [Channel #7]Channel Connectivity change to READY
[34m2026-07-15 18:18:13.115 UTC 002f INFO[0m [grpc] [34;1mInfof[0m -> [core] original dial target is: "peer0.qld.retf.com:7051"
[34m2026-07-15 18:18:13.115 UTC 0030 INFO[0m [grpc] [34;1mAddTraceEvent[0m -> [core] [Channel #10]Channel created
[34m2026-07-15 18:18:13.115 UTC 0031 INFO[0m [grpc] [34;1mAddTraceEvent[0m -> [core] [Channel #10]parsed dial target is: resolver.Target{URL:url.URL{Scheme:"passthrough", Opaque:"", User:(*url.Userinfo)(nil), Host:"", Path:"/peer0.qld.retf.com:7051", Fragment:"", RawQuery:"", RawPath:"", RawFragment:"", ForceQuery:false, OmitHost:false}}
[34m2026-07-15 18:18:13.115 UTC 0032 INFO[0m [grpc] [34;1mAddTraceEvent[0m -> [core] [Channel #10]Channel authority set to "peer0.qld.retf.com:7051"
[34m2026-07-15 18:18:13.115 UTC 0033 INFO[0m [grpc] [34;1mAddTraceEvent[0m -> [core] [Channel #10]Resolver state updated: {
  "Addresses": [
    {
      "Addr": "peer0.qld.retf.com:7051",
      "ServerName": "",
      "Attributes": null,
      "BalancerAttributes": null,
      "Metadata": null
    }
  ],
  "Endpoints": [
    {
      "Addresses": [
        {
          "Addr": "peer0.qld.retf.com:7051",
          "ServerName": "",
          "Attributes": null,
          "BalancerAttributes": null,
          "Metadata": null
        }
      ],
      "Attributes": null
    }
  ],
  "ServiceConfig": null,
  "Attributes": null
} (resolver returned new addresses)
[34m2026-07-15 18:18:13.115 UTC 0034 INFO[0m [grpc] [34;1mAddTraceEvent[0m -> [core] [Channel #10]Channel switches to new LB policy "pick_first"
[34m2026-07-15 18:18:13.115 UTC 0035 INFO[0m [grpc] [34;1mInfof[0m -> [pick-first-leaf-lb] [pick-first-leaf-lb 0x2720550ba000] Received new config {
  "shuffleAddressList": false
}, resolver state {
  "Addresses": [
    {
      "Addr": "peer0.qld.retf.com:7051",
      "ServerName": "",
      "Attributes": null,
      "BalancerAttributes": null,
      "Metadata": null
    }
  ],
  "Endpoints": [
    {
      "Addresses": [
        {
          "Addr": "peer0.qld.retf.com:7051",
          "ServerName": "",
          "Attributes": null,
          "BalancerAttributes": null,
          "Metadata": null
        }
      ],
      "Attributes": null
    }
  ],
  "ServiceConfig": null,
  "Attributes": null
}
[34m2026-07-15 18:18:13.115 UTC 0036 INFO[0m [grpc] [34;1mAddTraceEvent[0m -> [core] [Channel #10]Channel Connectivity change to CONNECTING
[34m2026-07-15 18:18:13.115 UTC 0037 INFO[0m [grpc] [34;1mAddTraceEvent[0m -> [core] [Channel #10 SubChannel #11]Subchannel created
[34m2026-07-15 18:18:13.116 UTC 0038 INFO[0m [grpc] [34;1mAddTraceEvent[0m -> [core] [Channel #10]Channel exiting idle mode
[34m2026-07-15 18:18:13.116 UTC 0039 INFO[0m [grpc] [34;1mAddTraceEvent[0m -> [core] [Channel #10 SubChannel #11]Subchannel Connectivity change to CONNECTING
[34m2026-07-15 18:18:13.116 UTC 003a INFO[0m [grpc] [34;1mAddTraceEvent[0m -> [core] [Channel #10 SubChannel #11]Subchannel picks a new address "peer0.qld.retf.com:7051" to connect
[34m2026-07-15 18:18:13.118 UTC 003b INFO[0m [grpc] [34;1mAddTraceEvent[0m -> [core] [Channel #10 SubChannel #11]Subchannel Connectivity change to READY
[34m2026-07-15 18:18:13.118 UTC 003c INFO[0m [grpc] [34;1mInfof[0m -> [pick-first-leaf-lb] [pick-first-leaf-lb 0x2720550ba000] SubConn 0x272054f2cd20 reported connectivity state READY and the health listener is disabled. Transitioning SubConn to READY.
[34m2026-07-15 18:18:13.118 UTC 003d INFO[0m [grpc] [34;1mAddTraceEvent[0m -> [core] [Channel #10]Channel Connectivity change to READY
[34m2026-07-15 18:18:13.118 UTC 003e INFO[0m [grpc] [34;1mInfof[0m -> [core] original dial target is: "peer0.sa.retf.com:7051"
[34m2026-07-15 18:18:13.118 UTC 003f INFO[0m [grpc] [34;1mAddTraceEvent[0m -> [core] [Channel #13]Channel created
[34m2026-07-15 18:18:13.118 UTC 0040 INFO[0m [grpc] [34;1mAddTraceEvent[0m -> [core] [Channel #13]parsed dial target is: resolver.Target{URL:url.URL{Scheme:"passthrough", Opaque:"", User:(*url.Userinfo)(nil), Host:"", Path:"/peer0.sa.retf.com:7051", Fragment:"", RawQuery:"", RawPath:"", RawFragment:"", ForceQuery:false, OmitHost:false}}
[34m2026-07-15 18:18:13.118 UTC 0041 INFO[0m [grpc] [34;1mAddTraceEvent[0m -> [core] [Channel #13]Channel authority set to "peer0.sa.retf.com:7051"
[34m2026-07-15 18:18:13.118 UTC 0042 INFO[0m [grpc] [34;1mAddTraceEvent[0m -> [core] [Channel #13]Resolver state updated: {
  "Addresses": [
    {
      "Addr": "peer0.sa.retf.com:7051",
      "ServerName": "",
      "Attributes": null,
      "BalancerAttributes": null,
      "Metadata": null
    }
  ],
  "Endpoints": [
    {
      "Addresses": [
        {
          "Addr": "peer0.sa.retf.com:7051",
          "ServerName": "",
          "Attributes": null,
          "BalancerAttributes": null,
          "Metadata": null
        }
      ],
      "Attributes": null
    }
  ],
  "ServiceConfig": null,
  "Attributes": null
} (resolver returned new addresses)
[34m2026-07-15 18:18:13.118 UTC 0043 INFO[0m [grpc] [34;1mAddTraceEvent[0m -> [core] [Channel #13]Channel switches to new LB policy "pick_first"
[34m2026-07-15 18:18:13.118 UTC 0044 INFO[0m [grpc] [34;1mInfof[0m -> [pick-first-leaf-lb] [pick-first-leaf-lb 0x272054bda2d0] Received new config {
  "shuffleAddressList": false
}, resolver state {
  "Addresses": [
    {
      "Addr": "peer0.sa.retf.com:7051",
      "ServerName": "",
      "Attributes": null,
      "BalancerAttributes": null,
      "Metadata": null
    }
  ],
  "Endpoints": [
    {
      "Addresses": [
        {
          "Addr": "peer0.sa.retf.com:7051",
          "ServerName": "",
          "Attributes": null,
          "BalancerAttributes": null,
          "Metadata": null
        }
      ],
      "Attributes": null
    }
  ],
  "ServiceConfig": null,
  "Attributes": null
}
[34m2026-07-15 18:18:13.118 UTC 0045 INFO[0m [grpc] [34;1mAddTraceEvent[0m -> [core] [Channel #13]Channel Connectivity change to CONNECTING
[34m2026-07-15 18:18:13.118 UTC 0046 INFO[0m [grpc] [34;1mAddTraceEvent[0m -> [core] [Channel #13 SubChannel #14]Subchannel created
[34m2026-07-15 18:18:13.118 UTC 0047 INFO[0m [grpc] [34;1mAddTraceEvent[0m -> [core] [Channel #13]Channel exiting idle mode
[34m2026-07-15 18:18:13.118 UTC 0048 INFO[0m [grpc] [34;1mAddTraceEvent[0m -> [core] [Channel #13 SubChannel #14]Subchannel Connectivity change to CONNECTING
[34m2026-07-15 18:18:13.118 UTC 0049 INFO[0m [grpc] [34;1mAddTraceEvent[0m -> [core] [Channel #13 SubChannel #14]Subchannel picks a new address "peer0.sa.retf.com:7051" to connect
[34m2026-07-15 18:18:13.121 UTC 004a INFO[0m [grpc] [34;1mAddTraceEvent[0m -> [core] [Channel #13 SubChannel #14]Subchannel Connectivity change to READY
[34m2026-07-15 18:18:13.121 UTC 004b INFO[0m [grpc] [34;1mInfof[0m -> [pick-first-leaf-lb] [pick-first-leaf-lb 0x272054bda2d0] SubConn 0x272054bba3c0 reported connectivity state READY and the health listener is disabled. Transitioning SubConn to READY.
[34m2026-07-15 18:18:13.121 UTC 004c INFO[0m [grpc] [34;1mAddTraceEvent[0m -> [core] [Channel #13]Channel Connectivity change to READY
[34m2026-07-15 18:18:13.121 UTC 004d INFO[0m [grpc] [34;1mInfof[0m -> [core] original dial target is: "peer0.sa.retf.com:7051"
[34m2026-07-15 18:18:13.121 UTC 004e INFO[0m [grpc] [34;1mAddTraceEvent[0m -> [core] [Channel #16]Channel created
[34m2026-07-15 18:18:13.121 UTC 004f INFO[0m [grpc] [34;1mAddTraceEvent[0m -> [core] [Channel #16]parsed dial target is: resolver.Target{URL:url.URL{Scheme:"passthrough", Opaque:"", User:(*url.Userinfo)(nil), Host:"", Path:"/peer0.sa.retf.com:7051", Fragment:"", RawQuery:"", RawPath:"", RawFragment:"", ForceQuery:false, OmitHost:false}}
[34m2026-07-15 18:18:13.121 UTC 0050 INFO[0m [grpc] [34;1mAddTraceEvent[0m -> [core] [Channel #16]Channel authority set to "peer0.sa.retf.com:7051"
[34m2026-07-15 18:18:13.121 UTC 0051 INFO[0m [grpc] [34;1mAddTraceEvent[0m -> [core] [Channel #16]Resolver state updated: {
  "Addresses": [
    {
      "Addr": "peer0.sa.retf.com:7051",
      "ServerName": "",
      "Attributes": null,
      "BalancerAttributes": null,
      "Metadata": null
    }
  ],
  "Endpoints": [
    {
      "Addresses": [
        {
          "Addr": "peer0.sa.retf.com:7051",
          "ServerName": "",
          "Attributes": null,
          "BalancerAttributes": null,
          "Metadata": null
        }
      ],
      "Attributes": null
    }
  ],
  "ServiceConfig": null,
  "Attributes": null
} (resolver returned new addresses)
[34m2026-07-15 18:18:13.121 UTC 0052 INFO[0m [grpc] [34;1mAddTraceEvent[0m -> [core] [Channel #16]Channel switches to new LB policy "pick_first"
[34m2026-07-15 18:18:13.121 UTC 0053 INFO[0m [grpc] [34;1mInfof[0m -> [pick-first-leaf-lb] [pick-first-leaf-lb 0x272054b4ab40] Received new config {
  "shuffleAddressList": false
}, resolver state {
  "Addresses": [
    {
      "Addr": "peer0.sa.retf.com:7051",
      "ServerName": "",
      "Attributes": null,
      "BalancerAttributes": null,
      "Metadata": null
    }
  ],
  "Endpoints": [
    {
      "Addresses": [
        {
          "Addr": "peer0.sa.retf.com:7051",
          "ServerName": "",
          "Attributes": null,
          "BalancerAttributes": null,
          "Metadata": null
        }
      ],
      "Attributes": null
    }
  ],
  "ServiceConfig": null,
  "Attributes": null
}
[34m2026-07-15 18:18:13.121 UTC 0054 INFO[0m [grpc] [34;1mAddTraceEvent[0m -> [core] [Channel #16]Channel Connectivity change to CONNECTING
[34m2026-07-15 18:18:13.121 UTC 0055 INFO[0m [grpc] [34;1mAddTraceEvent[0m -> [core] [Channel #16 SubChannel #17]Subchannel created
[34m2026-07-15 18:18:13.121 UTC 0056 INFO[0m [grpc] [34;1mAddTraceEvent[0m -> [core] [Channel #16]Channel exiting idle mode
[34m2026-07-15 18:18:13.121 UTC 0057 INFO[0m [grpc] [34;1mAddTraceEvent[0m -> [core] [Channel #16 SubChannel #17]Subchannel Connectivity change to CONNECTING
[34m2026-07-15 18:18:13.121 UTC 0058 INFO[0m [grpc] [34;1mAddTraceEvent[0m -> [core] [Channel #16 SubChannel #17]Subchannel picks a new address "peer0.sa.retf.com:7051" to connect
[34m2026-07-15 18:18:13.123 UTC 0059 INFO[0m [grpc] [34;1mAddTraceEvent[0m -> [core] [Channel #16 SubChannel #17]Subchannel Connectivity change to READY
[34m2026-07-15 18:18:13.123 UTC 005a INFO[0m [grpc] [34;1mInfof[0m -> [pick-first-leaf-lb] [pick-first-leaf-lb 0x272054b4ab40] SubConn 0x272054d5ce10 reported connectivity state READY and the health listener is disabled. Transitioning SubConn to READY.
[34m2026-07-15 18:18:13.123 UTC 005b INFO[0m [grpc] [34;1mAddTraceEvent[0m -> [core] [Channel #16]Channel Connectivity change to READY
[33m2026-07-15 18:18:13.123 UTC 005c WARN[0m [grpc] [33;1mWarningf[0m -> [core] Adjusting keepalive ping interval to minimum period of 10s
[34m2026-07-15 18:18:13.123 UTC 005d INFO[0m [grpc] [34;1mInfof[0m -> [core] original dial target is: "orderer.orderer.retf.com:7050"
[34m2026-07-15 18:18:13.123 UTC 005e INFO[0m [grpc] [34;1mAddTraceEvent[0m -> [core] [Channel #19]Channel created
[34m2026-07-15 18:18:13.123 UTC 005f INFO[0m [grpc] [34;1mAddTraceEvent[0m -> [core] [Channel #19]parsed dial target is: resolver.Target{URL:url.URL{Scheme:"passthrough", Opaque:"", User:(*url.Userinfo)(nil), Host:"", Path:"/orderer.orderer.retf.com:7050", Fragment:"", RawQuery:"", RawPath:"", RawFragment:"", ForceQuery:false, OmitHost:false}}
[34m2026-07-15 18:18:13.123 UTC 0060 INFO[0m [grpc] [34;1mAddTraceEvent[0m -> [core] [Channel #19]Channel authority set to "orderer.orderer.retf.com"
[34m2026-07-15 18:18:13.123 UTC 0061 INFO[0m [grpc] [34;1mAddTraceEvent[0m -> [core] [Channel #19]Resolver state updated: {
  "Addresses": [
    {
      "Addr": "orderer.orderer.retf.com:7050",
      "ServerName": "",
      "Attributes": null,
      "BalancerAttributes": null,
      "Metadata": null
    }
  ],
  "Endpoints": [
    {
      "Addresses": [
        {
          "Addr": "orderer.orderer.retf.com:7050",
          "ServerName": "",
          "Attributes": null,
          "BalancerAttributes": null,
          "Metadata": null
        }
      ],
      "Attributes": null
    }
  ],
  "ServiceConfig": null,
  "Attributes": null
} (resolver returned new addresses)
[34m2026-07-15 18:18:13.124 UTC 0062 INFO[0m [grpc] [34;1mAddTraceEvent[0m -> [core] [Channel #19]Channel switches to new LB policy "pick_first"
[34m2026-07-15 18:18:13.124 UTC 0063 INFO[0m [grpc] [34;1mInfof[0m -> [pick-first-leaf-lb] [pick-first-leaf-lb 0x272054ed22d0] Received new config {
  "shuffleAddressList": false
}, resolver state {
  "Addresses": [
    {
      "Addr": "orderer.orderer.retf.com:7050",
      "ServerName": "",
      "Attributes": null,
      "BalancerAttributes": null,
      "Metadata": null
    }
  ],
  "Endpoints": [
    {
      "Addresses": [
        {
          "Addr": "orderer.orderer.retf.com:7050",
          "ServerName": "",
          "Attributes": null,
          "BalancerAttributes": null,
          "Metadata": null
        }
      ],
      "Attributes": null
    }
  ],
  "ServiceConfig": null,
  "Attributes": null
}
[34m2026-07-15 18:18:13.124 UTC 0064 INFO[0m [grpc] [34;1mAddTraceEvent[0m -> [core] [Channel #19]Channel Connectivity change to CONNECTING
[34m2026-07-15 18:18:13.124 UTC 0065 INFO[0m [grpc] [34;1mAddTraceEvent[0m -> [core] [Channel #19 SubChannel #20]Subchannel created
[34m2026-07-15 18:18:13.124 UTC 0066 INFO[0m [grpc] [34;1mAddTraceEvent[0m -> [core] [Channel #19]Channel exiting idle mode
[34m2026-07-15 18:18:13.124 UTC 0067 INFO[0m [grpc] [34;1mAddTraceEvent[0m -> [core] [Channel #19 SubChannel #20]Subchannel Connectivity change to CONNECTING
[34m2026-07-15 18:18:13.124 UTC 0068 INFO[0m [grpc] [34;1mAddTraceEvent[0m -> [core] [Channel #19 SubChannel #20]Subchannel picks a new address "orderer.orderer.retf.com:7050" to connect
[34m2026-07-15 18:18:13.126 UTC 0069 INFO[0m [grpc] [34;1mAddTraceEvent[0m -> [core] [Channel #19 SubChannel #20]Subchannel Connectivity change to READY
[34m2026-07-15 18:18:13.127 UTC 006a INFO[0m [grpc] [34;1mInfof[0m -> [pick-first-leaf-lb] [pick-first-leaf-lb 0x272054ed22d0] SubConn 0x272054a7da40 reported connectivity state READY and the health listener is disabled. Transitioning SubConn to READY.
[34m2026-07-15 18:18:13.127 UTC 006b INFO[0m [grpc] [34;1mAddTraceEvent[0m -> [core] [Channel #19]Channel Connectivity change to READY
[34m2026-07-15 18:18:15.186 UTC 006c INFO[0m [chaincodeCmd] [34;1mClientWait[0m -> txid [9905d306c591b244ceb72770e03e454a29e3d55f5c41dc0c34716c9278d96c9f] committed with status (VALID) at peer0.sa.retf.com:7051
[34m2026-07-15 18:18:15.187 UTC 006d INFO[0m [chaincodeCmd] [34;1mClientWait[0m -> txid [9905d306c591b244ceb72770e03e454a29e3d55f5c41dc0c34716c9278d96c9f] committed with status (VALID) at peer0.qld.retf.com:7051
[34m2026-07-15 18:18:15.187 UTC 006e INFO[0m [chaincodeCmd] [34;1mClientWait[0m -> txid [9905d306c591b244ceb72770e03e454a29e3d55f5c41dc0c34716c9278d96c9f] committed with status (VALID) at peer0.nsw.retf.com:7051
[34m2026-07-15 18:18:15.188 UTC 006f INFO[0m [chaincodeCmd] [34;1mchaincodeInvokeOrQuery[0m -> Chaincode invoke successful. result: status:200 payload:"s2.2.2/credential-registry/trusted-registry-epoch1a"
[34m2026-07-15 18:18:17.021 UTC 0001 INFO[0m [chaincodeCmd] [34;1mInitCmdFactory[0m -> InitCmdFactory: Entry: invoke, true, true
[34m2026-07-15 18:18:17.021 UTC 0002 INFO[0m [grpc] [34;1mInfof[0m -> [core] original dial target is: "peer0.nsw.retf.com:7051"
[34m2026-07-15 18:18:17.021 UTC 0003 INFO[0m [grpc] [34;1mAddTraceEvent[0m -> [core] [Channel #1]Channel created
[34m2026-07-15 18:18:17.022 UTC 0004 INFO[0m [grpc] [34;1mAddTraceEvent[0m -> [core] [Channel #1]parsed dial target is: resolver.Target{URL:url.URL{Scheme:"passthrough", Opaque:"", User:(*url.Userinfo)(nil), Host:"", Path:"/peer0.nsw.retf.com:7051", Fragment:"", RawQuery:"", RawPath:"", RawFragment:"", ForceQuery:false, OmitHost:false}}
[34m2026-07-15 18:18:17.022 UTC 0005 INFO[0m [grpc] [34;1mAddTraceEvent[0m -> [core] [Channel #1]Channel authority set to "peer0.nsw.retf.com:7051"
[34m2026-07-15 18:18:17.022 UTC 0006 INFO[0m [grpc] [34;1mAddTraceEvent[0m -> [core] [Channel #1]Resolver state updated: {
  "Addresses": [
    {
      "Addr": "peer0.nsw.retf.com:7051",
      "ServerName": "",
      "Attributes": null,
      "BalancerAttributes": null,
      "Metadata": null
    }
  ],
  "Endpoints": [
    {
      "Addresses": [
        {
          "Addr": "peer0.nsw.retf.com:7051",
          "ServerName": "",
          "Attributes": null,
          "BalancerAttributes": null,
          "Metadata": null
        }
      ],
      "Attributes": null
    }
  ],
  "ServiceConfig": null,
  "Attributes": null
} (resolver returned new addresses)
[34m2026-07-15 18:18:17.022 UTC 0007 INFO[0m [grpc] [34;1mAddTraceEvent[0m -> [core] [Channel #1]Channel switches to new LB policy "pick_first"
[34m2026-07-15 18:18:17.022 UTC 0008 INFO[0m [grpc] [34;1mInfof[0m -> [pick-first-leaf-lb] [pick-first-leaf-lb 0x389a78b18870] Received new config {
  "shuffleAddressList": false
}, resolver state {
  "Addresses": [
    {
      "Addr": "peer0.nsw.retf.com:7051",
      "ServerName": "",
      "Attributes": null,
      "BalancerAttributes": null,
      "Metadata": null
    }
  ],
  "Endpoints": [
    {
      "Addresses": [
        {
          "Addr": "peer0.nsw.retf.com:7051",
          "ServerName": "",
          "Attributes": null,
          "BalancerAttributes": null,
          "Metadata": null
        }
      ],
      "Attributes": null
    }
  ],
  "ServiceConfig": null,
  "Attributes": null
}
[34m2026-07-15 18:18:17.022 UTC 0009 INFO[0m [grpc] [34;1mAddTraceEvent[0m -> [core] [Channel #1]Channel Connectivity change to CONNECTING
[34m2026-07-15 18:18:17.022 UTC 000a INFO[0m [grpc] [34;1mAddTraceEvent[0m -> [core] [Channel #1 SubChannel #2]Subchannel created
[34m2026-07-15 18:18:17.022 UTC 000b INFO[0m [grpc] [34;1mAddTraceEvent[0m -> [core] [Channel #1]Channel exiting idle mode
[34m2026-07-15 18:18:17.022 UTC 000c INFO[0m [grpc] [34;1mAddTraceEvent[0m -> [core] [Channel #1 SubChannel #2]Subchannel Connectivity change to CONNECTING
[34m2026-07-15 18:18:17.022 UTC 000d INFO[0m [grpc] [34;1mAddTraceEvent[0m -> [core] [Channel #1 SubChannel #2]Subchannel picks a new address "peer0.nsw.retf.com:7051" to connect
[34m2026-07-15 18:18:17.025 UTC 000e INFO[0m [grpc] [34;1mAddTraceEvent[0m -> [core] [Channel #1 SubChannel #2]Subchannel Connectivity change to READY
[34m2026-07-15 18:18:17.025 UTC 000f INFO[0m [grpc] [34;1mInfof[0m -> [pick-first-leaf-lb] [pick-first-leaf-lb 0x389a78b18870] SubConn 0x389a78cf3590 reported connectivity state READY and the health listener is disabled. Transitioning SubConn to READY.
[34m2026-07-15 18:18:17.025 UTC 0010 INFO[0m [grpc] [34;1mAddTraceEvent[0m -> [core] [Channel #1]Channel Connectivity change to READY
[34m2026-07-15 18:18:17.025 UTC 0011 INFO[0m [grpc] [34;1mInfof[0m -> [core] original dial target is: "peer0.nsw.retf.com:7051"
[34m2026-07-15 18:18:17.025 UTC 0012 INFO[0m [grpc] [34;1mAddTraceEvent[0m -> [core] [Channel #4]Channel created
[34m2026-07-15 18:18:17.025 UTC 0013 INFO[0m [grpc] [34;1mAddTraceEvent[0m -> [core] [Channel #4]parsed dial target is: resolver.Target{URL:url.URL{Scheme:"passthrough", Opaque:"", User:(*url.Userinfo)(nil), Host:"", Path:"/peer0.nsw.retf.com:7051", Fragment:"", RawQuery:"", RawPath:"", RawFragment:"", ForceQuery:false, OmitHost:false}}
[34m2026-07-15 18:18:17.025 UTC 0014 INFO[0m [grpc] [34;1mAddTraceEvent[0m -> [core] [Channel #4]Channel authority set to "peer0.nsw.retf.com:7051"
[34m2026-07-15 18:18:17.026 UTC 0015 INFO[0m [grpc] [34;1mAddTraceEvent[0m -> [core] [Channel #4]Resolver state updated: {
  "Addresses": [
    {
      "Addr": "peer0.nsw.retf.com:7051",
      "ServerName": "",
      "Attributes": null,
      "BalancerAttributes": null,
      "Metadata": null
    }
  ],
  "Endpoints": [
    {
      "Addresses": [
        {
          "Addr": "peer0.nsw.retf.com:7051",
          "ServerName": "",
          "Attributes": null,
          "BalancerAttributes": null,
          "Metadata": null
        }
      ],
      "Attributes": null
    }
  ],
  "ServiceConfig": null,
  "Attributes": null
} (resolver returned new addresses)
[34m2026-07-15 18:18:17.026 UTC 0016 INFO[0m [grpc] [34;1mAddTraceEvent[0m -> [core] [Channel #4]Channel switches to new LB policy "pick_first"
[34m2026-07-15 18:18:17.026 UTC 0017 INFO[0m [grpc] [34;1mInfof[0m -> [pick-first-leaf-lb] [pick-first-leaf-lb 0x389a78a413b0] Received new config {
  "shuffleAddressList": false
}, resolver state {
  "Addresses": [
    {
      "Addr": "peer0.nsw.retf.com:7051",
      "ServerName": "",
      "Attributes": null,
      "BalancerAttributes": null,
      "Metadata": null
    }
  ],
  "Endpoints": [
    {
      "Addresses": [
        {
          "Addr": "peer0.nsw.retf.com:7051",
          "ServerName": "",
          "Attributes": null,
          "BalancerAttributes": null,
          "Metadata": null
        }
      ],
      "Attributes": null
    }
  ],
  "ServiceConfig": null,
  "Attributes": null
}
[34m2026-07-15 18:18:17.026 UTC 0018 INFO[0m [grpc] [34;1mAddTraceEvent[0m -> [core] [Channel #4]Channel Connectivity change to CONNECTING
[34m2026-07-15 18:18:17.026 UTC 0019 INFO[0m [grpc] [34;1mAddTraceEvent[0m -> [core] [Channel #4 SubChannel #5]Subchannel created
[34m2026-07-15 18:18:17.026 UTC 001a INFO[0m [grpc] [34;1mAddTraceEvent[0m -> [core] [Channel #4]Channel exiting idle mode
[34m2026-07-15 18:18:17.026 UTC 001b INFO[0m [grpc] [34;1mAddTraceEvent[0m -> [core] [Channel #4 SubChannel #5]Subchannel Connectivity change to CONNECTING
[34m2026-07-15 18:18:17.026 UTC 001c INFO[0m [grpc] [34;1mAddTraceEvent[0m -> [core] [Channel #4 SubChannel #5]Subchannel picks a new address "peer0.nsw.retf.com:7051" to connect
[34m2026-07-15 18:18:17.030 UTC 001d INFO[0m [grpc] [34;1mAddTraceEvent[0m -> [core] [Channel #4 SubChannel #5]Subchannel Connectivity change to READY
[34m2026-07-15 18:18:17.030 UTC 001e INFO[0m [grpc] [34;1mInfof[0m -> [pick-first-leaf-lb] [pick-first-leaf-lb 0x389a78a413b0] SubConn 0x389a78d182d0 reported connectivity state READY and the health listener is disabled. Transitioning SubConn to READY.
[34m2026-07-15 18:18:17.030 UTC 001f INFO[0m [grpc] [34;1mAddTraceEvent[0m -> [core] [Channel #4]Channel Connectivity change to READY
[34m2026-07-15 18:18:17.030 UTC 0020 INFO[0m [grpc] [34;1mInfof[0m -> [core] original dial target is: "peer0.qld.retf.com:7051"
[34m2026-07-15 18:18:17.030 UTC 0021 INFO[0m [grpc] [34;1mAddTraceEvent[0m -> [core] [Channel #7]Channel created
[34m2026-07-15 18:18:17.030 UTC 0022 INFO[0m [grpc] [34;1mAddTraceEvent[0m -> [core] [Channel #7]parsed dial target is: resolver.Target{URL:url.URL{Scheme:"passthrough", Opaque:"", User:(*url.Userinfo)(nil), Host:"", Path:"/peer0.qld.retf.com:7051", Fragment:"", RawQuery:"", RawPath:"", RawFragment:"", ForceQuery:false, OmitHost:false}}
[34m2026-07-15 18:18:17.030 UTC 0023 INFO[0m [grpc] [34;1mAddTraceEvent[0m -> [core] [Channel #7]Channel authority set to "peer0.qld.retf.com:7051"
[34m2026-07-15 18:18:17.030 UTC 0024 INFO[0m [grpc] [34;1mAddTraceEvent[0m -> [core] [Channel #7]Resolver state updated: {
  "Addresses": [
    {
      "Addr": "peer0.qld.retf.com:7051",
      "ServerName": "",
      "Attributes": null,
      "BalancerAttributes": null,
      "Metadata": null
    }
  ],
  "Endpoints": [
    {
      "Addresses": [
        {
          "Addr": "peer0.qld.retf.com:7051",
          "ServerName": "",
          "Attributes": null,
          "BalancerAttributes": null,
          "Metadata": null
        }
      ],
      "Attributes": null
    }
  ],
  "ServiceConfig": null,
  "Attributes": null
} (resolver returned new addresses)
[34m2026-07-15 18:18:17.031 UTC 0025 INFO[0m [grpc] [34;1mAddTraceEvent[0m -> [core] [Channel #7]Channel switches to new LB policy "pick_first"
[34m2026-07-15 18:18:17.031 UTC 0026 INFO[0m [grpc] [34;1mInfof[0m -> [pick-first-leaf-lb] [pick-first-leaf-lb 0x389a78b18bd0] Received new config {
  "shuffleAddressList": false
}, resolver state {
  "Addresses": [
    {
      "Addr": "peer0.qld.retf.com:7051",
      "ServerName": "",
      "Attributes": null,
      "BalancerAttributes": null,
      "Metadata": null
    }
  ],
  "Endpoints": [
    {
      "Addresses": [
        {
          "Addr": "peer0.qld.retf.com:7051",
          "ServerName": "",
          "Attributes": null,
          "BalancerAttributes": null,
          "Metadata": null
        }
      ],
      "Attributes": null
    }
  ],
  "ServiceConfig": null,
  "Attributes": null
}
[34m2026-07-15 18:18:17.031 UTC 0027 INFO[0m [grpc] [34;1mAddTraceEvent[0m -> [core] [Channel #7]Channel Connectivity change to CONNECTING
[34m2026-07-15 18:18:17.031 UTC 0028 INFO[0m [grpc] [34;1mAddTraceEvent[0m -> [core] [Channel #7 SubChannel #8]Subchannel created
[34m2026-07-15 18:18:17.031 UTC 0029 INFO[0m [grpc] [34;1mAddTraceEvent[0m -> [core] [Channel #7]Channel exiting idle mode
[34m2026-07-15 18:18:17.031 UTC 002a INFO[0m [grpc] [34;1mAddTraceEvent[0m -> [core] [Channel #7 SubChannel #8]Subchannel Connectivity change to CONNECTING
[34m2026-07-15 18:18:17.031 UTC 002b INFO[0m [grpc] [34;1mAddTraceEvent[0m -> [core] [Channel #7 SubChannel #8]Subchannel picks a new address "peer0.qld.retf.com:7051" to connect
[34m2026-07-15 18:18:17.033 UTC 002c INFO[0m [grpc] [34;1mAddTraceEvent[0m -> [core] [Channel #7 SubChannel #8]Subchannel Connectivity change to READY
[34m2026-07-15 18:18:17.033 UTC 002d INFO[0m [grpc] [34;1mInfof[0m -> [pick-first-leaf-lb] [pick-first-leaf-lb 0x389a78b18bd0] SubConn 0x389a78c4a410 reported connectivity state READY and the health listener is disabled. Transitioning SubConn to READY.
[34m2026-07-15 18:18:17.033 UTC 002e INFO[0m [grpc] [34;1mAddTraceEvent[0m -> [core] [Channel #7]Channel Connectivity change to READY
[34m2026-07-15 18:18:17.033 UTC 002f INFO[0m [grpc] [34;1mInfof[0m -> [core] original dial target is: "peer0.qld.retf.com:7051"
[34m2026-07-15 18:18:17.033 UTC 0030 INFO[0m [grpc] [34;1mAddTraceEvent[0m -> [core] [Channel #10]Channel created
[34m2026-07-15 18:18:17.033 UTC 0031 INFO[0m [grpc] [34;1mAddTraceEvent[0m -> [core] [Channel #10]parsed dial target is: resolver.Target{URL:url.URL{Scheme:"passthrough", Opaque:"", User:(*url.Userinfo)(nil), Host:"", Path:"/peer0.qld.retf.com:7051", Fragment:"", RawQuery:"", RawPath:"", RawFragment:"", ForceQuery:false, OmitHost:false}}
[34m2026-07-15 18:18:17.033 UTC 0032 INFO[0m [grpc] [34;1mAddTraceEvent[0m -> [core] [Channel #10]Channel authority set to "peer0.qld.retf.com:7051"
[34m2026-07-15 18:18:17.033 UTC 0033 INFO[0m [grpc] [34;1mAddTraceEvent[0m -> [core] [Channel #10]Resolver state updated: {
  "Addresses": [
    {
      "Addr": "peer0.qld.retf.com:7051",
      "ServerName": "",
      "Attributes": null,
      "BalancerAttributes": null,
      "Metadata": null
    }
  ],
  "Endpoints": [
    {
      "Addresses": [
        {
          "Addr": "peer0.qld.retf.com:7051",
          "ServerName": "",
          "Attributes": null,
          "BalancerAttributes": null,
          "Metadata": null
        }
      ],
      "Attributes": null
    }
  ],
  "ServiceConfig": null,
  "Attributes": null
} (resolver returned new addresses)
[34m2026-07-15 18:18:17.033 UTC 0034 INFO[0m [grpc] [34;1mAddTraceEvent[0m -> [core] [Channel #10]Channel switches to new LB policy "pick_first"
[34m2026-07-15 18:18:17.033 UTC 0035 INFO[0m [grpc] [34;1mInfof[0m -> [pick-first-leaf-lb] [pick-first-leaf-lb 0x389a78b18fc0] Received new config {
  "shuffleAddressList": false
}, resolver state {
  "Addresses": [
    {
      "Addr": "peer0.qld.retf.com:7051",
      "ServerName": "",
      "Attributes": null,
      "BalancerAttributes": null,
      "Metadata": null
    }
  ],
  "Endpoints": [
    {
      "Addresses": [
        {
          "Addr": "peer0.qld.retf.com:7051",
          "ServerName": "",
          "Attributes": null,
          "BalancerAttributes": null,
          "Metadata": null
        }
      ],
      "Attributes": null
    }
  ],
  "ServiceConfig": null,
  "Attributes": null
}
[34m2026-07-15 18:18:17.033 UTC 0036 INFO[0m [grpc] [34;1mAddTraceEvent[0m -> [core] [Channel #10]Channel Connectivity change to CONNECTING
[34m2026-07-15 18:18:17.033 UTC 0037 INFO[0m [grpc] [34;1mAddTraceEvent[0m -> [core] [Channel #10 SubChannel #11]Subchannel created
[34m2026-07-15 18:18:17.034 UTC 0038 INFO[0m [grpc] [34;1mAddTraceEvent[0m -> [core] [Channel #10]Channel exiting idle mode
[34m2026-07-15 18:18:17.034 UTC 0039 INFO[0m [grpc] [34;1mAddTraceEvent[0m -> [core] [Channel #10 SubChannel #11]Subchannel Connectivity change to CONNECTING
[34m2026-07-15 18:18:17.034 UTC 003a INFO[0m [grpc] [34;1mAddTraceEvent[0m -> [core] [Channel #10 SubChannel #11]Subchannel picks a new address "peer0.qld.retf.com:7051" to connect
[34m2026-07-15 18:18:17.036 UTC 003b INFO[0m [grpc] [34;1mAddTraceEvent[0m -> [core] [Channel #10 SubChannel #11]Subchannel Connectivity change to READY
[34m2026-07-15 18:18:17.036 UTC 003c INFO[0m [grpc] [34;1mInfof[0m -> [pick-first-leaf-lb] [pick-first-leaf-lb 0x389a78b18fc0] SubConn 0x389a78c4a870 reported connectivity state READY and the health listener is disabled. Transitioning SubConn to READY.
[34m2026-07-15 18:18:17.036 UTC 003d INFO[0m [grpc] [34;1mAddTraceEvent[0m -> [core] [Channel #10]Channel Connectivity change to READY
[34m2026-07-15 18:18:17.036 UTC 003e INFO[0m [grpc] [34;1mInfof[0m -> [core] original dial target is: "peer0.sa.retf.com:7051"
[34m2026-07-15 18:18:17.036 UTC 003f INFO[0m [grpc] [34;1mAddTraceEvent[0m -> [core] [Channel #13]Channel created
[34m2026-07-15 18:18:17.037 UTC 0040 INFO[0m [grpc] [34;1mAddTraceEvent[0m -> [core] [Channel #13]parsed dial target is: resolver.Target{URL:url.URL{Scheme:"passthrough", Opaque:"", User:(*url.Userinfo)(nil), Host:"", Path:"/peer0.sa.retf.com:7051", Fragment:"", RawQuery:"", RawPath:"", RawFragment:"", ForceQuery:false, OmitHost:false}}
[34m2026-07-15 18:18:17.037 UTC 0041 INFO[0m [grpc] [34;1mAddTraceEvent[0m -> [core] [Channel #13]Channel authority set to "peer0.sa.retf.com:7051"
[34m2026-07-15 18:18:17.037 UTC 0042 INFO[0m [grpc] [34;1mAddTraceEvent[0m -> [core] [Channel #13]Resolver state updated: {
  "Addresses": [
    {
      "Addr": "peer0.sa.retf.com:7051",
      "ServerName": "",
      "Attributes": null,
      "BalancerAttributes": null,
      "Metadata": null
    }
  ],
  "Endpoints": [
    {
      "Addresses": [
        {
          "Addr": "peer0.sa.retf.com:7051",
          "ServerName": "",
          "Attributes": null,
          "BalancerAttributes": null,
          "Metadata": null
        }
      ],
      "Attributes": null
    }
  ],
  "ServiceConfig": null,
  "Attributes": null
} (resolver returned new addresses)
[34m2026-07-15 18:18:17.037 UTC 0043 INFO[0m [grpc] [34;1mAddTraceEvent[0m -> [core] [Channel #13]Channel switches to new LB policy "pick_first"
[34m2026-07-15 18:18:17.037 UTC 0044 INFO[0m [grpc] [34;1mInfof[0m -> [pick-first-leaf-lb] [pick-first-leaf-lb 0x389a78949dd0] Received new config {
  "shuffleAddressList": false
}, resolver state {
  "Addresses": [
    {
      "Addr": "peer0.sa.retf.com:7051",
      "ServerName": "",
      "Attributes": null,
      "BalancerAttributes": null,
      "Metadata": null
    }
  ],
  "Endpoints": [
    {
      "Addresses": [
        {
          "Addr": "peer0.sa.retf.com:7051",
          "ServerName": "",
          "Attributes": null,
          "BalancerAttributes": null,
          "Metadata": null
        }
      ],
      "Attributes": null
    }
  ],
  "ServiceConfig": null,
  "Attributes": null
}
[34m2026-07-15 18:18:17.037 UTC 0045 INFO[0m [grpc] [34;1mAddTraceEvent[0m -> [core] [Channel #13]Channel Connectivity change to CONNECTING
[34m2026-07-15 18:18:17.037 UTC 0046 INFO[0m [grpc] [34;1mAddTraceEvent[0m -> [core] [Channel #13 SubChannel #14]Subchannel created
[34m2026-07-15 18:18:17.037 UTC 0047 INFO[0m [grpc] [34;1mAddTraceEvent[0m -> [core] [Channel #13]Channel exiting idle mode
[34m2026-07-15 18:18:17.037 UTC 0048 INFO[0m [grpc] [34;1mAddTraceEvent[0m -> [core] [Channel #13 SubChannel #14]Subchannel Connectivity change to CONNECTING
[34m2026-07-15 18:18:17.037 UTC 0049 INFO[0m [grpc] [34;1mAddTraceEvent[0m -> [core] [Channel #13 SubChannel #14]Subchannel picks a new address "peer0.sa.retf.com:7051" to connect
[34m2026-07-15 18:18:17.039 UTC 004a INFO[0m [grpc] [34;1mAddTraceEvent[0m -> [core] [Channel #13 SubChannel #14]Subchannel Connectivity change to READY
[34m2026-07-15 18:18:17.039 UTC 004b INFO[0m [grpc] [34;1mInfof[0m -> [pick-first-leaf-lb] [pick-first-leaf-lb 0x389a78949dd0] SubConn 0x389a78b9e500 reported connectivity state READY and the health listener is disabled. Transitioning SubConn to READY.
[34m2026-07-15 18:18:17.039 UTC 004c INFO[0m [grpc] [34;1mAddTraceEvent[0m -> [core] [Channel #13]Channel Connectivity change to READY
[34m2026-07-15 18:18:17.039 UTC 004d INFO[0m [grpc] [34;1mInfof[0m -> [core] original dial target is: "peer0.sa.retf.com:7051"
[34m2026-07-15 18:18:17.039 UTC 004e INFO[0m [grpc] [34;1mAddTraceEvent[0m -> [core] [Channel #16]Channel created
[34m2026-07-15 18:18:17.039 UTC 004f INFO[0m [grpc] [34;1mAddTraceEvent[0m -> [core] [Channel #16]parsed dial target is: resolver.Target{URL:url.URL{Scheme:"passthrough", Opaque:"", User:(*url.Userinfo)(nil), Host:"", Path:"/peer0.sa.retf.com:7051", Fragment:"", RawQuery:"", RawPath:"", RawFragment:"", ForceQuery:false, OmitHost:false}}
[34m2026-07-15 18:18:17.039 UTC 0050 INFO[0m [grpc] [34;1mAddTraceEvent[0m -> [core] [Channel #16]Channel authority set to "peer0.sa.retf.com:7051"
[34m2026-07-15 18:18:17.039 UTC 0051 INFO[0m [grpc] [34;1mAddTraceEvent[0m -> [core] [Channel #16]Resolver state updated: {
  "Addresses": [
    {
      "Addr": "peer0.sa.retf.com:7051",
      "ServerName": "",
      "Attributes": null,
      "BalancerAttributes": null,
      "Metadata": null
    }
  ],
  "Endpoints": [
    {
      "Addresses": [
        {
          "Addr": "peer0.sa.retf.com:7051",
          "ServerName": "",
          "Attributes": null,
          "BalancerAttributes": null,
          "Metadata": null
        }
      ],
      "Attributes": null
    }
  ],
  "ServiceConfig": null,
  "Attributes": null
} (resolver returned new addresses)
[34m2026-07-15 18:18:17.040 UTC 0052 INFO[0m [grpc] [34;1mAddTraceEvent[0m -> [core] [Channel #16]Channel switches to new LB policy "pick_first"
[34m2026-07-15 18:18:17.040 UTC 0053 INFO[0m [grpc] [34;1mInfof[0m -> [pick-first-leaf-lb] [pick-first-leaf-lb 0x389a7887a120] Received new config {
  "shuffleAddressList": false
}, resolver state {
  "Addresses": [
    {
      "Addr": "peer0.sa.retf.com:7051",
      "ServerName": "",
      "Attributes": null,
      "BalancerAttributes": null,
      "Metadata": null
    }
  ],
  "Endpoints": [
    {
      "Addresses": [
        {
          "Addr": "peer0.sa.retf.com:7051",
          "ServerName": "",
          "Attributes": null,
          "BalancerAttributes": null,
          "Metadata": null
        }
      ],
      "Attributes": null
    }
  ],
  "ServiceConfig": null,
  "Attributes": null
}
[34m2026-07-15 18:18:17.040 UTC 0054 INFO[0m [grpc] [34;1mAddTraceEvent[0m -> [core] [Channel #16]Channel Connectivity change to CONNECTING
[34m2026-07-15 18:18:17.040 UTC 0055 INFO[0m [grpc] [34;1mAddTraceEvent[0m -> [core] [Channel #16 SubChannel #17]Subchannel created
[34m2026-07-15 18:18:17.040 UTC 0056 INFO[0m [grpc] [34;1mAddTraceEvent[0m -> [core] [Channel #16]Channel exiting idle mode
[34m2026-07-15 18:18:17.040 UTC 0057 INFO[0m [grpc] [34;1mAddTraceEvent[0m -> [core] [Channel #16 SubChannel #17]Subchannel Connectivity change to CONNECTING
[34m2026-07-15 18:18:17.040 UTC 0058 INFO[0m [grpc] [34;1mAddTraceEvent[0m -> [core] [Channel #16 SubChannel #17]Subchannel picks a new address "peer0.sa.retf.com:7051" to connect
[34m2026-07-15 18:18:17.042 UTC 0059 INFO[0m [grpc] [34;1mAddTraceEvent[0m -> [core] [Channel #16 SubChannel #17]Subchannel Connectivity change to READY
[34m2026-07-15 18:18:17.042 UTC 005a INFO[0m [grpc] [34;1mInfof[0m -> [pick-first-leaf-lb] [pick-first-leaf-lb 0x389a7887a120] SubConn 0x389a78b9ed70 reported connectivity state READY and the health listener is disabled. Transitioning SubConn to READY.
[34m2026-07-15 18:18:17.042 UTC 005b INFO[0m [grpc] [34;1mAddTraceEvent[0m -> [core] [Channel #16]Channel Connectivity change to READY
[33m2026-07-15 18:18:17.042 UTC 005c WARN[0m [grpc] [33;1mWarningf[0m -> [core] Adjusting keepalive ping interval to minimum period of 10s
[34m2026-07-15 18:18:17.042 UTC 005d INFO[0m [grpc] [34;1mInfof[0m -> [core] original dial target is: "orderer.orderer.retf.com:7050"
[34m2026-07-15 18:18:17.042 UTC 005e INFO[0m [grpc] [34;1mAddTraceEvent[0m -> [core] [Channel #19]Channel created
[34m2026-07-15 18:18:17.042 UTC 005f INFO[0m [grpc] [34;1mAddTraceEvent[0m -> [core] [Channel #19]parsed dial target is: resolver.Target{URL:url.URL{Scheme:"passthrough", Opaque:"", User:(*url.Userinfo)(nil), Host:"", Path:"/orderer.orderer.retf.com:7050", Fragment:"", RawQuery:"", RawPath:"", RawFragment:"", ForceQuery:false, OmitHost:false}}
[34m2026-07-15 18:18:17.042 UTC 0060 INFO[0m [grpc] [34;1mAddTraceEvent[0m -> [core] [Channel #19]Channel authority set to "orderer.orderer.retf.com"
[34m2026-07-15 18:18:17.042 UTC 0061 INFO[0m [grpc] [34;1mAddTraceEvent[0m -> [core] [Channel #19]Resolver state updated: {
  "Addresses": [
    {
      "Addr": "orderer.orderer.retf.com:7050",
      "ServerName": "",
      "Attributes": null,
      "BalancerAttributes": null,
      "Metadata": null
    }
  ],
  "Endpoints": [
    {
      "Addresses": [
        {
          "Addr": "orderer.orderer.retf.com:7050",
          "ServerName": "",
          "Attributes": null,
          "BalancerAttributes": null,
          "Metadata": null
        }
      ],
      "Attributes": null
    }
  ],
  "ServiceConfig": null,
  "Attributes": null
} (resolver returned new addresses)
[34m2026-07-15 18:18:17.042 UTC 0062 INFO[0m [grpc] [34;1mAddTraceEvent[0m -> [core] [Channel #19]Channel switches to new LB policy "pick_first"
[34m2026-07-15 18:18:17.042 UTC 0063 INFO[0m [grpc] [34;1mInfof[0m -> [pick-first-leaf-lb] [pick-first-leaf-lb 0x389a78bec2d0] Received new config {
  "shuffleAddressList": false
}, resolver state {
  "Addresses": [
    {
      "Addr": "orderer.orderer.retf.com:7050",
      "ServerName": "",
      "Attributes": null,
      "BalancerAttributes": null,
      "Metadata": null
    }
  ],
  "Endpoints": [
    {
      "Addresses": [
        {
          "Addr": "orderer.orderer.retf.com:7050",
          "ServerName": "",
          "Attributes": null,
          "BalancerAttributes": null,
          "Metadata": null
        }
      ],
      "Attributes": null
    }
  ],
  "ServiceConfig": null,
  "Attributes": null
}
[34m2026-07-15 18:18:17.042 UTC 0064 INFO[0m [grpc] [34;1mAddTraceEvent[0m -> [core] [Channel #19]Channel Connectivity change to CONNECTING
[34m2026-07-15 18:18:17.042 UTC 0065 INFO[0m [grpc] [34;1mAddTraceEvent[0m -> [core] [Channel #19 SubChannel #20]Subchannel created
[34m2026-07-15 18:18:17.042 UTC 0066 INFO[0m [grpc] [34;1mAddTraceEvent[0m -> [core] [Channel #19]Channel exiting idle mode
[34m2026-07-15 18:18:17.042 UTC 0067 INFO[0m [grpc] [34;1mAddTraceEvent[0m -> [core] [Channel #19 SubChannel #20]Subchannel Connectivity change to CONNECTING
[34m2026-07-15 18:18:17.042 UTC 0068 INFO[0m [grpc] [34;1mAddTraceEvent[0m -> [core] [Channel #19 SubChannel #20]Subchannel picks a new address "orderer.orderer.retf.com:7050" to connect
[34m2026-07-15 18:18:17.045 UTC 0069 INFO[0m [grpc] [34;1mAddTraceEvent[0m -> [core] [Channel #19 SubChannel #20]Subchannel Connectivity change to READY
[34m2026-07-15 18:18:17.045 UTC 006a INFO[0m [grpc] [34;1mInfof[0m -> [pick-first-leaf-lb] [pick-first-leaf-lb 0x389a78bec2d0] SubConn 0x389a78af69b0 reported connectivity state READY and the health listener is disabled. Transitioning SubConn to READY.
[34m2026-07-15 18:18:17.045 UTC 006b INFO[0m [grpc] [34;1mAddTraceEvent[0m -> [core] [Channel #19]Channel Connectivity change to READY
[34m2026-07-15 18:18:19.112 UTC 006c INFO[0m [chaincodeCmd] [34;1mClientWait[0m -> txid [baf0dcdfda02651500528937550bfcf9cd044baa4915098042fc992d72b24359] committed with status (VALID) at peer0.sa.retf.com:7051
[34m2026-07-15 18:18:19.115 UTC 006d INFO[0m [chaincodeCmd] [34;1mClientWait[0m -> txid [baf0dcdfda02651500528937550bfcf9cd044baa4915098042fc992d72b24359] committed with status (VALID) at peer0.nsw.retf.com:7051
[34m2026-07-15 18:18:19.117 UTC 006e INFO[0m [chaincodeCmd] [34;1mClientWait[0m -> txid [baf0dcdfda02651500528937550bfcf9cd044baa4915098042fc992d72b24359] committed with status (VALID) at peer0.qld.retf.com:7051
[34m2026-07-15 18:18:19.117 UTC 006f INFO[0m [chaincodeCmd] [34;1mchaincodeInvokeOrQuery[0m -> Chaincode invoke successful. result: status:200 payload:"s2.2.2/task-policy/task-a"
[34m2026-07-15 18:18:20.530 UTC 0001 INFO[0m [chaincodeCmd] [34;1mInitCmdFactory[0m -> InitCmdFactory: Entry: invoke, true, true
[34m2026-07-15 18:18:20.530 UTC 0002 INFO[0m [grpc] [34;1mInfof[0m -> [core] original dial target is: "peer0.nsw.retf.com:7051"
[34m2026-07-15 18:18:20.530 UTC 0003 INFO[0m [grpc] [34;1mAddTraceEvent[0m -> [core] [Channel #1]Channel created
[34m2026-07-15 18:18:20.530 UTC 0004 INFO[0m [grpc] [34;1mAddTraceEvent[0m -> [core] [Channel #1]parsed dial target is: resolver.Target{URL:url.URL{Scheme:"passthrough", Opaque:"", User:(*url.Userinfo)(nil), Host:"", Path:"/peer0.nsw.retf.com:7051", Fragment:"", RawQuery:"", RawPath:"", RawFragment:"", ForceQuery:false, OmitHost:false}}
[34m2026-07-15 18:18:20.530 UTC 0005 INFO[0m [grpc] [34;1mAddTraceEvent[0m -> [core] [Channel #1]Channel authority set to "peer0.nsw.retf.com:7051"
[34m2026-07-15 18:18:20.530 UTC 0006 INFO[0m [grpc] [34;1mAddTraceEvent[0m -> [core] [Channel #1]Resolver state updated: {
  "Addresses": [
    {
      "Addr": "peer0.nsw.retf.com:7051",
      "ServerName": "",
      "Attributes": null,
      "BalancerAttributes": null,
      "Metadata": null
    }
  ],
  "Endpoints": [
    {
      "Addresses": [
        {
          "Addr": "peer0.nsw.retf.com:7051",
          "ServerName": "",
          "Attributes": null,
          "BalancerAttributes": null,
          "Metadata": null
        }
      ],
      "Attributes": null
    }
  ],
  "ServiceConfig": null,
  "Attributes": null
} (resolver returned new addresses)
[34m2026-07-15 18:18:20.530 UTC 0007 INFO[0m [grpc] [34;1mAddTraceEvent[0m -> [core] [Channel #1]Channel switches to new LB policy "pick_first"
[34m2026-07-15 18:18:20.531 UTC 0008 INFO[0m [grpc] [34;1mInfof[0m -> [pick-first-leaf-lb] [pick-first-leaf-lb 0x1656aceb2630] Received new config {
  "shuffleAddressList": false
}, resolver state {
  "Addresses": [
    {
      "Addr": "peer0.nsw.retf.com:7051",
      "ServerName": "",
      "Attributes": null,
      "BalancerAttributes": null,
      "Metadata": null
    }
  ],
  "Endpoints": [
    {
      "Addresses": [
        {
          "Addr": "peer0.nsw.retf.com:7051",
          "ServerName": "",
          "Attributes": null,
          "BalancerAttributes": null,
          "Metadata": null
        }
      ],
      "Attributes": null
    }
  ],
  "ServiceConfig": null,
  "Attributes": null
}
[34m2026-07-15 18:18:20.531 UTC 0009 INFO[0m [grpc] [34;1mAddTraceEvent[0m -> [core] [Channel #1]Channel Connectivity change to CONNECTING
[34m2026-07-15 18:18:20.531 UTC 000a INFO[0m [grpc] [34;1mAddTraceEvent[0m -> [core] [Channel #1 SubChannel #2]Subchannel created
[34m2026-07-15 18:18:20.531 UTC 000b INFO[0m [grpc] [34;1mAddTraceEvent[0m -> [core] [Channel #1]Channel exiting idle mode
[34m2026-07-15 18:18:20.531 UTC 000c INFO[0m [grpc] [34;1mAddTraceEvent[0m -> [core] [Channel #1 SubChannel #2]Subchannel Connectivity change to CONNECTING
[34m2026-07-15 18:18:20.531 UTC 000d INFO[0m [grpc] [34;1mAddTraceEvent[0m -> [core] [Channel #1 SubChannel #2]Subchannel picks a new address "peer0.nsw.retf.com:7051" to connect
[34m2026-07-15 18:18:20.533 UTC 000e INFO[0m [grpc] [34;1mAddTraceEvent[0m -> [core] [Channel #1 SubChannel #2]Subchannel Connectivity change to READY
[34m2026-07-15 18:18:20.533 UTC 000f INFO[0m [grpc] [34;1mInfof[0m -> [pick-first-leaf-lb] [pick-first-leaf-lb 0x1656aceb2630] SubConn 0x1656acc86e10 reported connectivity state READY and the health listener is disabled. Transitioning SubConn to READY.
[34m2026-07-15 18:18:20.533 UTC 0010 INFO[0m [grpc] [34;1mAddTraceEvent[0m -> [core] [Channel #1]Channel Connectivity change to READY
[34m2026-07-15 18:18:20.533 UTC 0011 INFO[0m [grpc] [34;1mInfof[0m -> [core] original dial target is: "peer0.nsw.retf.com:7051"
[34m2026-07-15 18:18:20.533 UTC 0012 INFO[0m [grpc] [34;1mAddTraceEvent[0m -> [core] [Channel #4]Channel created
[34m2026-07-15 18:18:20.533 UTC 0013 INFO[0m [grpc] [34;1mAddTraceEvent[0m -> [core] [Channel #4]parsed dial target is: resolver.Target{URL:url.URL{Scheme:"passthrough", Opaque:"", User:(*url.Userinfo)(nil), Host:"", Path:"/peer0.nsw.retf.com:7051", Fragment:"", RawQuery:"", RawPath:"", RawFragment:"", ForceQuery:false, OmitHost:false}}
[34m2026-07-15 18:18:20.533 UTC 0014 INFO[0m [grpc] [34;1mAddTraceEvent[0m -> [core] [Channel #4]Channel authority set to "peer0.nsw.retf.com:7051"
[34m2026-07-15 18:18:20.533 UTC 0015 INFO[0m [grpc] [34;1mAddTraceEvent[0m -> [core] [Channel #4]Resolver state updated: {
  "Addresses": [
    {
      "Addr": "peer0.nsw.retf.com:7051",
      "ServerName": "",
      "Attributes": null,
      "BalancerAttributes": null,
      "Metadata": null
    }
  ],
  "Endpoints": [
    {
      "Addresses": [
        {
          "Addr": "peer0.nsw.retf.com:7051",
          "ServerName": "",
          "Attributes": null,
          "BalancerAttributes": null,
          "Metadata": null
        }
      ],
      "Attributes": null
    }
  ],
  "ServiceConfig": null,
  "Attributes": null
} (resolver returned new addresses)
[34m2026-07-15 18:18:20.533 UTC 0016 INFO[0m [grpc] [34;1mAddTraceEvent[0m -> [core] [Channel #4]Channel switches to new LB policy "pick_first"
[34m2026-07-15 18:18:20.533 UTC 0017 INFO[0m [grpc] [34;1mInfof[0m -> [pick-first-leaf-lb] [pick-first-leaf-lb 0x1656acb12510] Received new config {
  "shuffleAddressList": false
}, resolver state {
  "Addresses": [
    {
      "Addr": "peer0.nsw.retf.com:7051",
      "ServerName": "",
      "Attributes": null,
      "BalancerAttributes": null,
      "Metadata": null
    }
  ],
  "Endpoints": [
    {
      "Addresses": [
        {
          "Addr": "peer0.nsw.retf.com:7051",
          "ServerName": "",
          "Attributes": null,
          "BalancerAttributes": null,
          "Metadata": null
        }
      ],
      "Attributes": null
    }
  ],
  "ServiceConfig": null,
  "Attributes": null
}
[34m2026-07-15 18:18:20.533 UTC 0018 INFO[0m [grpc] [34;1mAddTraceEvent[0m -> [core] [Channel #4]Channel Connectivity change to CONNECTING
[34m2026-07-15 18:18:20.533 UTC 0019 INFO[0m [grpc] [34;1mAddTraceEvent[0m -> [core] [Channel #4 SubChannel #5]Subchannel created
[34m2026-07-15 18:18:20.533 UTC 001a INFO[0m [grpc] [34;1mAddTraceEvent[0m -> [core] [Channel #4]Channel exiting idle mode
[34m2026-07-15 18:18:20.533 UTC 001b INFO[0m [grpc] [34;1mAddTraceEvent[0m -> [core] [Channel #4 SubChannel #5]Subchannel Connectivity change to CONNECTING
[34m2026-07-15 18:18:20.533 UTC 001c INFO[0m [grpc] [34;1mAddTraceEvent[0m -> [core] [Channel #4 SubChannel #5]Subchannel picks a new address "peer0.nsw.retf.com:7051" to connect
[34m2026-07-15 18:18:20.537 UTC 001d INFO[0m [grpc] [34;1mAddTraceEvent[0m -> [core] [Channel #4 SubChannel #5]Subchannel Connectivity change to READY
[34m2026-07-15 18:18:20.537 UTC 001e INFO[0m [grpc] [34;1mInfof[0m -> [pick-first-leaf-lb] [pick-first-leaf-lb 0x1656acb12510] SubConn 0x1656acad5360 reported connectivity state READY and the health listener is disabled. Transitioning SubConn to READY.
[34m2026-07-15 18:18:20.537 UTC 001f INFO[0m [grpc] [34;1mAddTraceEvent[0m -> [core] [Channel #4]Channel Connectivity change to READY
[34m2026-07-15 18:18:20.537 UTC 0020 INFO[0m [grpc] [34;1mInfof[0m -> [core] original dial target is: "peer0.qld.retf.com:7051"
[34m2026-07-15 18:18:20.537 UTC 0021 INFO[0m [grpc] [34;1mAddTraceEvent[0m -> [core] [Channel #7]Channel created
[34m2026-07-15 18:18:20.537 UTC 0022 INFO[0m [grpc] [34;1mAddTraceEvent[0m -> [core] [Channel #7]parsed dial target is: resolver.Target{URL:url.URL{Scheme:"passthrough", Opaque:"", User:(*url.Userinfo)(nil), Host:"", Path:"/peer0.qld.retf.com:7051", Fragment:"", RawQuery:"", RawPath:"", RawFragment:"", ForceQuery:false, OmitHost:false}}
[34m2026-07-15 18:18:20.537 UTC 0023 INFO[0m [grpc] [34;1mAddTraceEvent[0m -> [core] [Channel #7]Channel authority set to "peer0.qld.retf.com:7051"
[34m2026-07-15 18:18:20.537 UTC 0024 INFO[0m [grpc] [34;1mAddTraceEvent[0m -> [core] [Channel #7]Resolver state updated: {
  "Addresses": [
    {
      "Addr": "peer0.qld.retf.com:7051",
      "ServerName": "",
      "Attributes": null,
      "BalancerAttributes": null,
      "Metadata": null
    }
  ],
  "Endpoints": [
    {
      "Addresses": [
        {
          "Addr": "peer0.qld.retf.com:7051",
          "ServerName": "",
          "Attributes": null,
          "BalancerAttributes": null,
          "Metadata": null
        }
      ],
      "Attributes": null
    }
  ],
  "ServiceConfig": null,
  "Attributes": null
} (resolver returned new addresses)
[34m2026-07-15 18:18:20.537 UTC 0025 INFO[0m [grpc] [34;1mAddTraceEvent[0m -> [core] [Channel #7]Channel switches to new LB policy "pick_first"
[34m2026-07-15 18:18:20.537 UTC 0026 INFO[0m [grpc] [34;1mInfof[0m -> [pick-first-leaf-lb] [pick-first-leaf-lb 0x1656aceb27e0] Received new config {
  "shuffleAddressList": false
}, resolver state {
  "Addresses": [
    {
      "Addr": "peer0.qld.retf.com:7051",
      "ServerName": "",
      "Attributes": null,
      "BalancerAttributes": null,
      "Metadata": null
    }
  ],
  "Endpoints": [
    {
      "Addresses": [
        {
          "Addr": "peer0.qld.retf.com:7051",
          "ServerName": "",
          "Attributes": null,
          "BalancerAttributes": null,
          "Metadata": null
        }
      ],
      "Attributes": null
    }
  ],
  "ServiceConfig": null,
  "Attributes": null
}
[34m2026-07-15 18:18:20.537 UTC 0027 INFO[0m [grpc] [34;1mAddTraceEvent[0m -> [core] [Channel #7]Channel Connectivity change to CONNECTING
[34m2026-07-15 18:18:20.537 UTC 0028 INFO[0m [grpc] [34;1mAddTraceEvent[0m -> [core] [Channel #7 SubChannel #8]Subchannel created
[34m2026-07-15 18:18:20.537 UTC 0029 INFO[0m [grpc] [34;1mAddTraceEvent[0m -> [core] [Channel #7]Channel exiting idle mode
[34m2026-07-15 18:18:20.537 UTC 002a INFO[0m [grpc] [34;1mAddTraceEvent[0m -> [core] [Channel #7 SubChannel #8]Subchannel Connectivity change to CONNECTING
[34m2026-07-15 18:18:20.538 UTC 002b INFO[0m [grpc] [34;1mAddTraceEvent[0m -> [core] [Channel #7 SubChannel #8]Subchannel picks a new address "peer0.qld.retf.com:7051" to connect
[34m2026-07-15 18:18:20.539 UTC 002c INFO[0m [grpc] [34;1mAddTraceEvent[0m -> [core] [Channel #7 SubChannel #8]Subchannel Connectivity change to READY
[34m2026-07-15 18:18:20.539 UTC 002d INFO[0m [grpc] [34;1mInfof[0m -> [pick-first-leaf-lb] [pick-first-leaf-lb 0x1656aceb27e0] SubConn 0x1656acc9cb90 reported connectivity state READY and the health listener is disabled. Transitioning SubConn to READY.
[34m2026-07-15 18:18:20.539 UTC 002e INFO[0m [grpc] [34;1mAddTraceEvent[0m -> [core] [Channel #7]Channel Connectivity change to READY
[34m2026-07-15 18:18:20.540 UTC 002f INFO[0m [grpc] [34;1mInfof[0m -> [core] original dial target is: "peer0.qld.retf.com:7051"
[34m2026-07-15 18:18:20.540 UTC 0030 INFO[0m [grpc] [34;1mAddTraceEvent[0m -> [core] [Channel #10]Channel created
[34m2026-07-15 18:18:20.540 UTC 0031 INFO[0m [grpc] [34;1mAddTraceEvent[0m -> [core] [Channel #10]parsed dial target is: resolver.Target{URL:url.URL{Scheme:"passthrough", Opaque:"", User:(*url.Userinfo)(nil), Host:"", Path:"/peer0.qld.retf.com:7051", Fragment:"", RawQuery:"", RawPath:"", RawFragment:"", ForceQuery:false, OmitHost:false}}
[34m2026-07-15 18:18:20.540 UTC 0032 INFO[0m [grpc] [34;1mAddTraceEvent[0m -> [core] [Channel #10]Channel authority set to "peer0.qld.retf.com:7051"
[34m2026-07-15 18:18:20.540 UTC 0033 INFO[0m [grpc] [34;1mAddTraceEvent[0m -> [core] [Channel #10]Resolver state updated: {
  "Addresses": [
    {
      "Addr": "peer0.qld.retf.com:7051",
      "ServerName": "",
      "Attributes": null,
      "BalancerAttributes": null,
      "Metadata": null
    }
  ],
  "Endpoints": [
    {
      "Addresses": [
        {
          "Addr": "peer0.qld.retf.com:7051",
          "ServerName": "",
          "Attributes": null,
          "BalancerAttributes": null,
          "Metadata": null
        }
      ],
      "Attributes": null
    }
  ],
  "ServiceConfig": null,
  "Attributes": null
} (resolver returned new addresses)
[34m2026-07-15 18:18:20.540 UTC 0034 INFO[0m [grpc] [34;1mAddTraceEvent[0m -> [core] [Channel #10]Channel switches to new LB policy "pick_first"
[34m2026-07-15 18:18:20.540 UTC 0035 INFO[0m [grpc] [34;1mInfof[0m -> [pick-first-leaf-lb] [pick-first-leaf-lb 0x1656aceb2bd0] Received new config {
  "shuffleAddressList": false
}, resolver state {
  "Addresses": [
    {
      "Addr": "peer0.qld.retf.com:7051",
      "ServerName": "",
      "Attributes": null,
      "BalancerAttributes": null,
      "Metadata": null
    }
  ],
  "Endpoints": [
    {
      "Addresses": [
        {
          "Addr": "peer0.qld.retf.com:7051",
          "ServerName": "",
          "Attributes": null,
          "BalancerAttributes": null,
          "Metadata": null
        }
      ],
      "Attributes": null
    }
  ],
  "ServiceConfig": null,
  "Attributes": null
}
[34m2026-07-15 18:18:20.540 UTC 0036 INFO[0m [grpc] [34;1mAddTraceEvent[0m -> [core] [Channel #10]Channel Connectivity change to CONNECTING
[34m2026-07-15 18:18:20.540 UTC 0037 INFO[0m [grpc] [34;1mAddTraceEvent[0m -> [core] [Channel #10 SubChannel #11]Subchannel created
[34m2026-07-15 18:18:20.540 UTC 0038 INFO[0m [grpc] [34;1mAddTraceEvent[0m -> [core] [Channel #10]Channel exiting idle mode
[34m2026-07-15 18:18:20.540 UTC 0039 INFO[0m [grpc] [34;1mAddTraceEvent[0m -> [core] [Channel #10 SubChannel #11]Subchannel Connectivity change to CONNECTING
[34m2026-07-15 18:18:20.540 UTC 003a INFO[0m [grpc] [34;1mAddTraceEvent[0m -> [core] [Channel #10 SubChannel #11]Subchannel picks a new address "peer0.qld.retf.com:7051" to connect
[34m2026-07-15 18:18:20.542 UTC 003b INFO[0m [grpc] [34;1mAddTraceEvent[0m -> [core] [Channel #10 SubChannel #11]Subchannel Connectivity change to READY
[34m2026-07-15 18:18:20.542 UTC 003c INFO[0m [grpc] [34;1mInfof[0m -> [pick-first-leaf-lb] [pick-first-leaf-lb 0x1656aceb2bd0] SubConn 0x1656ad022280 reported connectivity state READY and the health listener is disabled. Transitioning SubConn to READY.
[34m2026-07-15 18:18:20.542 UTC 003d INFO[0m [grpc] [34;1mAddTraceEvent[0m -> [core] [Channel #10]Channel Connectivity change to READY
[34m2026-07-15 18:18:20.542 UTC 003e INFO[0m [grpc] [34;1mInfof[0m -> [core] original dial target is: "peer0.sa.retf.com:7051"
[34m2026-07-15 18:18:20.542 UTC 003f INFO[0m [grpc] [34;1mAddTraceEvent[0m -> [core] [Channel #13]Channel created
[34m2026-07-15 18:18:20.542 UTC 0040 INFO[0m [grpc] [34;1mAddTraceEvent[0m -> [core] [Channel #13]parsed dial target is: resolver.Target{URL:url.URL{Scheme:"passthrough", Opaque:"", User:(*url.Userinfo)(nil), Host:"", Path:"/peer0.sa.retf.com:7051", Fragment:"", RawQuery:"", RawPath:"", RawFragment:"", ForceQuery:false, OmitHost:false}}
[34m2026-07-15 18:18:20.542 UTC 0041 INFO[0m [grpc] [34;1mAddTraceEvent[0m -> [core] [Channel #13]Channel authority set to "peer0.sa.retf.com:7051"
[34m2026-07-15 18:18:20.542 UTC 0042 INFO[0m [grpc] [34;1mAddTraceEvent[0m -> [core] [Channel #13]Resolver state updated: {
  "Addresses": [
    {
      "Addr": "peer0.sa.retf.com:7051",
      "ServerName": "",
      "Attributes": null,
      "BalancerAttributes": null,
      "Metadata": null
    }
  ],
  "Endpoints": [
    {
      "Addresses": [
        {
          "Addr": "peer0.sa.retf.com:7051",
          "ServerName": "",
          "Attributes": null,
          "BalancerAttributes": null,
          "Metadata": null
        }
      ],
      "Attributes": null
    }
  ],
  "ServiceConfig": null,
  "Attributes": null
} (resolver returned new addresses)
[34m2026-07-15 18:18:20.542 UTC 0043 INFO[0m [grpc] [34;1mAddTraceEvent[0m -> [core] [Channel #13]Channel switches to new LB policy "pick_first"
[34m2026-07-15 18:18:20.542 UTC 0044 INFO[0m [grpc] [34;1mInfof[0m -> [pick-first-leaf-lb] [pick-first-leaf-lb 0x1656acb126c0] Received new config {
  "shuffleAddressList": false
}, resolver state {
  "Addresses": [
    {
      "Addr": "peer0.sa.retf.com:7051",
      "ServerName": "",
      "Attributes": null,
      "BalancerAttributes": null,
      "Metadata": null
    }
  ],
  "Endpoints": [
    {
      "Addresses": [
        {
          "Addr": "peer0.sa.retf.com:7051",
          "ServerName": "",
          "Attributes": null,
          "BalancerAttributes": null,
          "Metadata": null
        }
      ],
      "Attributes": null
    }
  ],
  "ServiceConfig": null,
  "Attributes": null
}
[34m2026-07-15 18:18:20.542 UTC 0045 INFO[0m [grpc] [34;1mAddTraceEvent[0m -> [core] [Channel #13]Channel Connectivity change to CONNECTING
[34m2026-07-15 18:18:20.543 UTC 0046 INFO[0m [grpc] [34;1mAddTraceEvent[0m -> [core] [Channel #13 SubChannel #14]Subchannel created
[34m2026-07-15 18:18:20.543 UTC 0047 INFO[0m [grpc] [34;1mAddTraceEvent[0m -> [core] [Channel #13]Channel exiting idle mode
[34m2026-07-15 18:18:20.543 UTC 0048 INFO[0m [grpc] [34;1mAddTraceEvent[0m -> [core] [Channel #13 SubChannel #14]Subchannel Connectivity change to CONNECTING
[34m2026-07-15 18:18:20.543 UTC 0049 INFO[0m [grpc] [34;1mAddTraceEvent[0m -> [core] [Channel #13 SubChannel #14]Subchannel picks a new address "peer0.sa.retf.com:7051" to connect
[34m2026-07-15 18:18:20.545 UTC 004a INFO[0m [grpc] [34;1mAddTraceEvent[0m -> [core] [Channel #13 SubChannel #14]Subchannel Connectivity change to READY
[34m2026-07-15 18:18:20.545 UTC 004b INFO[0m [grpc] [34;1mInfof[0m -> [pick-first-leaf-lb] [pick-first-leaf-lb 0x1656acb126c0] SubConn 0x1656ac979ea0 reported connectivity state READY and the health listener is disabled. Transitioning SubConn to READY.
[34m2026-07-15 18:18:20.545 UTC 004c INFO[0m [grpc] [34;1mAddTraceEvent[0m -> [core] [Channel #13]Channel Connectivity change to READY
[34m2026-07-15 18:18:20.545 UTC 004d INFO[0m [grpc] [34;1mInfof[0m -> [core] original dial target is: "peer0.sa.retf.com:7051"
[34m2026-07-15 18:18:20.545 UTC 004e INFO[0m [grpc] [34;1mAddTraceEvent[0m -> [core] [Channel #16]Channel created
[34m2026-07-15 18:18:20.545 UTC 004f INFO[0m [grpc] [34;1mAddTraceEvent[0m -> [core] [Channel #16]parsed dial target is: resolver.Target{URL:url.URL{Scheme:"passthrough", Opaque:"", User:(*url.Userinfo)(nil), Host:"", Path:"/peer0.sa.retf.com:7051", Fragment:"", RawQuery:"", RawPath:"", RawFragment:"", ForceQuery:false, OmitHost:false}}
[34m2026-07-15 18:18:20.545 UTC 0050 INFO[0m [grpc] [34;1mAddTraceEvent[0m -> [core] [Channel #16]Channel authority set to "peer0.sa.retf.com:7051"
[34m2026-07-15 18:18:20.545 UTC 0051 INFO[0m [grpc] [34;1mAddTraceEvent[0m -> [core] [Channel #16]Resolver state updated: {
  "Addresses": [
    {
      "Addr": "peer0.sa.retf.com:7051",
      "ServerName": "",
      "Attributes": null,
      "BalancerAttributes": null,
      "Metadata": null
    }
  ],
  "Endpoints": [
    {
      "Addresses": [
        {
          "Addr": "peer0.sa.retf.com:7051",
          "ServerName": "",
          "Attributes": null,
          "BalancerAttributes": null,
          "Metadata": null
        }
      ],
      "Attributes": null
    }
  ],
  "ServiceConfig": null,
  "Attributes": null
} (resolver returned new addresses)
[34m2026-07-15 18:18:20.545 UTC 0052 INFO[0m [grpc] [34;1mAddTraceEvent[0m -> [core] [Channel #16]Channel switches to new LB policy "pick_first"
[34m2026-07-15 18:18:20.545 UTC 0053 INFO[0m [grpc] [34;1mInfof[0m -> [pick-first-leaf-lb] [pick-first-leaf-lb 0x1656aceb2fc0] Received new config {
  "shuffleAddressList": false
}, resolver state {
  "Addresses": [
    {
      "Addr": "peer0.sa.retf.com:7051",
      "ServerName": "",
      "Attributes": null,
      "BalancerAttributes": null,
      "Metadata": null
    }
  ],
  "Endpoints": [
    {
      "Addresses": [
        {
          "Addr": "peer0.sa.retf.com:7051",
          "ServerName": "",
          "Attributes": null,
          "BalancerAttributes": null,
          "Metadata": null
        }
      ],
      "Attributes": null
    }
  ],
  "ServiceConfig": null,
  "Attributes": null
}
[34m2026-07-15 18:18:20.545 UTC 0054 INFO[0m [grpc] [34;1mAddTraceEvent[0m -> [core] [Channel #16]Channel Connectivity change to CONNECTING
[34m2026-07-15 18:18:20.545 UTC 0055 INFO[0m [grpc] [34;1mAddTraceEvent[0m -> [core] [Channel #16 SubChannel #17]Subchannel created
[34m2026-07-15 18:18:20.545 UTC 0056 INFO[0m [grpc] [34;1mAddTraceEvent[0m -> [core] [Channel #16]Channel exiting idle mode
[34m2026-07-15 18:18:20.545 UTC 0057 INFO[0m [grpc] [34;1mAddTraceEvent[0m -> [core] [Channel #16 SubChannel #17]Subchannel Connectivity change to CONNECTING
[34m2026-07-15 18:18:20.545 UTC 0058 INFO[0m [grpc] [34;1mAddTraceEvent[0m -> [core] [Channel #16 SubChannel #17]Subchannel picks a new address "peer0.sa.retf.com:7051" to connect
[34m2026-07-15 18:18:20.547 UTC 0059 INFO[0m [grpc] [34;1mAddTraceEvent[0m -> [core] [Channel #16 SubChannel #17]Subchannel Connectivity change to READY
[34m2026-07-15 18:18:20.547 UTC 005a INFO[0m [grpc] [34;1mInfof[0m -> [pick-first-leaf-lb] [pick-first-leaf-lb 0x1656aceb2fc0] SubConn 0x1656ad022af0 reported connectivity state READY and the health listener is disabled. Transitioning SubConn to READY.
[34m2026-07-15 18:18:20.547 UTC 005b INFO[0m [grpc] [34;1mAddTraceEvent[0m -> [core] [Channel #16]Channel Connectivity change to READY
[33m2026-07-15 18:18:20.547 UTC 005c WARN[0m [grpc] [33;1mWarningf[0m -> [core] Adjusting keepalive ping interval to minimum period of 10s
[34m2026-07-15 18:18:20.548 UTC 005d INFO[0m [grpc] [34;1mInfof[0m -> [core] original dial target is: "orderer.orderer.retf.com:7050"
[34m2026-07-15 18:18:20.548 UTC 005e INFO[0m [grpc] [34;1mAddTraceEvent[0m -> [core] [Channel #19]Channel created
[34m2026-07-15 18:18:20.548 UTC 005f INFO[0m [grpc] [34;1mAddTraceEvent[0m -> [core] [Channel #19]parsed dial target is: resolver.Target{URL:url.URL{Scheme:"passthrough", Opaque:"", User:(*url.Userinfo)(nil), Host:"", Path:"/orderer.orderer.retf.com:7050", Fragment:"", RawQuery:"", RawPath:"", RawFragment:"", ForceQuery:false, OmitHost:false}}
[34m2026-07-15 18:18:20.548 UTC 0060 INFO[0m [grpc] [34;1mAddTraceEvent[0m -> [core] [Channel #19]Channel authority set to "orderer.orderer.retf.com"
[34m2026-07-15 18:18:20.548 UTC 0061 INFO[0m [grpc] [34;1mAddTraceEvent[0m -> [core] [Channel #19]Resolver state updated: {
  "Addresses": [
    {
      "Addr": "orderer.orderer.retf.com:7050",
      "ServerName": "",
      "Attributes": null,
      "BalancerAttributes": null,
      "Metadata": null
    }
  ],
  "Endpoints": [
    {
      "Addresses": [
        {
          "Addr": "orderer.orderer.retf.com:7050",
          "ServerName": "",
          "Attributes": null,
          "BalancerAttributes": null,
          "Metadata": null
        }
      ],
      "Attributes": null
    }
  ],
  "ServiceConfig": null,
  "Attributes": null
} (resolver returned new addresses)
[34m2026-07-15 18:18:20.548 UTC 0062 INFO[0m [grpc] [34;1mAddTraceEvent[0m -> [core] [Channel #19]Channel switches to new LB policy "pick_first"
[34m2026-07-15 18:18:20.548 UTC 0063 INFO[0m [grpc] [34;1mInfof[0m -> [pick-first-leaf-lb] [pick-first-leaf-lb 0x1656acbcf320] Received new config {
  "shuffleAddressList": false
}, resolver state {
  "Addresses": [
    {
      "Addr": "orderer.orderer.retf.com:7050",
      "ServerName": "",
      "Attributes": null,
      "BalancerAttributes": null,
      "Metadata": null
    }
  ],
  "Endpoints": [
    {
      "Addresses": [
        {
          "Addr": "orderer.orderer.retf.com:7050",
          "ServerName": "",
          "Attributes": null,
          "BalancerAttributes": null,
          "Metadata": null
        }
      ],
      "Attributes": null
    }
  ],
  "ServiceConfig": null,
  "Attributes": null
}
[34m2026-07-15 18:18:20.548 UTC 0064 INFO[0m [grpc] [34;1mAddTraceEvent[0m -> [core] [Channel #19]Channel Connectivity change to CONNECTING
[34m2026-07-15 18:18:20.548 UTC 0065 INFO[0m [grpc] [34;1mAddTraceEvent[0m -> [core] [Channel #19 SubChannel #20]Subchannel created
[34m2026-07-15 18:18:20.548 UTC 0066 INFO[0m [grpc] [34;1mAddTraceEvent[0m -> [core] [Channel #19]Channel exiting idle mode
[34m2026-07-15 18:18:20.548 UTC 0067 INFO[0m [grpc] [34;1mAddTraceEvent[0m -> [core] [Channel #19 SubChannel #20]Subchannel Connectivity change to CONNECTING
[34m2026-07-15 18:18:20.548 UTC 0068 INFO[0m [grpc] [34;1mAddTraceEvent[0m -> [core] [Channel #19 SubChannel #20]Subchannel picks a new address "orderer.orderer.retf.com:7050" to connect
[34m2026-07-15 18:18:20.550 UTC 0069 INFO[0m [grpc] [34;1mAddTraceEvent[0m -> [core] [Channel #19 SubChannel #20]Subchannel Connectivity change to READY
[34m2026-07-15 18:18:20.551 UTC 006a INFO[0m [grpc] [34;1mInfof[0m -> [pick-first-leaf-lb] [pick-first-leaf-lb 0x1656acbcf320] SubConn 0x1656acad5950 reported connectivity state READY and the health listener is disabled. Transitioning SubConn to READY.
[34m2026-07-15 18:18:20.551 UTC 006b INFO[0m [grpc] [34;1mAddTraceEvent[0m -> [core] [Channel #19]Channel Connectivity change to READY
[34m2026-07-15 18:18:22.608 UTC 006c INFO[0m [chaincodeCmd] [34;1mClientWait[0m -> txid [6f940157d59d2bce4ae6432b3f7d687c69cb620cc7224be2218c5483b3b97ae2] committed with status (VALID) at peer0.qld.retf.com:7051
[34m2026-07-15 18:18:22.610 UTC 006d INFO[0m [chaincodeCmd] [34;1mClientWait[0m -> txid [6f940157d59d2bce4ae6432b3f7d687c69cb620cc7224be2218c5483b3b97ae2] committed with status (VALID) at peer0.sa.retf.com:7051
[34m2026-07-15 18:18:22.612 UTC 006e INFO[0m [chaincodeCmd] [34;1mClientWait[0m -> txid [6f940157d59d2bce4ae6432b3f7d687c69cb620cc7224be2218c5483b3b97ae2] committed with status (VALID) at peer0.nsw.retf.com:7051
[34m2026-07-15 18:18:22.613 UTC 006f INFO[0m [chaincodeCmd] [34;1mchaincodeInvokeOrQuery[0m -> Chaincode invoke successful. result: status:200 payload:"s2.2.2/task-policy/task-b"
[34m2026-07-15 18:18:23.986 UTC 0001 INFO[0m [chaincodeCmd] [34;1mInitCmdFactory[0m -> InitCmdFactory: Entry: invoke, true, true
[34m2026-07-15 18:18:23.986 UTC 0002 INFO[0m [grpc] [34;1mInfof[0m -> [core] original dial target is: "peer0.nsw.retf.com:7051"
[34m2026-07-15 18:18:23.986 UTC 0003 INFO[0m [grpc] [34;1mAddTraceEvent[0m -> [core] [Channel #1]Channel created
[34m2026-07-15 18:18:23.986 UTC 0004 INFO[0m [grpc] [34;1mAddTraceEvent[0m -> [core] [Channel #1]parsed dial target is: resolver.Target{URL:url.URL{Scheme:"passthrough", Opaque:"", User:(*url.Userinfo)(nil), Host:"", Path:"/peer0.nsw.retf.com:7051", Fragment:"", RawQuery:"", RawPath:"", RawFragment:"", ForceQuery:false, OmitHost:false}}
[34m2026-07-15 18:18:23.986 UTC 0005 INFO[0m [grpc] [34;1mAddTraceEvent[0m -> [core] [Channel #1]Channel authority set to "peer0.nsw.retf.com:7051"
[34m2026-07-15 18:18:23.987 UTC 0006 INFO[0m [grpc] [34;1mAddTraceEvent[0m -> [core] [Channel #1]Resolver state updated: {
  "Addresses": [
    {
      "Addr": "peer0.nsw.retf.com:7051",
      "ServerName": "",
      "Attributes": null,
      "BalancerAttributes": null,
      "Metadata": null
    }
  ],
  "Endpoints": [
    {
      "Addresses": [
        {
          "Addr": "peer0.nsw.retf.com:7051",
          "ServerName": "",
          "Attributes": null,
          "BalancerAttributes": null,
          "Metadata": null
        }
      ],
      "Attributes": null
    }
  ],
  "ServiceConfig": null,
  "Attributes": null
} (resolver returned new addresses)
[34m2026-07-15 18:18:23.987 UTC 0007 INFO[0m [grpc] [34;1mAddTraceEvent[0m -> [core] [Channel #1]Channel switches to new LB policy "pick_first"
[34m2026-07-15 18:18:23.987 UTC 0008 INFO[0m [grpc] [34;1mInfof[0m -> [pick-first-leaf-lb] [pick-first-leaf-lb 0x15cdbce8a000] Received new config {
  "shuffleAddressList": false
}, resolver state {
  "Addresses": [
    {
      "Addr": "peer0.nsw.retf.com:7051",
      "ServerName": "",
      "Attributes": null,
      "BalancerAttributes": null,
      "Metadata": null
    }
  ],
  "Endpoints": [
    {
      "Addresses": [
        {
          "Addr": "peer0.nsw.retf.com:7051",
          "ServerName": "",
          "Attributes": null,
          "BalancerAttributes": null,
          "Metadata": null
        }
      ],
      "Attributes": null
    }
  ],
  "ServiceConfig": null,
  "Attributes": null
}
[34m2026-07-15 18:18:23.987 UTC 0009 INFO[0m [grpc] [34;1mAddTraceEvent[0m -> [core] [Channel #1]Channel Connectivity change to CONNECTING
[34m2026-07-15 18:18:23.988 UTC 000a INFO[0m [grpc] [34;1mAddTraceEvent[0m -> [core] [Channel #1 SubChannel #2]Subchannel created
[34m2026-07-15 18:18:23.988 UTC 000b INFO[0m [grpc] [34;1mAddTraceEvent[0m -> [core] [Channel #1]Channel exiting idle mode
[34m2026-07-15 18:18:23.988 UTC 000c INFO[0m [grpc] [34;1mAddTraceEvent[0m -> [core] [Channel #1 SubChannel #2]Subchannel Connectivity change to CONNECTING
[34m2026-07-15 18:18:23.988 UTC 000d INFO[0m [grpc] [34;1mAddTraceEvent[0m -> [core] [Channel #1 SubChannel #2]Subchannel picks a new address "peer0.nsw.retf.com:7051" to connect
[34m2026-07-15 18:18:23.990 UTC 000e INFO[0m [grpc] [34;1mAddTraceEvent[0m -> [core] [Channel #1 SubChannel #2]Subchannel Connectivity change to READY
[34m2026-07-15 18:18:23.990 UTC 000f INFO[0m [grpc] [34;1mInfof[0m -> [pick-first-leaf-lb] [pick-first-leaf-lb 0x15cdbce8a000] SubConn 0x15cdbce800f0 reported connectivity state READY and the health listener is disabled. Transitioning SubConn to READY.
[34m2026-07-15 18:18:23.990 UTC 0010 INFO[0m [grpc] [34;1mAddTraceEvent[0m -> [core] [Channel #1]Channel Connectivity change to READY
[34m2026-07-15 18:18:23.990 UTC 0011 INFO[0m [grpc] [34;1mInfof[0m -> [core] original dial target is: "peer0.nsw.retf.com:7051"
[34m2026-07-15 18:18:23.990 UTC 0012 INFO[0m [grpc] [34;1mAddTraceEvent[0m -> [core] [Channel #4]Channel created
[34m2026-07-15 18:18:23.990 UTC 0013 INFO[0m [grpc] [34;1mAddTraceEvent[0m -> [core] [Channel #4]parsed dial target is: resolver.Target{URL:url.URL{Scheme:"passthrough", Opaque:"", User:(*url.Userinfo)(nil), Host:"", Path:"/peer0.nsw.retf.com:7051", Fragment:"", RawQuery:"", RawPath:"", RawFragment:"", ForceQuery:false, OmitHost:false}}
[34m2026-07-15 18:18:23.990 UTC 0014 INFO[0m [grpc] [34;1mAddTraceEvent[0m -> [core] [Channel #4]Channel authority set to "peer0.nsw.retf.com:7051"
[34m2026-07-15 18:18:23.990 UTC 0015 INFO[0m [grpc] [34;1mAddTraceEvent[0m -> [core] [Channel #4]Resolver state updated: {
  "Addresses": [
    {
      "Addr": "peer0.nsw.retf.com:7051",
      "ServerName": "",
      "Attributes": null,
      "BalancerAttributes": null,
      "Metadata": null
    }
  ],
  "Endpoints": [
    {
      "Addresses": [
        {
          "Addr": "peer0.nsw.retf.com:7051",
          "ServerName": "",
          "Attributes": null,
          "BalancerAttributes": null,
          "Metadata": null
        }
      ],
      "Attributes": null
    }
  ],
  "ServiceConfig": null,
  "Attributes": null
} (resolver returned new addresses)
[34m2026-07-15 18:18:23.990 UTC 0016 INFO[0m [grpc] [34;1mAddTraceEvent[0m -> [core] [Channel #4]Channel switches to new LB policy "pick_first"
[34m2026-07-15 18:18:23.990 UTC 0017 INFO[0m [grpc] [34;1mInfof[0m -> [pick-first-leaf-lb] [pick-first-leaf-lb 0x15cdbcba4750] Received new config {
  "shuffleAddressList": false
}, resolver state {
  "Addresses": [
    {
      "Addr": "peer0.nsw.retf.com:7051",
      "ServerName": "",
      "Attributes": null,
      "BalancerAttributes": null,
      "Metadata": null
    }
  ],
  "Endpoints": [
    {
      "Addresses": [
        {
          "Addr": "peer0.nsw.retf.com:7051",
          "ServerName": "",
          "Attributes": null,
          "BalancerAttributes": null,
          "Metadata": null
        }
      ],
      "Attributes": null
    }
  ],
  "ServiceConfig": null,
  "Attributes": null
}
[34m2026-07-15 18:18:23.990 UTC 0018 INFO[0m [grpc] [34;1mAddTraceEvent[0m -> [core] [Channel #4]Channel Connectivity change to CONNECTING
[34m2026-07-15 18:18:23.990 UTC 0019 INFO[0m [grpc] [34;1mAddTraceEvent[0m -> [core] [Channel #4 SubChannel #5]Subchannel created
[34m2026-07-15 18:18:23.990 UTC 001a INFO[0m [grpc] [34;1mAddTraceEvent[0m -> [core] [Channel #4]Channel exiting idle mode
[34m2026-07-15 18:18:23.990 UTC 001b INFO[0m [grpc] [34;1mAddTraceEvent[0m -> [core] [Channel #4 SubChannel #5]Subchannel Connectivity change to CONNECTING
[34m2026-07-15 18:18:23.990 UTC 001c INFO[0m [grpc] [34;1mAddTraceEvent[0m -> [core] [Channel #4 SubChannel #5]Subchannel picks a new address "peer0.nsw.retf.com:7051" to connect
[34m2026-07-15 18:18:23.992 UTC 001d INFO[0m [grpc] [34;1mAddTraceEvent[0m -> [core] [Channel #4 SubChannel #5]Subchannel Connectivity change to READY
[34m2026-07-15 18:18:23.992 UTC 001e INFO[0m [grpc] [34;1mInfof[0m -> [pick-first-leaf-lb] [pick-first-leaf-lb 0x15cdbcba4750] SubConn 0x15cdbcd26e60 reported connectivity state READY and the health listener is disabled. Transitioning SubConn to READY.
[34m2026-07-15 18:18:23.992 UTC 001f INFO[0m [grpc] [34;1mAddTraceEvent[0m -> [core] [Channel #4]Channel Connectivity change to READY
[34m2026-07-15 18:18:23.992 UTC 0020 INFO[0m [grpc] [34;1mInfof[0m -> [core] original dial target is: "peer0.qld.retf.com:7051"
[34m2026-07-15 18:18:23.992 UTC 0021 INFO[0m [grpc] [34;1mAddTraceEvent[0m -> [core] [Channel #7]Channel created
[34m2026-07-15 18:18:23.992 UTC 0022 INFO[0m [grpc] [34;1mAddTraceEvent[0m -> [core] [Channel #7]parsed dial target is: resolver.Target{URL:url.URL{Scheme:"passthrough", Opaque:"", User:(*url.Userinfo)(nil), Host:"", Path:"/peer0.qld.retf.com:7051", Fragment:"", RawQuery:"", RawPath:"", RawFragment:"", ForceQuery:false, OmitHost:false}}
[34m2026-07-15 18:18:23.992 UTC 0023 INFO[0m [grpc] [34;1mAddTraceEvent[0m -> [core] [Channel #7]Channel authority set to "peer0.qld.retf.com:7051"
[34m2026-07-15 18:18:23.992 UTC 0024 INFO[0m [grpc] [34;1mAddTraceEvent[0m -> [core] [Channel #7]Resolver state updated: {
  "Addresses": [
    {
      "Addr": "peer0.qld.retf.com:7051",
      "ServerName": "",
      "Attributes": null,
      "BalancerAttributes": null,
      "Metadata": null
    }
  ],
  "Endpoints": [
    {
      "Addresses": [
        {
          "Addr": "peer0.qld.retf.com:7051",
          "ServerName": "",
          "Attributes": null,
          "BalancerAttributes": null,
          "Metadata": null
        }
      ],
      "Attributes": null
    }
  ],
  "ServiceConfig": null,
  "Attributes": null
} (resolver returned new addresses)
[34m2026-07-15 18:18:23.992 UTC 0025 INFO[0m [grpc] [34;1mAddTraceEvent[0m -> [core] [Channel #7]Channel switches to new LB policy "pick_first"
[34m2026-07-15 18:18:23.992 UTC 0026 INFO[0m [grpc] [34;1mInfof[0m -> [pick-first-leaf-lb] [pick-first-leaf-lb 0x15cdbce8a3f0] Received new config {
  "shuffleAddressList": false
}, resolver state {
  "Addresses": [
    {
      "Addr": "peer0.qld.retf.com:7051",
      "ServerName": "",
      "Attributes": null,
      "BalancerAttributes": null,
      "Metadata": null
    }
  ],
  "Endpoints": [
    {
      "Addresses": [
        {
          "Addr": "peer0.qld.retf.com:7051",
          "ServerName": "",
          "Attributes": null,
          "BalancerAttributes": null,
          "Metadata": null
        }
      ],
      "Attributes": null
    }
  ],
  "ServiceConfig": null,
  "Attributes": null
}
[34m2026-07-15 18:18:23.992 UTC 0027 INFO[0m [grpc] [34;1mAddTraceEvent[0m -> [core] [Channel #7]Channel Connectivity change to CONNECTING
[34m2026-07-15 18:18:23.992 UTC 0028 INFO[0m [grpc] [34;1mAddTraceEvent[0m -> [core] [Channel #7 SubChannel #8]Subchannel created
[34m2026-07-15 18:18:23.992 UTC 0029 INFO[0m [grpc] [34;1mAddTraceEvent[0m -> [core] [Channel #7]Channel exiting idle mode
[34m2026-07-15 18:18:23.992 UTC 002a INFO[0m [grpc] [34;1mAddTraceEvent[0m -> [core] [Channel #7 SubChannel #8]Subchannel Connectivity change to CONNECTING
[34m2026-07-15 18:18:23.992 UTC 002b INFO[0m [grpc] [34;1mAddTraceEvent[0m -> [core] [Channel #7 SubChannel #8]Subchannel picks a new address "peer0.qld.retf.com:7051" to connect
[34m2026-07-15 18:18:23.994 UTC 002c INFO[0m [grpc] [34;1mAddTraceEvent[0m -> [core] [Channel #7 SubChannel #8]Subchannel Connectivity change to READY
[34m2026-07-15 18:18:23.994 UTC 002d INFO[0m [grpc] [34;1mInfof[0m -> [pick-first-leaf-lb] [pick-first-leaf-lb 0x15cdbce8a3f0] SubConn 0x15cdbce80a00 reported connectivity state READY and the health listener is disabled. Transitioning SubConn to READY.
[34m2026-07-15 18:18:23.994 UTC 002e INFO[0m [grpc] [34;1mAddTraceEvent[0m -> [core] [Channel #7]Channel Connectivity change to READY
[34m2026-07-15 18:18:23.994 UTC 002f INFO[0m [grpc] [34;1mInfof[0m -> [core] original dial target is: "peer0.qld.retf.com:7051"
[34m2026-07-15 18:18:23.994 UTC 0030 INFO[0m [grpc] [34;1mAddTraceEvent[0m -> [core] [Channel #10]Channel created
[34m2026-07-15 18:18:23.994 UTC 0031 INFO[0m [grpc] [34;1mAddTraceEvent[0m -> [core] [Channel #10]parsed dial target is: resolver.Target{URL:url.URL{Scheme:"passthrough", Opaque:"", User:(*url.Userinfo)(nil), Host:"", Path:"/peer0.qld.retf.com:7051", Fragment:"", RawQuery:"", RawPath:"", RawFragment:"", ForceQuery:false, OmitHost:false}}
[34m2026-07-15 18:18:23.994 UTC 0032 INFO[0m [grpc] [34;1mAddTraceEvent[0m -> [core] [Channel #10]Channel authority set to "peer0.qld.retf.com:7051"
[34m2026-07-15 18:18:23.994 UTC 0033 INFO[0m [grpc] [34;1mAddTraceEvent[0m -> [core] [Channel #10]Resolver state updated: {
  "Addresses": [
    {
      "Addr": "peer0.qld.retf.com:7051",
      "ServerName": "",
      "Attributes": null,
      "BalancerAttributes": null,
      "Metadata": null
    }
  ],
  "Endpoints": [
    {
      "Addresses": [
        {
          "Addr": "peer0.qld.retf.com:7051",
          "ServerName": "",
          "Attributes": null,
          "BalancerAttributes": null,
          "Metadata": null
        }
      ],
      "Attributes": null
    }
  ],
  "ServiceConfig": null,
  "Attributes": null
} (resolver returned new addresses)
[34m2026-07-15 18:18:23.994 UTC 0034 INFO[0m [grpc] [34;1mAddTraceEvent[0m -> [core] [Channel #10]Channel switches to new LB policy "pick_first"
[34m2026-07-15 18:18:23.995 UTC 0035 INFO[0m [grpc] [34;1mInfof[0m -> [pick-first-leaf-lb] [pick-first-leaf-lb 0x15cdbc8781b0] Received new config {
  "shuffleAddressList": false
}, resolver state {
  "Addresses": [
    {
      "Addr": "peer0.qld.retf.com:7051",
      "ServerName": "",
      "Attributes": null,
      "BalancerAttributes": null,
      "Metadata": null
    }
  ],
  "Endpoints": [
    {
      "Addresses": [
        {
          "Addr": "peer0.qld.retf.com:7051",
          "ServerName": "",
          "Attributes": null,
          "BalancerAttributes": null,
          "Metadata": null
        }
      ],
      "Attributes": null
    }
  ],
  "ServiceConfig": null,
  "Attributes": null
}
[34m2026-07-15 18:18:23.995 UTC 0036 INFO[0m [grpc] [34;1mAddTraceEvent[0m -> [core] [Channel #10]Channel Connectivity change to CONNECTING
[34m2026-07-15 18:18:23.995 UTC 0037 INFO[0m [grpc] [34;1mAddTraceEvent[0m -> [core] [Channel #10 SubChannel #11]Subchannel created
[34m2026-07-15 18:18:23.995 UTC 0038 INFO[0m [grpc] [34;1mAddTraceEvent[0m -> [core] [Channel #10]Channel exiting idle mode
[34m2026-07-15 18:18:23.995 UTC 0039 INFO[0m [grpc] [34;1mAddTraceEvent[0m -> [core] [Channel #10 SubChannel #11]Subchannel Connectivity change to CONNECTING
[34m2026-07-15 18:18:23.995 UTC 003a INFO[0m [grpc] [34;1mAddTraceEvent[0m -> [core] [Channel #10 SubChannel #11]Subchannel picks a new address "peer0.qld.retf.com:7051" to connect
[34m2026-07-15 18:18:23.997 UTC 003b INFO[0m [grpc] [34;1mAddTraceEvent[0m -> [core] [Channel #10 SubChannel #11]Subchannel Connectivity change to READY
[34m2026-07-15 18:18:23.997 UTC 003c INFO[0m [grpc] [34;1mInfof[0m -> [pick-first-leaf-lb] [pick-first-leaf-lb 0x15cdbc8781b0] SubConn 0x15cdbc9fb540 reported connectivity state READY and the health listener is disabled. Transitioning SubConn to READY.
[34m2026-07-15 18:18:23.997 UTC 003d INFO[0m [grpc] [34;1mAddTraceEvent[0m -> [core] [Channel #10]Channel Connectivity change to READY
[34m2026-07-15 18:18:23.997 UTC 003e INFO[0m [grpc] [34;1mInfof[0m -> [core] original dial target is: "peer0.sa.retf.com:7051"
[34m2026-07-15 18:18:23.997 UTC 003f INFO[0m [grpc] [34;1mAddTraceEvent[0m -> [core] [Channel #13]Channel created
[34m2026-07-15 18:18:23.997 UTC 0040 INFO[0m [grpc] [34;1mAddTraceEvent[0m -> [core] [Channel #13]parsed dial target is: resolver.Target{URL:url.URL{Scheme:"passthrough", Opaque:"", User:(*url.Userinfo)(nil), Host:"", Path:"/peer0.sa.retf.com:7051", Fragment:"", RawQuery:"", RawPath:"", RawFragment:"", ForceQuery:false, OmitHost:false}}
[34m2026-07-15 18:18:23.997 UTC 0041 INFO[0m [grpc] [34;1mAddTraceEvent[0m -> [core] [Channel #13]Channel authority set to "peer0.sa.retf.com:7051"
[34m2026-07-15 18:18:23.998 UTC 0042 INFO[0m [grpc] [34;1mAddTraceEvent[0m -> [core] [Channel #13]Resolver state updated: {
  "Addresses": [
    {
      "Addr": "peer0.sa.retf.com:7051",
      "ServerName": "",
      "Attributes": null,
      "BalancerAttributes": null,
      "Metadata": null
    }
  ],
  "Endpoints": [
    {
      "Addresses": [
        {
          "Addr": "peer0.sa.retf.com:7051",
          "ServerName": "",
          "Attributes": null,
          "BalancerAttributes": null,
          "Metadata": null
        }
      ],
      "Attributes": null
    }
  ],
  "ServiceConfig": null,
  "Attributes": null
} (resolver returned new addresses)
[34m2026-07-15 18:18:23.998 UTC 0043 INFO[0m [grpc] [34;1mAddTraceEvent[0m -> [core] [Channel #13]Channel switches to new LB policy "pick_first"
[34m2026-07-15 18:18:23.998 UTC 0044 INFO[0m [grpc] [34;1mInfof[0m -> [pick-first-leaf-lb] [pick-first-leaf-lb 0x15cdbce8a1b0] Received new config {
  "shuffleAddressList": false
}, resolver state {
  "Addresses": [
    {
      "Addr": "peer0.sa.retf.com:7051",
      "ServerName": "",
      "Attributes": null,
      "BalancerAttributes": null,
      "Metadata": null
    }
  ],
  "Endpoints": [
    {
      "Addresses": [
        {
          "Addr": "peer0.sa.retf.com:7051",
          "ServerName": "",
          "Attributes": null,
          "BalancerAttributes": null,
          "Metadata": null
        }
      ],
      "Attributes": null
    }
  ],
  "ServiceConfig": null,
  "Attributes": null
}
[34m2026-07-15 18:18:23.998 UTC 0045 INFO[0m [grpc] [34;1mAddTraceEvent[0m -> [core] [Channel #13]Channel Connectivity change to CONNECTING
[34m2026-07-15 18:18:23.998 UTC 0046 INFO[0m [grpc] [34;1mAddTraceEvent[0m -> [core] [Channel #13 SubChannel #14]Subchannel created
[34m2026-07-15 18:18:23.998 UTC 0047 INFO[0m [grpc] [34;1mAddTraceEvent[0m -> [core] [Channel #13]Channel exiting idle mode
[34m2026-07-15 18:18:23.998 UTC 0048 INFO[0m [grpc] [34;1mAddTraceEvent[0m -> [core] [Channel #13 SubChannel #14]Subchannel Connectivity change to CONNECTING
[34m2026-07-15 18:18:23.998 UTC 0049 INFO[0m [grpc] [34;1mAddTraceEvent[0m -> [core] [Channel #13 SubChannel #14]Subchannel picks a new address "peer0.sa.retf.com:7051" to connect
[34m2026-07-15 18:18:24.000 UTC 004a INFO[0m [grpc] [34;1mAddTraceEvent[0m -> [core] [Channel #13 SubChannel #14]Subchannel Connectivity change to READY
[34m2026-07-15 18:18:24.000 UTC 004b INFO[0m [grpc] [34;1mInfof[0m -> [pick-first-leaf-lb] [pick-first-leaf-lb 0x15cdbce8a1b0] SubConn 0x15cdbc9fb900 reported connectivity state READY and the health listener is disabled. Transitioning SubConn to READY.
[34m2026-07-15 18:18:24.000 UTC 004c INFO[0m [grpc] [34;1mAddTraceEvent[0m -> [core] [Channel #13]Channel Connectivity change to READY
[34m2026-07-15 18:18:24.000 UTC 004d INFO[0m [grpc] [34;1mInfof[0m -> [core] original dial target is: "peer0.sa.retf.com:7051"
[34m2026-07-15 18:18:24.000 UTC 004e INFO[0m [grpc] [34;1mAddTraceEvent[0m -> [core] [Channel #16]Channel created
[34m2026-07-15 18:18:24.000 UTC 004f INFO[0m [grpc] [34;1mAddTraceEvent[0m -> [core] [Channel #16]parsed dial target is: resolver.Target{URL:url.URL{Scheme:"passthrough", Opaque:"", User:(*url.Userinfo)(nil), Host:"", Path:"/peer0.sa.retf.com:7051", Fragment:"", RawQuery:"", RawPath:"", RawFragment:"", ForceQuery:false, OmitHost:false}}
[34m2026-07-15 18:18:24.000 UTC 0050 INFO[0m [grpc] [34;1mAddTraceEvent[0m -> [core] [Channel #16]Channel authority set to "peer0.sa.retf.com:7051"
[34m2026-07-15 18:18:24.000 UTC 0051 INFO[0m [grpc] [34;1mAddTraceEvent[0m -> [core] [Channel #16]Resolver state updated: {
  "Addresses": [
    {
      "Addr": "peer0.sa.retf.com:7051",
      "ServerName": "",
      "Attributes": null,
      "BalancerAttributes": null,
      "Metadata": null
    }
  ],
  "Endpoints": [
    {
      "Addresses": [
        {
          "Addr": "peer0.sa.retf.com:7051",
          "ServerName": "",
          "Attributes": null,
          "BalancerAttributes": null,
          "Metadata": null
        }
      ],
      "Attributes": null
    }
  ],
  "ServiceConfig": null,
  "Attributes": null
} (resolver returned new addresses)
[34m2026-07-15 18:18:24.000 UTC 0052 INFO[0m [grpc] [34;1mAddTraceEvent[0m -> [core] [Channel #16]Channel switches to new LB policy "pick_first"
[34m2026-07-15 18:18:24.000 UTC 0053 INFO[0m [grpc] [34;1mInfof[0m -> [pick-first-leaf-lb] [pick-first-leaf-lb 0x15cdbce8a750] Received new config {
  "shuffleAddressList": false
}, resolver state {
  "Addresses": [
    {
      "Addr": "peer0.sa.retf.com:7051",
      "ServerName": "",
      "Attributes": null,
      "BalancerAttributes": null,
      "Metadata": null
    }
  ],
  "Endpoints": [
    {
      "Addresses": [
        {
          "Addr": "peer0.sa.retf.com:7051",
          "ServerName": "",
          "Attributes": null,
          "BalancerAttributes": null,
          "Metadata": null
        }
      ],
      "Attributes": null
    }
  ],
  "ServiceConfig": null,
  "Attributes": null
}
[34m2026-07-15 18:18:24.000 UTC 0054 INFO[0m [grpc] [34;1mAddTraceEvent[0m -> [core] [Channel #16]Channel Connectivity change to CONNECTING
[34m2026-07-15 18:18:24.000 UTC 0055 INFO[0m [grpc] [34;1mAddTraceEvent[0m -> [core] [Channel #16 SubChannel #17]Subchannel created
[34m2026-07-15 18:18:24.000 UTC 0056 INFO[0m [grpc] [34;1mAddTraceEvent[0m -> [core] [Channel #16]Channel exiting idle mode
[34m2026-07-15 18:18:24.000 UTC 0057 INFO[0m [grpc] [34;1mAddTraceEvent[0m -> [core] [Channel #16 SubChannel #17]Subchannel Connectivity change to CONNECTING
[34m2026-07-15 18:18:24.000 UTC 0058 INFO[0m [grpc] [34;1mAddTraceEvent[0m -> [core] [Channel #16 SubChannel #17]Subchannel picks a new address "peer0.sa.retf.com:7051" to connect
[34m2026-07-15 18:18:24.002 UTC 0059 INFO[0m [grpc] [34;1mAddTraceEvent[0m -> [core] [Channel #16 SubChannel #17]Subchannel Connectivity change to READY
[34m2026-07-15 18:18:24.002 UTC 005a INFO[0m [grpc] [34;1mInfof[0m -> [pick-first-leaf-lb] [pick-first-leaf-lb 0x15cdbce8a750] SubConn 0x15cdbce803c0 reported connectivity state READY and the health listener is disabled. Transitioning SubConn to READY.
[34m2026-07-15 18:18:24.002 UTC 005b INFO[0m [grpc] [34;1mAddTraceEvent[0m -> [core] [Channel #16]Channel Connectivity change to READY
[33m2026-07-15 18:18:24.002 UTC 005c WARN[0m [grpc] [33;1mWarningf[0m -> [core] Adjusting keepalive ping interval to minimum period of 10s
[34m2026-07-15 18:18:24.002 UTC 005d INFO[0m [grpc] [34;1mInfof[0m -> [core] original dial target is: "orderer.orderer.retf.com:7050"
[34m2026-07-15 18:18:24.002 UTC 005e INFO[0m [grpc] [34;1mAddTraceEvent[0m -> [core] [Channel #19]Channel created
[34m2026-07-15 18:18:24.002 UTC 005f INFO[0m [grpc] [34;1mAddTraceEvent[0m -> [core] [Channel #19]parsed dial target is: resolver.Target{URL:url.URL{Scheme:"passthrough", Opaque:"", User:(*url.Userinfo)(nil), Host:"", Path:"/orderer.orderer.retf.com:7050", Fragment:"", RawQuery:"", RawPath:"", RawFragment:"", ForceQuery:false, OmitHost:false}}
[34m2026-07-15 18:18:24.002 UTC 0060 INFO[0m [grpc] [34;1mAddTraceEvent[0m -> [core] [Channel #19]Channel authority set to "orderer.orderer.retf.com"
[34m2026-07-15 18:18:24.002 UTC 0061 INFO[0m [grpc] [34;1mAddTraceEvent[0m -> [core] [Channel #19]Resolver state updated: {
  "Addresses": [
    {
      "Addr": "orderer.orderer.retf.com:7050",
      "ServerName": "",
      "Attributes": null,
      "BalancerAttributes": null,
      "Metadata": null
    }
  ],
  "Endpoints": [
    {
      "Addresses": [
        {
          "Addr": "orderer.orderer.retf.com:7050",
          "ServerName": "",
          "Attributes": null,
          "BalancerAttributes": null,
          "Metadata": null
        }
      ],
      "Attributes": null
    }
  ],
  "ServiceConfig": null,
  "Attributes": null
} (resolver returned new addresses)
[34m2026-07-15 18:18:24.002 UTC 0062 INFO[0m [grpc] [34;1mAddTraceEvent[0m -> [core] [Channel #19]Channel switches to new LB policy "pick_first"
[34m2026-07-15 18:18:24.003 UTC 0063 INFO[0m [grpc] [34;1mInfof[0m -> [pick-first-leaf-lb] [pick-first-leaf-lb 0x15cdbcba4900] Received new config {
  "shuffleAddressList": false
}, resolver state {
  "Addresses": [
    {
      "Addr": "orderer.orderer.retf.com:7050",
      "ServerName": "",
      "Attributes": null,
      "BalancerAttributes": null,
      "Metadata": null
    }
  ],
  "Endpoints": [
    {
      "Addresses": [
        {
          "Addr": "orderer.orderer.retf.com:7050",
          "ServerName": "",
          "Attributes": null,
          "BalancerAttributes": null,
          "Metadata": null
        }
      ],
      "Attributes": null
    }
  ],
  "ServiceConfig": null,
  "Attributes": null
}
[34m2026-07-15 18:18:24.003 UTC 0064 INFO[0m [grpc] [34;1mAddTraceEvent[0m -> [core] [Channel #19]Channel Connectivity change to CONNECTING
[34m2026-07-15 18:18:24.003 UTC 0065 INFO[0m [grpc] [34;1mAddTraceEvent[0m -> [core] [Channel #19 SubChannel #20]Subchannel created
[34m2026-07-15 18:18:24.003 UTC 0066 INFO[0m [grpc] [34;1mAddTraceEvent[0m -> [core] [Channel #19]Channel exiting idle mode
[34m2026-07-15 18:18:24.003 UTC 0067 INFO[0m [grpc] [34;1mAddTraceEvent[0m -> [core] [Channel #19 SubChannel #20]Subchannel Connectivity change to CONNECTING
[34m2026-07-15 18:18:24.003 UTC 0068 INFO[0m [grpc] [34;1mAddTraceEvent[0m -> [core] [Channel #19 SubChannel #20]Subchannel picks a new address "orderer.orderer.retf.com:7050" to connect
[34m2026-07-15 18:18:24.006 UTC 0069 INFO[0m [grpc] [34;1mAddTraceEvent[0m -> [core] [Channel #19 SubChannel #20]Subchannel Connectivity change to READY
[34m2026-07-15 18:18:24.006 UTC 006a INFO[0m [grpc] [34;1mInfof[0m -> [pick-first-leaf-lb] [pick-first-leaf-lb 0x15cdbcba4900] SubConn 0x15cdbce4af00 reported connectivity state READY and the health listener is disabled. Transitioning SubConn to READY.
[34m2026-07-15 18:18:24.006 UTC 006b INFO[0m [grpc] [34;1mAddTraceEvent[0m -> [core] [Channel #19]Channel Connectivity change to READY
[34m2026-07-15 18:18:26.063 UTC 006c INFO[0m [chaincodeCmd] [34;1mClientWait[0m -> txid [5fb57b663a72b26ee73dda34e20761d1c8f0eb1d93545e5159c35f104b3411c0] committed with status (VALID) at peer0.nsw.retf.com:7051
[34m2026-07-15 18:18:26.065 UTC 006d INFO[0m [chaincodeCmd] [34;1mClientWait[0m -> txid [5fb57b663a72b26ee73dda34e20761d1c8f0eb1d93545e5159c35f104b3411c0] committed with status (VALID) at peer0.sa.retf.com:7051
[34m2026-07-15 18:18:26.065 UTC 006e INFO[0m [chaincodeCmd] [34;1mClientWait[0m -> txid [5fb57b663a72b26ee73dda34e20761d1c8f0eb1d93545e5159c35f104b3411c0] committed with status (VALID) at peer0.qld.retf.com:7051
[34m2026-07-15 18:18:26.065 UTC 006f INFO[0m [chaincodeCmd] [34;1mchaincodeInvokeOrQuery[0m -> Chaincode invoke successful. result: status:200 payload:"s2.2.2/task-policy/task-concurrent"
[34m2026-07-15 18:18:27.472 UTC 0001 INFO[0m [chaincodeCmd] [34;1mInitCmdFactory[0m -> InitCmdFactory: Entry: invoke, true, true
[34m2026-07-15 18:18:27.472 UTC 0002 INFO[0m [grpc] [34;1mInfof[0m -> [core] original dial target is: "peer0.nsw.retf.com:7051"
[34m2026-07-15 18:18:27.472 UTC 0003 INFO[0m [grpc] [34;1mAddTraceEvent[0m -> [core] [Channel #1]Channel created
[34m2026-07-15 18:18:27.472 UTC 0004 INFO[0m [grpc] [34;1mAddTraceEvent[0m -> [core] [Channel #1]parsed dial target is: resolver.Target{URL:url.URL{Scheme:"passthrough", Opaque:"", User:(*url.Userinfo)(nil), Host:"", Path:"/peer0.nsw.retf.com:7051", Fragment:"", RawQuery:"", RawPath:"", RawFragment:"", ForceQuery:false, OmitHost:false}}
[34m2026-07-15 18:18:27.472 UTC 0005 INFO[0m [grpc] [34;1mAddTraceEvent[0m -> [core] [Channel #1]Channel authority set to "peer0.nsw.retf.com:7051"
[34m2026-07-15 18:18:27.473 UTC 0006 INFO[0m [grpc] [34;1mAddTraceEvent[0m -> [core] [Channel #1]Resolver state updated: {
  "Addresses": [
    {
      "Addr": "peer0.nsw.retf.com:7051",
      "ServerName": "",
      "Attributes": null,
      "BalancerAttributes": null,
      "Metadata": null
    }
  ],
  "Endpoints": [
    {
      "Addresses": [
        {
          "Addr": "peer0.nsw.retf.com:7051",
          "ServerName": "",
          "Attributes": null,
          "BalancerAttributes": null,
          "Metadata": null
        }
      ],
      "Attributes": null
    }
  ],
  "ServiceConfig": null,
  "Attributes": null
} (resolver returned new addresses)
[34m2026-07-15 18:18:27.473 UTC 0007 INFO[0m [grpc] [34;1mAddTraceEvent[0m -> [core] [Channel #1]Channel switches to new LB policy "pick_first"
[34m2026-07-15 18:18:27.473 UTC 0008 INFO[0m [grpc] [34;1mInfof[0m -> [pick-first-leaf-lb] [pick-first-leaf-lb 0xb186b2f67e0] Received new config {
  "shuffleAddressList": false
}, resolver state {
  "Addresses": [
    {
      "Addr": "peer0.nsw.retf.com:7051",
      "ServerName": "",
      "Attributes": null,
      "BalancerAttributes": null,
      "Metadata": null
    }
  ],
  "Endpoints": [
    {
      "Addresses": [
        {
          "Addr": "peer0.nsw.retf.com:7051",
          "ServerName": "",
          "Attributes": null,
          "BalancerAttributes": null,
          "Metadata": null
        }
      ],
      "Attributes": null
    }
  ],
  "ServiceConfig": null,
  "Attributes": null
}
[34m2026-07-15 18:18:27.473 UTC 0009 INFO[0m [grpc] [34;1mAddTraceEvent[0m -> [core] [Channel #1]Channel Connectivity change to CONNECTING
[34m2026-07-15 18:18:27.473 UTC 000a INFO[0m [grpc] [34;1mAddTraceEvent[0m -> [core] [Channel #1 SubChannel #2]Subchannel created
[34m2026-07-15 18:18:27.473 UTC 000b INFO[0m [grpc] [34;1mAddTraceEvent[0m -> [core] [Channel #1]Channel exiting idle mode
[34m2026-07-15 18:18:27.473 UTC 000c INFO[0m [grpc] [34;1mAddTraceEvent[0m -> [core] [Channel #1 SubChannel #2]Subchannel Connectivity change to CONNECTING
[34m2026-07-15 18:18:27.473 UTC 000d INFO[0m [grpc] [34;1mAddTraceEvent[0m -> [core] [Channel #1 SubChannel #2]Subchannel picks a new address "peer0.nsw.retf.com:7051" to connect
[34m2026-07-15 18:18:27.475 UTC 000e INFO[0m [grpc] [34;1mAddTraceEvent[0m -> [core] [Channel #1 SubChannel #2]Subchannel Connectivity change to READY
[34m2026-07-15 18:18:27.475 UTC 000f INFO[0m [grpc] [34;1mInfof[0m -> [pick-first-leaf-lb] [pick-first-leaf-lb 0xb186b2f67e0] SubConn 0xb186b17b810 reported connectivity state READY and the health listener is disabled. Transitioning SubConn to READY.
[34m2026-07-15 18:18:27.475 UTC 0010 INFO[0m [grpc] [34;1mAddTraceEvent[0m -> [core] [Channel #1]Channel Connectivity change to READY
[34m2026-07-15 18:18:27.475 UTC 0011 INFO[0m [grpc] [34;1mInfof[0m -> [core] original dial target is: "peer0.nsw.retf.com:7051"
[34m2026-07-15 18:18:27.475 UTC 0012 INFO[0m [grpc] [34;1mAddTraceEvent[0m -> [core] [Channel #4]Channel created
[34m2026-07-15 18:18:27.475 UTC 0013 INFO[0m [grpc] [34;1mAddTraceEvent[0m -> [core] [Channel #4]parsed dial target is: resolver.Target{URL:url.URL{Scheme:"passthrough", Opaque:"", User:(*url.Userinfo)(nil), Host:"", Path:"/peer0.nsw.retf.com:7051", Fragment:"", RawQuery:"", RawPath:"", RawFragment:"", ForceQuery:false, OmitHost:false}}
[34m2026-07-15 18:18:27.475 UTC 0014 INFO[0m [grpc] [34;1mAddTraceEvent[0m -> [core] [Channel #4]Channel authority set to "peer0.nsw.retf.com:7051"
[34m2026-07-15 18:18:27.475 UTC 0015 INFO[0m [grpc] [34;1mAddTraceEvent[0m -> [core] [Channel #4]Resolver state updated: {
  "Addresses": [
    {
      "Addr": "peer0.nsw.retf.com:7051",
      "ServerName": "",
      "Attributes": null,
      "BalancerAttributes": null,
      "Metadata": null
    }
  ],
  "Endpoints": [
    {
      "Addresses": [
        {
          "Addr": "peer0.nsw.retf.com:7051",
          "ServerName": "",
          "Attributes": null,
          "BalancerAttributes": null,
          "Metadata": null
        }
      ],
      "Attributes": null
    }
  ],
  "ServiceConfig": null,
  "Attributes": null
} (resolver returned new addresses)
[34m2026-07-15 18:18:27.475 UTC 0016 INFO[0m [grpc] [34;1mAddTraceEvent[0m -> [core] [Channel #4]Channel switches to new LB policy "pick_first"
[34m2026-07-15 18:18:27.475 UTC 0017 INFO[0m [grpc] [34;1mInfof[0m -> [pick-first-leaf-lb] [pick-first-leaf-lb 0xb186b2f6bd0] Received new config {
  "shuffleAddressList": false
}, resolver state {
  "Addresses": [
    {
      "Addr": "peer0.nsw.retf.com:7051",
      "ServerName": "",
      "Attributes": null,
      "BalancerAttributes": null,
      "Metadata": null
    }
  ],
  "Endpoints": [
    {
      "Addresses": [
        {
          "Addr": "peer0.nsw.retf.com:7051",
          "ServerName": "",
          "Attributes": null,
          "BalancerAttributes": null,
          "Metadata": null
        }
      ],
      "Attributes": null
    }
  ],
  "ServiceConfig": null,
  "Attributes": null
}
[34m2026-07-15 18:18:27.475 UTC 0018 INFO[0m [grpc] [34;1mAddTraceEvent[0m -> [core] [Channel #4]Channel Connectivity change to CONNECTING
[34m2026-07-15 18:18:27.475 UTC 0019 INFO[0m [grpc] [34;1mAddTraceEvent[0m -> [core] [Channel #4 SubChannel #5]Subchannel created
[34m2026-07-15 18:18:27.475 UTC 001a INFO[0m [grpc] [34;1mAddTraceEvent[0m -> [core] [Channel #4]Channel exiting idle mode
[34m2026-07-15 18:18:27.476 UTC 001b INFO[0m [grpc] [34;1mAddTraceEvent[0m -> [core] [Channel #4 SubChannel #5]Subchannel Connectivity change to CONNECTING
[34m2026-07-15 18:18:27.476 UTC 001c INFO[0m [grpc] [34;1mAddTraceEvent[0m -> [core] [Channel #4 SubChannel #5]Subchannel picks a new address "peer0.nsw.retf.com:7051" to connect
[34m2026-07-15 18:18:27.477 UTC 001d INFO[0m [grpc] [34;1mAddTraceEvent[0m -> [core] [Channel #4 SubChannel #5]Subchannel Connectivity change to READY
[34m2026-07-15 18:18:27.477 UTC 001e INFO[0m [grpc] [34;1mInfof[0m -> [pick-first-leaf-lb] [pick-first-leaf-lb 0xb186b2f6bd0] SubConn 0xb186b528190 reported connectivity state READY and the health listener is disabled. Transitioning SubConn to READY.
[34m2026-07-15 18:18:27.477 UTC 001f INFO[0m [grpc] [34;1mAddTraceEvent[0m -> [core] [Channel #4]Channel Connectivity change to READY
[34m2026-07-15 18:18:27.478 UTC 0020 INFO[0m [grpc] [34;1mInfof[0m -> [core] original dial target is: "peer0.qld.retf.com:7051"
[34m2026-07-15 18:18:27.478 UTC 0021 INFO[0m [grpc] [34;1mAddTraceEvent[0m -> [core] [Channel #7]Channel created
[34m2026-07-15 18:18:27.478 UTC 0022 INFO[0m [grpc] [34;1mAddTraceEvent[0m -> [core] [Channel #7]parsed dial target is: resolver.Target{URL:url.URL{Scheme:"passthrough", Opaque:"", User:(*url.Userinfo)(nil), Host:"", Path:"/peer0.qld.retf.com:7051", Fragment:"", RawQuery:"", RawPath:"", RawFragment:"", ForceQuery:false, OmitHost:false}}
[34m2026-07-15 18:18:27.478 UTC 0023 INFO[0m [grpc] [34;1mAddTraceEvent[0m -> [core] [Channel #7]Channel authority set to "peer0.qld.retf.com:7051"
[34m2026-07-15 18:18:27.478 UTC 0024 INFO[0m [grpc] [34;1mAddTraceEvent[0m -> [core] [Channel #7]Resolver state updated: {
  "Addresses": [
    {
      "Addr": "peer0.qld.retf.com:7051",
      "ServerName": "",
      "Attributes": null,
      "BalancerAttributes": null,
      "Metadata": null
    }
  ],
  "Endpoints": [
    {
      "Addresses": [
        {
          "Addr": "peer0.qld.retf.com:7051",
          "ServerName": "",
          "Attributes": null,
          "BalancerAttributes": null,
          "Metadata": null
        }
      ],
      "Attributes": null
    }
  ],
  "ServiceConfig": null,
  "Attributes": null
} (resolver returned new addresses)
[34m2026-07-15 18:18:27.478 UTC 0025 INFO[0m [grpc] [34;1mAddTraceEvent[0m -> [core] [Channel #7]Channel switches to new LB policy "pick_first"
[34m2026-07-15 18:18:27.478 UTC 0026 INFO[0m [grpc] [34;1mInfof[0m -> [pick-first-leaf-lb] [pick-first-leaf-lb 0xb186b2f6fc0] Received new config {
  "shuffleAddressList": false
}, resolver state {
  "Addresses": [
    {
      "Addr": "peer0.qld.retf.com:7051",
      "ServerName": "",
      "Attributes": null,
      "BalancerAttributes": null,
      "Metadata": null
    }
  ],
  "Endpoints": [
    {
      "Addresses": [
        {
          "Addr": "peer0.qld.retf.com:7051",
          "ServerName": "",
          "Attributes": null,
          "BalancerAttributes": null,
          "Metadata": null
        }
      ],
      "Attributes": null
    }
  ],
  "ServiceConfig": null,
  "Attributes": null
}
[34m2026-07-15 18:18:27.478 UTC 0027 INFO[0m [grpc] [34;1mAddTraceEvent[0m -> [core] [Channel #7]Channel Connectivity change to CONNECTING
[34m2026-07-15 18:18:27.478 UTC 0028 INFO[0m [grpc] [34;1mAddTraceEvent[0m -> [core] [Channel #7 SubChannel #8]Subchannel created
[34m2026-07-15 18:18:27.478 UTC 0029 INFO[0m [grpc] [34;1mAddTraceEvent[0m -> [core] [Channel #7]Channel exiting idle mode
[34m2026-07-15 18:18:27.478 UTC 002a INFO[0m [grpc] [34;1mAddTraceEvent[0m -> [core] [Channel #7 SubChannel #8]Subchannel Connectivity change to CONNECTING
[34m2026-07-15 18:18:27.478 UTC 002b INFO[0m [grpc] [34;1mAddTraceEvent[0m -> [core] [Channel #7 SubChannel #8]Subchannel picks a new address "peer0.qld.retf.com:7051" to connect
[34m2026-07-15 18:18:27.481 UTC 002c INFO[0m [grpc] [34;1mAddTraceEvent[0m -> [core] [Channel #7 SubChannel #8]Subchannel Connectivity change to READY
[34m2026-07-15 18:18:27.481 UTC 002d INFO[0m [grpc] [34;1mInfof[0m -> [pick-first-leaf-lb] [pick-first-leaf-lb 0xb186b2f6fc0] SubConn 0xb186b528500 reported connectivity state READY and the health listener is disabled. Transitioning SubConn to READY.
[34m2026-07-15 18:18:27.481 UTC 002e INFO[0m [grpc] [34;1mAddTraceEvent[0m -> [core] [Channel #7]Channel Connectivity change to READY
[34m2026-07-15 18:18:27.481 UTC 002f INFO[0m [grpc] [34;1mInfof[0m -> [core] original dial target is: "peer0.qld.retf.com:7051"
[34m2026-07-15 18:18:27.481 UTC 0030 INFO[0m [grpc] [34;1mAddTraceEvent[0m -> [core] [Channel #10]Channel created
[34m2026-07-15 18:18:27.482 UTC 0031 INFO[0m [grpc] [34;1mAddTraceEvent[0m -> [core] [Channel #10]parsed dial target is: resolver.Target{URL:url.URL{Scheme:"passthrough", Opaque:"", User:(*url.Userinfo)(nil), Host:"", Path:"/peer0.qld.retf.com:7051", Fragment:"", RawQuery:"", RawPath:"", RawFragment:"", ForceQuery:false, OmitHost:false}}
[34m2026-07-15 18:18:27.482 UTC 0032 INFO[0m [grpc] [34;1mAddTraceEvent[0m -> [core] [Channel #10]Channel authority set to "peer0.qld.retf.com:7051"
[34m2026-07-15 18:18:27.482 UTC 0033 INFO[0m [grpc] [34;1mAddTraceEvent[0m -> [core] [Channel #10]Resolver state updated: {
  "Addresses": [
    {
      "Addr": "peer0.qld.retf.com:7051",
      "ServerName": "",
      "Attributes": null,
      "BalancerAttributes": null,
      "Metadata": null
    }
  ],
  "Endpoints": [
    {
      "Addresses": [
        {
          "Addr": "peer0.qld.retf.com:7051",
          "ServerName": "",
          "Attributes": null,
          "BalancerAttributes": null,
          "Metadata": null
        }
      ],
      "Attributes": null
    }
  ],
  "ServiceConfig": null,
  "Attributes": null
} (resolver returned new addresses)
[34m2026-07-15 18:18:27.482 UTC 0034 INFO[0m [grpc] [34;1mAddTraceEvent[0m -> [core] [Channel #10]Channel switches to new LB policy "pick_first"
[34m2026-07-15 18:18:27.482 UTC 0035 INFO[0m [grpc] [34;1mInfof[0m -> [pick-first-leaf-lb] [pick-first-leaf-lb 0xb186b178120] Received new config {
  "shuffleAddressList": false
}, resolver state {
  "Addresses": [
    {
      "Addr": "peer0.qld.retf.com:7051",
      "ServerName": "",
      "Attributes": null,
      "BalancerAttributes": null,
      "Metadata": null
    }
  ],
  "Endpoints": [
    {
      "Addresses": [
        {
          "Addr": "peer0.qld.retf.com:7051",
          "ServerName": "",
          "Attributes": null,
          "BalancerAttributes": null,
          "Metadata": null
        }
      ],
      "Attributes": null
    }
  ],
  "ServiceConfig": null,
  "Attributes": null
}
[34m2026-07-15 18:18:27.482 UTC 0036 INFO[0m [grpc] [34;1mAddTraceEvent[0m -> [core] [Channel #10]Channel Connectivity change to CONNECTING
[34m2026-07-15 18:18:27.482 UTC 0037 INFO[0m [grpc] [34;1mAddTraceEvent[0m -> [core] [Channel #10 SubChannel #11]Subchannel created
[34m2026-07-15 18:18:27.482 UTC 0038 INFO[0m [grpc] [34;1mAddTraceEvent[0m -> [core] [Channel #10]Channel exiting idle mode
[34m2026-07-15 18:18:27.482 UTC 0039 INFO[0m [grpc] [34;1mAddTraceEvent[0m -> [core] [Channel #10 SubChannel #11]Subchannel Connectivity change to CONNECTING
[34m2026-07-15 18:18:27.482 UTC 003a INFO[0m [grpc] [34;1mAddTraceEvent[0m -> [core] [Channel #10 SubChannel #11]Subchannel picks a new address "peer0.qld.retf.com:7051" to connect
[34m2026-07-15 18:18:27.484 UTC 003b INFO[0m [grpc] [34;1mAddTraceEvent[0m -> [core] [Channel #10 SubChannel #11]Subchannel Connectivity change to READY
[34m2026-07-15 18:18:27.484 UTC 003c INFO[0m [grpc] [34;1mInfof[0m -> [pick-first-leaf-lb] [pick-first-leaf-lb 0xb186b178120] SubConn 0xb186b6a0190 reported connectivity state READY and the health listener is disabled. Transitioning SubConn to READY.
[34m2026-07-15 18:18:27.484 UTC 003d INFO[0m [grpc] [34;1mAddTraceEvent[0m -> [core] [Channel #10]Channel Connectivity change to READY
[34m2026-07-15 18:18:27.484 UTC 003e INFO[0m [grpc] [34;1mInfof[0m -> [core] original dial target is: "peer0.sa.retf.com:7051"
[34m2026-07-15 18:18:27.484 UTC 003f INFO[0m [grpc] [34;1mAddTraceEvent[0m -> [core] [Channel #13]Channel created
[34m2026-07-15 18:18:27.484 UTC 0040 INFO[0m [grpc] [34;1mAddTraceEvent[0m -> [core] [Channel #13]parsed dial target is: resolver.Target{URL:url.URL{Scheme:"passthrough", Opaque:"", User:(*url.Userinfo)(nil), Host:"", Path:"/peer0.sa.retf.com:7051", Fragment:"", RawQuery:"", RawPath:"", RawFragment:"", ForceQuery:false, OmitHost:false}}
[34m2026-07-15 18:18:27.484 UTC 0041 INFO[0m [grpc] [34;1mAddTraceEvent[0m -> [core] [Channel #13]Channel authority set to "peer0.sa.retf.com:7051"
[34m2026-07-15 18:18:27.484 UTC 0042 INFO[0m [grpc] [34;1mAddTraceEvent[0m -> [core] [Channel #13]Resolver state updated: {
  "Addresses": [
    {
      "Addr": "peer0.sa.retf.com:7051",
      "ServerName": "",
      "Attributes": null,
      "BalancerAttributes": null,
      "Metadata": null
    }
  ],
  "Endpoints": [
    {
      "Addresses": [
        {
          "Addr": "peer0.sa.retf.com:7051",
          "ServerName": "",
          "Attributes": null,
          "BalancerAttributes": null,
          "Metadata": null
        }
      ],
      "Attributes": null
    }
  ],
  "ServiceConfig": null,
  "Attributes": null
} (resolver returned new addresses)
[34m2026-07-15 18:18:27.484 UTC 0043 INFO[0m [grpc] [34;1mAddTraceEvent[0m -> [core] [Channel #13]Channel switches to new LB policy "pick_first"
[34m2026-07-15 18:18:27.484 UTC 0044 INFO[0m [grpc] [34;1mInfof[0m -> [pick-first-leaf-lb] [pick-first-leaf-lb 0xb186b0aafc0] Received new config {
  "shuffleAddressList": false
}, resolver state {
  "Addresses": [
    {
      "Addr": "peer0.sa.retf.com:7051",
      "ServerName": "",
      "Attributes": null,
      "BalancerAttributes": null,
      "Metadata": null
    }
  ],
  "Endpoints": [
    {
      "Addresses": [
        {
          "Addr": "peer0.sa.retf.com:7051",
          "ServerName": "",
          "Attributes": null,
          "BalancerAttributes": null,
          "Metadata": null
        }
      ],
      "Attributes": null
    }
  ],
  "ServiceConfig": null,
  "Attributes": null
}
[34m2026-07-15 18:18:27.484 UTC 0045 INFO[0m [grpc] [34;1mAddTraceEvent[0m -> [core] [Channel #13]Channel Connectivity change to CONNECTING
[34m2026-07-15 18:18:27.484 UTC 0046 INFO[0m [grpc] [34;1mAddTraceEvent[0m -> [core] [Channel #13 SubChannel #14]Subchannel created
[34m2026-07-15 18:18:27.484 UTC 0047 INFO[0m [grpc] [34;1mAddTraceEvent[0m -> [core] [Channel #13]Channel exiting idle mode
[34m2026-07-15 18:18:27.484 UTC 0048 INFO[0m [grpc] [34;1mAddTraceEvent[0m -> [core] [Channel #13 SubChannel #14]Subchannel Connectivity change to CONNECTING
[34m2026-07-15 18:18:27.484 UTC 0049 INFO[0m [grpc] [34;1mAddTraceEvent[0m -> [core] [Channel #13 SubChannel #14]Subchannel picks a new address "peer0.sa.retf.com:7051" to connect
[34m2026-07-15 18:18:27.486 UTC 004a INFO[0m [grpc] [34;1mAddTraceEvent[0m -> [core] [Channel #13 SubChannel #14]Subchannel Connectivity change to READY
[34m2026-07-15 18:18:27.487 UTC 004b INFO[0m [grpc] [34;1mInfof[0m -> [pick-first-leaf-lb] [pick-first-leaf-lb 0xb186b0aafc0] SubConn 0xb186b3fa500 reported connectivity state READY and the health listener is disabled. Transitioning SubConn to READY.
[34m2026-07-15 18:18:27.487 UTC 004c INFO[0m [grpc] [34;1mAddTraceEvent[0m -> [core] [Channel #13]Channel Connectivity change to READY
[34m2026-07-15 18:18:27.487 UTC 004d INFO[0m [grpc] [34;1mInfof[0m -> [core] original dial target is: "peer0.sa.retf.com:7051"
[34m2026-07-15 18:18:27.487 UTC 004e INFO[0m [grpc] [34;1mAddTraceEvent[0m -> [core] [Channel #16]Channel created
[34m2026-07-15 18:18:27.487 UTC 004f INFO[0m [grpc] [34;1mAddTraceEvent[0m -> [core] [Channel #16]parsed dial target is: resolver.Target{URL:url.URL{Scheme:"passthrough", Opaque:"", User:(*url.Userinfo)(nil), Host:"", Path:"/peer0.sa.retf.com:7051", Fragment:"", RawQuery:"", RawPath:"", RawFragment:"", ForceQuery:false, OmitHost:false}}
[34m2026-07-15 18:18:27.487 UTC 0050 INFO[0m [grpc] [34;1mAddTraceEvent[0m -> [core] [Channel #16]Channel authority set to "peer0.sa.retf.com:7051"
[34m2026-07-15 18:18:27.487 UTC 0051 INFO[0m [grpc] [34;1mAddTraceEvent[0m -> [core] [Channel #16]Resolver state updated: {
  "Addresses": [
    {
      "Addr": "peer0.sa.retf.com:7051",
      "ServerName": "",
      "Attributes": null,
      "BalancerAttributes": null,
      "Metadata": null
    }
  ],
  "Endpoints": [
    {
      "Addresses": [
        {
          "Addr": "peer0.sa.retf.com:7051",
          "ServerName": "",
          "Attributes": null,
          "BalancerAttributes": null,
          "Metadata": null
        }
      ],
      "Attributes": null
    }
  ],
  "ServiceConfig": null,
  "Attributes": null
} (resolver returned new addresses)
[34m2026-07-15 18:18:27.487 UTC 0052 INFO[0m [grpc] [34;1mAddTraceEvent[0m -> [core] [Channel #16]Channel switches to new LB policy "pick_first"
[34m2026-07-15 18:18:27.487 UTC 0053 INFO[0m [grpc] [34;1mInfof[0m -> [pick-first-leaf-lb] [pick-first-leaf-lb 0xb186b2f6d80] Received new config {
  "shuffleAddressList": false
}, resolver state {
  "Addresses": [
    {
      "Addr": "peer0.sa.retf.com:7051",
      "ServerName": "",
      "Attributes": null,
      "BalancerAttributes": null,
      "Metadata": null
    }
  ],
  "Endpoints": [
    {
      "Addresses": [
        {
          "Addr": "peer0.sa.retf.com:7051",
          "ServerName": "",
          "Attributes": null,
          "BalancerAttributes": null,
          "Metadata": null
        }
      ],
      "Attributes": null
    }
  ],
  "ServiceConfig": null,
  "Attributes": null
}
[34m2026-07-15 18:18:27.487 UTC 0054 INFO[0m [grpc] [34;1mAddTraceEvent[0m -> [core] [Channel #16]Channel Connectivity change to CONNECTING
[34m2026-07-15 18:18:27.487 UTC 0055 INFO[0m [grpc] [34;1mAddTraceEvent[0m -> [core] [Channel #16 SubChannel #17]Subchannel created
[34m2026-07-15 18:18:27.487 UTC 0056 INFO[0m [grpc] [34;1mAddTraceEvent[0m -> [core] [Channel #16]Channel exiting idle mode
[34m2026-07-15 18:18:27.487 UTC 0057 INFO[0m [grpc] [34;1mAddTraceEvent[0m -> [core] [Channel #16 SubChannel #17]Subchannel Connectivity change to CONNECTING
[34m2026-07-15 18:18:27.487 UTC 0058 INFO[0m [grpc] [34;1mAddTraceEvent[0m -> [core] [Channel #16 SubChannel #17]Subchannel picks a new address "peer0.sa.retf.com:7051" to connect
[34m2026-07-15 18:18:27.489 UTC 0059 INFO[0m [grpc] [34;1mAddTraceEvent[0m -> [core] [Channel #16 SubChannel #17]Subchannel Connectivity change to READY
[34m2026-07-15 18:18:27.489 UTC 005a INFO[0m [grpc] [34;1mInfof[0m -> [pick-first-leaf-lb] [pick-first-leaf-lb 0xb186b2f6d80] SubConn 0xb186b528dc0 reported connectivity state READY and the health listener is disabled. Transitioning SubConn to READY.
[34m2026-07-15 18:18:27.489 UTC 005b INFO[0m [grpc] [34;1mAddTraceEvent[0m -> [core] [Channel #16]Channel Connectivity change to READY
[33m2026-07-15 18:18:27.489 UTC 005c WARN[0m [grpc] [33;1mWarningf[0m -> [core] Adjusting keepalive ping interval to minimum period of 10s
[34m2026-07-15 18:18:27.489 UTC 005d INFO[0m [grpc] [34;1mInfof[0m -> [core] original dial target is: "orderer.orderer.retf.com:7050"
[34m2026-07-15 18:18:27.490 UTC 005e INFO[0m [grpc] [34;1mAddTraceEvent[0m -> [core] [Channel #19]Channel created
[34m2026-07-15 18:18:27.490 UTC 005f INFO[0m [grpc] [34;1mAddTraceEvent[0m -> [core] [Channel #19]parsed dial target is: resolver.Target{URL:url.URL{Scheme:"passthrough", Opaque:"", User:(*url.Userinfo)(nil), Host:"", Path:"/orderer.orderer.retf.com:7050", Fragment:"", RawQuery:"", RawPath:"", RawFragment:"", ForceQuery:false, OmitHost:false}}
[34m2026-07-15 18:18:27.490 UTC 0060 INFO[0m [grpc] [34;1mAddTraceEvent[0m -> [core] [Channel #19]Channel authority set to "orderer.orderer.retf.com"
[34m2026-07-15 18:18:27.490 UTC 0061 INFO[0m [grpc] [34;1mAddTraceEvent[0m -> [core] [Channel #19]Resolver state updated: {
  "Addresses": [
    {
      "Addr": "orderer.orderer.retf.com:7050",
      "ServerName": "",
      "Attributes": null,
      "BalancerAttributes": null,
      "Metadata": null
    }
  ],
  "Endpoints": [
    {
      "Addresses": [
        {
          "Addr": "orderer.orderer.retf.com:7050",
          "ServerName": "",
          "Attributes": null,
          "BalancerAttributes": null,
          "Metadata": null
        }
      ],
      "Attributes": null
    }
  ],
  "ServiceConfig": null,
  "Attributes": null
} (resolver returned new addresses)
[34m2026-07-15 18:18:27.490 UTC 0062 INFO[0m [grpc] [34;1mAddTraceEvent[0m -> [core] [Channel #19]Channel switches to new LB policy "pick_first"
[34m2026-07-15 18:18:27.490 UTC 0063 INFO[0m [grpc] [34;1mInfof[0m -> [pick-first-leaf-lb] [pick-first-leaf-lb 0xb186b3b02d0] Received new config {
  "shuffleAddressList": false
}, resolver state {
  "Addresses": [
    {
      "Addr": "orderer.orderer.retf.com:7050",
      "ServerName": "",
      "Attributes": null,
      "BalancerAttributes": null,
      "Metadata": null
    }
  ],
  "Endpoints": [
    {
      "Addresses": [
        {
          "Addr": "orderer.orderer.retf.com:7050",
          "ServerName": "",
          "Attributes": null,
          "BalancerAttributes": null,
          "Metadata": null
        }
      ],
      "Attributes": null
    }
  ],
  "ServiceConfig": null,
  "Attributes": null
}
[34m2026-07-15 18:18:27.490 UTC 0064 INFO[0m [grpc] [34;1mAddTraceEvent[0m -> [core] [Channel #19]Channel Connectivity change to CONNECTING
[34m2026-07-15 18:18:27.490 UTC 0065 INFO[0m [grpc] [34;1mAddTraceEvent[0m -> [core] [Channel #19 SubChannel #20]Subchannel created
[34m2026-07-15 18:18:27.490 UTC 0066 INFO[0m [grpc] [34;1mAddTraceEvent[0m -> [core] [Channel #19]Channel exiting idle mode
[34m2026-07-15 18:18:27.490 UTC 0067 INFO[0m [grpc] [34;1mAddTraceEvent[0m -> [core] [Channel #19 SubChannel #20]Subchannel Connectivity change to CONNECTING
[34m2026-07-15 18:18:27.490 UTC 0068 INFO[0m [grpc] [34;1mAddTraceEvent[0m -> [core] [Channel #19 SubChannel #20]Subchannel picks a new address "orderer.orderer.retf.com:7050" to connect
[34m2026-07-15 18:18:27.499 UTC 0069 INFO[0m [grpc] [34;1mAddTraceEvent[0m -> [core] [Channel #19 SubChannel #20]Subchannel Connectivity change to READY
[34m2026-07-15 18:18:27.499 UTC 006a INFO[0m [grpc] [34;1mInfof[0m -> [pick-first-leaf-lb] [pick-first-leaf-lb 0xb186b3b02d0] SubConn 0xb186b306dc0 reported connectivity state READY and the health listener is disabled. Transitioning SubConn to READY.
[34m2026-07-15 18:18:27.499 UTC 006b INFO[0m [grpc] [34;1mAddTraceEvent[0m -> [core] [Channel #19]Channel Connectivity change to READY
[34m2026-07-15 18:18:29.557 UTC 006c INFO[0m [chaincodeCmd] [34;1mClientWait[0m -> txid [f1b2dcc97acc090d13b5d9a4a0e38ea2cdb03b171061465b22e3c7d99487857d] committed with status (VALID) at peer0.qld.retf.com:7051
[34m2026-07-15 18:18:29.559 UTC 006e INFO[0m [chaincodeCmd] [34;1mClientWait[0m -> txid [f1b2dcc97acc090d13b5d9a4a0e38ea2cdb03b171061465b22e3c7d99487857d] committed with status (VALID) at peer0.sa.retf.com:7051
[34m2026-07-15 18:18:29.559 UTC 006d INFO[0m [chaincodeCmd] [34;1mClientWait[0m -> txid [f1b2dcc97acc090d13b5d9a4a0e38ea2cdb03b171061465b22e3c7d99487857d] committed with status (VALID) at peer0.nsw.retf.com:7051
[34m2026-07-15 18:18:29.559 UTC 006f INFO[0m [chaincodeCmd] [34;1mchaincodeInvokeOrQuery[0m -> Chaincode invoke successful. result: status:200 payload:"s2.2.2/task-policy/task-env-restart"
[34m2026-07-15 18:18:30.945 UTC 0001 INFO[0m [chaincodeCmd] [34;1mInitCmdFactory[0m -> InitCmdFactory: Entry: invoke, true, true
[34m2026-07-15 18:18:30.945 UTC 0002 INFO[0m [grpc] [34;1mInfof[0m -> [core] original dial target is: "peer0.nsw.retf.com:7051"
[34m2026-07-15 18:18:30.945 UTC 0003 INFO[0m [grpc] [34;1mAddTraceEvent[0m -> [core] [Channel #1]Channel created
[34m2026-07-15 18:18:30.945 UTC 0004 INFO[0m [grpc] [34;1mAddTraceEvent[0m -> [core] [Channel #1]parsed dial target is: resolver.Target{URL:url.URL{Scheme:"passthrough", Opaque:"", User:(*url.Userinfo)(nil), Host:"", Path:"/peer0.nsw.retf.com:7051", Fragment:"", RawQuery:"", RawPath:"", RawFragment:"", ForceQuery:false, OmitHost:false}}
[34m2026-07-15 18:18:30.945 UTC 0005 INFO[0m [grpc] [34;1mAddTraceEvent[0m -> [core] [Channel #1]Channel authority set to "peer0.nsw.retf.com:7051"
[34m2026-07-15 18:18:30.946 UTC 0006 INFO[0m [grpc] [34;1mAddTraceEvent[0m -> [core] [Channel #1]Resolver state updated: {
  "Addresses": [
    {
      "Addr": "peer0.nsw.retf.com:7051",
      "ServerName": "",
      "Attributes": null,
      "BalancerAttributes": null,
      "Metadata": null
    }
  ],
  "Endpoints": [
    {
      "Addresses": [
        {
          "Addr": "peer0.nsw.retf.com:7051",
          "ServerName": "",
          "Attributes": null,
          "BalancerAttributes": null,
          "Metadata": null
        }
      ],
      "Attributes": null
    }
  ],
  "ServiceConfig": null,
  "Attributes": null
} (resolver returned new addresses)
[34m2026-07-15 18:18:30.946 UTC 0007 INFO[0m [grpc] [34;1mAddTraceEvent[0m -> [core] [Channel #1]Channel switches to new LB policy "pick_first"
[34m2026-07-15 18:18:30.946 UTC 0008 INFO[0m [grpc] [34;1mInfof[0m -> [pick-first-leaf-lb] [pick-first-leaf-lb 0x1d7a987745a0] Received new config {
  "shuffleAddressList": false
}, resolver state {
  "Addresses": [
    {
      "Addr": "peer0.nsw.retf.com:7051",
      "ServerName": "",
      "Attributes": null,
      "BalancerAttributes": null,
      "Metadata": null
    }
  ],
  "Endpoints": [
    {
      "Addresses": [
        {
          "Addr": "peer0.nsw.retf.com:7051",
          "ServerName": "",
          "Attributes": null,
          "BalancerAttributes": null,
          "Metadata": null
        }
      ],
      "Attributes": null
    }
  ],
  "ServiceConfig": null,
  "Attributes": null
}
[34m2026-07-15 18:18:30.946 UTC 0009 INFO[0m [grpc] [34;1mAddTraceEvent[0m -> [core] [Channel #1]Channel Connectivity change to CONNECTING
[34m2026-07-15 18:18:30.946 UTC 000a INFO[0m [grpc] [34;1mAddTraceEvent[0m -> [core] [Channel #1 SubChannel #2]Subchannel created
[34m2026-07-15 18:18:30.946 UTC 000b INFO[0m [grpc] [34;1mAddTraceEvent[0m -> [core] [Channel #1]Channel exiting idle mode
[34m2026-07-15 18:18:30.946 UTC 000c INFO[0m [grpc] [34;1mAddTraceEvent[0m -> [core] [Channel #1 SubChannel #2]Subchannel Connectivity change to CONNECTING
[34m2026-07-15 18:18:30.946 UTC 000d INFO[0m [grpc] [34;1mAddTraceEvent[0m -> [core] [Channel #1 SubChannel #2]Subchannel picks a new address "peer0.nsw.retf.com:7051" to connect
[34m2026-07-15 18:18:30.949 UTC 000e INFO[0m [grpc] [34;1mAddTraceEvent[0m -> [core] [Channel #1 SubChannel #2]Subchannel Connectivity change to READY
[34m2026-07-15 18:18:30.949 UTC 000f INFO[0m [grpc] [34;1mInfof[0m -> [pick-first-leaf-lb] [pick-first-leaf-lb 0x1d7a987745a0] SubConn 0x1d7a9876f810 reported connectivity state READY and the health listener is disabled. Transitioning SubConn to READY.
[34m2026-07-15 18:18:30.949 UTC 0010 INFO[0m [grpc] [34;1mAddTraceEvent[0m -> [core] [Channel #1]Channel Connectivity change to READY
[34m2026-07-15 18:18:30.949 UTC 0011 INFO[0m [grpc] [34;1mInfof[0m -> [core] original dial target is: "peer0.nsw.retf.com:7051"
[34m2026-07-15 18:18:30.949 UTC 0012 INFO[0m [grpc] [34;1mAddTraceEvent[0m -> [core] [Channel #4]Channel created
[34m2026-07-15 18:18:30.949 UTC 0013 INFO[0m [grpc] [34;1mAddTraceEvent[0m -> [core] [Channel #4]parsed dial target is: resolver.Target{URL:url.URL{Scheme:"passthrough", Opaque:"", User:(*url.Userinfo)(nil), Host:"", Path:"/peer0.nsw.retf.com:7051", Fragment:"", RawQuery:"", RawPath:"", RawFragment:"", ForceQuery:false, OmitHost:false}}
[34m2026-07-15 18:18:30.949 UTC 0014 INFO[0m [grpc] [34;1mAddTraceEvent[0m -> [core] [Channel #4]Channel authority set to "peer0.nsw.retf.com:7051"
[34m2026-07-15 18:18:30.949 UTC 0015 INFO[0m [grpc] [34;1mAddTraceEvent[0m -> [core] [Channel #4]Resolver state updated: {
  "Addresses": [
    {
      "Addr": "peer0.nsw.retf.com:7051",
      "ServerName": "",
      "Attributes": null,
      "BalancerAttributes": null,
      "Metadata": null
    }
  ],
  "Endpoints": [
    {
      "Addresses": [
        {
          "Addr": "peer0.nsw.retf.com:7051",
          "ServerName": "",
          "Attributes": null,
          "BalancerAttributes": null,
          "Metadata": null
        }
      ],
      "Attributes": null
    }
  ],
  "ServiceConfig": null,
  "Attributes": null
} (resolver returned new addresses)
[34m2026-07-15 18:18:30.949 UTC 0016 INFO[0m [grpc] [34;1mAddTraceEvent[0m -> [core] [Channel #4]Channel switches to new LB policy "pick_first"
[34m2026-07-15 18:18:30.949 UTC 0017 INFO[0m [grpc] [34;1mInfof[0m -> [pick-first-leaf-lb] [pick-first-leaf-lb 0x1d7a98774750] Received new config {
  "shuffleAddressList": false
}, resolver state {
  "Addresses": [
    {
      "Addr": "peer0.nsw.retf.com:7051",
      "ServerName": "",
      "Attributes": null,
      "BalancerAttributes": null,
      "Metadata": null
    }
  ],
  "Endpoints": [
    {
      "Addresses": [
        {
          "Addr": "peer0.nsw.retf.com:7051",
          "ServerName": "",
          "Attributes": null,
          "BalancerAttributes": null,
          "Metadata": null
        }
      ],
      "Attributes": null
    }
  ],
  "ServiceConfig": null,
  "Attributes": null
}
[34m2026-07-15 18:18:30.949 UTC 0018 INFO[0m [grpc] [34;1mAddTraceEvent[0m -> [core] [Channel #4]Channel Connectivity change to CONNECTING
[34m2026-07-15 18:18:30.949 UTC 0019 INFO[0m [grpc] [34;1mAddTraceEvent[0m -> [core] [Channel #4 SubChannel #5]Subchannel created
[34m2026-07-15 18:18:30.949 UTC 001a INFO[0m [grpc] [34;1mAddTraceEvent[0m -> [core] [Channel #4]Channel exiting idle mode
[34m2026-07-15 18:18:30.949 UTC 001b INFO[0m [grpc] [34;1mAddTraceEvent[0m -> [core] [Channel #4 SubChannel #5]Subchannel Connectivity change to CONNECTING
[34m2026-07-15 18:18:30.949 UTC 001c INFO[0m [grpc] [34;1mAddTraceEvent[0m -> [core] [Channel #4 SubChannel #5]Subchannel picks a new address "peer0.nsw.retf.com:7051" to connect
[34m2026-07-15 18:18:30.951 UTC 001d INFO[0m [grpc] [34;1mAddTraceEvent[0m -> [core] [Channel #4 SubChannel #5]Subchannel Connectivity change to READY
[34m2026-07-15 18:18:30.951 UTC 001e INFO[0m [grpc] [34;1mInfof[0m -> [pick-first-leaf-lb] [pick-first-leaf-lb 0x1d7a98774750] SubConn 0x1d7a9876eb90 reported connectivity state READY and the health listener is disabled. Transitioning SubConn to READY.
[34m2026-07-15 18:18:30.951 UTC 001f INFO[0m [grpc] [34;1mAddTraceEvent[0m -> [core] [Channel #4]Channel Connectivity change to READY
[34m2026-07-15 18:18:30.951 UTC 0020 INFO[0m [grpc] [34;1mInfof[0m -> [core] original dial target is: "peer0.qld.retf.com:7051"
[34m2026-07-15 18:18:30.951 UTC 0021 INFO[0m [grpc] [34;1mAddTraceEvent[0m -> [core] [Channel #7]Channel created
[34m2026-07-15 18:18:30.951 UTC 0022 INFO[0m [grpc] [34;1mAddTraceEvent[0m -> [core] [Channel #7]parsed dial target is: resolver.Target{URL:url.URL{Scheme:"passthrough", Opaque:"", User:(*url.Userinfo)(nil), Host:"", Path:"/peer0.qld.retf.com:7051", Fragment:"", RawQuery:"", RawPath:"", RawFragment:"", ForceQuery:false, OmitHost:false}}
[34m2026-07-15 18:18:30.951 UTC 0023 INFO[0m [grpc] [34;1mAddTraceEvent[0m -> [core] [Channel #7]Channel authority set to "peer0.qld.retf.com:7051"
[34m2026-07-15 18:18:30.951 UTC 0024 INFO[0m [grpc] [34;1mAddTraceEvent[0m -> [core] [Channel #7]Resolver state updated: {
  "Addresses": [
    {
      "Addr": "peer0.qld.retf.com:7051",
      "ServerName": "",
      "Attributes": null,
      "BalancerAttributes": null,
      "Metadata": null
    }
  ],
  "Endpoints": [
    {
      "Addresses": [
        {
          "Addr": "peer0.qld.retf.com:7051",
          "ServerName": "",
          "Attributes": null,
          "BalancerAttributes": null,
          "Metadata": null
        }
      ],
      "Attributes": null
    }
  ],
  "ServiceConfig": null,
  "Attributes": null
} (resolver returned new addresses)
[34m2026-07-15 18:18:30.951 UTC 0025 INFO[0m [grpc] [34;1mAddTraceEvent[0m -> [core] [Channel #7]Channel switches to new LB policy "pick_first"
[34m2026-07-15 18:18:30.951 UTC 0026 INFO[0m [grpc] [34;1mInfof[0m -> [pick-first-leaf-lb] [pick-first-leaf-lb 0x1d7a988ac630] Received new config {
  "shuffleAddressList": false
}, resolver state {
  "Addresses": [
    {
      "Addr": "peer0.qld.retf.com:7051",
      "ServerName": "",
      "Attributes": null,
      "BalancerAttributes": null,
      "Metadata": null
    }
  ],
  "Endpoints": [
    {
      "Addresses": [
        {
          "Addr": "peer0.qld.retf.com:7051",
          "ServerName": "",
          "Attributes": null,
          "BalancerAttributes": null,
          "Metadata": null
        }
      ],
      "Attributes": null
    }
  ],
  "ServiceConfig": null,
  "Attributes": null
}
[34m2026-07-15 18:18:30.951 UTC 0027 INFO[0m [grpc] [34;1mAddTraceEvent[0m -> [core] [Channel #7]Channel Connectivity change to CONNECTING
[34m2026-07-15 18:18:30.951 UTC 0028 INFO[0m [grpc] [34;1mAddTraceEvent[0m -> [core] [Channel #7 SubChannel #8]Subchannel created
[34m2026-07-15 18:18:30.951 UTC 0029 INFO[0m [grpc] [34;1mAddTraceEvent[0m -> [core] [Channel #7]Channel exiting idle mode
[34m2026-07-15 18:18:30.951 UTC 002a INFO[0m [grpc] [34;1mAddTraceEvent[0m -> [core] [Channel #7 SubChannel #8]Subchannel Connectivity change to CONNECTING
[34m2026-07-15 18:18:30.952 UTC 002b INFO[0m [grpc] [34;1mAddTraceEvent[0m -> [core] [Channel #7 SubChannel #8]Subchannel picks a new address "peer0.qld.retf.com:7051" to connect
[34m2026-07-15 18:18:30.953 UTC 002c INFO[0m [grpc] [34;1mAddTraceEvent[0m -> [core] [Channel #7 SubChannel #8]Subchannel Connectivity change to READY
[34m2026-07-15 18:18:30.954 UTC 002d INFO[0m [grpc] [34;1mInfof[0m -> [pick-first-leaf-lb] [pick-first-leaf-lb 0x1d7a988ac630] SubConn 0x1d7a98b900f0 reported connectivity state READY and the health listener is disabled. Transitioning SubConn to READY.
[34m2026-07-15 18:18:30.954 UTC 002e INFO[0m [grpc] [34;1mAddTraceEvent[0m -> [core] [Channel #7]Channel Connectivity change to READY
[34m2026-07-15 18:18:30.954 UTC 002f INFO[0m [grpc] [34;1mInfof[0m -> [core] original dial target is: "peer0.qld.retf.com:7051"
[34m2026-07-15 18:18:30.954 UTC 0030 INFO[0m [grpc] [34;1mAddTraceEvent[0m -> [core] [Channel #10]Channel created
[34m2026-07-15 18:18:30.954 UTC 0031 INFO[0m [grpc] [34;1mAddTraceEvent[0m -> [core] [Channel #10]parsed dial target is: resolver.Target{URL:url.URL{Scheme:"passthrough", Opaque:"", User:(*url.Userinfo)(nil), Host:"", Path:"/peer0.qld.retf.com:7051", Fragment:"", RawQuery:"", RawPath:"", RawFragment:"", ForceQuery:false, OmitHost:false}}
[34m2026-07-15 18:18:30.954 UTC 0032 INFO[0m [grpc] [34;1mAddTraceEvent[0m -> [core] [Channel #10]Channel authority set to "peer0.qld.retf.com:7051"
[34m2026-07-15 18:18:30.954 UTC 0033 INFO[0m [grpc] [34;1mAddTraceEvent[0m -> [core] [Channel #10]Resolver state updated: {
  "Addresses": [
    {
      "Addr": "peer0.qld.retf.com:7051",
      "ServerName": "",
      "Attributes": null,
      "BalancerAttributes": null,
      "Metadata": null
    }
  ],
  "Endpoints": [
    {
      "Addresses": [
        {
          "Addr": "peer0.qld.retf.com:7051",
          "ServerName": "",
          "Attributes": null,
          "BalancerAttributes": null,
          "Metadata": null
        }
      ],
      "Attributes": null
    }
  ],
  "ServiceConfig": null,
  "Attributes": null
} (resolver returned new addresses)
[34m2026-07-15 18:18:30.954 UTC 0034 INFO[0m [grpc] [34;1mAddTraceEvent[0m -> [core] [Channel #10]Channel switches to new LB policy "pick_first"
[34m2026-07-15 18:18:30.954 UTC 0035 INFO[0m [grpc] [34;1mInfof[0m -> [pick-first-leaf-lb] [pick-first-leaf-lb 0x1d7a98bee240] Received new config {
  "shuffleAddressList": false
}, resolver state {
  "Addresses": [
    {
      "Addr": "peer0.qld.retf.com:7051",
      "ServerName": "",
      "Attributes": null,
      "BalancerAttributes": null,
      "Metadata": null
    }
  ],
  "Endpoints": [
    {
      "Addresses": [
        {
          "Addr": "peer0.qld.retf.com:7051",
          "ServerName": "",
          "Attributes": null,
          "BalancerAttributes": null,
          "Metadata": null
        }
      ],
      "Attributes": null
    }
  ],
  "ServiceConfig": null,
  "Attributes": null
}
[34m2026-07-15 18:18:30.954 UTC 0036 INFO[0m [grpc] [34;1mAddTraceEvent[0m -> [core] [Channel #10]Channel Connectivity change to CONNECTING
[34m2026-07-15 18:18:30.954 UTC 0037 INFO[0m [grpc] [34;1mAddTraceEvent[0m -> [core] [Channel #10 SubChannel #11]Subchannel created
[34m2026-07-15 18:18:30.954 UTC 0038 INFO[0m [grpc] [34;1mAddTraceEvent[0m -> [core] [Channel #10]Channel exiting idle mode
[34m2026-07-15 18:18:30.954 UTC 0039 INFO[0m [grpc] [34;1mAddTraceEvent[0m -> [core] [Channel #10 SubChannel #11]Subchannel Connectivity change to CONNECTING
[34m2026-07-15 18:18:30.954 UTC 003a INFO[0m [grpc] [34;1mAddTraceEvent[0m -> [core] [Channel #10 SubChannel #11]Subchannel picks a new address "peer0.qld.retf.com:7051" to connect
[34m2026-07-15 18:18:30.956 UTC 003b INFO[0m [grpc] [34;1mAddTraceEvent[0m -> [core] [Channel #10 SubChannel #11]Subchannel Connectivity change to READY
[34m2026-07-15 18:18:30.956 UTC 003c INFO[0m [grpc] [34;1mInfof[0m -> [pick-first-leaf-lb] [pick-first-leaf-lb 0x1d7a98bee240] SubConn 0x1d7a98b90960 reported connectivity state READY and the health listener is disabled. Transitioning SubConn to READY.
[34m2026-07-15 18:18:30.956 UTC 003d INFO[0m [grpc] [34;1mAddTraceEvent[0m -> [core] [Channel #10]Channel Connectivity change to READY
[34m2026-07-15 18:18:30.956 UTC 003e INFO[0m [grpc] [34;1mInfof[0m -> [core] original dial target is: "peer0.sa.retf.com:7051"
[34m2026-07-15 18:18:30.956 UTC 003f INFO[0m [grpc] [34;1mAddTraceEvent[0m -> [core] [Channel #13]Channel created
[34m2026-07-15 18:18:30.956 UTC 0040 INFO[0m [grpc] [34;1mAddTraceEvent[0m -> [core] [Channel #13]parsed dial target is: resolver.Target{URL:url.URL{Scheme:"passthrough", Opaque:"", User:(*url.Userinfo)(nil), Host:"", Path:"/peer0.sa.retf.com:7051", Fragment:"", RawQuery:"", RawPath:"", RawFragment:"", ForceQuery:false, OmitHost:false}}
[34m2026-07-15 18:18:30.956 UTC 0041 INFO[0m [grpc] [34;1mAddTraceEvent[0m -> [core] [Channel #13]Channel authority set to "peer0.sa.retf.com:7051"
[34m2026-07-15 18:18:30.956 UTC 0042 INFO[0m [grpc] [34;1mAddTraceEvent[0m -> [core] [Channel #13]Resolver state updated: {
  "Addresses": [
    {
      "Addr": "peer0.sa.retf.com:7051",
      "ServerName": "",
      "Attributes": null,
      "BalancerAttributes": null,
      "Metadata": null
    }
  ],
  "Endpoints": [
    {
      "Addresses": [
        {
          "Addr": "peer0.sa.retf.com:7051",
          "ServerName": "",
          "Attributes": null,
          "BalancerAttributes": null,
          "Metadata": null
        }
      ],
      "Attributes": null
    }
  ],
  "ServiceConfig": null,
  "Attributes": null
} (resolver returned new addresses)
[34m2026-07-15 18:18:30.957 UTC 0043 INFO[0m [grpc] [34;1mAddTraceEvent[0m -> [core] [Channel #13]Channel switches to new LB policy "pick_first"
[34m2026-07-15 18:18:30.957 UTC 0044 INFO[0m [grpc] [34;1mInfof[0m -> [pick-first-leaf-lb] [pick-first-leaf-lb 0x1d7a98c242d0] Received new config {
  "shuffleAddressList": false
}, resolver state {
  "Addresses": [
    {
      "Addr": "peer0.sa.retf.com:7051",
      "ServerName": "",
      "Attributes": null,
      "BalancerAttributes": null,
      "Metadata": null
    }
  ],
  "Endpoints": [
    {
      "Addresses": [
        {
          "Addr": "peer0.sa.retf.com:7051",
          "ServerName": "",
          "Attributes": null,
          "BalancerAttributes": null,
          "Metadata": null
        }
      ],
      "Attributes": null
    }
  ],
  "ServiceConfig": null,
  "Attributes": null
}
[34m2026-07-15 18:18:30.957 UTC 0045 INFO[0m [grpc] [34;1mAddTraceEvent[0m -> [core] [Channel #13]Channel Connectivity change to CONNECTING
[34m2026-07-15 18:18:30.957 UTC 0046 INFO[0m [grpc] [34;1mAddTraceEvent[0m -> [core] [Channel #13 SubChannel #14]Subchannel created
[34m2026-07-15 18:18:30.957 UTC 0047 INFO[0m [grpc] [34;1mAddTraceEvent[0m -> [core] [Channel #13]Channel exiting idle mode
[34m2026-07-15 18:18:30.957 UTC 0048 INFO[0m [grpc] [34;1mAddTraceEvent[0m -> [core] [Channel #13 SubChannel #14]Subchannel Connectivity change to CONNECTING
[34m2026-07-15 18:18:30.957 UTC 0049 INFO[0m [grpc] [34;1mAddTraceEvent[0m -> [core] [Channel #13 SubChannel #14]Subchannel picks a new address "peer0.sa.retf.com:7051" to connect
[34m2026-07-15 18:18:30.958 UTC 004a INFO[0m [grpc] [34;1mAddTraceEvent[0m -> [core] [Channel #13 SubChannel #14]Subchannel Connectivity change to READY
[34m2026-07-15 18:18:30.958 UTC 004b INFO[0m [grpc] [34;1mInfof[0m -> [pick-first-leaf-lb] [pick-first-leaf-lb 0x1d7a98c242d0] SubConn 0x1d7a98af82d0 reported connectivity state READY and the health listener is disabled. Transitioning SubConn to READY.
[34m2026-07-15 18:18:30.958 UTC 004c INFO[0m [grpc] [34;1mAddTraceEvent[0m -> [core] [Channel #13]Channel Connectivity change to READY
[34m2026-07-15 18:18:30.959 UTC 004d INFO[0m [grpc] [34;1mInfof[0m -> [core] original dial target is: "peer0.sa.retf.com:7051"
[34m2026-07-15 18:18:30.959 UTC 004e INFO[0m [grpc] [34;1mAddTraceEvent[0m -> [core] [Channel #16]Channel created
[34m2026-07-15 18:18:30.959 UTC 004f INFO[0m [grpc] [34;1mAddTraceEvent[0m -> [core] [Channel #16]parsed dial target is: resolver.Target{URL:url.URL{Scheme:"passthrough", Opaque:"", User:(*url.Userinfo)(nil), Host:"", Path:"/peer0.sa.retf.com:7051", Fragment:"", RawQuery:"", RawPath:"", RawFragment:"", ForceQuery:false, OmitHost:false}}
[34m2026-07-15 18:18:30.959 UTC 0050 INFO[0m [grpc] [34;1mAddTraceEvent[0m -> [core] [Channel #16]Channel authority set to "peer0.sa.retf.com:7051"
[34m2026-07-15 18:18:30.960 UTC 0051 INFO[0m [grpc] [34;1mAddTraceEvent[0m -> [core] [Channel #16]Resolver state updated: {
  "Addresses": [
    {
      "Addr": "peer0.sa.retf.com:7051",
      "ServerName": "",
      "Attributes": null,
      "BalancerAttributes": null,
      "Metadata": null
    }
  ],
  "Endpoints": [
    {
      "Addresses": [
        {
          "Addr": "peer0.sa.retf.com:7051",
          "ServerName": "",
          "Attributes": null,
          "BalancerAttributes": null,
          "Metadata": null
        }
      ],
      "Attributes": null
    }
  ],
  "ServiceConfig": null,
  "Attributes": null
} (resolver returned new addresses)
[34m2026-07-15 18:18:30.960 UTC 0052 INFO[0m [grpc] [34;1mAddTraceEvent[0m -> [core] [Channel #16]Channel switches to new LB policy "pick_first"
[34m2026-07-15 18:18:30.960 UTC 0053 INFO[0m [grpc] [34;1mInfof[0m -> [pick-first-leaf-lb] [pick-first-leaf-lb 0x1d7a98c24000] Received new config {
  "shuffleAddressList": false
}, resolver state {
  "Addresses": [
    {
      "Addr": "peer0.sa.retf.com:7051",
      "ServerName": "",
      "Attributes": null,
      "BalancerAttributes": null,
      "Metadata": null
    }
  ],
  "Endpoints": [
    {
      "Addresses": [
        {
          "Addr": "peer0.sa.retf.com:7051",
          "ServerName": "",
          "Attributes": null,
          "BalancerAttributes": null,
          "Metadata": null
        }
      ],
      "Attributes": null
    }
  ],
  "ServiceConfig": null,
  "Attributes": null
}
[34m2026-07-15 18:18:30.960 UTC 0054 INFO[0m [grpc] [34;1mAddTraceEvent[0m -> [core] [Channel #16]Channel Connectivity change to CONNECTING
[34m2026-07-15 18:18:30.960 UTC 0055 INFO[0m [grpc] [34;1mAddTraceEvent[0m -> [core] [Channel #16 SubChannel #17]Subchannel created
[34m2026-07-15 18:18:30.960 UTC 0056 INFO[0m [grpc] [34;1mAddTraceEvent[0m -> [core] [Channel #16]Channel exiting idle mode
[34m2026-07-15 18:18:30.960 UTC 0057 INFO[0m [grpc] [34;1mAddTraceEvent[0m -> [core] [Channel #16 SubChannel #17]Subchannel Connectivity change to CONNECTING
[34m2026-07-15 18:18:30.960 UTC 0058 INFO[0m [grpc] [34;1mAddTraceEvent[0m -> [core] [Channel #16 SubChannel #17]Subchannel picks a new address "peer0.sa.retf.com:7051" to connect
[34m2026-07-15 18:18:30.962 UTC 0059 INFO[0m [grpc] [34;1mAddTraceEvent[0m -> [core] [Channel #16 SubChannel #17]Subchannel Connectivity change to READY
[34m2026-07-15 18:18:30.962 UTC 005a INFO[0m [grpc] [34;1mInfof[0m -> [pick-first-leaf-lb] [pick-first-leaf-lb 0x1d7a98c24000] SubConn 0x1d7a98b3a230 reported connectivity state READY and the health listener is disabled. Transitioning SubConn to READY.
[34m2026-07-15 18:18:30.962 UTC 005b INFO[0m [grpc] [34;1mAddTraceEvent[0m -> [core] [Channel #16]Channel Connectivity change to READY
[33m2026-07-15 18:18:30.962 UTC 005c WARN[0m [grpc] [33;1mWarningf[0m -> [core] Adjusting keepalive ping interval to minimum period of 10s
[34m2026-07-15 18:18:30.962 UTC 005d INFO[0m [grpc] [34;1mInfof[0m -> [core] original dial target is: "orderer.orderer.retf.com:7050"
[34m2026-07-15 18:18:30.962 UTC 005e INFO[0m [grpc] [34;1mAddTraceEvent[0m -> [core] [Channel #19]Channel created
[34m2026-07-15 18:18:30.962 UTC 005f INFO[0m [grpc] [34;1mAddTraceEvent[0m -> [core] [Channel #19]parsed dial target is: resolver.Target{URL:url.URL{Scheme:"passthrough", Opaque:"", User:(*url.Userinfo)(nil), Host:"", Path:"/orderer.orderer.retf.com:7050", Fragment:"", RawQuery:"", RawPath:"", RawFragment:"", ForceQuery:false, OmitHost:false}}
[34m2026-07-15 18:18:30.962 UTC 0060 INFO[0m [grpc] [34;1mAddTraceEvent[0m -> [core] [Channel #19]Channel authority set to "orderer.orderer.retf.com"
[34m2026-07-15 18:18:30.962 UTC 0061 INFO[0m [grpc] [34;1mAddTraceEvent[0m -> [core] [Channel #19]Resolver state updated: {
  "Addresses": [
    {
      "Addr": "orderer.orderer.retf.com:7050",
      "ServerName": "",
      "Attributes": null,
      "BalancerAttributes": null,
      "Metadata": null
    }
  ],
  "Endpoints": [
    {
      "Addresses": [
        {
          "Addr": "orderer.orderer.retf.com:7050",
          "ServerName": "",
          "Attributes": null,
          "BalancerAttributes": null,
          "Metadata": null
        }
      ],
      "Attributes": null
    }
  ],
  "ServiceConfig": null,
  "Attributes": null
} (resolver returned new addresses)
[34m2026-07-15 18:18:30.962 UTC 0062 INFO[0m [grpc] [34;1mAddTraceEvent[0m -> [core] [Channel #19]Channel switches to new LB policy "pick_first"
[34m2026-07-15 18:18:30.963 UTC 0063 INFO[0m [grpc] [34;1mInfof[0m -> [pick-first-leaf-lb] [pick-first-leaf-lb 0x1d7a98c24630] Received new config {
  "shuffleAddressList": false
}, resolver state {
  "Addresses": [
    {
      "Addr": "orderer.orderer.retf.com:7050",
      "ServerName": "",
      "Attributes": null,
      "BalancerAttributes": null,
      "Metadata": null
    }
  ],
  "Endpoints": [
    {
      "Addresses": [
        {
          "Addr": "orderer.orderer.retf.com:7050",
          "ServerName": "",
          "Attributes": null,
          "BalancerAttributes": null,
          "Metadata": null
        }
      ],
      "Attributes": null
    }
  ],
  "ServiceConfig": null,
  "Attributes": null
}
[34m2026-07-15 18:18:30.963 UTC 0064 INFO[0m [grpc] [34;1mAddTraceEvent[0m -> [core] [Channel #19]Channel Connectivity change to CONNECTING
[34m2026-07-15 18:18:30.963 UTC 0065 INFO[0m [grpc] [34;1mAddTraceEvent[0m -> [core] [Channel #19 SubChannel #20]Subchannel created
[34m2026-07-15 18:18:30.963 UTC 0066 INFO[0m [grpc] [34;1mAddTraceEvent[0m -> [core] [Channel #19]Channel exiting idle mode
[34m2026-07-15 18:18:30.963 UTC 0067 INFO[0m [grpc] [34;1mAddTraceEvent[0m -> [core] [Channel #19 SubChannel #20]Subchannel Connectivity change to CONNECTING
[34m2026-07-15 18:18:30.963 UTC 0068 INFO[0m [grpc] [34;1mAddTraceEvent[0m -> [core] [Channel #19 SubChannel #20]Subchannel picks a new address "orderer.orderer.retf.com:7050" to connect
[34m2026-07-15 18:18:30.972 UTC 0069 INFO[0m [grpc] [34;1mAddTraceEvent[0m -> [core] [Channel #19 SubChannel #20]Subchannel Connectivity change to READY
[34m2026-07-15 18:18:30.972 UTC 006a INFO[0m [grpc] [34;1mInfof[0m -> [pick-first-leaf-lb] [pick-first-leaf-lb 0x1d7a98c24630] SubConn 0x1d7a98b3a5a0 reported connectivity state READY and the health listener is disabled. Transitioning SubConn to READY.
[34m2026-07-15 18:18:30.972 UTC 006b INFO[0m [grpc] [34;1mAddTraceEvent[0m -> [core] [Channel #19]Channel Connectivity change to READY
[34m2026-07-15 18:18:33.032 UTC 006c INFO[0m [chaincodeCmd] [34;1mClientWait[0m -> txid [682111defde1e7a8f3a7f0237fdc5b565085401ccb67a7d1a4c194f884361856] committed with status (VALID) at peer0.sa.retf.com:7051
[34m2026-07-15 18:18:33.034 UTC 006d INFO[0m [chaincodeCmd] [34;1mClientWait[0m -> txid [682111defde1e7a8f3a7f0237fdc5b565085401ccb67a7d1a4c194f884361856] committed with status (VALID) at peer0.nsw.retf.com:7051
[34m2026-07-15 18:18:33.034 UTC 006e INFO[0m [chaincodeCmd] [34;1mClientWait[0m -> txid [682111defde1e7a8f3a7f0237fdc5b565085401ccb67a7d1a4c194f884361856] committed with status (VALID) at peer0.qld.retf.com:7051
[34m2026-07-15 18:18:33.034 UTC 006f INFO[0m [chaincodeCmd] [34;1mchaincodeInvokeOrQuery[0m -> Chaincode invoke successful. result: status:200 payload:"s2.2.2/task-policy/task-expiry-unused"
[34m2026-07-15 18:18:33.973 UTC 0001 INFO[0m [chaincodeCmd] [34;1mInitCmdFactory[0m -> InitCmdFactory: Entry: invoke, true, true
[34m2026-07-15 18:18:33.973 UTC 0002 INFO[0m [grpc] [34;1mInfof[0m -> [core] original dial target is: "peer0.nsw.retf.com:7051"
[34m2026-07-15 18:18:33.973 UTC 0003 INFO[0m [grpc] [34;1mAddTraceEvent[0m -> [core] [Channel #1]Channel created
[34m2026-07-15 18:18:33.973 UTC 0004 INFO[0m [grpc] [34;1mAddTraceEvent[0m -> [core] [Channel #1]parsed dial target is: resolver.Target{URL:url.URL{Scheme:"passthrough", Opaque:"", User:(*url.Userinfo)(nil), Host:"", Path:"/peer0.nsw.retf.com:7051", Fragment:"", RawQuery:"", RawPath:"", RawFragment:"", ForceQuery:false, OmitHost:false}}
[34m2026-07-15 18:18:33.973 UTC 0005 INFO[0m [grpc] [34;1mAddTraceEvent[0m -> [core] [Channel #1]Channel authority set to "peer0.nsw.retf.com:7051"
[34m2026-07-15 18:18:33.974 UTC 0006 INFO[0m [grpc] [34;1mAddTraceEvent[0m -> [core] [Channel #1]Resolver state updated: {
  "Addresses": [
    {
      "Addr": "peer0.nsw.retf.com:7051",
      "ServerName": "",
      "Attributes": null,
      "BalancerAttributes": null,
      "Metadata": null
    }
  ],
  "Endpoints": [
    {
      "Addresses": [
        {
          "Addr": "peer0.nsw.retf.com:7051",
          "ServerName": "",
          "Attributes": null,
          "BalancerAttributes": null,
          "Metadata": null
        }
      ],
      "Attributes": null
    }
  ],
  "ServiceConfig": null,
  "Attributes": null
} (resolver returned new addresses)
[34m2026-07-15 18:18:33.974 UTC 0007 INFO[0m [grpc] [34;1mAddTraceEvent[0m -> [core] [Channel #1]Channel switches to new LB policy "pick_first"
[34m2026-07-15 18:18:33.974 UTC 0008 INFO[0m [grpc] [34;1mInfof[0m -> [pick-first-leaf-lb] [pick-first-leaf-lb 0xe60d1ab0000] Received new config {
  "shuffleAddressList": false
}, resolver state {
  "Addresses": [
    {
      "Addr": "peer0.nsw.retf.com:7051",
      "ServerName": "",
      "Attributes": null,
      "BalancerAttributes": null,
      "Metadata": null
    }
  ],
  "Endpoints": [
    {
      "Addresses": [
        {
          "Addr": "peer0.nsw.retf.com:7051",
          "ServerName": "",
          "Attributes": null,
          "BalancerAttributes": null,
          "Metadata": null
        }
      ],
      "Attributes": null
    }
  ],
  "ServiceConfig": null,
  "Attributes": null
}
[34m2026-07-15 18:18:33.974 UTC 0009 INFO[0m [grpc] [34;1mAddTraceEvent[0m -> [core] [Channel #1]Channel Connectivity change to CONNECTING
[34m2026-07-15 18:18:33.974 UTC 000a INFO[0m [grpc] [34;1mAddTraceEvent[0m -> [core] [Channel #1 SubChannel #2]Subchannel created
[34m2026-07-15 18:18:33.974 UTC 000b INFO[0m [grpc] [34;1mAddTraceEvent[0m -> [core] [Channel #1]Channel exiting idle mode
[34m2026-07-15 18:18:33.974 UTC 000c INFO[0m [grpc] [34;1mAddTraceEvent[0m -> [core] [Channel #1 SubChannel #2]Subchannel Connectivity change to CONNECTING
[34m2026-07-15 18:18:33.975 UTC 000d INFO[0m [grpc] [34;1mAddTraceEvent[0m -> [core] [Channel #1 SubChannel #2]Subchannel picks a new address "peer0.nsw.retf.com:7051" to connect
[34m2026-07-15 18:18:33.977 UTC 000e INFO[0m [grpc] [34;1mAddTraceEvent[0m -> [core] [Channel #1 SubChannel #2]Subchannel Connectivity change to READY
[34m2026-07-15 18:18:33.977 UTC 000f INFO[0m [grpc] [34;1mInfof[0m -> [pick-first-leaf-lb] [pick-first-leaf-lb 0xe60d1ab0000] SubConn 0xe60d197a4b0 reported connectivity state READY and the health listener is disabled. Transitioning SubConn to READY.
[34m2026-07-15 18:18:33.977 UTC 0010 INFO[0m [grpc] [34;1mAddTraceEvent[0m -> [core] [Channel #1]Channel Connectivity change to READY
[34m2026-07-15 18:18:33.977 UTC 0011 INFO[0m [grpc] [34;1mInfof[0m -> [core] original dial target is: "peer0.nsw.retf.com:7051"
[34m2026-07-15 18:18:33.977 UTC 0012 INFO[0m [grpc] [34;1mAddTraceEvent[0m -> [core] [Channel #4]Channel created
[34m2026-07-15 18:18:33.977 UTC 0013 INFO[0m [grpc] [34;1mAddTraceEvent[0m -> [core] [Channel #4]parsed dial target is: resolver.Target{URL:url.URL{Scheme:"passthrough", Opaque:"", User:(*url.Userinfo)(nil), Host:"", Path:"/peer0.nsw.retf.com:7051", Fragment:"", RawQuery:"", RawPath:"", RawFragment:"", ForceQuery:false, OmitHost:false}}
[34m2026-07-15 18:18:33.977 UTC 0014 INFO[0m [grpc] [34;1mAddTraceEvent[0m -> [core] [Channel #4]Channel authority set to "peer0.nsw.retf.com:7051"
[34m2026-07-15 18:18:33.977 UTC 0015 INFO[0m [grpc] [34;1mAddTraceEvent[0m -> [core] [Channel #4]Resolver state updated: {
  "Addresses": [
    {
      "Addr": "peer0.nsw.retf.com:7051",
      "ServerName": "",
      "Attributes": null,
      "BalancerAttributes": null,
      "Metadata": null
    }
  ],
  "Endpoints": [
    {
      "Addresses": [
        {
          "Addr": "peer0.nsw.retf.com:7051",
          "ServerName": "",
          "Attributes": null,
          "BalancerAttributes": null,
          "Metadata": null
        }
      ],
      "Attributes": null
    }
  ],
  "ServiceConfig": null,
  "Attributes": null
} (resolver returned new addresses)
[34m2026-07-15 18:18:33.977 UTC 0016 INFO[0m [grpc] [34;1mAddTraceEvent[0m -> [core] [Channel #4]Channel switches to new LB policy "pick_first"
[34m2026-07-15 18:18:33.977 UTC 0017 INFO[0m [grpc] [34;1mInfof[0m -> [pick-first-leaf-lb] [pick-first-leaf-lb 0xe60d1ab03f0] Received new config {
  "shuffleAddressList": false
}, resolver state {
  "Addresses": [
    {
      "Addr": "peer0.nsw.retf.com:7051",
      "ServerName": "",
      "Attributes": null,
      "BalancerAttributes": null,
      "Metadata": null
    }
  ],
  "Endpoints": [
    {
      "Addresses": [
        {
          "Addr": "peer0.nsw.retf.com:7051",
          "ServerName": "",
          "Attributes": null,
          "BalancerAttributes": null,
          "Metadata": null
        }
      ],
      "Attributes": null
    }
  ],
  "ServiceConfig": null,
  "Attributes": null
}
[34m2026-07-15 18:18:33.977 UTC 0018 INFO[0m [grpc] [34;1mAddTraceEvent[0m -> [core] [Channel #4]Channel Connectivity change to CONNECTING
[34m2026-07-15 18:18:33.977 UTC 0019 INFO[0m [grpc] [34;1mAddTraceEvent[0m -> [core] [Channel #4 SubChannel #5]Subchannel created
[34m2026-07-15 18:18:33.977 UTC 001a INFO[0m [grpc] [34;1mAddTraceEvent[0m -> [core] [Channel #4]Channel exiting idle mode
[34m2026-07-15 18:18:33.977 UTC 001b INFO[0m [grpc] [34;1mAddTraceEvent[0m -> [core] [Channel #4 SubChannel #5]Subchannel Connectivity change to CONNECTING
[34m2026-07-15 18:18:33.977 UTC 001c INFO[0m [grpc] [34;1mAddTraceEvent[0m -> [core] [Channel #4 SubChannel #5]Subchannel picks a new address "peer0.nsw.retf.com:7051" to connect
[34m2026-07-15 18:18:33.979 UTC 001d INFO[0m [grpc] [34;1mAddTraceEvent[0m -> [core] [Channel #4 SubChannel #5]Subchannel Connectivity change to READY
[34m2026-07-15 18:18:33.979 UTC 001e INFO[0m [grpc] [34;1mInfof[0m -> [pick-first-leaf-lb] [pick-first-leaf-lb 0xe60d1ab03f0] SubConn 0xe60d197ad20 reported connectivity state READY and the health listener is disabled. Transitioning SubConn to READY.
[34m2026-07-15 18:18:33.979 UTC 001f INFO[0m [grpc] [34;1mAddTraceEvent[0m -> [core] [Channel #4]Channel Connectivity change to READY
[34m2026-07-15 18:18:33.979 UTC 0020 INFO[0m [grpc] [34;1mInfof[0m -> [core] original dial target is: "peer0.qld.retf.com:7051"
[34m2026-07-15 18:18:33.979 UTC 0021 INFO[0m [grpc] [34;1mAddTraceEvent[0m -> [core] [Channel #7]Channel created
[34m2026-07-15 18:18:33.979 UTC 0022 INFO[0m [grpc] [34;1mAddTraceEvent[0m -> [core] [Channel #7]parsed dial target is: resolver.Target{URL:url.URL{Scheme:"passthrough", Opaque:"", User:(*url.Userinfo)(nil), Host:"", Path:"/peer0.qld.retf.com:7051", Fragment:"", RawQuery:"", RawPath:"", RawFragment:"", ForceQuery:false, OmitHost:false}}
[34m2026-07-15 18:18:33.979 UTC 0023 INFO[0m [grpc] [34;1mAddTraceEvent[0m -> [core] [Channel #7]Channel authority set to "peer0.qld.retf.com:7051"
[34m2026-07-15 18:18:33.980 UTC 0024 INFO[0m [grpc] [34;1mAddTraceEvent[0m -> [core] [Channel #7]Resolver state updated: {
  "Addresses": [
    {
      "Addr": "peer0.qld.retf.com:7051",
      "ServerName": "",
      "Attributes": null,
      "BalancerAttributes": null,
      "Metadata": null
    }
  ],
  "Endpoints": [
    {
      "Addresses": [
        {
          "Addr": "peer0.qld.retf.com:7051",
          "ServerName": "",
          "Attributes": null,
          "BalancerAttributes": null,
          "Metadata": null
        }
      ],
      "Attributes": null
    }
  ],
  "ServiceConfig": null,
  "Attributes": null
} (resolver returned new addresses)
[34m2026-07-15 18:18:33.980 UTC 0025 INFO[0m [grpc] [34;1mAddTraceEvent[0m -> [core] [Channel #7]Channel switches to new LB policy "pick_first"
[34m2026-07-15 18:18:33.980 UTC 0026 INFO[0m [grpc] [34;1mInfof[0m -> [pick-first-leaf-lb] [pick-first-leaf-lb 0xe60d1cda630] Received new config {
  "shuffleAddressList": false
}, resolver state {
  "Addresses": [
    {
      "Addr": "peer0.qld.retf.com:7051",
      "ServerName": "",
      "Attributes": null,
      "BalancerAttributes": null,
      "Metadata": null
    }
  ],
  "Endpoints": [
    {
      "Addresses": [
        {
          "Addr": "peer0.qld.retf.com:7051",
          "ServerName": "",
          "Attributes": null,
          "BalancerAttributes": null,
          "Metadata": null
        }
      ],
      "Attributes": null
    }
  ],
  "ServiceConfig": null,
  "Attributes": null
}
[34m2026-07-15 18:18:33.980 UTC 0027 INFO[0m [grpc] [34;1mAddTraceEvent[0m -> [core] [Channel #7]Channel Connectivity change to CONNECTING
[34m2026-07-15 18:18:33.980 UTC 0028 INFO[0m [grpc] [34;1mAddTraceEvent[0m -> [core] [Channel #7 SubChannel #8]Subchannel created
[34m2026-07-15 18:18:33.980 UTC 0029 INFO[0m [grpc] [34;1mAddTraceEvent[0m -> [core] [Channel #7]Channel exiting idle mode
[34m2026-07-15 18:18:33.980 UTC 002a INFO[0m [grpc] [34;1mAddTraceEvent[0m -> [core] [Channel #7 SubChannel #8]Subchannel Connectivity change to CONNECTING
[34m2026-07-15 18:18:33.980 UTC 002b INFO[0m [grpc] [34;1mAddTraceEvent[0m -> [core] [Channel #7 SubChannel #8]Subchannel picks a new address "peer0.qld.retf.com:7051" to connect
[34m2026-07-15 18:18:33.982 UTC 002c INFO[0m [grpc] [34;1mAddTraceEvent[0m -> [core] [Channel #7 SubChannel #8]Subchannel Connectivity change to READY
[34m2026-07-15 18:18:33.982 UTC 002d INFO[0m [grpc] [34;1mInfof[0m -> [pick-first-leaf-lb] [pick-first-leaf-lb 0xe60d1cda630] SubConn 0xe60d1c3c280 reported connectivity state READY and the health listener is disabled. Transitioning SubConn to READY.
[34m2026-07-15 18:18:33.982 UTC 002e INFO[0m [grpc] [34;1mAddTraceEvent[0m -> [core] [Channel #7]Channel Connectivity change to READY
[34m2026-07-15 18:18:33.982 UTC 002f INFO[0m [grpc] [34;1mInfof[0m -> [core] original dial target is: "peer0.qld.retf.com:7051"
[34m2026-07-15 18:18:33.982 UTC 0030 INFO[0m [grpc] [34;1mAddTraceEvent[0m -> [core] [Channel #10]Channel created
[34m2026-07-15 18:18:33.982 UTC 0031 INFO[0m [grpc] [34;1mAddTraceEvent[0m -> [core] [Channel #10]parsed dial target is: resolver.Target{URL:url.URL{Scheme:"passthrough", Opaque:"", User:(*url.Userinfo)(nil), Host:"", Path:"/peer0.qld.retf.com:7051", Fragment:"", RawQuery:"", RawPath:"", RawFragment:"", ForceQuery:false, OmitHost:false}}
[34m2026-07-15 18:18:33.982 UTC 0032 INFO[0m [grpc] [34;1mAddTraceEvent[0m -> [core] [Channel #10]Channel authority set to "peer0.qld.retf.com:7051"
[34m2026-07-15 18:18:33.982 UTC 0033 INFO[0m [grpc] [34;1mAddTraceEvent[0m -> [core] [Channel #10]Resolver state updated: {
  "Addresses": [
    {
      "Addr": "peer0.qld.retf.com:7051",
      "ServerName": "",
      "Attributes": null,
      "BalancerAttributes": null,
      "Metadata": null
    }
  ],
  "Endpoints": [
    {
      "Addresses": [
        {
          "Addr": "peer0.qld.retf.com:7051",
          "ServerName": "",
          "Attributes": null,
          "BalancerAttributes": null,
          "Metadata": null
        }
      ],
      "Attributes": null
    }
  ],
  "ServiceConfig": null,
  "Attributes": null
} (resolver returned new addresses)
[34m2026-07-15 18:18:33.982 UTC 0034 INFO[0m [grpc] [34;1mAddTraceEvent[0m -> [core] [Channel #10]Channel switches to new LB policy "pick_first"
[34m2026-07-15 18:18:33.982 UTC 0035 INFO[0m [grpc] [34;1mInfof[0m -> [pick-first-leaf-lb] [pick-first-leaf-lb 0xe60d1ab07e0] Received new config {
  "shuffleAddressList": false
}, resolver state {
  "Addresses": [
    {
      "Addr": "peer0.qld.retf.com:7051",
      "ServerName": "",
      "Attributes": null,
      "BalancerAttributes": null,
      "Metadata": null
    }
  ],
  "Endpoints": [
    {
      "Addresses": [
        {
          "Addr": "peer0.qld.retf.com:7051",
          "ServerName": "",
          "Attributes": null,
          "BalancerAttributes": null,
          "Metadata": null
        }
      ],
      "Attributes": null
    }
  ],
  "ServiceConfig": null,
  "Attributes": null
}
[34m2026-07-15 18:18:33.982 UTC 0036 INFO[0m [grpc] [34;1mAddTraceEvent[0m -> [core] [Channel #10]Channel Connectivity change to CONNECTING
[34m2026-07-15 18:18:33.982 UTC 0037 INFO[0m [grpc] [34;1mAddTraceEvent[0m -> [core] [Channel #10 SubChannel #11]Subchannel created
[34m2026-07-15 18:18:33.982 UTC 0038 INFO[0m [grpc] [34;1mAddTraceEvent[0m -> [core] [Channel #10]Channel exiting idle mode
[34m2026-07-15 18:18:33.982 UTC 0039 INFO[0m [grpc] [34;1mAddTraceEvent[0m -> [core] [Channel #10 SubChannel #11]Subchannel Connectivity change to CONNECTING
[34m2026-07-15 18:18:33.982 UTC 003a INFO[0m [grpc] [34;1mAddTraceEvent[0m -> [core] [Channel #10 SubChannel #11]Subchannel picks a new address "peer0.qld.retf.com:7051" to connect
[34m2026-07-15 18:18:33.984 UTC 003b INFO[0m [grpc] [34;1mAddTraceEvent[0m -> [core] [Channel #10 SubChannel #11]Subchannel Connectivity change to READY
[34m2026-07-15 18:18:33.984 UTC 003c INFO[0m [grpc] [34;1mInfof[0m -> [pick-first-leaf-lb] [pick-first-leaf-lb 0xe60d1ab07e0] SubConn 0xe60d197bb30 reported connectivity state READY and the health listener is disabled. Transitioning SubConn to READY.
[34m2026-07-15 18:18:33.984 UTC 003d INFO[0m [grpc] [34;1mAddTraceEvent[0m -> [core] [Channel #10]Channel Connectivity change to READY
[34m2026-07-15 18:18:33.985 UTC 003e INFO[0m [grpc] [34;1mInfof[0m -> [core] original dial target is: "peer0.sa.retf.com:7051"
[34m2026-07-15 18:18:33.985 UTC 003f INFO[0m [grpc] [34;1mAddTraceEvent[0m -> [core] [Channel #13]Channel created
[34m2026-07-15 18:18:33.985 UTC 0040 INFO[0m [grpc] [34;1mAddTraceEvent[0m -> [core] [Channel #13]parsed dial target is: resolver.Target{URL:url.URL{Scheme:"passthrough", Opaque:"", User:(*url.Userinfo)(nil), Host:"", Path:"/peer0.sa.retf.com:7051", Fragment:"", RawQuery:"", RawPath:"", RawFragment:"", ForceQuery:false, OmitHost:false}}
[34m2026-07-15 18:18:33.985 UTC 0041 INFO[0m [grpc] [34;1mAddTraceEvent[0m -> [core] [Channel #13]Channel authority set to "peer0.sa.retf.com:7051"
[34m2026-07-15 18:18:33.985 UTC 0042 INFO[0m [grpc] [34;1mAddTraceEvent[0m -> [core] [Channel #13]Resolver state updated: {
  "Addresses": [
    {
      "Addr": "peer0.sa.retf.com:7051",
      "ServerName": "",
      "Attributes": null,
      "BalancerAttributes": null,
      "Metadata": null
    }
  ],
  "Endpoints": [
    {
      "Addresses": [
        {
          "Addr": "peer0.sa.retf.com:7051",
          "ServerName": "",
          "Attributes": null,
          "BalancerAttributes": null,
          "Metadata": null
        }
      ],
      "Attributes": null
    }
  ],
  "ServiceConfig": null,
  "Attributes": null
} (resolver returned new addresses)
[34m2026-07-15 18:18:33.985 UTC 0043 INFO[0m [grpc] [34;1mAddTraceEvent[0m -> [core] [Channel #13]Channel switches to new LB policy "pick_first"
[34m2026-07-15 18:18:33.985 UTC 0044 INFO[0m [grpc] [34;1mInfof[0m -> [pick-first-leaf-lb] [pick-first-leaf-lb 0xe60d1cda7e0] Received new config {
  "shuffleAddressList": false
}, resolver state {
  "Addresses": [
    {
      "Addr": "peer0.sa.retf.com:7051",
      "ServerName": "",
      "Attributes": null,
      "BalancerAttributes": null,
      "Metadata": null
    }
  ],
  "Endpoints": [
    {
      "Addresses": [
        {
          "Addr": "peer0.sa.retf.com:7051",
          "ServerName": "",
          "Attributes": null,
          "BalancerAttributes": null,
          "Metadata": null
        }
      ],
      "Attributes": null
    }
  ],
  "ServiceConfig": null,
  "Attributes": null
}
[34m2026-07-15 18:18:33.985 UTC 0045 INFO[0m [grpc] [34;1mAddTraceEvent[0m -> [core] [Channel #13]Channel Connectivity change to CONNECTING
[34m2026-07-15 18:18:33.985 UTC 0046 INFO[0m [grpc] [34;1mAddTraceEvent[0m -> [core] [Channel #13 SubChannel #14]Subchannel created
[34m2026-07-15 18:18:33.985 UTC 0047 INFO[0m [grpc] [34;1mAddTraceEvent[0m -> [core] [Channel #13]Channel exiting idle mode
[34m2026-07-15 18:18:33.985 UTC 0048 INFO[0m [grpc] [34;1mAddTraceEvent[0m -> [core] [Channel #13 SubChannel #14]Subchannel Connectivity change to CONNECTING
[34m2026-07-15 18:18:33.985 UTC 0049 INFO[0m [grpc] [34;1mAddTraceEvent[0m -> [core] [Channel #13 SubChannel #14]Subchannel picks a new address "peer0.sa.retf.com:7051" to connect
[34m2026-07-15 18:18:33.987 UTC 004a INFO[0m [grpc] [34;1mAddTraceEvent[0m -> [core] [Channel #13 SubChannel #14]Subchannel Connectivity change to READY
[34m2026-07-15 18:18:33.987 UTC 004b INFO[0m [grpc] [34;1mInfof[0m -> [pick-first-leaf-lb] [pick-first-leaf-lb 0xe60d1cda7e0] SubConn 0xe60d1c3c410 reported connectivity state READY and the health listener is disabled. Transitioning SubConn to READY.
[34m2026-07-15 18:18:33.987 UTC 004c INFO[0m [grpc] [34;1mAddTraceEvent[0m -> [core] [Channel #13]Channel Connectivity change to READY
[34m2026-07-15 18:18:33.987 UTC 004d INFO[0m [grpc] [34;1mInfof[0m -> [core] original dial target is: "peer0.sa.retf.com:7051"
[34m2026-07-15 18:18:33.987 UTC 004e INFO[0m [grpc] [34;1mAddTraceEvent[0m -> [core] [Channel #16]Channel created
[34m2026-07-15 18:18:33.987 UTC 004f INFO[0m [grpc] [34;1mAddTraceEvent[0m -> [core] [Channel #16]parsed dial target is: resolver.Target{URL:url.URL{Scheme:"passthrough", Opaque:"", User:(*url.Userinfo)(nil), Host:"", Path:"/peer0.sa.retf.com:7051", Fragment:"", RawQuery:"", RawPath:"", RawFragment:"", ForceQuery:false, OmitHost:false}}
[34m2026-07-15 18:18:33.987 UTC 0050 INFO[0m [grpc] [34;1mAddTraceEvent[0m -> [core] [Channel #16]Channel authority set to "peer0.sa.retf.com:7051"
[34m2026-07-15 18:18:33.987 UTC 0051 INFO[0m [grpc] [34;1mAddTraceEvent[0m -> [core] [Channel #16]Resolver state updated: {
  "Addresses": [
    {
      "Addr": "peer0.sa.retf.com:7051",
      "ServerName": "",
      "Attributes": null,
      "BalancerAttributes": null,
      "Metadata": null
    }
  ],
  "Endpoints": [
    {
      "Addresses": [
        {
          "Addr": "peer0.sa.retf.com:7051",
          "ServerName": "",
          "Attributes": null,
          "BalancerAttributes": null,
          "Metadata": null
        }
      ],
      "Attributes": null
    }
  ],
  "ServiceConfig": null,
  "Attributes": null
} (resolver returned new addresses)
[34m2026-07-15 18:18:33.988 UTC 0052 INFO[0m [grpc] [34;1mAddTraceEvent[0m -> [core] [Channel #16]Channel switches to new LB policy "pick_first"
[34m2026-07-15 18:18:33.988 UTC 0053 INFO[0m [grpc] [34;1mInfof[0m -> [pick-first-leaf-lb] [pick-first-leaf-lb 0xe60d1cdabd0] Received new config {
  "shuffleAddressList": false
}, resolver state {
  "Addresses": [
    {
      "Addr": "peer0.sa.retf.com:7051",
      "ServerName": "",
      "Attributes": null,
      "BalancerAttributes": null,
      "Metadata": null
    }
  ],
  "Endpoints": [
    {
      "Addresses": [
        {
          "Addr": "peer0.sa.retf.com:7051",
          "ServerName": "",
          "Attributes": null,
          "BalancerAttributes": null,
          "Metadata": null
        }
      ],
      "Attributes": null
    }
  ],
  "ServiceConfig": null,
  "Attributes": null
}
[34m2026-07-15 18:18:33.988 UTC 0054 INFO[0m [grpc] [34;1mAddTraceEvent[0m -> [core] [Channel #16]Channel Connectivity change to CONNECTING
[34m2026-07-15 18:18:33.988 UTC 0055 INFO[0m [grpc] [34;1mAddTraceEvent[0m -> [core] [Channel #16 SubChannel #17]Subchannel created
[34m2026-07-15 18:18:33.988 UTC 0056 INFO[0m [grpc] [34;1mAddTraceEvent[0m -> [core] [Channel #16]Channel exiting idle mode
[34m2026-07-15 18:18:33.988 UTC 0057 INFO[0m [grpc] [34;1mAddTraceEvent[0m -> [core] [Channel #16 SubChannel #17]Subchannel Connectivity change to CONNECTING
[34m2026-07-15 18:18:33.988 UTC 0058 INFO[0m [grpc] [34;1mAddTraceEvent[0m -> [core] [Channel #16 SubChannel #17]Subchannel picks a new address "peer0.sa.retf.com:7051" to connect
[34m2026-07-15 18:18:33.989 UTC 0059 INFO[0m [grpc] [34;1mAddTraceEvent[0m -> [core] [Channel #16 SubChannel #17]Subchannel Connectivity change to READY
[34m2026-07-15 18:18:33.990 UTC 005a INFO[0m [grpc] [34;1mInfof[0m -> [pick-first-leaf-lb] [pick-first-leaf-lb 0xe60d1cdabd0] SubConn 0xe60d1c3d450 reported connectivity state READY and the health listener is disabled. Transitioning SubConn to READY.
[34m2026-07-15 18:18:33.990 UTC 005b INFO[0m [grpc] [34;1mAddTraceEvent[0m -> [core] [Channel #16]Channel Connectivity change to READY
[33m2026-07-15 18:18:33.990 UTC 005c WARN[0m [grpc] [33;1mWarningf[0m -> [core] Adjusting keepalive ping interval to minimum period of 10s
[34m2026-07-15 18:18:33.990 UTC 005d INFO[0m [grpc] [34;1mInfof[0m -> [core] original dial target is: "orderer.orderer.retf.com:7050"
[34m2026-07-15 18:18:33.990 UTC 005e INFO[0m [grpc] [34;1mAddTraceEvent[0m -> [core] [Channel #19]Channel created
[34m2026-07-15 18:18:33.990 UTC 005f INFO[0m [grpc] [34;1mAddTraceEvent[0m -> [core] [Channel #19]parsed dial target is: resolver.Target{URL:url.URL{Scheme:"passthrough", Opaque:"", User:(*url.Userinfo)(nil), Host:"", Path:"/orderer.orderer.retf.com:7050", Fragment:"", RawQuery:"", RawPath:"", RawFragment:"", ForceQuery:false, OmitHost:false}}
[34m2026-07-15 18:18:33.990 UTC 0060 INFO[0m [grpc] [34;1mAddTraceEvent[0m -> [core] [Channel #19]Channel authority set to "orderer.orderer.retf.com"
[34m2026-07-15 18:18:33.990 UTC 0061 INFO[0m [grpc] [34;1mAddTraceEvent[0m -> [core] [Channel #19]Resolver state updated: {
  "Addresses": [
    {
      "Addr": "orderer.orderer.retf.com:7050",
      "ServerName": "",
      "Attributes": null,
      "BalancerAttributes": null,
      "Metadata": null
    }
  ],
  "Endpoints": [
    {
      "Addresses": [
        {
          "Addr": "orderer.orderer.retf.com:7050",
          "ServerName": "",
          "Attributes": null,
          "BalancerAttributes": null,
          "Metadata": null
        }
      ],
      "Attributes": null
    }
  ],
  "ServiceConfig": null,
  "Attributes": null
} (resolver returned new addresses)
[34m2026-07-15 18:18:33.990 UTC 0062 INFO[0m [grpc] [34;1mAddTraceEvent[0m -> [core] [Channel #19]Channel switches to new LB policy "pick_first"
[34m2026-07-15 18:18:33.990 UTC 0063 INFO[0m [grpc] [34;1mInfof[0m -> [pick-first-leaf-lb] [pick-first-leaf-lb 0xe60d1cdafc0] Received new config {
  "shuffleAddressList": false
}, resolver state {
  "Addresses": [
    {
      "Addr": "orderer.orderer.retf.com:7050",
      "ServerName": "",
      "Attributes": null,
      "BalancerAttributes": null,
      "Metadata": null
    }
  ],
  "Endpoints": [
    {
      "Addresses": [
        {
          "Addr": "orderer.orderer.retf.com:7050",
          "ServerName": "",
          "Attributes": null,
          "BalancerAttributes": null,
          "Metadata": null
        }
      ],
      "Attributes": null
    }
  ],
  "ServiceConfig": null,
  "Attributes": null
}
[34m2026-07-15 18:18:33.990 UTC 0064 INFO[0m [grpc] [34;1mAddTraceEvent[0m -> [core] [Channel #19]Channel Connectivity change to CONNECTING
[34m2026-07-15 18:18:33.990 UTC 0065 INFO[0m [grpc] [34;1mAddTraceEvent[0m -> [core] [Channel #19 SubChannel #20]Subchannel created
[34m2026-07-15 18:18:33.990 UTC 0066 INFO[0m [grpc] [34;1mAddTraceEvent[0m -> [core] [Channel #19]Channel exiting idle mode
[34m2026-07-15 18:18:33.990 UTC 0067 INFO[0m [grpc] [34;1mAddTraceEvent[0m -> [core] [Channel #19 SubChannel #20]Subchannel Connectivity change to CONNECTING
[34m2026-07-15 18:18:33.990 UTC 0068 INFO[0m [grpc] [34;1mAddTraceEvent[0m -> [core] [Channel #19 SubChannel #20]Subchannel picks a new address "orderer.orderer.retf.com:7050" to connect
[34m2026-07-15 18:18:33.992 UTC 0069 INFO[0m [grpc] [34;1mAddTraceEvent[0m -> [core] [Channel #19 SubChannel #20]Subchannel Connectivity change to READY
[34m2026-07-15 18:18:33.992 UTC 006a INFO[0m [grpc] [34;1mInfof[0m -> [pick-first-leaf-lb] [pick-first-leaf-lb 0xe60d1cdafc0] SubConn 0xe60d1c3d7c0 reported connectivity state READY and the health listener is disabled. Transitioning SubConn to READY.
[34m2026-07-15 18:18:33.992 UTC 006b INFO[0m [grpc] [34;1mAddTraceEvent[0m -> [core] [Channel #19]Channel Connectivity change to READY
[34m2026-07-15 18:18:36.052 UTC 006c INFO[0m [chaincodeCmd] [34;1mClientWait[0m -> txid [6830cb85e8851b17fcbaa289963ce22660e9d1c00096269068bb0ae69adb2a57] committed with status (VALID) at peer0.sa.retf.com:7051
[34m2026-07-15 18:18:36.053 UTC 006d INFO[0m [chaincodeCmd] [34;1mClientWait[0m -> txid [6830cb85e8851b17fcbaa289963ce22660e9d1c00096269068bb0ae69adb2a57] committed with status (VALID) at peer0.nsw.retf.com:7051
[34m2026-07-15 18:18:36.059 UTC 006e INFO[0m [chaincodeCmd] [34;1mClientWait[0m -> txid [6830cb85e8851b17fcbaa289963ce22660e9d1c00096269068bb0ae69adb2a57] committed with status (VALID) at peer0.qld.retf.com:7051
[34m2026-07-15 18:18:36.059 UTC 006f INFO[0m [chaincodeCmd] [34;1mchaincodeInvokeOrQuery[0m -> Chaincode invoke successful. result: status:200 payload:"s2.2.2/credential-registry/trusted-registry-epoch1b"
[34m2026-07-15 18:18:37.838 UTC 0001 INFO[0m [chaincodeCmd] [34;1mInitCmdFactory[0m -> InitCmdFactory: Entry: invoke, true, true
[34m2026-07-15 18:18:37.838 UTC 0002 INFO[0m [grpc] [34;1mInfof[0m -> [core] original dial target is: "peer0.nsw.retf.com:7051"
[34m2026-07-15 18:18:37.838 UTC 0003 INFO[0m [grpc] [34;1mAddTraceEvent[0m -> [core] [Channel #1]Channel created
[34m2026-07-15 18:18:37.838 UTC 0004 INFO[0m [grpc] [34;1mAddTraceEvent[0m -> [core] [Channel #1]parsed dial target is: resolver.Target{URL:url.URL{Scheme:"passthrough", Opaque:"", User:(*url.Userinfo)(nil), Host:"", Path:"/peer0.nsw.retf.com:7051", Fragment:"", RawQuery:"", RawPath:"", RawFragment:"", ForceQuery:false, OmitHost:false}}
[34m2026-07-15 18:18:37.838 UTC 0005 INFO[0m [grpc] [34;1mAddTraceEvent[0m -> [core] [Channel #1]Channel authority set to "peer0.nsw.retf.com:7051"
[34m2026-07-15 18:18:37.839 UTC 0006 INFO[0m [grpc] [34;1mAddTraceEvent[0m -> [core] [Channel #1]Resolver state updated: {
  "Addresses": [
    {
      "Addr": "peer0.nsw.retf.com:7051",
      "ServerName": "",
      "Attributes": null,
      "BalancerAttributes": null,
      "Metadata": null
    }
  ],
  "Endpoints": [
    {
      "Addresses": [
        {
          "Addr": "peer0.nsw.retf.com:7051",
          "ServerName": "",
          "Attributes": null,
          "BalancerAttributes": null,
          "Metadata": null
        }
      ],
      "Attributes": null
    }
  ],
  "ServiceConfig": null,
  "Attributes": null
} (resolver returned new addresses)
[34m2026-07-15 18:18:37.839 UTC 0007 INFO[0m [grpc] [34;1mAddTraceEvent[0m -> [core] [Channel #1]Channel switches to new LB policy "pick_first"
[34m2026-07-15 18:18:37.839 UTC 0008 INFO[0m [grpc] [34;1mInfof[0m -> [pick-first-leaf-lb] [pick-first-leaf-lb 0x32f47186e750] Received new config {
  "shuffleAddressList": false
}, resolver state {
  "Addresses": [
    {
      "Addr": "peer0.nsw.retf.com:7051",
      "ServerName": "",
      "Attributes": null,
      "BalancerAttributes": null,
      "Metadata": null
    }
  ],
  "Endpoints": [
    {
      "Addresses": [
        {
          "Addr": "peer0.nsw.retf.com:7051",
          "ServerName": "",
          "Attributes": null,
          "BalancerAttributes": null,
          "Metadata": null
        }
      ],
      "Attributes": null
    }
  ],
  "ServiceConfig": null,
  "Attributes": null
}
[34m2026-07-15 18:18:37.839 UTC 0009 INFO[0m [grpc] [34;1mAddTraceEvent[0m -> [core] [Channel #1]Channel Connectivity change to CONNECTING
[34m2026-07-15 18:18:37.839 UTC 000a INFO[0m [grpc] [34;1mAddTraceEvent[0m -> [core] [Channel #1 SubChannel #2]Subchannel created
[34m2026-07-15 18:18:37.839 UTC 000b INFO[0m [grpc] [34;1mAddTraceEvent[0m -> [core] [Channel #1]Channel exiting idle mode
[34m2026-07-15 18:18:37.839 UTC 000c INFO[0m [grpc] [34;1mAddTraceEvent[0m -> [core] [Channel #1 SubChannel #2]Subchannel Connectivity change to CONNECTING
[34m2026-07-15 18:18:37.839 UTC 000d INFO[0m [grpc] [34;1mAddTraceEvent[0m -> [core] [Channel #1 SubChannel #2]Subchannel picks a new address "peer0.nsw.retf.com:7051" to connect
[34m2026-07-15 18:18:37.841 UTC 000e INFO[0m [grpc] [34;1mAddTraceEvent[0m -> [core] [Channel #1 SubChannel #2]Subchannel Connectivity change to READY
[34m2026-07-15 18:18:37.841 UTC 000f INFO[0m [grpc] [34;1mInfof[0m -> [pick-first-leaf-lb] [pick-first-leaf-lb 0x32f47186e750] SubConn 0x32f471b0ebe0 reported connectivity state READY and the health listener is disabled. Transitioning SubConn to READY.
[34m2026-07-15 18:18:37.841 UTC 0010 INFO[0m [grpc] [34;1mAddTraceEvent[0m -> [core] [Channel #1]Channel Connectivity change to READY
[34m2026-07-15 18:18:37.841 UTC 0011 INFO[0m [grpc] [34;1mInfof[0m -> [core] original dial target is: "peer0.nsw.retf.com:7051"
[34m2026-07-15 18:18:37.841 UTC 0012 INFO[0m [grpc] [34;1mAddTraceEvent[0m -> [core] [Channel #4]Channel created
[34m2026-07-15 18:18:37.841 UTC 0013 INFO[0m [grpc] [34;1mAddTraceEvent[0m -> [core] [Channel #4]parsed dial target is: resolver.Target{URL:url.URL{Scheme:"passthrough", Opaque:"", User:(*url.Userinfo)(nil), Host:"", Path:"/peer0.nsw.retf.com:7051", Fragment:"", RawQuery:"", RawPath:"", RawFragment:"", ForceQuery:false, OmitHost:false}}
[34m2026-07-15 18:18:37.841 UTC 0014 INFO[0m [grpc] [34;1mAddTraceEvent[0m -> [core] [Channel #4]Channel authority set to "peer0.nsw.retf.com:7051"
[34m2026-07-15 18:18:37.841 UTC 0015 INFO[0m [grpc] [34;1mAddTraceEvent[0m -> [core] [Channel #4]Resolver state updated: {
  "Addresses": [
    {
      "Addr": "peer0.nsw.retf.com:7051",
      "ServerName": "",
      "Attributes": null,
      "BalancerAttributes": null,
      "Metadata": null
    }
  ],
  "Endpoints": [
    {
      "Addresses": [
        {
          "Addr": "peer0.nsw.retf.com:7051",
          "ServerName": "",
          "Attributes": null,
          "BalancerAttributes": null,
          "Metadata": null
        }
      ],
      "Attributes": null
    }
  ],
  "ServiceConfig": null,
  "Attributes": null
} (resolver returned new addresses)
[34m2026-07-15 18:18:37.841 UTC 0016 INFO[0m [grpc] [34;1mAddTraceEvent[0m -> [core] [Channel #4]Channel switches to new LB policy "pick_first"
[34m2026-07-15 18:18:37.841 UTC 0017 INFO[0m [grpc] [34;1mInfof[0m -> [pick-first-leaf-lb] [pick-first-leaf-lb 0x32f471a46360] Received new config {
  "shuffleAddressList": false
}, resolver state {
  "Addresses": [
    {
      "Addr": "peer0.nsw.retf.com:7051",
      "ServerName": "",
      "Attributes": null,
      "BalancerAttributes": null,
      "Metadata": null
    }
  ],
  "Endpoints": [
    {
      "Addresses": [
        {
          "Addr": "peer0.nsw.retf.com:7051",
          "ServerName": "",
          "Attributes": null,
          "BalancerAttributes": null,
          "Metadata": null
        }
      ],
      "Attributes": null
    }
  ],
  "ServiceConfig": null,
  "Attributes": null
}
[34m2026-07-15 18:18:37.842 UTC 0018 INFO[0m [grpc] [34;1mAddTraceEvent[0m -> [core] [Channel #4]Channel Connectivity change to CONNECTING
[34m2026-07-15 18:18:37.842 UTC 0019 INFO[0m [grpc] [34;1mAddTraceEvent[0m -> [core] [Channel #4 SubChannel #5]Subchannel created
[34m2026-07-15 18:18:37.842 UTC 001a INFO[0m [grpc] [34;1mAddTraceEvent[0m -> [core] [Channel #4]Channel exiting idle mode
[34m2026-07-15 18:18:37.842 UTC 001b INFO[0m [grpc] [34;1mAddTraceEvent[0m -> [core] [Channel #4 SubChannel #5]Subchannel Connectivity change to CONNECTING
[34m2026-07-15 18:18:37.842 UTC 001c INFO[0m [grpc] [34;1mAddTraceEvent[0m -> [core] [Channel #4 SubChannel #5]Subchannel picks a new address "peer0.nsw.retf.com:7051" to connect
[34m2026-07-15 18:18:37.843 UTC 001d INFO[0m [grpc] [34;1mAddTraceEvent[0m -> [core] [Channel #4 SubChannel #5]Subchannel Connectivity change to READY
[34m2026-07-15 18:18:37.843 UTC 001e INFO[0m [grpc] [34;1mInfof[0m -> [pick-first-leaf-lb] [pick-first-leaf-lb 0x32f471a46360] SubConn 0x32f471509cc0 reported connectivity state READY and the health listener is disabled. Transitioning SubConn to READY.
[34m2026-07-15 18:18:37.843 UTC 001f INFO[0m [grpc] [34;1mAddTraceEvent[0m -> [core] [Channel #4]Channel Connectivity change to READY
[34m2026-07-15 18:18:37.845 UTC 0020 INFO[0m [grpc] [34;1mInfof[0m -> [core] original dial target is: "peer0.qld.retf.com:7051"
[34m2026-07-15 18:18:37.845 UTC 0021 INFO[0m [grpc] [34;1mAddTraceEvent[0m -> [core] [Channel #7]Channel created
[34m2026-07-15 18:18:37.845 UTC 0022 INFO[0m [grpc] [34;1mAddTraceEvent[0m -> [core] [Channel #7]parsed dial target is: resolver.Target{URL:url.URL{Scheme:"passthrough", Opaque:"", User:(*url.Userinfo)(nil), Host:"", Path:"/peer0.qld.retf.com:7051", Fragment:"", RawQuery:"", RawPath:"", RawFragment:"", ForceQuery:false, OmitHost:false}}
[34m2026-07-15 18:18:37.845 UTC 0023 INFO[0m [grpc] [34;1mAddTraceEvent[0m -> [core] [Channel #7]Channel authority set to "peer0.qld.retf.com:7051"
[34m2026-07-15 18:18:37.845 UTC 0024 INFO[0m [grpc] [34;1mAddTraceEvent[0m -> [core] [Channel #7]Resolver state updated: {
  "Addresses": [
    {
      "Addr": "peer0.qld.retf.com:7051",
      "ServerName": "",
      "Attributes": null,
      "BalancerAttributes": null,
      "Metadata": null
    }
  ],
  "Endpoints": [
    {
      "Addresses": [
        {
          "Addr": "peer0.qld.retf.com:7051",
          "ServerName": "",
          "Attributes": null,
          "BalancerAttributes": null,
          "Metadata": null
        }
      ],
      "Attributes": null
    }
  ],
  "ServiceConfig": null,
  "Attributes": null
} (resolver returned new addresses)
[34m2026-07-15 18:18:37.845 UTC 0025 INFO[0m [grpc] [34;1mAddTraceEvent[0m -> [core] [Channel #7]Channel switches to new LB policy "pick_first"
[34m2026-07-15 18:18:37.845 UTC 0026 INFO[0m [grpc] [34;1mInfof[0m -> [pick-first-leaf-lb] [pick-first-leaf-lb 0x32f471a46510] Received new config {
  "shuffleAddressList": false
}, resolver state {
  "Addresses": [
    {
      "Addr": "peer0.qld.retf.com:7051",
      "ServerName": "",
      "Attributes": null,
      "BalancerAttributes": null,
      "Metadata": null
    }
  ],
  "Endpoints": [
    {
      "Addresses": [
        {
          "Addr": "peer0.qld.retf.com:7051",
          "ServerName": "",
          "Attributes": null,
          "BalancerAttributes": null,
          "Metadata": null
        }
      ],
      "Attributes": null
    }
  ],
  "ServiceConfig": null,
  "Attributes": null
}
[34m2026-07-15 18:18:37.845 UTC 0027 INFO[0m [grpc] [34;1mAddTraceEvent[0m -> [core] [Channel #7]Channel Connectivity change to CONNECTING
[34m2026-07-15 18:18:37.845 UTC 0028 INFO[0m [grpc] [34;1mAddTraceEvent[0m -> [core] [Channel #7 SubChannel #8]Subchannel created
[34m2026-07-15 18:18:37.845 UTC 0029 INFO[0m [grpc] [34;1mAddTraceEvent[0m -> [core] [Channel #7]Channel exiting idle mode
[34m2026-07-15 18:18:37.845 UTC 002a INFO[0m [grpc] [34;1mAddTraceEvent[0m -> [core] [Channel #7 SubChannel #8]Subchannel Connectivity change to CONNECTING
[34m2026-07-15 18:18:37.846 UTC 002b INFO[0m [grpc] [34;1mAddTraceEvent[0m -> [core] [Channel #7 SubChannel #8]Subchannel picks a new address "peer0.qld.retf.com:7051" to connect
[34m2026-07-15 18:18:37.848 UTC 002c INFO[0m [grpc] [34;1mAddTraceEvent[0m -> [core] [Channel #7 SubChannel #8]Subchannel Connectivity change to READY
[34m2026-07-15 18:18:37.848 UTC 002d INFO[0m [grpc] [34;1mInfof[0m -> [pick-first-leaf-lb] [pick-first-leaf-lb 0x32f471a46510] SubConn 0x32f471aac190 reported connectivity state READY and the health listener is disabled. Transitioning SubConn to READY.
[34m2026-07-15 18:18:37.848 UTC 002e INFO[0m [grpc] [34;1mAddTraceEvent[0m -> [core] [Channel #7]Channel Connectivity change to READY
[34m2026-07-15 18:18:37.848 UTC 002f INFO[0m [grpc] [34;1mInfof[0m -> [core] original dial target is: "peer0.qld.retf.com:7051"
[34m2026-07-15 18:18:37.848 UTC 0030 INFO[0m [grpc] [34;1mAddTraceEvent[0m -> [core] [Channel #10]Channel created
[34m2026-07-15 18:18:37.848 UTC 0031 INFO[0m [grpc] [34;1mAddTraceEvent[0m -> [core] [Channel #10]parsed dial target is: resolver.Target{URL:url.URL{Scheme:"passthrough", Opaque:"", User:(*url.Userinfo)(nil), Host:"", Path:"/peer0.qld.retf.com:7051", Fragment:"", RawQuery:"", RawPath:"", RawFragment:"", ForceQuery:false, OmitHost:false}}
[34m2026-07-15 18:18:37.848 UTC 0032 INFO[0m [grpc] [34;1mAddTraceEvent[0m -> [core] [Channel #10]Channel authority set to "peer0.qld.retf.com:7051"
[34m2026-07-15 18:18:37.848 UTC 0033 INFO[0m [grpc] [34;1mAddTraceEvent[0m -> [core] [Channel #10]Resolver state updated: {
  "Addresses": [
    {
      "Addr": "peer0.qld.retf.com:7051",
      "ServerName": "",
      "Attributes": null,
      "BalancerAttributes": null,
      "Metadata": null
    }
  ],
  "Endpoints": [
    {
      "Addresses": [
        {
          "Addr": "peer0.qld.retf.com:7051",
          "ServerName": "",
          "Attributes": null,
          "BalancerAttributes": null,
          "Metadata": null
        }
      ],
      "Attributes": null
    }
  ],
  "ServiceConfig": null,
  "Attributes": null
} (resolver returned new addresses)
[34m2026-07-15 18:18:37.848 UTC 0034 INFO[0m [grpc] [34;1mAddTraceEvent[0m -> [core] [Channel #10]Channel switches to new LB policy "pick_first"
[34m2026-07-15 18:18:37.848 UTC 0035 INFO[0m [grpc] [34;1mInfof[0m -> [pick-first-leaf-lb] [pick-first-leaf-lb 0x32f47186e900] Received new config {
  "shuffleAddressList": false
}, resolver state {
  "Addresses": [
    {
      "Addr": "peer0.qld.retf.com:7051",
      "ServerName": "",
      "Attributes": null,
      "BalancerAttributes": null,
      "Metadata": null
    }
  ],
  "Endpoints": [
    {
      "Addresses": [
        {
          "Addr": "peer0.qld.retf.com:7051",
          "ServerName": "",
          "Attributes": null,
          "BalancerAttributes": null,
          "Metadata": null
        }
      ],
      "Attributes": null
    }
  ],
  "ServiceConfig": null,
  "Attributes": null
}
[34m2026-07-15 18:18:37.848 UTC 0036 INFO[0m [grpc] [34;1mAddTraceEvent[0m -> [core] [Channel #10]Channel Connectivity change to CONNECTING
[34m2026-07-15 18:18:37.849 UTC 0037 INFO[0m [grpc] [34;1mAddTraceEvent[0m -> [core] [Channel #10 SubChannel #11]Subchannel created
[34m2026-07-15 18:18:37.849 UTC 0038 INFO[0m [grpc] [34;1mAddTraceEvent[0m -> [core] [Channel #10]Channel exiting idle mode
[34m2026-07-15 18:18:37.849 UTC 0039 INFO[0m [grpc] [34;1mAddTraceEvent[0m -> [core] [Channel #10 SubChannel #11]Subchannel Connectivity change to CONNECTING
[34m2026-07-15 18:18:37.849 UTC 003a INFO[0m [grpc] [34;1mAddTraceEvent[0m -> [core] [Channel #10 SubChannel #11]Subchannel picks a new address "peer0.qld.retf.com:7051" to connect
[34m2026-07-15 18:18:37.850 UTC 003b INFO[0m [grpc] [34;1mAddTraceEvent[0m -> [core] [Channel #10 SubChannel #11]Subchannel Connectivity change to READY
[34m2026-07-15 18:18:37.850 UTC 003c INFO[0m [grpc] [34;1mInfof[0m -> [pick-first-leaf-lb] [pick-first-leaf-lb 0x32f47186e900] SubConn 0x32f471b0ed20 reported connectivity state READY and the health listener is disabled. Transitioning SubConn to READY.
[34m2026-07-15 18:18:37.850 UTC 003d INFO[0m [grpc] [34;1mAddTraceEvent[0m -> [core] [Channel #10]Channel Connectivity change to READY
[34m2026-07-15 18:18:37.850 UTC 003e INFO[0m [grpc] [34;1mInfof[0m -> [core] original dial target is: "peer0.sa.retf.com:7051"
[34m2026-07-15 18:18:37.851 UTC 003f INFO[0m [grpc] [34;1mAddTraceEvent[0m -> [core] [Channel #13]Channel created
[34m2026-07-15 18:18:37.851 UTC 0040 INFO[0m [grpc] [34;1mAddTraceEvent[0m -> [core] [Channel #13]parsed dial target is: resolver.Target{URL:url.URL{Scheme:"passthrough", Opaque:"", User:(*url.Userinfo)(nil), Host:"", Path:"/peer0.sa.retf.com:7051", Fragment:"", RawQuery:"", RawPath:"", RawFragment:"", ForceQuery:false, OmitHost:false}}
[34m2026-07-15 18:18:37.851 UTC 0041 INFO[0m [grpc] [34;1mAddTraceEvent[0m -> [core] [Channel #13]Channel authority set to "peer0.sa.retf.com:7051"
[34m2026-07-15 18:18:37.851 UTC 0042 INFO[0m [grpc] [34;1mAddTraceEvent[0m -> [core] [Channel #13]Resolver state updated: {
  "Addresses": [
    {
      "Addr": "peer0.sa.retf.com:7051",
      "ServerName": "",
      "Attributes": null,
      "BalancerAttributes": null,
      "Metadata": null
    }
  ],
  "Endpoints": [
    {
      "Addresses": [
        {
          "Addr": "peer0.sa.retf.com:7051",
          "ServerName": "",
          "Attributes": null,
          "BalancerAttributes": null,
          "Metadata": null
        }
      ],
      "Attributes": null
    }
  ],
  "ServiceConfig": null,
  "Attributes": null
} (resolver returned new addresses)
[34m2026-07-15 18:18:37.851 UTC 0043 INFO[0m [grpc] [34;1mAddTraceEvent[0m -> [core] [Channel #13]Channel switches to new LB policy "pick_first"
[34m2026-07-15 18:18:37.851 UTC 0044 INFO[0m [grpc] [34;1mInfof[0m -> [pick-first-leaf-lb] [pick-first-leaf-lb 0x32f47186eab0] Received new config {
  "shuffleAddressList": false
}, resolver state {
  "Addresses": [
    {
      "Addr": "peer0.sa.retf.com:7051",
      "ServerName": "",
      "Attributes": null,
      "BalancerAttributes": null,
      "Metadata": null
    }
  ],
  "Endpoints": [
    {
      "Addresses": [
        {
          "Addr": "peer0.sa.retf.com:7051",
          "ServerName": "",
          "Attributes": null,
          "BalancerAttributes": null,
          "Metadata": null
        }
      ],
      "Attributes": null
    }
  ],
  "ServiceConfig": null,
  "Attributes": null
}
[34m2026-07-15 18:18:37.851 UTC 0045 INFO[0m [grpc] [34;1mAddTraceEvent[0m -> [core] [Channel #13]Channel Connectivity change to CONNECTING
[34m2026-07-15 18:18:37.851 UTC 0046 INFO[0m [grpc] [34;1mAddTraceEvent[0m -> [core] [Channel #13 SubChannel #14]Subchannel created
[34m2026-07-15 18:18:37.851 UTC 0047 INFO[0m [grpc] [34;1mAddTraceEvent[0m -> [core] [Channel #13]Channel exiting idle mode
[34m2026-07-15 18:18:37.851 UTC 0048 INFO[0m [grpc] [34;1mAddTraceEvent[0m -> [core] [Channel #13 SubChannel #14]Subchannel Connectivity change to CONNECTING
[34m2026-07-15 18:18:37.851 UTC 0049 INFO[0m [grpc] [34;1mAddTraceEvent[0m -> [core] [Channel #13 SubChannel #14]Subchannel picks a new address "peer0.sa.retf.com:7051" to connect
[34m2026-07-15 18:18:37.853 UTC 004a INFO[0m [grpc] [34;1mAddTraceEvent[0m -> [core] [Channel #13 SubChannel #14]Subchannel Connectivity change to READY
[34m2026-07-15 18:18:37.853 UTC 004b INFO[0m [grpc] [34;1mInfof[0m -> [pick-first-leaf-lb] [pick-first-leaf-lb 0x32f47186eab0] SubConn 0x32f471b0eff0 reported connectivity state READY and the health listener is disabled. Transitioning SubConn to READY.
[34m2026-07-15 18:18:37.853 UTC 004c INFO[0m [grpc] [34;1mAddTraceEvent[0m -> [core] [Channel #13]Channel Connectivity change to READY
[34m2026-07-15 18:18:37.853 UTC 004d INFO[0m [grpc] [34;1mInfof[0m -> [core] original dial target is: "peer0.sa.retf.com:7051"
[34m2026-07-15 18:18:37.853 UTC 004e INFO[0m [grpc] [34;1mAddTraceEvent[0m -> [core] [Channel #16]Channel created
[34m2026-07-15 18:18:37.853 UTC 004f INFO[0m [grpc] [34;1mAddTraceEvent[0m -> [core] [Channel #16]parsed dial target is: resolver.Target{URL:url.URL{Scheme:"passthrough", Opaque:"", User:(*url.Userinfo)(nil), Host:"", Path:"/peer0.sa.retf.com:7051", Fragment:"", RawQuery:"", RawPath:"", RawFragment:"", ForceQuery:false, OmitHost:false}}
[34m2026-07-15 18:18:37.853 UTC 0050 INFO[0m [grpc] [34;1mAddTraceEvent[0m -> [core] [Channel #16]Channel authority set to "peer0.sa.retf.com:7051"
[34m2026-07-15 18:18:37.853 UTC 0051 INFO[0m [grpc] [34;1mAddTraceEvent[0m -> [core] [Channel #16]Resolver state updated: {
  "Addresses": [
    {
      "Addr": "peer0.sa.retf.com:7051",
      "ServerName": "",
      "Attributes": null,
      "BalancerAttributes": null,
      "Metadata": null
    }
  ],
  "Endpoints": [
    {
      "Addresses": [
        {
          "Addr": "peer0.sa.retf.com:7051",
          "ServerName": "",
          "Attributes": null,
          "BalancerAttributes": null,
          "Metadata": null
        }
      ],
      "Attributes": null
    }
  ],
  "ServiceConfig": null,
  "Attributes": null
} (resolver returned new addresses)
[34m2026-07-15 18:18:37.853 UTC 0052 INFO[0m [grpc] [34;1mAddTraceEvent[0m -> [core] [Channel #16]Channel switches to new LB policy "pick_first"
[34m2026-07-15 18:18:37.853 UTC 0053 INFO[0m [grpc] [34;1mInfof[0m -> [pick-first-leaf-lb] [pick-first-leaf-lb 0x32f47186eea0] Received new config {
  "shuffleAddressList": false
}, resolver state {
  "Addresses": [
    {
      "Addr": "peer0.sa.retf.com:7051",
      "ServerName": "",
      "Attributes": null,
      "BalancerAttributes": null,
      "Metadata": null
    }
  ],
  "Endpoints": [
    {
      "Addresses": [
        {
          "Addr": "peer0.sa.retf.com:7051",
          "ServerName": "",
          "Attributes": null,
          "BalancerAttributes": null,
          "Metadata": null
        }
      ],
      "Attributes": null
    }
  ],
  "ServiceConfig": null,
  "Attributes": null
}
[34m2026-07-15 18:18:37.853 UTC 0054 INFO[0m [grpc] [34;1mAddTraceEvent[0m -> [core] [Channel #16]Channel Connectivity change to CONNECTING
[34m2026-07-15 18:18:37.853 UTC 0055 INFO[0m [grpc] [34;1mAddTraceEvent[0m -> [core] [Channel #16 SubChannel #17]Subchannel created
[34m2026-07-15 18:18:37.853 UTC 0056 INFO[0m [grpc] [34;1mAddTraceEvent[0m -> [core] [Channel #16]Channel exiting idle mode
[34m2026-07-15 18:18:37.853 UTC 0057 INFO[0m [grpc] [34;1mAddTraceEvent[0m -> [core] [Channel #16 SubChannel #17]Subchannel Connectivity change to CONNECTING
[34m2026-07-15 18:18:37.853 UTC 0058 INFO[0m [grpc] [34;1mAddTraceEvent[0m -> [core] [Channel #16 SubChannel #17]Subchannel picks a new address "peer0.sa.retf.com:7051" to connect
[34m2026-07-15 18:18:37.855 UTC 0059 INFO[0m [grpc] [34;1mAddTraceEvent[0m -> [core] [Channel #16 SubChannel #17]Subchannel Connectivity change to READY
[34m2026-07-15 18:18:37.855 UTC 005a INFO[0m [grpc] [34;1mInfof[0m -> [pick-first-leaf-lb] [pick-first-leaf-lb 0x32f47186eea0] SubConn 0x32f471b0f360 reported connectivity state READY and the health listener is disabled. Transitioning SubConn to READY.
[34m2026-07-15 18:18:37.855 UTC 005b INFO[0m [grpc] [34;1mAddTraceEvent[0m -> [core] [Channel #16]Channel Connectivity change to READY
[33m2026-07-15 18:18:37.856 UTC 005c WARN[0m [grpc] [33;1mWarningf[0m -> [core] Adjusting keepalive ping interval to minimum period of 10s
[34m2026-07-15 18:18:37.856 UTC 005d INFO[0m [grpc] [34;1mInfof[0m -> [core] original dial target is: "orderer.orderer.retf.com:7050"
[34m2026-07-15 18:18:37.856 UTC 005e INFO[0m [grpc] [34;1mAddTraceEvent[0m -> [core] [Channel #19]Channel created
[34m2026-07-15 18:18:37.856 UTC 005f INFO[0m [grpc] [34;1mAddTraceEvent[0m -> [core] [Channel #19]parsed dial target is: resolver.Target{URL:url.URL{Scheme:"passthrough", Opaque:"", User:(*url.Userinfo)(nil), Host:"", Path:"/orderer.orderer.retf.com:7050", Fragment:"", RawQuery:"", RawPath:"", RawFragment:"", ForceQuery:false, OmitHost:false}}
[34m2026-07-15 18:18:37.856 UTC 0060 INFO[0m [grpc] [34;1mAddTraceEvent[0m -> [core] [Channel #19]Channel authority set to "orderer.orderer.retf.com"
[34m2026-07-15 18:18:37.856 UTC 0061 INFO[0m [grpc] [34;1mAddTraceEvent[0m -> [core] [Channel #19]Resolver state updated: {
  "Addresses": [
    {
      "Addr": "orderer.orderer.retf.com:7050",
      "ServerName": "",
      "Attributes": null,
      "BalancerAttributes": null,
      "Metadata": null
    }
  ],
  "Endpoints": [
    {
      "Addresses": [
        {
          "Addr": "orderer.orderer.retf.com:7050",
          "ServerName": "",
          "Attributes": null,
          "BalancerAttributes": null,
          "Metadata": null
        }
      ],
      "Attributes": null
    }
  ],
  "ServiceConfig": null,
  "Attributes": null
} (resolver returned new addresses)
[34m2026-07-15 18:18:37.856 UTC 0062 INFO[0m [grpc] [34;1mAddTraceEvent[0m -> [core] [Channel #19]Channel switches to new LB policy "pick_first"
[34m2026-07-15 18:18:37.856 UTC 0063 INFO[0m [grpc] [34;1mInfof[0m -> [pick-first-leaf-lb] [pick-first-leaf-lb 0x32f47186f290] Received new config {
  "shuffleAddressList": false
}, resolver state {
  "Addresses": [
    {
      "Addr": "orderer.orderer.retf.com:7050",
      "ServerName": "",
      "Attributes": null,
      "BalancerAttributes": null,
      "Metadata": null
    }
  ],
  "Endpoints": [
    {
      "Addresses": [
        {
          "Addr": "orderer.orderer.retf.com:7050",
          "ServerName": "",
          "Attributes": null,
          "BalancerAttributes": null,
          "Metadata": null
        }
      ],
      "Attributes": null
    }
  ],
  "ServiceConfig": null,
  "Attributes": null
}
[34m2026-07-15 18:18:37.856 UTC 0064 INFO[0m [grpc] [34;1mAddTraceEvent[0m -> [core] [Channel #19]Channel Connectivity change to CONNECTING
[34m2026-07-15 18:18:37.856 UTC 0065 INFO[0m [grpc] [34;1mAddTraceEvent[0m -> [core] [Channel #19 SubChannel #20]Subchannel created
[34m2026-07-15 18:18:37.856 UTC 0066 INFO[0m [grpc] [34;1mAddTraceEvent[0m -> [core] [Channel #19]Channel exiting idle mode
[34m2026-07-15 18:18:37.856 UTC 0067 INFO[0m [grpc] [34;1mAddTraceEvent[0m -> [core] [Channel #19 SubChannel #20]Subchannel Connectivity change to CONNECTING
[34m2026-07-15 18:18:37.856 UTC 0068 INFO[0m [grpc] [34;1mAddTraceEvent[0m -> [core] [Channel #19 SubChannel #20]Subchannel picks a new address "orderer.orderer.retf.com:7050" to connect
[34m2026-07-15 18:18:37.858 UTC 0069 INFO[0m [grpc] [34;1mAddTraceEvent[0m -> [core] [Channel #19 SubChannel #20]Subchannel Connectivity change to READY
[34m2026-07-15 18:18:37.858 UTC 006a INFO[0m [grpc] [34;1mInfof[0m -> [pick-first-leaf-lb] [pick-first-leaf-lb 0x32f47186f290] SubConn 0x32f471b0fb30 reported connectivity state READY and the health listener is disabled. Transitioning SubConn to READY.
[34m2026-07-15 18:18:37.858 UTC 006b INFO[0m [grpc] [34;1mAddTraceEvent[0m -> [core] [Channel #19]Channel Connectivity change to READY
[34m2026-07-15 18:18:39.916 UTC 006c INFO[0m [chaincodeCmd] [34;1mClientWait[0m -> txid [c2c27f4a875d0abd77bfcf9604cb9d73031089e251111c670ef5f218381fea34] committed with status (VALID) at peer0.sa.retf.com:7051
[34m2026-07-15 18:18:39.920 UTC 006d INFO[0m [chaincodeCmd] [34;1mClientWait[0m -> txid [c2c27f4a875d0abd77bfcf9604cb9d73031089e251111c670ef5f218381fea34] committed with status (VALID) at peer0.qld.retf.com:7051
[34m2026-07-15 18:18:39.921 UTC 006e INFO[0m [chaincodeCmd] [34;1mClientWait[0m -> txid [c2c27f4a875d0abd77bfcf9604cb9d73031089e251111c670ef5f218381fea34] committed with status (VALID) at peer0.nsw.retf.com:7051
[34m2026-07-15 18:18:39.921 UTC 006f INFO[0m [chaincodeCmd] [34;1mchaincodeInvokeOrQuery[0m -> Chaincode invoke successful. result: status:200 payload:"s2.2.2/task-policy/task-holder-b"
[34m2026-07-15 18:18:40.874 UTC 0001 INFO[0m [chaincodeCmd] [34;1mInitCmdFactory[0m -> InitCmdFactory: Entry: invoke, true, true
[34m2026-07-15 18:18:40.874 UTC 0002 INFO[0m [grpc] [34;1mInfof[0m -> [core] original dial target is: "peer0.nsw.retf.com:7051"
[34m2026-07-15 18:18:40.874 UTC 0003 INFO[0m [grpc] [34;1mAddTraceEvent[0m -> [core] [Channel #1]Channel created
[34m2026-07-15 18:18:40.874 UTC 0004 INFO[0m [grpc] [34;1mAddTraceEvent[0m -> [core] [Channel #1]parsed dial target is: resolver.Target{URL:url.URL{Scheme:"passthrough", Opaque:"", User:(*url.Userinfo)(nil), Host:"", Path:"/peer0.nsw.retf.com:7051", Fragment:"", RawQuery:"", RawPath:"", RawFragment:"", ForceQuery:false, OmitHost:false}}
[34m2026-07-15 18:18:40.874 UTC 0005 INFO[0m [grpc] [34;1mAddTraceEvent[0m -> [core] [Channel #1]Channel authority set to "peer0.nsw.retf.com:7051"
[34m2026-07-15 18:18:40.874 UTC 0006 INFO[0m [grpc] [34;1mAddTraceEvent[0m -> [core] [Channel #1]Resolver state updated: {
  "Addresses": [
    {
      "Addr": "peer0.nsw.retf.com:7051",
      "ServerName": "",
      "Attributes": null,
      "BalancerAttributes": null,
      "Metadata": null
    }
  ],
  "Endpoints": [
    {
      "Addresses": [
        {
          "Addr": "peer0.nsw.retf.com:7051",
          "ServerName": "",
          "Attributes": null,
          "BalancerAttributes": null,
          "Metadata": null
        }
      ],
      "Attributes": null
    }
  ],
  "ServiceConfig": null,
  "Attributes": null
} (resolver returned new addresses)
[34m2026-07-15 18:18:40.874 UTC 0007 INFO[0m [grpc] [34;1mAddTraceEvent[0m -> [core] [Channel #1]Channel switches to new LB policy "pick_first"
[34m2026-07-15 18:18:40.874 UTC 0008 INFO[0m [grpc] [34;1mInfof[0m -> [pick-first-leaf-lb] [pick-first-leaf-lb 0x1111109a2480] Received new config {
  "shuffleAddressList": false
}, resolver state {
  "Addresses": [
    {
      "Addr": "peer0.nsw.retf.com:7051",
      "ServerName": "",
      "Attributes": null,
      "BalancerAttributes": null,
      "Metadata": null
    }
  ],
  "Endpoints": [
    {
      "Addresses": [
        {
          "Addr": "peer0.nsw.retf.com:7051",
          "ServerName": "",
          "Attributes": null,
          "BalancerAttributes": null,
          "Metadata": null
        }
      ],
      "Attributes": null
    }
  ],
  "ServiceConfig": null,
  "Attributes": null
}
[34m2026-07-15 18:18:40.874 UTC 0009 INFO[0m [grpc] [34;1mAddTraceEvent[0m -> [core] [Channel #1]Channel Connectivity change to CONNECTING
[34m2026-07-15 18:18:40.874 UTC 000a INFO[0m [grpc] [34;1mAddTraceEvent[0m -> [core] [Channel #1 SubChannel #2]Subchannel created
[34m2026-07-15 18:18:40.874 UTC 000b INFO[0m [grpc] [34;1mAddTraceEvent[0m -> [core] [Channel #1]Channel exiting idle mode
[34m2026-07-15 18:18:40.875 UTC 000c INFO[0m [grpc] [34;1mAddTraceEvent[0m -> [core] [Channel #1 SubChannel #2]Subchannel Connectivity change to CONNECTING
[34m2026-07-15 18:18:40.875 UTC 000d INFO[0m [grpc] [34;1mAddTraceEvent[0m -> [core] [Channel #1 SubChannel #2]Subchannel picks a new address "peer0.nsw.retf.com:7051" to connect
[34m2026-07-15 18:18:40.877 UTC 000e INFO[0m [grpc] [34;1mAddTraceEvent[0m -> [core] [Channel #1 SubChannel #2]Subchannel Connectivity change to READY
[34m2026-07-15 18:18:40.878 UTC 000f INFO[0m [grpc] [34;1mInfof[0m -> [pick-first-leaf-lb] [pick-first-leaf-lb 0x1111109a2480] SubConn 0x111110aac3c0 reported connectivity state READY and the health listener is disabled. Transitioning SubConn to READY.
[34m2026-07-15 18:18:40.878 UTC 0010 INFO[0m [grpc] [34;1mAddTraceEvent[0m -> [core] [Channel #1]Channel Connectivity change to READY
[34m2026-07-15 18:18:40.878 UTC 0011 INFO[0m [grpc] [34;1mInfof[0m -> [core] original dial target is: "peer0.nsw.retf.com:7051"
[34m2026-07-15 18:18:40.878 UTC 0012 INFO[0m [grpc] [34;1mAddTraceEvent[0m -> [core] [Channel #4]Channel created
[34m2026-07-15 18:18:40.878 UTC 0013 INFO[0m [grpc] [34;1mAddTraceEvent[0m -> [core] [Channel #4]parsed dial target is: resolver.Target{URL:url.URL{Scheme:"passthrough", Opaque:"", User:(*url.Userinfo)(nil), Host:"", Path:"/peer0.nsw.retf.com:7051", Fragment:"", RawQuery:"", RawPath:"", RawFragment:"", ForceQuery:false, OmitHost:false}}
[34m2026-07-15 18:18:40.878 UTC 0014 INFO[0m [grpc] [34;1mAddTraceEvent[0m -> [core] [Channel #4]Channel authority set to "peer0.nsw.retf.com:7051"
[34m2026-07-15 18:18:40.878 UTC 0015 INFO[0m [grpc] [34;1mAddTraceEvent[0m -> [core] [Channel #4]Resolver state updated: {
  "Addresses": [
    {
      "Addr": "peer0.nsw.retf.com:7051",
      "ServerName": "",
      "Attributes": null,
      "BalancerAttributes": null,
      "Metadata": null
    }
  ],
  "Endpoints": [
    {
      "Addresses": [
        {
          "Addr": "peer0.nsw.retf.com:7051",
          "ServerName": "",
          "Attributes": null,
          "BalancerAttributes": null,
          "Metadata": null
        }
      ],
      "Attributes": null
    }
  ],
  "ServiceConfig": null,
  "Attributes": null
} (resolver returned new addresses)
[34m2026-07-15 18:18:40.878 UTC 0016 INFO[0m [grpc] [34;1mAddTraceEvent[0m -> [core] [Channel #4]Channel switches to new LB policy "pick_first"
[34m2026-07-15 18:18:40.878 UTC 0017 INFO[0m [grpc] [34;1mInfof[0m -> [pick-first-leaf-lb] [pick-first-leaf-lb 0x1111109a2630] Received new config {
  "shuffleAddressList": false
}, resolver state {
  "Addresses": [
    {
      "Addr": "peer0.nsw.retf.com:7051",
      "ServerName": "",
      "Attributes": null,
      "BalancerAttributes": null,
      "Metadata": null
    }
  ],
  "Endpoints": [
    {
      "Addresses": [
        {
          "Addr": "peer0.nsw.retf.com:7051",
          "ServerName": "",
          "Attributes": null,
          "BalancerAttributes": null,
          "Metadata": null
        }
      ],
      "Attributes": null
    }
  ],
  "ServiceConfig": null,
  "Attributes": null
}
[34m2026-07-15 18:18:40.878 UTC 0018 INFO[0m [grpc] [34;1mAddTraceEvent[0m -> [core] [Channel #4]Channel Connectivity change to CONNECTING
[34m2026-07-15 18:18:40.878 UTC 0019 INFO[0m [grpc] [34;1mAddTraceEvent[0m -> [core] [Channel #4 SubChannel #5]Subchannel created
[34m2026-07-15 18:18:40.878 UTC 001a INFO[0m [grpc] [34;1mAddTraceEvent[0m -> [core] [Channel #4]Channel exiting idle mode
[34m2026-07-15 18:18:40.878 UTC 001b INFO[0m [grpc] [34;1mAddTraceEvent[0m -> [core] [Channel #4 SubChannel #5]Subchannel Connectivity change to CONNECTING
[34m2026-07-15 18:18:40.878 UTC 001c INFO[0m [grpc] [34;1mAddTraceEvent[0m -> [core] [Channel #4 SubChannel #5]Subchannel picks a new address "peer0.nsw.retf.com:7051" to connect
[34m2026-07-15 18:18:40.880 UTC 001d INFO[0m [grpc] [34;1mAddTraceEvent[0m -> [core] [Channel #4 SubChannel #5]Subchannel Connectivity change to READY
[34m2026-07-15 18:18:40.880 UTC 001e INFO[0m [grpc] [34;1mInfof[0m -> [pick-first-leaf-lb] [pick-first-leaf-lb 0x1111109a2630] SubConn 0x1111109543c0 reported connectivity state READY and the health listener is disabled. Transitioning SubConn to READY.
[34m2026-07-15 18:18:40.880 UTC 001f INFO[0m [grpc] [34;1mAddTraceEvent[0m -> [core] [Channel #4]Channel Connectivity change to READY
[34m2026-07-15 18:18:40.880 UTC 0020 INFO[0m [grpc] [34;1mInfof[0m -> [core] original dial target is: "peer0.qld.retf.com:7051"
[34m2026-07-15 18:18:40.880 UTC 0021 INFO[0m [grpc] [34;1mAddTraceEvent[0m -> [core] [Channel #7]Channel created
[34m2026-07-15 18:18:40.880 UTC 0022 INFO[0m [grpc] [34;1mAddTraceEvent[0m -> [core] [Channel #7]parsed dial target is: resolver.Target{URL:url.URL{Scheme:"passthrough", Opaque:"", User:(*url.Userinfo)(nil), Host:"", Path:"/peer0.qld.retf.com:7051", Fragment:"", RawQuery:"", RawPath:"", RawFragment:"", ForceQuery:false, OmitHost:false}}
[34m2026-07-15 18:18:40.880 UTC 0023 INFO[0m [grpc] [34;1mAddTraceEvent[0m -> [core] [Channel #7]Channel authority set to "peer0.qld.retf.com:7051"
[34m2026-07-15 18:18:40.881 UTC 0024 INFO[0m [grpc] [34;1mAddTraceEvent[0m -> [core] [Channel #7]Resolver state updated: {
  "Addresses": [
    {
      "Addr": "peer0.qld.retf.com:7051",
      "ServerName": "",
      "Attributes": null,
      "BalancerAttributes": null,
      "Metadata": null
    }
  ],
  "Endpoints": [
    {
      "Addresses": [
        {
          "Addr": "peer0.qld.retf.com:7051",
          "ServerName": "",
          "Attributes": null,
          "BalancerAttributes": null,
          "Metadata": null
        }
      ],
      "Attributes": null
    }
  ],
  "ServiceConfig": null,
  "Attributes": null
} (resolver returned new addresses)
[34m2026-07-15 18:18:40.881 UTC 0025 INFO[0m [grpc] [34;1mAddTraceEvent[0m -> [core] [Channel #7]Channel switches to new LB policy "pick_first"
[34m2026-07-15 18:18:40.881 UTC 0026 INFO[0m [grpc] [34;1mInfof[0m -> [pick-first-leaf-lb] [pick-first-leaf-lb 0x1111109a27e0] Received new config {
  "shuffleAddressList": false
}, resolver state {
  "Addresses": [
    {
      "Addr": "peer0.qld.retf.com:7051",
      "ServerName": "",
      "Attributes": null,
      "BalancerAttributes": null,
      "Metadata": null
    }
  ],
  "Endpoints": [
    {
      "Addresses": [
        {
          "Addr": "peer0.qld.retf.com:7051",
          "ServerName": "",
          "Attributes": null,
          "BalancerAttributes": null,
          "Metadata": null
        }
      ],
      "Attributes": null
    }
  ],
  "ServiceConfig": null,
  "Attributes": null
}
[34m2026-07-15 18:18:40.881 UTC 0027 INFO[0m [grpc] [34;1mAddTraceEvent[0m -> [core] [Channel #7]Channel Connectivity change to CONNECTING
[34m2026-07-15 18:18:40.881 UTC 0028 INFO[0m [grpc] [34;1mAddTraceEvent[0m -> [core] [Channel #7 SubChannel #8]Subchannel created
[34m2026-07-15 18:18:40.881 UTC 0029 INFO[0m [grpc] [34;1mAddTraceEvent[0m -> [core] [Channel #7]Channel exiting idle mode
[34m2026-07-15 18:18:40.881 UTC 002a INFO[0m [grpc] [34;1mAddTraceEvent[0m -> [core] [Channel #7 SubChannel #8]Subchannel Connectivity change to CONNECTING
[34m2026-07-15 18:18:40.881 UTC 002b INFO[0m [grpc] [34;1mAddTraceEvent[0m -> [core] [Channel #7 SubChannel #8]Subchannel picks a new address "peer0.qld.retf.com:7051" to connect
[34m2026-07-15 18:18:40.883 UTC 002c INFO[0m [grpc] [34;1mAddTraceEvent[0m -> [core] [Channel #7 SubChannel #8]Subchannel Connectivity change to READY
[34m2026-07-15 18:18:40.883 UTC 002d INFO[0m [grpc] [34;1mInfof[0m -> [pick-first-leaf-lb] [pick-first-leaf-lb 0x1111109a27e0] SubConn 0x111110954550 reported connectivity state READY and the health listener is disabled. Transitioning SubConn to READY.
[34m2026-07-15 18:18:40.883 UTC 002e INFO[0m [grpc] [34;1mAddTraceEvent[0m -> [core] [Channel #7]Channel Connectivity change to READY
[34m2026-07-15 18:18:40.883 UTC 002f INFO[0m [grpc] [34;1mInfof[0m -> [core] original dial target is: "peer0.qld.retf.com:7051"
[34m2026-07-15 18:18:40.883 UTC 0030 INFO[0m [grpc] [34;1mAddTraceEvent[0m -> [core] [Channel #10]Channel created
[34m2026-07-15 18:18:40.883 UTC 0031 INFO[0m [grpc] [34;1mAddTraceEvent[0m -> [core] [Channel #10]parsed dial target is: resolver.Target{URL:url.URL{Scheme:"passthrough", Opaque:"", User:(*url.Userinfo)(nil), Host:"", Path:"/peer0.qld.retf.com:7051", Fragment:"", RawQuery:"", RawPath:"", RawFragment:"", ForceQuery:false, OmitHost:false}}
[34m2026-07-15 18:18:40.883 UTC 0032 INFO[0m [grpc] [34;1mAddTraceEvent[0m -> [core] [Channel #10]Channel authority set to "peer0.qld.retf.com:7051"
[34m2026-07-15 18:18:40.883 UTC 0033 INFO[0m [grpc] [34;1mAddTraceEvent[0m -> [core] [Channel #10]Resolver state updated: {
  "Addresses": [
    {
      "Addr": "peer0.qld.retf.com:7051",
      "ServerName": "",
      "Attributes": null,
      "BalancerAttributes": null,
      "Metadata": null
    }
  ],
  "Endpoints": [
    {
      "Addresses": [
        {
          "Addr": "peer0.qld.retf.com:7051",
          "ServerName": "",
          "Attributes": null,
          "BalancerAttributes": null,
          "Metadata": null
        }
      ],
      "Attributes": null
    }
  ],
  "ServiceConfig": null,
  "Attributes": null
} (resolver returned new addresses)
[34m2026-07-15 18:18:40.883 UTC 0034 INFO[0m [grpc] [34;1mAddTraceEvent[0m -> [core] [Channel #10]Channel switches to new LB policy "pick_first"
[34m2026-07-15 18:18:40.883 UTC 0035 INFO[0m [grpc] [34;1mInfof[0m -> [pick-first-leaf-lb] [pick-first-leaf-lb 0x1111109a2990] Received new config {
  "shuffleAddressList": false
}, resolver state {
  "Addresses": [
    {
      "Addr": "peer0.qld.retf.com:7051",
      "ServerName": "",
      "Attributes": null,
      "BalancerAttributes": null,
      "Metadata": null
    }
  ],
  "Endpoints": [
    {
      "Addresses": [
        {
          "Addr": "peer0.qld.retf.com:7051",
          "ServerName": "",
          "Attributes": null,
          "BalancerAttributes": null,
          "Metadata": null
        }
      ],
      "Attributes": null
    }
  ],
  "ServiceConfig": null,
  "Attributes": null
}
[34m2026-07-15 18:18:40.883 UTC 0036 INFO[0m [grpc] [34;1mAddTraceEvent[0m -> [core] [Channel #10]Channel Connectivity change to CONNECTING
[34m2026-07-15 18:18:40.883 UTC 0037 INFO[0m [grpc] [34;1mAddTraceEvent[0m -> [core] [Channel #10 SubChannel #11]Subchannel created
[34m2026-07-15 18:18:40.883 UTC 0038 INFO[0m [grpc] [34;1mAddTraceEvent[0m -> [core] [Channel #10]Channel exiting idle mode
[34m2026-07-15 18:18:40.883 UTC 0039 INFO[0m [grpc] [34;1mAddTraceEvent[0m -> [core] [Channel #10 SubChannel #11]Subchannel Connectivity change to CONNECTING
[34m2026-07-15 18:18:40.883 UTC 003a INFO[0m [grpc] [34;1mAddTraceEvent[0m -> [core] [Channel #10 SubChannel #11]Subchannel picks a new address "peer0.qld.retf.com:7051" to connect
[34m2026-07-15 18:18:40.885 UTC 003b INFO[0m [grpc] [34;1mAddTraceEvent[0m -> [core] [Channel #10 SubChannel #11]Subchannel Connectivity change to READY
[34m2026-07-15 18:18:40.885 UTC 003c INFO[0m [grpc] [34;1mInfof[0m -> [pick-first-leaf-lb] [pick-first-leaf-lb 0x1111109a2990] SubConn 0x111110954be0 reported connectivity state READY and the health listener is disabled. Transitioning SubConn to READY.
[34m2026-07-15 18:18:40.885 UTC 003d INFO[0m [grpc] [34;1mAddTraceEvent[0m -> [core] [Channel #10]Channel Connectivity change to READY
[34m2026-07-15 18:18:40.885 UTC 003e INFO[0m [grpc] [34;1mInfof[0m -> [core] original dial target is: "peer0.sa.retf.com:7051"
[34m2026-07-15 18:18:40.885 UTC 003f INFO[0m [grpc] [34;1mAddTraceEvent[0m -> [core] [Channel #13]Channel created
[34m2026-07-15 18:18:40.885 UTC 0040 INFO[0m [grpc] [34;1mAddTraceEvent[0m -> [core] [Channel #13]parsed dial target is: resolver.Target{URL:url.URL{Scheme:"passthrough", Opaque:"", User:(*url.Userinfo)(nil), Host:"", Path:"/peer0.sa.retf.com:7051", Fragment:"", RawQuery:"", RawPath:"", RawFragment:"", ForceQuery:false, OmitHost:false}}
[34m2026-07-15 18:18:40.885 UTC 0041 INFO[0m [grpc] [34;1mAddTraceEvent[0m -> [core] [Channel #13]Channel authority set to "peer0.sa.retf.com:7051"
[34m2026-07-15 18:18:40.885 UTC 0042 INFO[0m [grpc] [34;1mAddTraceEvent[0m -> [core] [Channel #13]Resolver state updated: {
  "Addresses": [
    {
      "Addr": "peer0.sa.retf.com:7051",
      "ServerName": "",
      "Attributes": null,
      "BalancerAttributes": null,
      "Metadata": null
    }
  ],
  "Endpoints": [
    {
      "Addresses": [
        {
          "Addr": "peer0.sa.retf.com:7051",
          "ServerName": "",
          "Attributes": null,
          "BalancerAttributes": null,
          "Metadata": null
        }
      ],
      "Attributes": null
    }
  ],
  "ServiceConfig": null,
  "Attributes": null
} (resolver returned new addresses)
[34m2026-07-15 18:18:40.885 UTC 0043 INFO[0m [grpc] [34;1mAddTraceEvent[0m -> [core] [Channel #13]Channel switches to new LB policy "pick_first"
[34m2026-07-15 18:18:40.885 UTC 0044 INFO[0m [grpc] [34;1mInfof[0m -> [pick-first-leaf-lb] [pick-first-leaf-lb 0x11111061a2d0] Received new config {
  "shuffleAddressList": false
}, resolver state {
  "Addresses": [
    {
      "Addr": "peer0.sa.retf.com:7051",
      "ServerName": "",
      "Attributes": null,
      "BalancerAttributes": null,
      "Metadata": null
    }
  ],
  "Endpoints": [
    {
      "Addresses": [
        {
          "Addr": "peer0.sa.retf.com:7051",
          "ServerName": "",
          "Attributes": null,
          "BalancerAttributes": null,
          "Metadata": null
        }
      ],
      "Attributes": null
    }
  ],
  "ServiceConfig": null,
  "Attributes": null
}
[34m2026-07-15 18:18:40.885 UTC 0045 INFO[0m [grpc] [34;1mAddTraceEvent[0m -> [core] [Channel #13]Channel Connectivity change to CONNECTING
[34m2026-07-15 18:18:40.885 UTC 0046 INFO[0m [grpc] [34;1mAddTraceEvent[0m -> [core] [Channel #13 SubChannel #14]Subchannel created
[34m2026-07-15 18:18:40.885 UTC 0047 INFO[0m [grpc] [34;1mAddTraceEvent[0m -> [core] [Channel #13]Channel exiting idle mode
[34m2026-07-15 18:18:40.885 UTC 0048 INFO[0m [grpc] [34;1mAddTraceEvent[0m -> [core] [Channel #13 SubChannel #14]Subchannel Connectivity change to CONNECTING
[34m2026-07-15 18:18:40.885 UTC 0049 INFO[0m [grpc] [34;1mAddTraceEvent[0m -> [core] [Channel #13 SubChannel #14]Subchannel picks a new address "peer0.sa.retf.com:7051" to connect
[34m2026-07-15 18:18:40.887 UTC 004a INFO[0m [grpc] [34;1mAddTraceEvent[0m -> [core] [Channel #13 SubChannel #14]Subchannel Connectivity change to READY
[34m2026-07-15 18:18:40.888 UTC 004b INFO[0m [grpc] [34;1mInfof[0m -> [pick-first-leaf-lb] [pick-first-leaf-lb 0x11111061a2d0] SubConn 0x111110aaca00 reported connectivity state READY and the health listener is disabled. Transitioning SubConn to READY.
[34m2026-07-15 18:18:40.888 UTC 004c INFO[0m [grpc] [34;1mAddTraceEvent[0m -> [core] [Channel #13]Channel Connectivity change to READY
[34m2026-07-15 18:18:40.888 UTC 004d INFO[0m [grpc] [34;1mInfof[0m -> [core] original dial target is: "peer0.sa.retf.com:7051"
[34m2026-07-15 18:18:40.888 UTC 004e INFO[0m [grpc] [34;1mAddTraceEvent[0m -> [core] [Channel #16]Channel created
[34m2026-07-15 18:18:40.888 UTC 004f INFO[0m [grpc] [34;1mAddTraceEvent[0m -> [core] [Channel #16]parsed dial target is: resolver.Target{URL:url.URL{Scheme:"passthrough", Opaque:"", User:(*url.Userinfo)(nil), Host:"", Path:"/peer0.sa.retf.com:7051", Fragment:"", RawQuery:"", RawPath:"", RawFragment:"", ForceQuery:false, OmitHost:false}}
[34m2026-07-15 18:18:40.888 UTC 0050 INFO[0m [grpc] [34;1mAddTraceEvent[0m -> [core] [Channel #16]Channel authority set to "peer0.sa.retf.com:7051"
[34m2026-07-15 18:18:40.888 UTC 0051 INFO[0m [grpc] [34;1mAddTraceEvent[0m -> [core] [Channel #16]Resolver state updated: {
  "Addresses": [
    {
      "Addr": "peer0.sa.retf.com:7051",
      "ServerName": "",
      "Attributes": null,
      "BalancerAttributes": null,
      "Metadata": null
    }
  ],
  "Endpoints": [
    {
      "Addresses": [
        {
          "Addr": "peer0.sa.retf.com:7051",
          "ServerName": "",
          "Attributes": null,
          "BalancerAttributes": null,
          "Metadata": null
        }
      ],
      "Attributes": null
    }
  ],
  "ServiceConfig": null,
  "Attributes": null
} (resolver returned new addresses)
[34m2026-07-15 18:18:40.888 UTC 0052 INFO[0m [grpc] [34;1mAddTraceEvent[0m -> [core] [Channel #16]Channel switches to new LB policy "pick_first"
[34m2026-07-15 18:18:40.888 UTC 0053 INFO[0m [grpc] [34;1mInfof[0m -> [pick-first-leaf-lb] [pick-first-leaf-lb 0x111110d343f0] Received new config {
  "shuffleAddressList": false
}, resolver state {
  "Addresses": [
    {
      "Addr": "peer0.sa.retf.com:7051",
      "ServerName": "",
      "Attributes": null,
      "BalancerAttributes": null,
      "Metadata": null
    }
  ],
  "Endpoints": [
    {
      "Addresses": [
        {
          "Addr": "peer0.sa.retf.com:7051",
          "ServerName": "",
          "Attributes": null,
          "BalancerAttributes": null,
          "Metadata": null
        }
      ],
      "Attributes": null
    }
  ],
  "ServiceConfig": null,
  "Attributes": null
}
[34m2026-07-15 18:18:40.888 UTC 0054 INFO[0m [grpc] [34;1mAddTraceEvent[0m -> [core] [Channel #16]Channel Connectivity change to CONNECTING
[34m2026-07-15 18:18:40.888 UTC 0055 INFO[0m [grpc] [34;1mAddTraceEvent[0m -> [core] [Channel #16 SubChannel #17]Subchannel created
[34m2026-07-15 18:18:40.888 UTC 0056 INFO[0m [grpc] [34;1mAddTraceEvent[0m -> [core] [Channel #16]Channel exiting idle mode
[34m2026-07-15 18:18:40.888 UTC 0057 INFO[0m [grpc] [34;1mAddTraceEvent[0m -> [core] [Channel #16 SubChannel #17]Subchannel Connectivity change to CONNECTING
[34m2026-07-15 18:18:40.888 UTC 0058 INFO[0m [grpc] [34;1mAddTraceEvent[0m -> [core] [Channel #16 SubChannel #17]Subchannel picks a new address "peer0.sa.retf.com:7051" to connect
[34m2026-07-15 18:18:40.890 UTC 0059 INFO[0m [grpc] [34;1mAddTraceEvent[0m -> [core] [Channel #16 SubChannel #17]Subchannel Connectivity change to READY
[34m2026-07-15 18:18:40.890 UTC 005a INFO[0m [grpc] [34;1mInfof[0m -> [pick-first-leaf-lb] [pick-first-leaf-lb 0x111110d343f0] SubConn 0x111110b45040 reported connectivity state READY and the health listener is disabled. Transitioning SubConn to READY.
[34m2026-07-15 18:18:40.890 UTC 005b INFO[0m [grpc] [34;1mAddTraceEvent[0m -> [core] [Channel #16]Channel Connectivity change to READY
[33m2026-07-15 18:18:40.890 UTC 005c WARN[0m [grpc] [33;1mWarningf[0m -> [core] Adjusting keepalive ping interval to minimum period of 10s
[34m2026-07-15 18:18:40.890 UTC 005d INFO[0m [grpc] [34;1mInfof[0m -> [core] original dial target is: "orderer.orderer.retf.com:7050"
[34m2026-07-15 18:18:40.890 UTC 005e INFO[0m [grpc] [34;1mAddTraceEvent[0m -> [core] [Channel #19]Channel created
[34m2026-07-15 18:18:40.890 UTC 005f INFO[0m [grpc] [34;1mAddTraceEvent[0m -> [core] [Channel #19]parsed dial target is: resolver.Target{URL:url.URL{Scheme:"passthrough", Opaque:"", User:(*url.Userinfo)(nil), Host:"", Path:"/orderer.orderer.retf.com:7050", Fragment:"", RawQuery:"", RawPath:"", RawFragment:"", ForceQuery:false, OmitHost:false}}
[34m2026-07-15 18:18:40.890 UTC 0060 INFO[0m [grpc] [34;1mAddTraceEvent[0m -> [core] [Channel #19]Channel authority set to "orderer.orderer.retf.com"
[34m2026-07-15 18:18:40.891 UTC 0061 INFO[0m [grpc] [34;1mAddTraceEvent[0m -> [core] [Channel #19]Resolver state updated: {
  "Addresses": [
    {
      "Addr": "orderer.orderer.retf.com:7050",
      "ServerName": "",
      "Attributes": null,
      "BalancerAttributes": null,
      "Metadata": null
    }
  ],
  "Endpoints": [
    {
      "Addresses": [
        {
          "Addr": "orderer.orderer.retf.com:7050",
          "ServerName": "",
          "Attributes": null,
          "BalancerAttributes": null,
          "Metadata": null
        }
      ],
      "Attributes": null
    }
  ],
  "ServiceConfig": null,
  "Attributes": null
} (resolver returned new addresses)
[34m2026-07-15 18:18:40.891 UTC 0062 INFO[0m [grpc] [34;1mAddTraceEvent[0m -> [core] [Channel #19]Channel switches to new LB policy "pick_first"
[34m2026-07-15 18:18:40.891 UTC 0063 INFO[0m [grpc] [34;1mInfof[0m -> [pick-first-leaf-lb] [pick-first-leaf-lb 0x111110d345a0] Received new config {
  "shuffleAddressList": false
}, resolver state {
  "Addresses": [
    {
      "Addr": "orderer.orderer.retf.com:7050",
      "ServerName": "",
      "Attributes": null,
      "BalancerAttributes": null,
      "Metadata": null
    }
  ],
  "Endpoints": [
    {
      "Addresses": [
        {
          "Addr": "orderer.orderer.retf.com:7050",
          "ServerName": "",
          "Attributes": null,
          "BalancerAttributes": null,
          "Metadata": null
        }
      ],
      "Attributes": null
    }
  ],
  "ServiceConfig": null,
  "Attributes": null
}
[34m2026-07-15 18:18:40.891 UTC 0064 INFO[0m [grpc] [34;1mAddTraceEvent[0m -> [core] [Channel #19]Channel Connectivity change to CONNECTING
[34m2026-07-15 18:18:40.891 UTC 0065 INFO[0m [grpc] [34;1mAddTraceEvent[0m -> [core] [Channel #19 SubChannel #20]Subchannel created
[34m2026-07-15 18:18:40.891 UTC 0066 INFO[0m [grpc] [34;1mAddTraceEvent[0m -> [core] [Channel #19]Channel exiting idle mode
[34m2026-07-15 18:18:40.891 UTC 0067 INFO[0m [grpc] [34;1mAddTraceEvent[0m -> [core] [Channel #19 SubChannel #20]Subchannel Connectivity change to CONNECTING
[34m2026-07-15 18:18:40.891 UTC 0068 INFO[0m [grpc] [34;1mAddTraceEvent[0m -> [core] [Channel #19 SubChannel #20]Subchannel picks a new address "orderer.orderer.retf.com:7050" to connect
[34m2026-07-15 18:18:40.893 UTC 0069 INFO[0m [grpc] [34;1mAddTraceEvent[0m -> [core] [Channel #19 SubChannel #20]Subchannel Connectivity change to READY
[34m2026-07-15 18:18:40.893 UTC 006a INFO[0m [grpc] [34;1mInfof[0m -> [pick-first-leaf-lb] [pick-first-leaf-lb 0x111110d345a0] SubConn 0x1111108bb130 reported connectivity state READY and the health listener is disabled. Transitioning SubConn to READY.
[34m2026-07-15 18:18:40.893 UTC 006b INFO[0m [grpc] [34;1mAddTraceEvent[0m -> [core] [Channel #19]Channel Connectivity change to READY
[34m2026-07-15 18:18:42.956 UTC 006c INFO[0m [chaincodeCmd] [34;1mClientWait[0m -> txid [fc96228fffc92293f25b7c072e432df6e0592fbf0f2f7542e8a383f199b7e7bf] committed with status (VALID) at peer0.qld.retf.com:7051
[34m2026-07-15 18:18:42.956 UTC 006d INFO[0m [chaincodeCmd] [34;1mClientWait[0m -> txid [fc96228fffc92293f25b7c072e432df6e0592fbf0f2f7542e8a383f199b7e7bf] committed with status (VALID) at peer0.sa.retf.com:7051
[34m2026-07-15 18:18:42.961 UTC 006e INFO[0m [chaincodeCmd] [34;1mClientWait[0m -> txid [fc96228fffc92293f25b7c072e432df6e0592fbf0f2f7542e8a383f199b7e7bf] committed with status (VALID) at peer0.nsw.retf.com:7051
[34m2026-07-15 18:18:42.961 UTC 006f INFO[0m [chaincodeCmd] [34;1mchaincodeInvokeOrQuery[0m -> Chaincode invoke successful. result: status:200 payload:"s2.2.2/verifier-key/s222-attestor/00000000000000000001"
[34m2026-07-15 18:18:43.914 UTC 0001 INFO[0m [chaincodeCmd] [34;1mInitCmdFactory[0m -> InitCmdFactory: Entry: invoke, true, true
[34m2026-07-15 18:18:43.914 UTC 0002 INFO[0m [grpc] [34;1mInfof[0m -> [core] original dial target is: "peer0.nsw.retf.com:7051"
[34m2026-07-15 18:18:43.914 UTC 0003 INFO[0m [grpc] [34;1mAddTraceEvent[0m -> [core] [Channel #1]Channel created
[34m2026-07-15 18:18:43.914 UTC 0004 INFO[0m [grpc] [34;1mAddTraceEvent[0m -> [core] [Channel #1]parsed dial target is: resolver.Target{URL:url.URL{Scheme:"passthrough", Opaque:"", User:(*url.Userinfo)(nil), Host:"", Path:"/peer0.nsw.retf.com:7051", Fragment:"", RawQuery:"", RawPath:"", RawFragment:"", ForceQuery:false, OmitHost:false}}
[34m2026-07-15 18:18:43.914 UTC 0005 INFO[0m [grpc] [34;1mAddTraceEvent[0m -> [core] [Channel #1]Channel authority set to "peer0.nsw.retf.com:7051"
[34m2026-07-15 18:18:43.915 UTC 0006 INFO[0m [grpc] [34;1mAddTraceEvent[0m -> [core] [Channel #1]Resolver state updated: {
  "Addresses": [
    {
      "Addr": "peer0.nsw.retf.com:7051",
      "ServerName": "",
      "Attributes": null,
      "BalancerAttributes": null,
      "Metadata": null
    }
  ],
  "Endpoints": [
    {
      "Addresses": [
        {
          "Addr": "peer0.nsw.retf.com:7051",
          "ServerName": "",
          "Attributes": null,
          "BalancerAttributes": null,
          "Metadata": null
        }
      ],
      "Attributes": null
    }
  ],
  "ServiceConfig": null,
  "Attributes": null
} (resolver returned new addresses)
[34m2026-07-15 18:18:43.915 UTC 0007 INFO[0m [grpc] [34;1mAddTraceEvent[0m -> [core] [Channel #1]Channel switches to new LB policy "pick_first"
[34m2026-07-15 18:18:43.915 UTC 0008 INFO[0m [grpc] [34;1mInfof[0m -> [pick-first-leaf-lb] [pick-first-leaf-lb 0x2fea3c7e2510] Received new config {
  "shuffleAddressList": false
}, resolver state {
  "Addresses": [
    {
      "Addr": "peer0.nsw.retf.com:7051",
      "ServerName": "",
      "Attributes": null,
      "BalancerAttributes": null,
      "Metadata": null
    }
  ],
  "Endpoints": [
    {
      "Addresses": [
        {
          "Addr": "peer0.nsw.retf.com:7051",
          "ServerName": "",
          "Attributes": null,
          "BalancerAttributes": null,
          "Metadata": null
        }
      ],
      "Attributes": null
    }
  ],
  "ServiceConfig": null,
  "Attributes": null
}
[34m2026-07-15 18:18:43.915 UTC 0009 INFO[0m [grpc] [34;1mAddTraceEvent[0m -> [core] [Channel #1]Channel Connectivity change to CONNECTING
[34m2026-07-15 18:18:43.915 UTC 000a INFO[0m [grpc] [34;1mAddTraceEvent[0m -> [core] [Channel #1 SubChannel #2]Subchannel created
[34m2026-07-15 18:18:43.915 UTC 000b INFO[0m [grpc] [34;1mAddTraceEvent[0m -> [core] [Channel #1]Channel exiting idle mode
[34m2026-07-15 18:18:43.915 UTC 000c INFO[0m [grpc] [34;1mAddTraceEvent[0m -> [core] [Channel #1 SubChannel #2]Subchannel Connectivity change to CONNECTING
[34m2026-07-15 18:18:43.915 UTC 000d INFO[0m [grpc] [34;1mAddTraceEvent[0m -> [core] [Channel #1 SubChannel #2]Subchannel picks a new address "peer0.nsw.retf.com:7051" to connect
[34m2026-07-15 18:18:43.917 UTC 000e INFO[0m [grpc] [34;1mAddTraceEvent[0m -> [core] [Channel #1 SubChannel #2]Subchannel Connectivity change to READY
[34m2026-07-15 18:18:43.917 UTC 000f INFO[0m [grpc] [34;1mInfof[0m -> [pick-first-leaf-lb] [pick-first-leaf-lb 0x2fea3c7e2510] SubConn 0x2fea3c9a9950 reported connectivity state READY and the health listener is disabled. Transitioning SubConn to READY.
[34m2026-07-15 18:18:43.917 UTC 0010 INFO[0m [grpc] [34;1mAddTraceEvent[0m -> [core] [Channel #1]Channel Connectivity change to READY
[34m2026-07-15 18:18:43.918 UTC 0011 INFO[0m [grpc] [34;1mInfof[0m -> [core] original dial target is: "peer0.nsw.retf.com:7051"
[34m2026-07-15 18:18:43.918 UTC 0012 INFO[0m [grpc] [34;1mAddTraceEvent[0m -> [core] [Channel #4]Channel created
[34m2026-07-15 18:18:43.918 UTC 0013 INFO[0m [grpc] [34;1mAddTraceEvent[0m -> [core] [Channel #4]parsed dial target is: resolver.Target{URL:url.URL{Scheme:"passthrough", Opaque:"", User:(*url.Userinfo)(nil), Host:"", Path:"/peer0.nsw.retf.com:7051", Fragment:"", RawQuery:"", RawPath:"", RawFragment:"", ForceQuery:false, OmitHost:false}}
[34m2026-07-15 18:18:43.918 UTC 0014 INFO[0m [grpc] [34;1mAddTraceEvent[0m -> [core] [Channel #4]Channel authority set to "peer0.nsw.retf.com:7051"
[34m2026-07-15 18:18:43.918 UTC 0015 INFO[0m [grpc] [34;1mAddTraceEvent[0m -> [core] [Channel #4]Resolver state updated: {
  "Addresses": [
    {
      "Addr": "peer0.nsw.retf.com:7051",
      "ServerName": "",
      "Attributes": null,
      "BalancerAttributes": null,
      "Metadata": null
    }
  ],
  "Endpoints": [
    {
      "Addresses": [
        {
          "Addr": "peer0.nsw.retf.com:7051",
          "ServerName": "",
          "Attributes": null,
          "BalancerAttributes": null,
          "Metadata": null
        }
      ],
      "Attributes": null
    }
  ],
  "ServiceConfig": null,
  "Attributes": null
} (resolver returned new addresses)
[34m2026-07-15 18:18:43.918 UTC 0016 INFO[0m [grpc] [34;1mAddTraceEvent[0m -> [core] [Channel #4]Channel switches to new LB policy "pick_first"
[34m2026-07-15 18:18:43.918 UTC 0017 INFO[0m [grpc] [34;1mInfof[0m -> [pick-first-leaf-lb] [pick-first-leaf-lb 0x2fea3c7e2870] Received new config {
  "shuffleAddressList": false
}, resolver state {
  "Addresses": [
    {
      "Addr": "peer0.nsw.retf.com:7051",
      "ServerName": "",
      "Attributes": null,
      "BalancerAttributes": null,
      "Metadata": null
    }
  ],
  "Endpoints": [
    {
      "Addresses": [
        {
          "Addr": "peer0.nsw.retf.com:7051",
          "ServerName": "",
          "Attributes": null,
          "BalancerAttributes": null,
          "Metadata": null
        }
      ],
      "Attributes": null
    }
  ],
  "ServiceConfig": null,
  "Attributes": null
}
[34m2026-07-15 18:18:43.918 UTC 0018 INFO[0m [grpc] [34;1mAddTraceEvent[0m -> [core] [Channel #4]Channel Connectivity change to CONNECTING
[34m2026-07-15 18:18:43.918 UTC 0019 INFO[0m [grpc] [34;1mAddTraceEvent[0m -> [core] [Channel #4 SubChannel #5]Subchannel created
[34m2026-07-15 18:18:43.918 UTC 001a INFO[0m [grpc] [34;1mAddTraceEvent[0m -> [core] [Channel #4]Channel exiting idle mode
[34m2026-07-15 18:18:43.918 UTC 001b INFO[0m [grpc] [34;1mAddTraceEvent[0m -> [core] [Channel #4 SubChannel #5]Subchannel Connectivity change to CONNECTING
[34m2026-07-15 18:18:43.918 UTC 001c INFO[0m [grpc] [34;1mAddTraceEvent[0m -> [core] [Channel #4 SubChannel #5]Subchannel picks a new address "peer0.nsw.retf.com:7051" to connect
[34m2026-07-15 18:18:43.920 UTC 001d INFO[0m [grpc] [34;1mAddTraceEvent[0m -> [core] [Channel #4 SubChannel #5]Subchannel Connectivity change to READY
[34m2026-07-15 18:18:43.920 UTC 001e INFO[0m [grpc] [34;1mInfof[0m -> [pick-first-leaf-lb] [pick-first-leaf-lb 0x2fea3c7e2870] SubConn 0x2fea3c94a1e0 reported connectivity state READY and the health listener is disabled. Transitioning SubConn to READY.
[34m2026-07-15 18:18:43.920 UTC 001f INFO[0m [grpc] [34;1mAddTraceEvent[0m -> [core] [Channel #4]Channel Connectivity change to READY
[34m2026-07-15 18:18:43.920 UTC 0020 INFO[0m [grpc] [34;1mInfof[0m -> [core] original dial target is: "peer0.qld.retf.com:7051"
[34m2026-07-15 18:18:43.920 UTC 0021 INFO[0m [grpc] [34;1mAddTraceEvent[0m -> [core] [Channel #7]Channel created
[34m2026-07-15 18:18:43.920 UTC 0022 INFO[0m [grpc] [34;1mAddTraceEvent[0m -> [core] [Channel #7]parsed dial target is: resolver.Target{URL:url.URL{Scheme:"passthrough", Opaque:"", User:(*url.Userinfo)(nil), Host:"", Path:"/peer0.qld.retf.com:7051", Fragment:"", RawQuery:"", RawPath:"", RawFragment:"", ForceQuery:false, OmitHost:false}}
[34m2026-07-15 18:18:43.920 UTC 0023 INFO[0m [grpc] [34;1mAddTraceEvent[0m -> [core] [Channel #7]Channel authority set to "peer0.qld.retf.com:7051"
[34m2026-07-15 18:18:43.920 UTC 0024 INFO[0m [grpc] [34;1mAddTraceEvent[0m -> [core] [Channel #7]Resolver state updated: {
  "Addresses": [
    {
      "Addr": "peer0.qld.retf.com:7051",
      "ServerName": "",
      "Attributes": null,
      "BalancerAttributes": null,
      "Metadata": null
    }
  ],
  "Endpoints": [
    {
      "Addresses": [
        {
          "Addr": "peer0.qld.retf.com:7051",
          "ServerName": "",
          "Attributes": null,
          "BalancerAttributes": null,
          "Metadata": null
        }
      ],
      "Attributes": null
    }
  ],
  "ServiceConfig": null,
  "Attributes": null
} (resolver returned new addresses)
[34m2026-07-15 18:18:43.920 UTC 0025 INFO[0m [grpc] [34;1mAddTraceEvent[0m -> [core] [Channel #7]Channel switches to new LB policy "pick_first"
[34m2026-07-15 18:18:43.920 UTC 0026 INFO[0m [grpc] [34;1mInfof[0m -> [pick-first-leaf-lb] [pick-first-leaf-lb 0x2fea3ca15dd0] Received new config {
  "shuffleAddressList": false
}, resolver state {
  "Addresses": [
    {
      "Addr": "peer0.qld.retf.com:7051",
      "ServerName": "",
      "Attributes": null,
      "BalancerAttributes": null,
      "Metadata": null
    }
  ],
  "Endpoints": [
    {
      "Addresses": [
        {
          "Addr": "peer0.qld.retf.com:7051",
          "ServerName": "",
          "Attributes": null,
          "BalancerAttributes": null,
          "Metadata": null
        }
      ],
      "Attributes": null
    }
  ],
  "ServiceConfig": null,
  "Attributes": null
}
[34m2026-07-15 18:18:43.920 UTC 0027 INFO[0m [grpc] [34;1mAddTraceEvent[0m -> [core] [Channel #7]Channel Connectivity change to CONNECTING
[34m2026-07-15 18:18:43.920 UTC 0028 INFO[0m [grpc] [34;1mAddTraceEvent[0m -> [core] [Channel #7 SubChannel #8]Subchannel created
[34m2026-07-15 18:18:43.920 UTC 0029 INFO[0m [grpc] [34;1mAddTraceEvent[0m -> [core] [Channel #7]Channel exiting idle mode
[34m2026-07-15 18:18:43.920 UTC 002a INFO[0m [grpc] [34;1mAddTraceEvent[0m -> [core] [Channel #7 SubChannel #8]Subchannel Connectivity change to CONNECTING
[34m2026-07-15 18:18:43.920 UTC 002b INFO[0m [grpc] [34;1mAddTraceEvent[0m -> [core] [Channel #7 SubChannel #8]Subchannel picks a new address "peer0.qld.retf.com:7051" to connect
[34m2026-07-15 18:18:43.922 UTC 002c INFO[0m [grpc] [34;1mAddTraceEvent[0m -> [core] [Channel #7 SubChannel #8]Subchannel Connectivity change to READY
[34m2026-07-15 18:18:43.922 UTC 002d INFO[0m [grpc] [34;1mInfof[0m -> [pick-first-leaf-lb] [pick-first-leaf-lb 0x2fea3ca15dd0] SubConn 0x2fea3c814820 reported connectivity state READY and the health listener is disabled. Transitioning SubConn to READY.
[34m2026-07-15 18:18:43.922 UTC 002e INFO[0m [grpc] [34;1mAddTraceEvent[0m -> [core] [Channel #7]Channel Connectivity change to READY
[34m2026-07-15 18:18:43.922 UTC 002f INFO[0m [grpc] [34;1mInfof[0m -> [core] original dial target is: "peer0.qld.retf.com:7051"
[34m2026-07-15 18:18:43.922 UTC 0030 INFO[0m [grpc] [34;1mAddTraceEvent[0m -> [core] [Channel #10]Channel created
[34m2026-07-15 18:18:43.922 UTC 0031 INFO[0m [grpc] [34;1mAddTraceEvent[0m -> [core] [Channel #10]parsed dial target is: resolver.Target{URL:url.URL{Scheme:"passthrough", Opaque:"", User:(*url.Userinfo)(nil), Host:"", Path:"/peer0.qld.retf.com:7051", Fragment:"", RawQuery:"", RawPath:"", RawFragment:"", ForceQuery:false, OmitHost:false}}
[34m2026-07-15 18:18:43.922 UTC 0032 INFO[0m [grpc] [34;1mAddTraceEvent[0m -> [core] [Channel #10]Channel authority set to "peer0.qld.retf.com:7051"
[34m2026-07-15 18:18:43.922 UTC 0033 INFO[0m [grpc] [34;1mAddTraceEvent[0m -> [core] [Channel #10]Resolver state updated: {
  "Addresses": [
    {
      "Addr": "peer0.qld.retf.com:7051",
      "ServerName": "",
      "Attributes": null,
      "BalancerAttributes": null,
      "Metadata": null
    }
  ],
  "Endpoints": [
    {
      "Addresses": [
        {
          "Addr": "peer0.qld.retf.com:7051",
          "ServerName": "",
          "Attributes": null,
          "BalancerAttributes": null,
          "Metadata": null
        }
      ],
      "Attributes": null
    }
  ],
  "ServiceConfig": null,
  "Attributes": null
} (resolver returned new addresses)
[34m2026-07-15 18:18:43.923 UTC 0034 INFO[0m [grpc] [34;1mAddTraceEvent[0m -> [core] [Channel #10]Channel switches to new LB policy "pick_first"
[34m2026-07-15 18:18:43.923 UTC 0035 INFO[0m [grpc] [34;1mInfof[0m -> [pick-first-leaf-lb] [pick-first-leaf-lb 0x2fea3c578120] Received new config {
  "shuffleAddressList": false
}, resolver state {
  "Addresses": [
    {
      "Addr": "peer0.qld.retf.com:7051",
      "ServerName": "",
      "Attributes": null,
      "BalancerAttributes": null,
      "Metadata": null
    }
  ],
  "Endpoints": [
    {
      "Addresses": [
        {
          "Addr": "peer0.qld.retf.com:7051",
          "ServerName": "",
          "Attributes": null,
          "BalancerAttributes": null,
          "Metadata": null
        }
      ],
      "Attributes": null
    }
  ],
  "ServiceConfig": null,
  "Attributes": null
}
[34m2026-07-15 18:18:43.923 UTC 0036 INFO[0m [grpc] [34;1mAddTraceEvent[0m -> [core] [Channel #10]Channel Connectivity change to CONNECTING
[34m2026-07-15 18:18:43.923 UTC 0037 INFO[0m [grpc] [34;1mAddTraceEvent[0m -> [core] [Channel #10 SubChannel #11]Subchannel created
[34m2026-07-15 18:18:43.923 UTC 0038 INFO[0m [grpc] [34;1mAddTraceEvent[0m -> [core] [Channel #10]Channel exiting idle mode
[34m2026-07-15 18:18:43.923 UTC 0039 INFO[0m [grpc] [34;1mAddTraceEvent[0m -> [core] [Channel #10 SubChannel #11]Subchannel Connectivity change to CONNECTING
[34m2026-07-15 18:18:43.923 UTC 003a INFO[0m [grpc] [34;1mAddTraceEvent[0m -> [core] [Channel #10 SubChannel #11]Subchannel picks a new address "peer0.qld.retf.com:7051" to connect
[34m2026-07-15 18:18:43.924 UTC 003b INFO[0m [grpc] [34;1mAddTraceEvent[0m -> [core] [Channel #10 SubChannel #11]Subchannel Connectivity change to READY
[34m2026-07-15 18:18:43.924 UTC 003c INFO[0m [grpc] [34;1mInfof[0m -> [pick-first-leaf-lb] [pick-first-leaf-lb 0x2fea3c578120] SubConn 0x2fea3c8151d0 reported connectivity state READY and the health listener is disabled. Transitioning SubConn to READY.
[34m2026-07-15 18:18:43.924 UTC 003d INFO[0m [grpc] [34;1mAddTraceEvent[0m -> [core] [Channel #10]Channel Connectivity change to READY
[34m2026-07-15 18:18:43.925 UTC 003e INFO[0m [grpc] [34;1mInfof[0m -> [core] original dial target is: "peer0.sa.retf.com:7051"
[34m2026-07-15 18:18:43.925 UTC 003f INFO[0m [grpc] [34;1mAddTraceEvent[0m -> [core] [Channel #13]Channel created
[34m2026-07-15 18:18:43.925 UTC 0040 INFO[0m [grpc] [34;1mAddTraceEvent[0m -> [core] [Channel #13]parsed dial target is: resolver.Target{URL:url.URL{Scheme:"passthrough", Opaque:"", User:(*url.Userinfo)(nil), Host:"", Path:"/peer0.sa.retf.com:7051", Fragment:"", RawQuery:"", RawPath:"", RawFragment:"", ForceQuery:false, OmitHost:false}}
[34m2026-07-15 18:18:43.925 UTC 0041 INFO[0m [grpc] [34;1mAddTraceEvent[0m -> [core] [Channel #13]Channel authority set to "peer0.sa.retf.com:7051"
[34m2026-07-15 18:18:43.925 UTC 0042 INFO[0m [grpc] [34;1mAddTraceEvent[0m -> [core] [Channel #13]Resolver state updated: {
  "Addresses": [
    {
      "Addr": "peer0.sa.retf.com:7051",
      "ServerName": "",
      "Attributes": null,
      "BalancerAttributes": null,
      "Metadata": null
    }
  ],
  "Endpoints": [
    {
      "Addresses": [
        {
          "Addr": "peer0.sa.retf.com:7051",
          "ServerName": "",
          "Attributes": null,
          "BalancerAttributes": null,
          "Metadata": null
        }
      ],
      "Attributes": null
    }
  ],
  "ServiceConfig": null,
  "Attributes": null
} (resolver returned new addresses)
[34m2026-07-15 18:18:43.925 UTC 0043 INFO[0m [grpc] [34;1mAddTraceEvent[0m -> [core] [Channel #13]Channel switches to new LB policy "pick_first"
[34m2026-07-15 18:18:43.925 UTC 0044 INFO[0m [grpc] [34;1mInfof[0m -> [pick-first-leaf-lb] [pick-first-leaf-lb 0x2fea3c578510] Received new config {
  "shuffleAddressList": false
}, resolver state {
  "Addresses": [
    {
      "Addr": "peer0.sa.retf.com:7051",
      "ServerName": "",
      "Attributes": null,
      "BalancerAttributes": null,
      "Metadata": null
    }
  ],
  "Endpoints": [
    {
      "Addresses": [
        {
          "Addr": "peer0.sa.retf.com:7051",
          "ServerName": "",
          "Attributes": null,
          "BalancerAttributes": null,
          "Metadata": null
        }
      ],
      "Attributes": null
    }
  ],
  "ServiceConfig": null,
  "Attributes": null
}
[34m2026-07-15 18:18:43.925 UTC 0045 INFO[0m [grpc] [34;1mAddTraceEvent[0m -> [core] [Channel #13]Channel Connectivity change to CONNECTING
[34m2026-07-15 18:18:43.925 UTC 0046 INFO[0m [grpc] [34;1mAddTraceEvent[0m -> [core] [Channel #13 SubChannel #14]Subchannel created
[34m2026-07-15 18:18:43.925 UTC 0047 INFO[0m [grpc] [34;1mAddTraceEvent[0m -> [core] [Channel #13]Channel exiting idle mode
[34m2026-07-15 18:18:43.925 UTC 0048 INFO[0m [grpc] [34;1mAddTraceEvent[0m -> [core] [Channel #13 SubChannel #14]Subchannel Connectivity change to CONNECTING
[34m2026-07-15 18:18:43.925 UTC 0049 INFO[0m [grpc] [34;1mAddTraceEvent[0m -> [core] [Channel #13 SubChannel #14]Subchannel picks a new address "peer0.sa.retf.com:7051" to connect
[34m2026-07-15 18:18:43.927 UTC 004a INFO[0m [grpc] [34;1mAddTraceEvent[0m -> [core] [Channel #13 SubChannel #14]Subchannel Connectivity change to READY
[34m2026-07-15 18:18:43.927 UTC 004b INFO[0m [grpc] [34;1mInfof[0m -> [pick-first-leaf-lb] [pick-first-leaf-lb 0x2fea3c578510] SubConn 0x2fea3c815540 reported connectivity state READY and the health listener is disabled. Transitioning SubConn to READY.
[34m2026-07-15 18:18:43.927 UTC 004c INFO[0m [grpc] [34;1mAddTraceEvent[0m -> [core] [Channel #13]Channel Connectivity change to READY
[34m2026-07-15 18:18:43.927 UTC 004d INFO[0m [grpc] [34;1mInfof[0m -> [core] original dial target is: "peer0.sa.retf.com:7051"
[34m2026-07-15 18:18:43.927 UTC 004e INFO[0m [grpc] [34;1mAddTraceEvent[0m -> [core] [Channel #16]Channel created
[34m2026-07-15 18:18:43.927 UTC 004f INFO[0m [grpc] [34;1mAddTraceEvent[0m -> [core] [Channel #16]parsed dial target is: resolver.Target{URL:url.URL{Scheme:"passthrough", Opaque:"", User:(*url.Userinfo)(nil), Host:"", Path:"/peer0.sa.retf.com:7051", Fragment:"", RawQuery:"", RawPath:"", RawFragment:"", ForceQuery:false, OmitHost:false}}
[34m2026-07-15 18:18:43.927 UTC 0050 INFO[0m [grpc] [34;1mAddTraceEvent[0m -> [core] [Channel #16]Channel authority set to "peer0.sa.retf.com:7051"
[34m2026-07-15 18:18:43.927 UTC 0051 INFO[0m [grpc] [34;1mAddTraceEvent[0m -> [core] [Channel #16]Resolver state updated: {
  "Addresses": [
    {
      "Addr": "peer0.sa.retf.com:7051",
      "ServerName": "",
      "Attributes": null,
      "BalancerAttributes": null,
      "Metadata": null
    }
  ],
  "Endpoints": [
    {
      "Addresses": [
        {
          "Addr": "peer0.sa.retf.com:7051",
          "ServerName": "",
          "Attributes": null,
          "BalancerAttributes": null,
          "Metadata": null
        }
      ],
      "Attributes": null
    }
  ],
  "ServiceConfig": null,
  "Attributes": null
} (resolver returned new addresses)
[34m2026-07-15 18:18:43.927 UTC 0052 INFO[0m [grpc] [34;1mAddTraceEvent[0m -> [core] [Channel #16]Channel switches to new LB policy "pick_first"
[34m2026-07-15 18:18:43.928 UTC 0053 INFO[0m [grpc] [34;1mInfof[0m -> [pick-first-leaf-lb] [pick-first-leaf-lb 0x2fea3ca702d0] Received new config {
  "shuffleAddressList": false
}, resolver state {
  "Addresses": [
    {
      "Addr": "peer0.sa.retf.com:7051",
      "ServerName": "",
      "Attributes": null,
      "BalancerAttributes": null,
      "Metadata": null
    }
  ],
  "Endpoints": [
    {
      "Addresses": [
        {
          "Addr": "peer0.sa.retf.com:7051",
          "ServerName": "",
          "Attributes": null,
          "BalancerAttributes": null,
          "Metadata": null
        }
      ],
      "Attributes": null
    }
  ],
  "ServiceConfig": null,
  "Attributes": null
}
[34m2026-07-15 18:18:43.928 UTC 0054 INFO[0m [grpc] [34;1mAddTraceEvent[0m -> [core] [Channel #16]Channel Connectivity change to CONNECTING
[34m2026-07-15 18:18:43.928 UTC 0055 INFO[0m [grpc] [34;1mAddTraceEvent[0m -> [core] [Channel #16 SubChannel #17]Subchannel created
[34m2026-07-15 18:18:43.928 UTC 0056 INFO[0m [grpc] [34;1mAddTraceEvent[0m -> [core] [Channel #16]Channel exiting idle mode
[34m2026-07-15 18:18:43.928 UTC 0057 INFO[0m [grpc] [34;1mAddTraceEvent[0m -> [core] [Channel #16 SubChannel #17]Subchannel Connectivity change to CONNECTING
[34m2026-07-15 18:18:43.928 UTC 0058 INFO[0m [grpc] [34;1mAddTraceEvent[0m -> [core] [Channel #16 SubChannel #17]Subchannel picks a new address "peer0.sa.retf.com:7051" to connect
[34m2026-07-15 18:18:43.930 UTC 0059 INFO[0m [grpc] [34;1mAddTraceEvent[0m -> [core] [Channel #16 SubChannel #17]Subchannel Connectivity change to READY
[34m2026-07-15 18:18:43.932 UTC 005a INFO[0m [grpc] [34;1mInfof[0m -> [pick-first-leaf-lb] [pick-first-leaf-lb 0x2fea3ca702d0] SubConn 0x2fea3c9a8f50 reported connectivity state READY and the health listener is disabled. Transitioning SubConn to READY.
[34m2026-07-15 18:18:43.932 UTC 005b INFO[0m [grpc] [34;1mAddTraceEvent[0m -> [core] [Channel #16]Channel Connectivity change to READY
[33m2026-07-15 18:18:43.932 UTC 005c WARN[0m [grpc] [33;1mWarningf[0m -> [core] Adjusting keepalive ping interval to minimum period of 10s
[34m2026-07-15 18:18:43.933 UTC 005d INFO[0m [grpc] [34;1mInfof[0m -> [core] original dial target is: "orderer.orderer.retf.com:7050"
[34m2026-07-15 18:18:43.933 UTC 005e INFO[0m [grpc] [34;1mAddTraceEvent[0m -> [core] [Channel #19]Channel created
[34m2026-07-15 18:18:43.933 UTC 005f INFO[0m [grpc] [34;1mAddTraceEvent[0m -> [core] [Channel #19]parsed dial target is: resolver.Target{URL:url.URL{Scheme:"passthrough", Opaque:"", User:(*url.Userinfo)(nil), Host:"", Path:"/orderer.orderer.retf.com:7050", Fragment:"", RawQuery:"", RawPath:"", RawFragment:"", ForceQuery:false, OmitHost:false}}
[34m2026-07-15 18:18:43.933 UTC 0060 INFO[0m [grpc] [34;1mAddTraceEvent[0m -> [core] [Channel #19]Channel authority set to "orderer.orderer.retf.com"
[34m2026-07-15 18:18:43.933 UTC 0061 INFO[0m [grpc] [34;1mAddTraceEvent[0m -> [core] [Channel #19]Resolver state updated: {
  "Addresses": [
    {
      "Addr": "orderer.orderer.retf.com:7050",
      "ServerName": "",
      "Attributes": null,
      "BalancerAttributes": null,
      "Metadata": null
    }
  ],
  "Endpoints": [
    {
      "Addresses": [
        {
          "Addr": "orderer.orderer.retf.com:7050",
          "ServerName": "",
          "Attributes": null,
          "BalancerAttributes": null,
          "Metadata": null
        }
      ],
      "Attributes": null
    }
  ],
  "ServiceConfig": null,
  "Attributes": null
} (resolver returned new addresses)
[34m2026-07-15 18:18:43.933 UTC 0062 INFO[0m [grpc] [34;1mAddTraceEvent[0m -> [core] [Channel #19]Channel switches to new LB policy "pick_first"
[34m2026-07-15 18:18:43.933 UTC 0063 INFO[0m [grpc] [34;1mInfof[0m -> [pick-first-leaf-lb] [pick-first-leaf-lb 0x2fea3c7e2a20] Received new config {
  "shuffleAddressList": false
}, resolver state {
  "Addresses": [
    {
      "Addr": "orderer.orderer.retf.com:7050",
      "ServerName": "",
      "Attributes": null,
      "BalancerAttributes": null,
      "Metadata": null
    }
  ],
  "Endpoints": [
    {
      "Addresses": [
        {
          "Addr": "orderer.orderer.retf.com:7050",
          "ServerName": "",
          "Attributes": null,
          "BalancerAttributes": null,
          "Metadata": null
        }
      ],
      "Attributes": null
    }
  ],
  "ServiceConfig": null,
  "Attributes": null
}
[34m2026-07-15 18:18:43.933 UTC 0064 INFO[0m [grpc] [34;1mAddTraceEvent[0m -> [core] [Channel #19]Channel Connectivity change to CONNECTING
[34m2026-07-15 18:18:43.933 UTC 0065 INFO[0m [grpc] [34;1mAddTraceEvent[0m -> [core] [Channel #19 SubChannel #20]Subchannel created
[34m2026-07-15 18:18:43.933 UTC 0066 INFO[0m [grpc] [34;1mAddTraceEvent[0m -> [core] [Channel #19]Channel exiting idle mode
[34m2026-07-15 18:18:43.933 UTC 0067 INFO[0m [grpc] [34;1mAddTraceEvent[0m -> [core] [Channel #19 SubChannel #20]Subchannel Connectivity change to CONNECTING
[34m2026-07-15 18:18:43.933 UTC 0068 INFO[0m [grpc] [34;1mAddTraceEvent[0m -> [core] [Channel #19 SubChannel #20]Subchannel picks a new address "orderer.orderer.retf.com:7050" to connect
[34m2026-07-15 18:18:43.935 UTC 0069 INFO[0m [grpc] [34;1mAddTraceEvent[0m -> [core] [Channel #19 SubChannel #20]Subchannel Connectivity change to READY
[34m2026-07-15 18:18:43.935 UTC 006a INFO[0m [grpc] [34;1mInfof[0m -> [pick-first-leaf-lb] [pick-first-leaf-lb 0x2fea3c7e2a20] SubConn 0x2fea3c94a500 reported connectivity state READY and the health listener is disabled. Transitioning SubConn to READY.
[34m2026-07-15 18:18:43.935 UTC 006b INFO[0m [grpc] [34;1mAddTraceEvent[0m -> [core] [Channel #19]Channel Connectivity change to READY
[34m2026-07-15 18:18:45.990 UTC 006c INFO[0m [chaincodeCmd] [34;1mClientWait[0m -> txid [a7b9aea9db1068027210d37fc77bf72dbfbb2a5ce8c8330f53b55cf3aca6bd7e] committed with status (VALID) at peer0.nsw.retf.com:7051
[34m2026-07-15 18:18:45.992 UTC 006d INFO[0m [chaincodeCmd] [34;1mClientWait[0m -> txid [a7b9aea9db1068027210d37fc77bf72dbfbb2a5ce8c8330f53b55cf3aca6bd7e] committed with status (VALID) at peer0.qld.retf.com:7051
[34m2026-07-15 18:18:45.992 UTC 006e INFO[0m [chaincodeCmd] [34;1mClientWait[0m -> txid [a7b9aea9db1068027210d37fc77bf72dbfbb2a5ce8c8330f53b55cf3aca6bd7e] committed with status (VALID) at peer0.sa.retf.com:7051
[34m2026-07-15 18:18:45.992 UTC 006f INFO[0m [chaincodeCmd] [34;1mchaincodeInvokeOrQuery[0m -> Chaincode invoke successful. result: status:200 payload:"s2.2.2/verifier-key/s222-attestor/00000000000000000002"
S2.2.2 initial ledger governance provision PASS
