code_commit,code_digest,image_digest,config_digest,protocol_version,proof_backend,mpc_backend,mpc_program_digest,production_path,deployment_id,run_id,batch_id,request_id,task_id_hash,binding_tag,committee_epoch,regional_epoch,global_epoch,production_trace_sha256,trace_nonce,runtime_trace_path,runtime_trace_file_sha256,raw_log_path,raw_log_sha256,sample_class,benchmark_family,variant,capacity,concurrency,network_profile,runtime_image_digests,runtime_profile_verified,real_anoncred,real_mpc,anoncred_in_timed_boundary,binding_in_timed_boundary,mpc_in_timed_boundary,fabric_in_timed_boundary,mock,legacy,success,exit_code,latency_ms,operation,proof_bytes,registry_bytes,fabric_transactions,mpc_launch_ms
559e0bb531b3e4330c532e624d546d616c7849eb,a5463a90b3c1b48813560e77a89b438c2cc33d8d57c23bed868a6ca72b05a218,sha256:789d134105f6b040bb6c7a7b278b09e6fcdcbe55501f5be5f037046f90596cef,e5e4ec199eb709e456588807df0c03443fe175c2f5ba00ff7987dd78f2de279f,SAIB-RETF/2,credx-bbs-bls12-381-real,none,ca57a71d52244c7519483049ef2385f072f05ca69ea7e3cde06c31f37294f866,true,s4.1-component-anoncred,s4.1-anoncred-issue-00,s4.1-anoncred-0000,s4.1-anoncred-request-0000,d3c0f39dba332c0ba68a05d1331bdba2e8e16898a4b20f19479df75334b9e2e0,0d5ab24b6eb4d43d33661a5fb25fd6dfeda2722179e47343bf4abd8806f64d2b,1,1,1,7ecacd97cc5e8561cd4d8c1bfb62f9d1ecd644644077517e2936eae2dbe9f4fd,419adb4091635d9d5b1c2afce75d3cfa5beabf29ef6629596cf7c0e629bf7a5e,anoncred-0000/runtime-trace.jsonl,039c8f6d682019e8cdf401799531aca856c866dc3eff6b0c0fd29c85478b0593,anoncred-0000/raw.log,c7374da4f402c9654c597717e4eba19011c245273f70ac212ebfdca4752d2a2b,warmup,S4.1-anoncred-component,C_ANONCRED,0,1,none,"[""sha256:789d134105f6b040bb6c7a7b278b09e6fcdcbe55501f5be5f037046f90596cef""]",true,true,false,true,false,false,false,false,false,true,0,15.028089999999999,issue,0,3398,,
559e0bb531b3e4330c532e624d546d616c7849eb,a5463a90b3c1b48813560e77a89b438c2cc33d8d57c23bed868a6ca72b05a218,sha256:789d134105f6b040bb6c7a7b278b09e6fcdcbe55501f5be5f037046f90596cef,e5e4ec199eb709e456588807df0c03443fe175c2f5ba00ff7987dd78f2de279f,SAIB-RETF/2,credx-bbs-bls12-381-real,none,ca57a71d52244c7519483049ef2385f072f05ca69ea7e3cde06c31f37294f866,true,s4.1-component-anoncred,s4.1-anoncred-issue-01,s4.1-anoncred-0001,s4.1-anoncred-request-0001,20d746f648d9ae925da42fccd84400908fea0af2713ddba32d55672582bb0654,01f6cb11ff1c4fc7b77003b54d88e5747c5f263199461733c56e4d565f4deba1,1,1,1,46a2485008260df93cb5026bd469867dcd661ac8f5840c6d44dd34f364f2b679,d46af39f09d72e216fe4e5184d77d62c77d2374e3d2182ddbaacc3513dfea52f,anoncred-0001/runtime-trace.jsonl,fd57bd10af204ef1601399740f8b87bf593b4b515a4581afd64aa6170055c432,anoncred-0001/raw.log,c7374da4f402c9654c597717e4eba19011c245273f70ac212ebfdca4752d2a2b,warmup,S4.1-anoncred-component,C_ANONCRED,0,1,none,"[""sha256:789d134105f6b040bb6c7a7b278b09e6fcdcbe55501f5be5f037046f90596cef""]",true,true,false,true,false,false,false,false,false,true,0,14.694637,issue,0,3398,,
559e0bb531b3e4330c532e624d546d616c7849eb,a5463a90b3c1b48813560e77a89b438c2cc33d8d57c23bed868a6ca72b05a218,sha256:789d134105f6b040bb6c7a7b278b09e6fcdcbe55501f5be5f037046f90596cef,e5e4ec199eb709e456588807df0c03443fe175c2f5ba00ff7987dd78f2de279f,SAIB-RETF/2,credx-bbs-bls12-381-real,none,ca57a71d52244c7519483049ef2385f072f05ca69ea7e3cde06c31f37294f866,true,s4.1-component-anoncred,s4.1-anoncred-issue-02,s4.1-anoncred-0002,s4.1-anoncred-request-0002,d88d473169f8e5cc7ba29811631927c8c4e1bf7c8d6eef4c66c1b67a6e45ccb3,1e609c474db3ba45534fe53c0f9f2d122a56956726e348e4e0f55546fbe5e40b,1,1,1,967dfc2c2e2d446a5e6b2b8ab06e696e8f2a36643f655ccc57f184650abd3a52,a9bcea54bb45658a4d9d430dbe3d764e56c8760cda78964db18c0884f06285dd,anoncred-0002/runtime-trace.jsonl,6f494eefe4db33787a700101b14d61d6fba7d8ce53beb840c3b26f6310463ba4,anoncred-0002/raw.log,c7374da4f402c9654c597717e4eba19011c245273f70ac212ebfdca4752d2a2b,warmup,S4.1-anoncred-component,C_ANONCRED,0,1,none,"[""sha256:789d134105f6b040bb6c7a7b278b09e6fcdcbe55501f5be5f037046f90596cef""]",true,true,false,true,false,false,false,false,false,true,0,15.501895999999999,issue,0,3398,,
559e0bb531b3e4330c532e624d546d616c7849eb,a5463a90b3c1b48813560e77a89b438c2cc33d8d57c23bed868a6ca72b05a218,sha256:789d134105f6b040bb6c7a7b278b09e6fcdcbe55501f5be5f037046f90596cef,e5e4ec199eb709e456588807df0c03443fe175c2f5ba00ff7987dd78f2de279f,SAIB-RETF/2,credx-bbs-bls12-381-real,none,ca57a71d52244c7519483049ef2385f072f05ca69ea7e3cde06c31f37294f866,true,s4.1-component-anoncred,s4.1-anoncred-issue-03,s4.1-anoncred-0003,s4.1-anoncred-request-0003,e49d2aec20070a5aa87a83607c87bf11cdd985dd5a4ac6ab1f118fd9a73b5fa6,5b92070b20a0d38fe4ec89656b38feefff803f86fe2e1f05f3b87be051de5842,1,1,1,b9bdbdb6ac564047e1b1bd43a26203d3f7020aeeb1f886193ad08e609b40c76e,34b59a662f071f8aa443a327a827065fa6b7be6125e84015c933c0bab0b6dd0c,anoncred-0003/runtime-trace.jsonl,43a9f41e870ba3e38d1807a2e283c2137a2b6c84a76b2a54baf0b26634dce946,anoncred-0003/raw.log,c7374da4f402c9654c597717e4eba19011c245273f70ac212ebfdca4752d2a2b,warmup,S4.1-anoncred-component,C_ANONCRED,0,1,none,"[""sha256:789d134105f6b040bb6c7a7b278b09e6fcdcbe55501f5be5f037046f90596cef""]",true,true,false,true,false,false,false,false,false,true,0,15.567597000000001,issue,0,3398,,
559e0bb531b3e4330c532e624d546d616c7849eb,a5463a90b3c1b48813560e77a89b438c2cc33d8d57c23bed868a6ca72b05a218,sha256:789d134105f6b040bb6c7a7b278b09e6fcdcbe55501f5be5f037046f90596cef,e5e4ec199eb709e456588807df0c03443fe175c2f5ba00ff7987dd78f2de279f,SAIB-RETF/2,credx-bbs-bls12-381-real,none,ca57a71d52244c7519483049ef2385f072f05ca69ea7e3cde06c31f37294f866,true,s4.1-component-anoncred,s4.1-anoncred-issue-04,s4.1-anoncred-0004,s4.1-anoncred-request-0004,a3d0a215c650c637201339b5ebecae527cdfd8ce97a0973f108562e2fc466fb0,2cc57f113392cd9d572d20182fe123df3afdbb4ea433eba56da6ac3d798fcc1a,1,1,1,ef9cbd6167f5e182d6d389d0d7afbaf5cb555b7eff85df297220314a80d5ba12,9b7e955724b08dffdecf2d7e573351edff47802155c742ed4c720aff0fd9d018,anoncred-0004/runtime-trace.jsonl,837012e3ad6ba007fbafe54fd2f110d53b208c6f8abd1214a92b55e96707db30,anoncred-0004/raw.log,c7374da4f402c9654c597717e4eba19011c245273f70ac212ebfdca4752d2a2b,warmup,S4.1-anoncred-component,C_ANONCRED,0,1,none,"[""sha256:789d134105f6b040bb6c7a7b278b09e6fcdcbe55501f5be5f037046f90596cef""]",true,true,false,true,false,false,false,false,false,true,0,14.752313,issue,0,3398,,
559e0bb531b3e4330c532e624d546d616c7849eb,a5463a90b3c1b48813560e77a89b438c2cc33d8d57c23bed868a6ca72b05a218,sha256:789d134105f6b040bb6c7a7b278b09e6fcdcbe55501f5be5f037046f90596cef,e5e4ec199eb709e456588807df0c03443fe175c2f5ba00ff7987dd78f2de279f,SAIB-RETF/2,credx-bbs-bls12-381-real,none,ca57a71d52244c7519483049ef2385f072f05ca69ea7e3cde06c31f37294f866,true,s4.1-component-anoncred,s4.1-anoncred-issue-05,s4.1-anoncred-0005,s4.1-anoncred-request-0005,78c948851eaf4a79db90b6e8fceb7d06a152c085252df2d86c5e5401e44a4e98,5329774249e20aec4aeb62bbee9e43984e24a6262e79cf76435728c6ed3d75f3,1,1,1,b2570c811db5a39040db95149f1b7f79b0c4e4d52604793e076195f35885c1f1,0992f01da219878ae771caabe76b04b2f846fb6fcb7bd126416871dbf763951f,anoncred-0005/runtime-trace.jsonl,88700a3ffac77934b9eb3be0b1cc25023a1d5251506f2860501126397a8acf50,anoncred-0005/raw.log,c7374da4f402c9654c597717e4eba19011c245273f70ac212ebfdca4752d2a2b,measured,S4.1-anoncred-component,C_ANONCRED,0,1,none,"[""sha256:789d134105f6b040bb6c7a7b278b09e6fcdcbe55501f5be5f037046f90596cef""]",true,true,false,true,false,false,false,false,false,true,0,14.164017,issue,0,3398,,
559e0bb531b3e4330c532e624d546d616c7849eb,a5463a90b3c1b48813560e77a89b438c2cc33d8d57c23bed868a6ca72b05a218,sha256:789d134105f6b040bb6c7a7b278b09e6fcdcbe55501f5be5f037046f90596cef,e5e4ec199eb709e456588807df0c03443fe175c2f5ba00ff7987dd78f2de279f,SAIB-RETF/2,credx-bbs-bls12-381-real,none,ca57a71d52244c7519483049ef2385f072f05ca69ea7e3cde06c31f37294f866,true,s4.1-component-anoncred,s4.1-anoncred-issue-06,s4.1-anoncred-0006,s4.1-anoncred-request-0006,ea9a61128764e567267d2e4b46cb7a0213af965584dba49ad43a6d7374842cbe,8dd34724f195480fa118251c8c4c61ada8e37bd6323ba98cb7df085e29f87a0f,1,1,1,03ede7e1f9bd6174e064b3120484aef80f7c11acd2da3fad4c545d682a4ffb9a,17de734893a968ef8b679fe770928075a7b7062b1b7acae0d09de678cf1a59d8,anoncred-0006/runtime-trace.jsonl,231c1a57ecfdb2b9ae28d8ab4a027acca05a4e26c7acf116393a7507dd1bc8c2,anoncred-0006/raw.log,c7374da4f402c9654c597717e4eba19011c245273f70ac212ebfdca4752d2a2b,measured,S4.1-anoncred-component,C_ANONCRED,0,1,none,"[""sha256:789d134105f6b040bb6c7a7b278b09e6fcdcbe55501f5be5f037046f90596cef""]",true,true,false,true,false,false,false,false,false,true,0,14.897245999999999,issue,0,3398,,
559e0bb531b3e4330c532e624d546d616c7849eb,a5463a90b3c1b48813560e77a89b438c2cc33d8d57c23bed868a6ca72b05a218,sha256:789d134105f6b040bb6c7a7b278b09e6fcdcbe55501f5be5f037046f90596cef,e5e4ec199eb709e456588807df0c03443fe175c2f5ba00ff7987dd78f2de279f,SAIB-RETF/2,credx-bbs-bls12-381-real,none,ca57a71d52244c7519483049ef2385f072f05ca69ea7e3cde06c31f37294f866,true,s4.1-component-anoncred,s4.1-anoncred-issue-07,s4.1-anoncred-0007,s4.1-anoncred-request-0007,a7f5064b10729937fbef95dffe67a5921766ee17a4d3f01f429ae4cc4072e8f0,b82a250f62df690f9d89c0827f87a3b330a20bd77ee0e1dfc89b62eeee862df7,1,1,1,19e56c011ed7b495668fb523e7baac8021aaae4b47f662ed01d3507aa54c21ba,8726e80753635dae177376532a8548d7e96d8bcd202261dbda5bc62ea32d217d,anoncred-0007/runtime-trace.jsonl,fbfa07c3e40686d2347980a389c631cf3a1df662eede16c961ce0844be445409,anoncred-0007/raw.log,c7374da4f402c9654c597717e4eba19011c245273f70ac212ebfdca4752d2a2b,measured,S4.1-anoncred-component,C_ANONCRED,0,1,none,"[""sha256:789d134105f6b040bb6c7a7b278b09e6fcdcbe55501f5be5f037046f90596cef""]",true,true,false,true,false,false,false,false,false,true,0,14.096464,issue,0,3398,,
559e0bb531b3e4330c532e624d546d616c7849eb,a5463a90b3c1b48813560e77a89b438c2cc33d8d57c23bed868a6ca72b05a218,sha256:789d134105f6b040bb6c7a7b278b09e6fcdcbe55501f5be5f037046f90596cef,e5e4ec199eb709e456588807df0c03443fe175c2f5ba00ff7987dd78f2de279f,SAIB-RETF/2,credx-bbs-bls12-381-real,none,ca57a71d52244c7519483049ef2385f072f05ca69ea7e3cde06c31f37294f866,true,s4.1-component-anoncred,s4.1-anoncred-issue-08,s4.1-anoncred-0008,s4.1-anoncred-request-0008,b5c129084dc486213e28f7f11b823bc2361514f018c99f97c0b0ea7d5b2ced68,a99929c0745ef80780bbbc257c336f31ec3c44fe76ae5d14a0bb501bef6eac7d,1,1,1,c621881b8ee915dbaf572e6f3d9040e2d88993118fe6e706ce4dd1c78d81a704,3e89d88afd5f10824df83352bac58ea80196ed0ef7d3fddc0bef42b1aa616fdd,anoncred-0008/runtime-trace.jsonl,763ce9aee6d28e3b909d0eea767de40bd461fff7f000a7f38d4e3f2a79869f46,anoncred-0008/raw.log,c7374da4f402c9654c597717e4eba19011c245273f70ac212ebfdca4752d2a2b,measured,S4.1-anoncred-component,C_ANONCRED,0,1,none,"[""sha256:789d134105f6b040bb6c7a7b278b09e6fcdcbe55501f5be5f037046f90596cef""]",true,true,false,true,false,false,false,false,false,true,0,16.402516,issue,0,3398,,
559e0bb531b3e4330c532e624d546d616c7849eb,a5463a90b3c1b48813560e77a89b438c2cc33d8d57c23bed868a6ca72b05a218,sha256:789d134105f6b040bb6c7a7b278b09e6fcdcbe55501f5be5f037046f90596cef,e5e4ec199eb709e456588807df0c03443fe175c2f5ba00ff7987dd78f2de279f,SAIB-RETF/2,credx-bbs-bls12-381-real,none,ca57a71d52244c7519483049ef2385f072f05ca69ea7e3cde06c31f37294f866,true,s4.1-component-anoncred,s4.1-anoncred-issue-09,s4.1-anoncred-0009,s4.1-anoncred-request-0009,c89d9460bb0bdc844486a0a290ee2ac5e5cc1e356850494154a746006e708ff8,7f37cae2a8ce55dcff53c1237fb7698be06851286f74226a64164a05b208e61f,1,1,1,03e1d3155359f0a1c97ffbb36206b1ba9a270b6b295f1615dd50ae2c230f1fa5,cebd3baa47fb34c4554d6f41f8eff0c8b263c82c68bcae3d9d602c61652e0dc7,anoncred-0009/runtime-trace.jsonl,5a6bb529fad4ca33f6966ea6ef87309fee79e15d7cf7ebed2f1759528f7f4c02,anoncred-0009/raw.log,c7374da4f402c9654c597717e4eba19011c245273f70ac212ebfdca4752d2a2b,measured,S4.1-anoncred-component,C_ANONCRED,0,1,none,"[""sha256:789d134105f6b040bb6c7a7b278b09e6fcdcbe55501f5be5f037046f90596cef""]",true,true,false,true,false,false,false,false,false,true,0,17.216384,issue,0,3398,,
559e0bb531b3e4330c532e624d546d616c7849eb,a5463a90b3c1b48813560e77a89b438c2cc33d8d57c23bed868a6ca72b05a218,sha256:789d134105f6b040bb6c7a7b278b09e6fcdcbe55501f5be5f037046f90596cef,e5e4ec199eb709e456588807df0c03443fe175c2f5ba00ff7987dd78f2de279f,SAIB-RETF/2,credx-bbs-bls12-381-real,none,ca57a71d52244c7519483049ef2385f072f05ca69ea7e3cde06c31f37294f866,true,s4.1-component-anoncred,s4.1-anoncred-issue-10,s4.1-anoncred-0010,s4.1-anoncred-request-0010,4e5d1d89e78e85808b78503468857d2881af2768c54db66e07ff3d910c5e78ba,dc0860f428ca41c26d059687c8b2aadd79a3d7541a1d753b0f5196a184b14209,1,1,1,62fb30a85f6ffad54f9e6daee3c3e150426a111de914caee7271419b9a1221af,cee8f903be9c76c7793a45b2a5e70135ded3883744fde58676ad81bc1b08814c,anoncred-0010/runtime-trace.jsonl,bb5af72ee5330c8bb1bbecf12f9cf76616a73daf80cb55a3ffabc2ea1cba9f53,anoncred-0010/raw.log,c7374da4f402c9654c597717e4eba19011c245273f70ac212ebfdca4752d2a2b,measured,S4.1-anoncred-component,C_ANONCRED,0,1,none,"[""sha256:789d134105f6b040bb6c7a7b278b09e6fcdcbe55501f5be5f037046f90596cef""]",true,true,false,true,false,false,false,false,false,true,0,17.546162,issue,0,3398,,
559e0bb531b3e4330c532e624d546d616c7849eb,a5463a90b3c1b48813560e77a89b438c2cc33d8d57c23bed868a6ca72b05a218,sha256:789d134105f6b040bb6c7a7b278b09e6fcdcbe55501f5be5f037046f90596cef,e5e4ec199eb709e456588807df0c03443fe175c2f5ba00ff7987dd78f2de279f,SAIB-RETF/2,credx-bbs-bls12-381-real,none,ca57a71d52244c7519483049ef2385f072f05ca69ea7e3cde06c31f37294f866,true,s4.1-component-anoncred,s4.1-anoncred-issue-11,s4.1-anoncred-0011,s4.1-anoncred-request-0011,2360674827415cca4a45055e2e72f9384ce6b92b6efffa2a2878ba5e7334f8e3,135ef7ec1fb081cec80ce31c1de837f1ee6406d36a93985947fa0998c3b4fc4c,1,1,1,8a2a022b5dce94a32ca661380ac9ace58b8d62db711308037f90319ec95fd841,cf3714270947a64f7c39588e6242fb3bd31e4c97748f45305db9f8535c751c56,anoncred-0011/runtime-trace.jsonl,b35e4cc5ab48e9f05a7188335b4dfe3695c24b3ecbd38b776163b55d4da2b971,anoncred-0011/raw.log,c7374da4f402c9654c597717e4eba19011c245273f70ac212ebfdca4752d2a2b,measured,S4.1-anoncred-component,C_ANONCRED,0,1,none,"[""sha256:789d134105f6b040bb6c7a7b278b09e6fcdcbe55501f5be5f037046f90596cef""]",true,true,false,true,false,false,false,false,false,true,0,13.983014,issue,0,3398,,
559e0bb531b3e4330c532e624d546d616c7849eb,a5463a90b3c1b48813560e77a89b438c2cc33d8d57c23bed868a6ca72b05a218,sha256:789d134105f6b040bb6c7a7b278b09e6fcdcbe55501f5be5f037046f90596cef,e5e4ec199eb709e456588807df0c03443fe175c2f5ba00ff7987dd78f2de279f,SAIB-RETF/2,credx-bbs-bls12-381-real,none,ca57a71d52244c7519483049ef2385f072f05ca69ea7e3cde06c31f37294f866,true,s4.1-component-anoncred,s4.1-anoncred-issue-12,s4.1-anoncred-0012,s4.1-anoncred-request-0012,de502bbad8d43d79a3d9b56ba3d0afd9fbfcd68a58bfc821827e7b80e19dd161,c3a0cae2895903c51eedbfdccb3bf560a7b0e28f9be2b8d62b438288a3b545a3,1,1,1,b184f9e9d27c385966b0b4f3e5ebdd738d189c9726f0a3c5b434568ce005b752,d189ace5cc17cf98f1143c5c1ddd40b20f2520664fa57b0c666531a05cd7e039,anoncred-0012/runtime-trace.jsonl,b6d2996d031be4ea6437f23ac5e9fb20425e7257415436f3b8928176e95d2936,anoncred-0012/raw.log,c7374da4f402c9654c597717e4eba19011c245273f70ac212ebfdca4752d2a2b,measured,S4.1-anoncred-component,C_ANONCRED,0,1,none,"[""sha256:789d134105f6b040bb6c7a7b278b09e6fcdcbe55501f5be5f037046f90596cef""]",true,true,false,true,false,false,false,false,false,true,0,14.609043999999999,issue,0,3398,,
559e0bb531b3e4330c532e624d546d616c7849eb,a5463a90b3c1b48813560e77a89b438c2cc33d8d57c23bed868a6ca72b05a218,sha256:789d134105f6b040bb6c7a7b278b09e6fcdcbe55501f5be5f037046f90596cef,e5e4ec199eb709e456588807df0c03443fe175c2f5ba00ff7987dd78f2de279f,SAIB-RETF/2,credx-bbs-bls12-381-real,none,ca57a71d52244c7519483049ef2385f072f05ca69ea7e3cde06c31f37294f866,true,s4.1-component-anoncred,s4.1-anoncred-issue-13,s4.1-anoncred-0013,s4.1-anoncred-request-0013,39232fa22389e764a76bebdd72a5d8d59c959780522fea22185862e56f29eb53,f67cd06fe31d510243a42ca5695eb4acf5fc76073215136adb4f04fd87790b6f,1,1,1,44bca36c9bc324a990959066309632a6ea336a157f936cac674ff7df8e9801f0,9fea12c1ddb251b22293ae20b450413872a359194b9812dfd16c6891e33ff564,anoncred-0013/runtime-trace.jsonl,5bfb07296df13bf66014fd88361f98ab38faa4f5ee7762f3e4573eeab73de931,anoncred-0013/raw.log,c7374da4f402c9654c597717e4eba19011c245273f70ac212ebfdca4752d2a2b,measured,S4.1-anoncred-component,C_ANONCRED,0,1,none,"[""sha256:789d134105f6b040bb6c7a7b278b09e6fcdcbe55501f5be5f037046f90596cef""]",true,true,false,true,false,false,false,false,false,true,0,14.419045,issue,0,3398,,
559e0bb531b3e4330c532e624d546d616c7849eb,a5463a90b3c1b48813560e77a89b438c2cc33d8d57c23bed868a6ca72b05a218,sha256:789d134105f6b040bb6c7a7b278b09e6fcdcbe55501f5be5f037046f90596cef,e5e4ec199eb709e456588807df0c03443fe175c2f5ba00ff7987dd78f2de279f,SAIB-RETF/2,credx-bbs-bls12-381-real,none,ca57a71d52244c7519483049ef2385f072f05ca69ea7e3cde06c31f37294f866,true,s4.1-component-anoncred,s4.1-anoncred-issue-14,s4.1-anoncred-0014,s4.1-anoncred-request-0014,22bac10b219529dbb65c70bba309fd5e9c8348b5aa62ff3d9f72a5f2fd382f4f,6c1e7fc39fcf0f963365798660b0c55fb62eeeebe7f65a19a89c90f30e3ab65a,1,1,1,030a7455b6ee4d35a776c145bd5dcdc2b66df8a1e7a6598f2842393c0533528e,b87a8bc796a5fb41971e90dac36aaa41c9cfdcf28d08ff930dc75dab0b621e75,anoncred-0014/runtime-trace.jsonl,630fb6176490a5c3d528bd3f740725fba3954292e02ded86e0dd8907f5a82d18,anoncred-0014/raw.log,c7374da4f402c9654c597717e4eba19011c245273f70ac212ebfdca4752d2a2b,measured,S4.1-anoncred-component,C_ANONCRED,0,1,none,"[""sha256:789d134105f6b040bb6c7a7b278b09e6fcdcbe55501f5be5f037046f90596cef""]",true,true,false,true,false,false,false,false,false,true,0,13.909311,issue,0,3398,,
559e0bb531b3e4330c532e624d546d616c7849eb,a5463a90b3c1b48813560e77a89b438c2cc33d8d57c23bed868a6ca72b05a218,sha256:789d134105f6b040bb6c7a7b278b09e6fcdcbe55501f5be5f037046f90596cef,e5e4ec199eb709e456588807df0c03443fe175c2f5ba00ff7987dd78f2de279f,SAIB-RETF/2,credx-bbs-bls12-381-real,none,ca57a71d52244c7519483049ef2385f072f05ca69ea7e3cde06c31f37294f866,true,s4.1-component-anoncred,s4.1-anoncred-issue-15,s4.1-anoncred-0015,s4.1-anoncred-request-0015,dcbf3fb5604e8ba82b15695e8c840d99b40517407f876d469ec8787832c8311e,b29dd69e3daaeb0208c2d3911253a52ab42e44d04ea4a378c18853e316a73974,1,1,1,bf4d8a1d40aac6f7310909b6a27aa79e22e9204d56b1780de293feb5a01e1cc0,25ad41f194526697f81134cb13f05a9d647ba40a3c32b1c9b0353bfc20d5e434,anoncred-0015/runtime-trace.jsonl,81d762914f35e29d17ba63707c6ac627e15aae6661e72c0279ac643efe534344,anoncred-0015/raw.log,c7374da4f402c9654c597717e4eba19011c245273f70ac212ebfdca4752d2a2b,measured,S4.1-anoncred-component,C_ANONCRED,0,1,none,"[""sha256:789d134105f6b040bb6c7a7b278b09e6fcdcbe55501f5be5f037046f90596cef""]",true,true,false,true,false,false,false,false,false,true,0,16.457498,issue,0,3398,,
559e0bb531b3e4330c532e624d546d616c7849eb,a5463a90b3c1b48813560e77a89b438c2cc33d8d57c23bed868a6ca72b05a218,sha256:789d134105f6b040bb6c7a7b278b09e6fcdcbe55501f5be5f037046f90596cef,e5e4ec199eb709e456588807df0c03443fe175c2f5ba00ff7987dd78f2de279f,SAIB-RETF/2,credx-bbs-bls12-381-real,none,ca57a71d52244c7519483049ef2385f072f05ca69ea7e3cde06c31f37294f866,true,s4.1-component-anoncred,s4.1-anoncred-issue-16,s4.1-anoncred-0016,s4.1-anoncred-request-0016,257982bd2e8d6b7ab2878c18f6ab77d78c58a06bcb6470619ce1e6c8acdd2edc,b7386597fe460a704d09b1667f86c6b42cb16440f1525accc6ec2a471a653616,1,1,1,bcd507f254ef17dc77c553844a45c0a73ccf742cac9f9958a55adc94d64db609,ba7e36211c2800521c470e2f8f70ac469d99f38748ec1e9960e0045a4520b186,anoncred-0016/runtime-trace.jsonl,e4c885337411b2f9f0498793c05b2c57b4e9493d588c2910ff22e2dc016bf8eb,anoncred-0016/raw.log,c7374da4f402c9654c597717e4eba19011c245273f70ac212ebfdca4752d2a2b,measured,S4.1-anoncred-component,C_ANONCRED,0,1,none,"[""sha256:789d134105f6b040bb6c7a7b278b09e6fcdcbe55501f5be5f037046f90596cef""]",true,true,false,true,false,false,false,false,false,true,0,15.532772999999999,issue,0,3398,,
559e0bb531b3e4330c532e624d546d616c7849eb,a5463a90b3c1b48813560e77a89b438c2cc33d8d57c23bed868a6ca72b05a218,sha256:789d134105f6b040bb6c7a7b278b09e6fcdcbe55501f5be5f037046f90596cef,e5e4ec199eb709e456588807df0c03443fe175c2f5ba00ff7987dd78f2de279f,SAIB-RETF/2,credx-bbs-bls12-381-real,none,ca57a71d52244c7519483049ef2385f072f05ca69ea7e3cde06c31f37294f866,true,s4.1-component-anoncred,s4.1-anoncred-issue-17,s4.1-anoncred-0017,s4.1-anoncred-request-0017,1870aa9aebf02d193c8f9917ec344ffc706a87029f8d84965659bb596dc49c6c,6cf7c1ccb0d5f4590ebad1177c836302a5576dfd7c1ee4796197e19eb660dac9,1,1,1,e74db22afcc5e5a7a7e084c66ff016e653cf8e3390396ee28880e05785383ad6,1b6aacf758b40f8bf0ad4fdc40462d81698b900e2896e81b0675bd2c0af4db05,anoncred-0017/runtime-trace.jsonl,5b9427ebe2bb635e1a0fa69065efd79d00362625f6dc31e4c57b5b60261ba3d5,anoncred-0017/raw.log,c7374da4f402c9654c597717e4eba19011c245273f70ac212ebfdca4752d2a2b,measured,S4.1-anoncred-component,C_ANONCRED,0,1,none,"[""sha256:789d134105f6b040bb6c7a7b278b09e6fcdcbe55501f5be5f037046f90596cef""]",true,true,false,true,false,false,false,false,false,true,0,15.855257000000002,issue,0,3398,,
559e0bb531b3e4330c532e624d546d616c7849eb,a5463a90b3c1b48813560e77a89b438c2cc33d8d57c23bed868a6ca72b05a218,sha256:789d134105f6b040bb6c7a7b278b09e6fcdcbe55501f5be5f037046f90596cef,e5e4ec199eb709e456588807df0c03443fe175c2f5ba00ff7987dd78f2de279f,SAIB-RETF/2,credx-bbs-bls12-381-real,none,ca57a71d52244c7519483049ef2385f072f05ca69ea7e3cde06c31f37294f866,true,s4.1-component-anoncred,s4.1-anoncred-issue-18,s4.1-anoncred-0018,s4.1-anoncred-request-0018,09e1c7d9387c071fdce062c11d3c2817c8335a53b914034e7304f58a30e5cbe6,150174ce086c2d3f72debcf4910e31844d8e1353930df2e5bba079b928815db5,1,1,1,7e9ac5ab46535b5659cdc547286d923a8775b90b8d3467b9499af459d049e694,fb4a31142f5b8e4023fcbaed27994740a42019be68b5394054fb8bef68f63c06,anoncred-0018/runtime-trace.jsonl,d5a8be65bea8d672e6a864fccb359f935b4a7eb5695e705684582029be0451f8,anoncred-0018/raw.log,c7374da4f402c9654c597717e4eba19011c245273f70ac212ebfdca4752d2a2b,measured,S4.1-anoncred-component,C_ANONCRED,0,1,none,"[""sha256:789d134105f6b040bb6c7a7b278b09e6fcdcbe55501f5be5f037046f90596cef""]",true,true,false,true,false,false,false,false,false,true,0,15.459864999999999,issue,0,3398,,
559e0bb531b3e4330c532e624d546d616c7849eb,a5463a90b3c1b48813560e77a89b438c2cc33d8d57c23bed868a6ca72b05a218,sha256:789d134105f6b040bb6c7a7b278b09e6fcdcbe55501f5be5f037046f90596cef,e5e4ec199eb709e456588807df0c03443fe175c2f5ba00ff7987dd78f2de279f,SAIB-RETF/2,credx-bbs-bls12-381-real,none,ca57a71d52244c7519483049ef2385f072f05ca69ea7e3cde06c31f37294f866,true,s4.1-component-anoncred,s4.1-anoncred-issue-19,s4.1-anoncred-0019,s4.1-anoncred-request-0019,191e2862047181da07de64a3cc9698738285c6960f0f7c59d7146482ebb009be,044d485c399856cf29021ef1d3d83331a89fd7935f8a639ba4fadd7d071fea02,1,1,1,28dadc2e32e20322b79ad1c3786646ad8c4127e37f1ab18e87060d939615f78f,5108d51f8c1e7ea3d09d26aae0dbbb9c1ddf80d4ff93a628d3cedd8c7242d380,anoncred-0019/runtime-trace.jsonl,9bb5e3a698490a91c16be11f8b0f97e8934b70157de161e086685932720382c1,anoncred-0019/raw.log,c7374da4f402c9654c597717e4eba19011c245273f70ac212ebfdca4752d2a2b,measured,S4.1-anoncred-component,C_ANONCRED,0,1,none,"[""sha256:789d134105f6b040bb6c7a7b278b09e6fcdcbe55501f5be5f037046f90596cef""]",true,true,false,true,false,false,false,false,false,true,0,13.031812,issue,0,3398,,
559e0bb531b3e4330c532e624d546d616c7849eb,a5463a90b3c1b48813560e77a89b438c2cc33d8d57c23bed868a6ca72b05a218,sha256:789d134105f6b040bb6c7a7b278b09e6fcdcbe55501f5be5f037046f90596cef,e5e4ec199eb709e456588807df0c03443fe175c2f5ba00ff7987dd78f2de279f,SAIB-RETF/2,credx-bbs-bls12-381-real,none,ca57a71d52244c7519483049ef2385f072f05ca69ea7e3cde06c31f37294f866,true,s4.1-component-anoncred,s4.1-anoncred-issue-20,s4.1-anoncred-0020,s4.1-anoncred-request-0020,50f2a117343d6055c50242b141d23a2693246aa91114b6f59884d058c3321cb7,c7b4160b6f435c2c60396d4e34d0ae9ea4101bc45211b3db79fc067737a00cb3,1,1,1,2c71c90d2cbacf16f22045c35b43f31f0335fc93e0083f6afe1b7faaacae7e8b,412efd443c54ff15c059d89751d33a912bf7dfb3efdfde6f60e4ac6445c3701e,anoncred-0020/runtime-trace.jsonl,cf6f7bb14f1e37cee1f94bec3ffbe2a4f198528d24b5dbd0eb8c01490935a382,anoncred-0020/raw.log,c7374da4f402c9654c597717e4eba19011c245273f70ac212ebfdca4752d2a2b,measured,S4.1-anoncred-component,C_ANONCRED,0,1,none,"[""sha256:789d134105f6b040bb6c7a7b278b09e6fcdcbe55501f5be5f037046f90596cef""]",true,true,false,true,false,false,false,false,false,true,0,13.810118,issue,0,3398,,
559e0bb531b3e4330c532e624d546d616c7849eb,a5463a90b3c1b48813560e77a89b438c2cc33d8d57c23bed868a6ca72b05a218,sha256:789d134105f6b040bb6c7a7b278b09e6fcdcbe55501f5be5f037046f90596cef,e5e4ec199eb709e456588807df0c03443fe175c2f5ba00ff7987dd78f2de279f,SAIB-RETF/2,credx-bbs-bls12-381-real,none,ca57a71d52244c7519483049ef2385f072f05ca69ea7e3cde06c31f37294f866,true,s4.1-component-anoncred,s4.1-anoncred-issue-21,s4.1-anoncred-0021,s4.1-anoncred-request-0021,0bff5ce134a764ed06d1790c6fbb21d644d6ba0ca3d2fce76e8a450f715ae723,f5d01f98e85870b7173feda524da57fbae96a6409602d6f39105c676c095c024,1,1,1,100098f4fdbaa1d201146d8df9be0fde569ea061aeccadf138760a6621a1a111,d84d2f5c3ebe47e1d33022476a115cdc8116291f5610ea191d2995f56d7fc1c7,anoncred-0021/runtime-trace.jsonl,df9fe0191a7eeff481c88febb262b03c6bc1f4cacb1c2598816dece664939fd2,anoncred-0021/raw.log,c7374da4f402c9654c597717e4eba19011c245273f70ac212ebfdca4752d2a2b,measured,S4.1-anoncred-component,C_ANONCRED,0,1,none,"[""sha256:789d134105f6b040bb6c7a7b278b09e6fcdcbe55501f5be5f037046f90596cef""]",true,true,false,true,false,false,false,false,false,true,0,14.636754,issue,0,3398,,
559e0bb531b3e4330c532e624d546d616c7849eb,a5463a90b3c1b48813560e77a89b438c2cc33d8d57c23bed868a6ca72b05a218,sha256:789d134105f6b040bb6c7a7b278b09e6fcdcbe55501f5be5f037046f90596cef,e5e4ec199eb709e456588807df0c03443fe175c2f5ba00ff7987dd78f2de279f,SAIB-RETF/2,credx-bbs-bls12-381-real,none,ca57a71d52244c7519483049ef2385f072f05ca69ea7e3cde06c31f37294f866,true,s4.1-component-anoncred,s4.1-anoncred-issue-22,s4.1-anoncred-0022,s4.1-anoncred-request-0022,9ac9748e229c6b0ef0ecae25b3252076bb423ebcc0f6f13223b40f2304687a95,c60ffec0ff3aa258600cc2e499acd2277d0596868a5b231e62e779bdd3fd5c95,1,1,1,61e560c7318bc107458da5ce409d08a75bce4ed049bbee7e266aba4e84b37991,4932f89d650cc8ae961534f79585d192bf6001d1797e0066f6f46e78c5db036b,anoncred-0022/runtime-trace.jsonl,05705da62df17554fe1a17f1d2e37c3af46131dda479e4510476e35cbc9aa850,anoncred-0022/raw.log,c7374da4f402c9654c597717e4eba19011c245273f70ac212ebfdca4752d2a2b,measured,S4.1-anoncred-component,C_ANONCRED,0,1,none,"[""sha256:789d134105f6b040bb6c7a7b278b09e6fcdcbe55501f5be5f037046f90596cef""]",true,true,false,true,false,false,false,false,false,true,0,15.925808,issue,0,3398,,
559e0bb531b3e4330c532e624d546d616c7849eb,a5463a90b3c1b48813560e77a89b438c2cc33d8d57c23bed868a6ca72b05a218,sha256:789d134105f6b040bb6c7a7b278b09e6fcdcbe55501f5be5f037046f90596cef,e5e4ec199eb709e456588807df0c03443fe175c2f5ba00ff7987dd78f2de279f,SAIB-RETF/2,credx-bbs-bls12-381-real,none,ca57a71d52244c7519483049ef2385f072f05ca69ea7e3cde06c31f37294f866,true,s4.1-component-anoncred,s4.1-anoncred-issue-23,s4.1-anoncred-0023,s4.1-anoncred-request-0023,c28a2d3428937e2e6e75f6e0296262cc6f89bd3523050b6e171318d7f735b5ad,d7b5542f040041c36104cc286afbf16932b21c6613180e34ddec52057a2bd583,1,1,1,5f4f4e16db553eca4e5e99c0810394d63ca4110abb61d114ad1a37b3d2459655,61a33f9ff6f6332a2aa57e85476b6b214e903bee8e7b66f2da8ec923ed088d9d,anoncred-0023/runtime-trace.jsonl,a417f2ff822da765faf71042e095bcec52cf6a80b50e5ec7fd303a6e438d1fd3,anoncred-0023/raw.log,c7374da4f402c9654c597717e4eba19011c245273f70ac212ebfdca4752d2a2b,measured,S4.1-anoncred-component,C_ANONCRED,0,1,none,"[""sha256:789d134105f6b040bb6c7a7b278b09e6fcdcbe55501f5be5f037046f90596cef""]",true,true,false,true,false,false,false,false,false,true,0,15.464004,issue,0,3398,,
559e0bb531b3e4330c532e624d546d616c7849eb,a5463a90b3c1b48813560e77a89b438c2cc33d8d57c23bed868a6ca72b05a218,sha256:789d134105f6b040bb6c7a7b278b09e6fcdcbe55501f5be5f037046f90596cef,e5e4ec199eb709e456588807df0c03443fe175c2f5ba00ff7987dd78f2de279f,SAIB-RETF/2,credx-bbs-bls12-381-real,none,ca57a71d52244c7519483049ef2385f072f05ca69ea7e3cde06c31f37294f866,true,s4.1-component-anoncred,s4.1-anoncred-issue-24,s4.1-anoncred-0024,s4.1-anoncred-request-0024,1d7e0f70e30bf230a80c3e5984200276b8f1158aed2436118347bbf42b5a7471,c738cd2e3e5f30d56bd1226e924e24262d5cb458c60df4f619f39b5ce4e3b81a,1,1,1,01a5583a06811fa28f61f6d9de0545fbd457e2326eeea65f4914a28d551125cb,97c72784fc6f66516a83e9e6c79ea35f624eb8636e9270d3d9c4b95bdf61867c,anoncred-0024/runtime-trace.jsonl,6cbceef9cff6e2cac6ac4d8c818f746489293ad6cafcb101fbed73ea1b7956c7,anoncred-0024/raw.log,c7374da4f402c9654c597717e4eba19011c245273f70ac212ebfdca4752d2a2b,measured,S4.1-anoncred-component,C_ANONCRED,0,1,none,"[""sha256:789d134105f6b040bb6c7a7b278b09e6fcdcbe55501f5be5f037046f90596cef""]",true,true,false,true,false,false,false,false,false,true,0,14.17064,issue,0,3398,,
559e0bb531b3e4330c532e624d546d616c7849eb,a5463a90b3c1b48813560e77a89b438c2cc33d8d57c23bed868a6ca72b05a218,sha256:789d134105f6b040bb6c7a7b278b09e6fcdcbe55501f5be5f037046f90596cef,e5e4ec199eb709e456588807df0c03443fe175c2f5ba00ff7987dd78f2de279f,SAIB-RETF/2,credx-bbs-bls12-381-real,none,ca57a71d52244c7519483049ef2385f072f05ca69ea7e3cde06c31f37294f866,true,s4.1-component-anoncred,s4.1-anoncred-issue-25,s4.1-anoncred-0025,s4.1-anoncred-request-0025,53798984375aed9538d724b5661a77296e3072e6b04a4078f26e544282c9c23a,d100252d711d17dd7d28d47f1de05d4006dbde1302ebb982ee37ea0aa2988709,1,1,1,375ec54b06cab133922c2c0a418b94f4163675008cd9329f7280871a7eee839d,dcc6acee99ca24ca48287922ad4cfeee8137dfa9b29ba548d41c5d145630bb0b,anoncred-0025/runtime-trace.jsonl,a59c5edc2a2575f3f229ee185e4de7981f21e2745fb8249bc0cdd294267284d6,anoncred-0025/raw.log,c7374da4f402c9654c597717e4eba19011c245273f70ac212ebfdca4752d2a2b,measured,S4.1-anoncred-component,C_ANONCRED,0,1,none,"[""sha256:789d134105f6b040bb6c7a7b278b09e6fcdcbe55501f5be5f037046f90596cef""]",true,true,false,true,false,false,false,false,false,true,0,12.985792,issue,0,3398,,
559e0bb531b3e4330c532e624d546d616c7849eb,a5463a90b3c1b48813560e77a89b438c2cc33d8d57c23bed868a6ca72b05a218,sha256:789d134105f6b040bb6c7a7b278b09e6fcdcbe55501f5be5f037046f90596cef,e5e4ec199eb709e456588807df0c03443fe175c2f5ba00ff7987dd78f2de279f,SAIB-RETF/2,credx-bbs-bls12-381-real,none,ca57a71d52244c7519483049ef2385f072f05ca69ea7e3cde06c31f37294f866,true,s4.1-component-anoncred,s4.1-anoncred-issue-26,s4.1-anoncred-0026,s4.1-anoncred-request-0026,a4870c24f946189cfebf1b480b68a946d60b723c032afe094aa3a109b61f4686,95b6de59ad4e73686a9e1877e3493c6b0faa821d4fc0817d0ded91a9ba0ea769,1,1,1,15cf312e72c74d5f24488f12825724c7d3e7eb03a90c7b129ad4b8f792c5c54e,6a5b7ed00e42885023481f1a059fc8c9f54440a0e396875ae609ca772f8c222b,anoncred-0026/runtime-trace.jsonl,19789a579449a0967f7cd81a508dacb6e95a3f9773dc2473f70554500b9ed8a5,anoncred-0026/raw.log,c7374da4f402c9654c597717e4eba19011c245273f70ac212ebfdca4752d2a2b,measured,S4.1-anoncred-component,C_ANONCRED,0,1,none,"[""sha256:789d134105f6b040bb6c7a7b278b09e6fcdcbe55501f5be5f037046f90596cef""]",true,true,false,true,false,false,false,false,false,true,0,12.548641,issue,0,3398,,
559e0bb531b3e4330c532e624d546d616c7849eb,a5463a90b3c1b48813560e77a89b438c2cc33d8d57c23bed868a6ca72b05a218,sha256:789d134105f6b040bb6c7a7b278b09e6fcdcbe55501f5be5f037046f90596cef,e5e4ec199eb709e456588807df0c03443fe175c2f5ba00ff7987dd78f2de279f,SAIB-RETF/2,credx-bbs-bls12-381-real,none,ca57a71d52244c7519483049ef2385f072f05ca69ea7e3cde06c31f37294f866,true,s4.1-component-anoncred,s4.1-anoncred-issue-27,s4.1-anoncred-0027,s4.1-anoncred-request-0027,a6584069a17a6a5bd2f26953f66b8fe1a25a406049c6e12837cf983a79ca37ed,75465ee4a3f4987db676613eea0c9479eb33e44759d971a7cca332de98d65001,1,1,1,f1a9da495b8f89d62e0048aa8191769de58c7359e09dc895dd4a141725deee67,11f35308d15837497b07bfb170a2c424bfcf1bb9cc4f826e5230a41b20825a87,anoncred-0027/runtime-trace.jsonl,09372e2804a315cb7c180257992e1d6e31adc647526ed4d71b42e2bf720f04e5,anoncred-0027/raw.log,c7374da4f402c9654c597717e4eba19011c245273f70ac212ebfdca4752d2a2b,measured,S4.1-anoncred-component,C_ANONCRED,0,1,none,"[""sha256:789d134105f6b040bb6c7a7b278b09e6fcdcbe55501f5be5f037046f90596cef""]",true,true,false,true,false,false,false,false,false,true,0,13.352667,issue,0,3398,,
559e0bb531b3e4330c532e624d546d616c7849eb,a5463a90b3c1b48813560e77a89b438c2cc33d8d57c23bed868a6ca72b05a218,sha256:789d134105f6b040bb6c7a7b278b09e6fcdcbe55501f5be5f037046f90596cef,e5e4ec199eb709e456588807df0c03443fe175c2f5ba00ff7987dd78f2de279f,SAIB-RETF/2,credx-bbs-bls12-381-real,none,ca57a71d52244c7519483049ef2385f072f05ca69ea7e3cde06c31f37294f866,true,s4.1-component-anoncred,s4.1-anoncred-issue-28,s4.1-anoncred-0028,s4.1-anoncred-request-0028,773dd6a7a67751055ae17c7a8dac08365f869ec8c48000cf064197e988a69e49,e705d68cd2da35869b46874eb9c98cd4b09b7ee9d9e24525648ebe979abe6623,1,1,1,8d62d86f18a5d8753e1850610338164cd27ec1eeacdc3e014a4c2f7a9e742511,ba7206e7293b894250d885589c9484fb0dc89c3785188b47a2fe1f3ece63085a,anoncred-0028/runtime-trace.jsonl,e9a3ad7a081cc069779d4e59f9672b13e57f9162c190cb627afd3e1c33f8656f,anoncred-0028/raw.log,c7374da4f402c9654c597717e4eba19011c245273f70ac212ebfdca4752d2a2b,measured,S4.1-anoncred-component,C_ANONCRED,0,1,none,"[""sha256:789d134105f6b040bb6c7a7b278b09e6fcdcbe55501f5be5f037046f90596cef""]",true,true,false,true,false,false,false,false,false,true,0,13.125069,issue,0,3398,,
559e0bb531b3e4330c532e624d546d616c7849eb,a5463a90b3c1b48813560e77a89b438c2cc33d8d57c23bed868a6ca72b05a218,sha256:789d134105f6b040bb6c7a7b278b09e6fcdcbe55501f5be5f037046f90596cef,e5e4ec199eb709e456588807df0c03443fe175c2f5ba00ff7987dd78f2de279f,SAIB-RETF/2,credx-bbs-bls12-381-real,none,ca57a71d52244c7519483049ef2385f072f05ca69ea7e3cde06c31f37294f866,true,s4.1-component-anoncred,s4.1-anoncred-issue-29,s4.1-anoncred-0029,s4.1-anoncred-request-0029,94a258a3034df1d14af767c1fa8b7a8ce741482f6379ce0ea39b2b9c238461ca,b003411832da21a224d6b2043ef19329ac7d5eebe689d572e18e1107fe37e066,1,1,1,5c687444c6364b5793beb876275a1db7c7d4ab0f0e29e76aef3952d7ed61b1ee,b2479158850f48baf85ffdaa06bcbb7f698bf9ae3ea7ccb965a366e308e64712,anoncred-0029/runtime-trace.jsonl,259262bba466e2918e3b4eaa49d0595f4f72a3c1f11d5b671956dad97a30f017,anoncred-0029/raw.log,c7374da4f402c9654c597717e4eba19011c245273f70ac212ebfdca4752d2a2b,measured,S4.1-anoncred-component,C_ANONCRED,0,1,none,"[""sha256:789d134105f6b040bb6c7a7b278b09e6fcdcbe55501f5be5f037046f90596cef""]",true,true,false,true,false,false,false,false,false,true,0,13.366754,issue,0,3398,,
559e0bb531b3e4330c532e624d546d616c7849eb,a5463a90b3c1b48813560e77a89b438c2cc33d8d57c23bed868a6ca72b05a218,sha256:789d134105f6b040bb6c7a7b278b09e6fcdcbe55501f5be5f037046f90596cef,e5e4ec199eb709e456588807df0c03443fe175c2f5ba00ff7987dd78f2de279f,SAIB-RETF/2,credx-bbs-bls12-381-real,none,ca57a71d52244c7519483049ef2385f072f05ca69ea7e3cde06c31f37294f866,true,s4.1-component-anoncred,s4.1-anoncred-issue-30,s4.1-anoncred-0030,s4.1-anoncred-request-0030,eacd182ded892b0bc2f64c6dc0153863f9c369f968d08557dd75721ff89d6c03,1a3ff70561215ce296ce36f5dd3b28641477bdb52de2cfcd051ba3ce04a31b46,1,1,1,6a234e90e5d5e128d452e27a997dd5beb3b8fbdd280c88960ea723a04e7a75b3,e30fd35fda0040b0e90af85092d053523cfc53c12aae2d9a76f9da538be25ef1,anoncred-0030/runtime-trace.jsonl,272e5fb1aec2d31128f0772c36994fa2c7b9805991744f3cbf015cfaa2752207,anoncred-0030/raw.log,c7374da4f402c9654c597717e4eba19011c245273f70ac212ebfdca4752d2a2b,measured,S4.1-anoncred-component,C_ANONCRED,0,1,none,"[""sha256:789d134105f6b040bb6c7a7b278b09e6fcdcbe55501f5be5f037046f90596cef""]",true,true,false,true,false,false,false,false,false,true,0,13.114954,issue,0,3398,,
559e0bb531b3e4330c532e624d546d616c7849eb,a5463a90b3c1b48813560e77a89b438c2cc33d8d57c23bed868a6ca72b05a218,sha256:789d134105f6b040bb6c7a7b278b09e6fcdcbe55501f5be5f037046f90596cef,e5e4ec199eb709e456588807df0c03443fe175c2f5ba00ff7987dd78f2de279f,SAIB-RETF/2,credx-bbs-bls12-381-real,none,ca57a71d52244c7519483049ef2385f072f05ca69ea7e3cde06c31f37294f866,true,s4.1-component-anoncred,s4.1-anoncred-issue-31,s4.1-anoncred-0031,s4.1-anoncred-request-0031,29f34ce08141a782b533ef1ad92cf0698fcf0b30c172d0a8e304d5d125cd2b94,f3872300dd33da4141d6586921b7cceee7350d3661a3d66cf3037da1d0b2121a,1,1,1,4a63e0bd7b6c57cab93947a1fcb594db802c1240e0faf0927c479c5f7945dd3f,c94813533ae247b4065b20167f54f831714168292b0702adb675528fbf69ef59,anoncred-0031/runtime-trace.jsonl,cd63c1a21432c85d81fc2d5b8fafd1301bcecaef52da4732a8fcc5a7c19c9070,anoncred-0031/raw.log,c7374da4f402c9654c597717e4eba19011c245273f70ac212ebfdca4752d2a2b,measured,S4.1-anoncred-component,C_ANONCRED,0,1,none,"[""sha256:789d134105f6b040bb6c7a7b278b09e6fcdcbe55501f5be5f037046f90596cef""]",true,true,false,true,false,false,false,false,false,true,0,13.084715000000001,issue,0,3398,,
559e0bb531b3e4330c532e624d546d616c7849eb,a5463a90b3c1b48813560e77a89b438c2cc33d8d57c23bed868a6ca72b05a218,sha256:789d134105f6b040bb6c7a7b278b09e6fcdcbe55501f5be5f037046f90596cef,e5e4ec199eb709e456588807df0c03443fe175c2f5ba00ff7987dd78f2de279f,SAIB-RETF/2,credx-bbs-bls12-381-real,none,ca57a71d52244c7519483049ef2385f072f05ca69ea7e3cde06c31f37294f866,true,s4.1-component-anoncred,s4.1-anoncred-issue-32,s4.1-anoncred-0032,s4.1-anoncred-request-0032,e0805b8fe6d92771282c8a0b204c7c49f534be0b23afb1a710402838fdc370e6,628882bfa2c92eccde9b1f51ce6c3c9d4ba3ebb04d79493a00f79d9d497c821f,1,1,1,a6dfdf1cb1247179644c980d77ad3c5ef0d534933a5ea9d20177972affa3bd17,8b8169970d5600c09a16b822252689a4f6026e187e1c48cca3d92000e78c6ae9,anoncred-0032/runtime-trace.jsonl,b3aa923ba1fe5c01d23045ba2f4d6c0714396e92084e3f44f991692e1e80f940,anoncred-0032/raw.log,c7374da4f402c9654c597717e4eba19011c245273f70ac212ebfdca4752d2a2b,measured,S4.1-anoncred-component,C_ANONCRED,0,1,none,"[""sha256:789d134105f6b040bb6c7a7b278b09e6fcdcbe55501f5be5f037046f90596cef""]",true,true,false,true,false,false,false,false,false,true,0,13.041601,issue,0,3398,,
559e0bb531b3e4330c532e624d546d616c7849eb,a5463a90b3c1b48813560e77a89b438c2cc33d8d57c23bed868a6ca72b05a218,sha256:789d134105f6b040bb6c7a7b278b09e6fcdcbe55501f5be5f037046f90596cef,e5e4ec199eb709e456588807df0c03443fe175c2f5ba00ff7987dd78f2de279f,SAIB-RETF/2,credx-bbs-bls12-381-real,none,ca57a71d52244c7519483049ef2385f072f05ca69ea7e3cde06c31f37294f866,true,s4.1-component-anoncred,s4.1-anoncred-issue-33,s4.1-anoncred-0033,s4.1-anoncred-request-0033,f26c885b518b743b414f1a528c7e1b437cce25b71caa49bf3a9ea16cabc7a1b3,10737f58c0ab856df476ff189e65f6cdc4e2fec188c3b38d9e1a84db402ee13d,1,1,1,396aa000ba8f5ea540ee34ada1790352d8350102e9b9a0bbe7902f4e260debea,83f5fb85d58448cc922848dae446210aa044c0fdb9a95bf08329c4255eded344,anoncred-0033/runtime-trace.jsonl,c8ec896032b8a400e7fbd6bb2ee380db9ec2852a7ea1e5362115777ccbd64baa,anoncred-0033/raw.log,c7374da4f402c9654c597717e4eba19011c245273f70ac212ebfdca4752d2a2b,measured,S4.1-anoncred-component,C_ANONCRED,0,1,none,"[""sha256:789d134105f6b040bb6c7a7b278b09e6fcdcbe55501f5be5f037046f90596cef""]",true,true,false,true,false,false,false,false,false,true,0,12.863083000000001,issue,0,3398,,
559e0bb531b3e4330c532e624d546d616c7849eb,a5463a90b3c1b48813560e77a89b438c2cc33d8d57c23bed868a6ca72b05a218,sha256:789d134105f6b040bb6c7a7b278b09e6fcdcbe55501f5be5f037046f90596cef,e5e4ec199eb709e456588807df0c03443fe175c2f5ba00ff7987dd78f2de279f,SAIB-RETF/2,credx-bbs-bls12-381-real,none,ca57a71d52244c7519483049ef2385f072f05ca69ea7e3cde06c31f37294f866,true,s4.1-component-anoncred,s4.1-anoncred-issue-34,s4.1-anoncred-0034,s4.1-anoncred-request-0034,385f81de70b7da945bbe29a12e5685ca57cf858598dd5ab46d69a7bb02f3aa8c,4def831e1b9a3baea8e6ab8dad0568f987caad2500033a87b2831081c2378c95,1,1,1,a93414e84e86fbf188734c14fab4e4b2fc3225814fef3f89254503e4af8ccfcc,ff87fe4fee51cf6b6573b074829a1baee3523a3f19ef5fc44435db86f6dd1060,anoncred-0034/runtime-trace.jsonl,2372b1297ad4c4a19dea5bae962a51a77893a489e99b28293bfc956bca4ff224,anoncred-0034/raw.log,c7374da4f402c9654c597717e4eba19011c245273f70ac212ebfdca4752d2a2b,measured,S4.1-anoncred-component,C_ANONCRED,0,1,none,"[""sha256:789d134105f6b040bb6c7a7b278b09e6fcdcbe55501f5be5f037046f90596cef""]",true,true,false,true,false,false,false,false,false,true,0,13.198718,issue,0,3398,,
559e0bb531b3e4330c532e624d546d616c7849eb,a5463a90b3c1b48813560e77a89b438c2cc33d8d57c23bed868a6ca72b05a218,sha256:789d134105f6b040bb6c7a7b278b09e6fcdcbe55501f5be5f037046f90596cef,e5e4ec199eb709e456588807df0c03443fe175c2f5ba00ff7987dd78f2de279f,SAIB-RETF/2,credx-bbs-bls12-381-real,none,ca57a71d52244c7519483049ef2385f072f05ca69ea7e3cde06c31f37294f866,true,s4.1-component-anoncred,s4.1-anoncred-prove-00,s4.1-anoncred-0035,s4.1-anoncred-request-0035,91f75cbfa9b083a66de6263a0592084ae9e97b146c1429232b9df5c34e257d6d,d58bb2e19f3019174076a69a9dd15f554726da77aece5306447108c627a63f8f,1,1,1,22ff604c36df63a5f5f82cae7a12fd4b5d045f5edbda8a4ef38a919ffc77872e,912f07a54085eb9e22321380193120175fcbb97a056d9fec5a020f1d9ccbf0de,anoncred-0035/runtime-trace.jsonl,fc0521581b035f940a40aa9076091c300fc119dd1c0ed8604389d905955ba017,anoncred-0035/raw.log,c7374da4f402c9654c597717e4eba19011c245273f70ac212ebfdca4752d2a2b,warmup,S4.1-anoncred-component,C_ANONCRED,0,1,none,"[""sha256:789d134105f6b040bb6c7a7b278b09e6fcdcbe55501f5be5f037046f90596cef""]",true,true,false,true,false,false,false,false,false,true,0,420.38131,prove,3193,3296,,
559e0bb531b3e4330c532e624d546d616c7849eb,a5463a90b3c1b48813560e77a89b438c2cc33d8d57c23bed868a6ca72b05a218,sha256:789d134105f6b040bb6c7a7b278b09e6fcdcbe55501f5be5f037046f90596cef,e5e4ec199eb709e456588807df0c03443fe175c2f5ba00ff7987dd78f2de279f,SAIB-RETF/2,credx-bbs-bls12-381-real,none,ca57a71d52244c7519483049ef2385f072f05ca69ea7e3cde06c31f37294f866,true,s4.1-component-anoncred,s4.1-anoncred-prove-01,s4.1-anoncred-0036,s4.1-anoncred-request-0036,299c8d29fc63841ddb4024cd8095a678d05423b08588cea0181e6e5572880ba2,97416f65243c1b6222e300b13081037d03895553d581b22556296cdb70f534c5,1,1,1,3582bbfa414cc3d32bf2af04e9f90e4a8fc0508dbfa6e4f05689161cb8a8046f,f8ca74161b210ddf496db832c5c90dd3b7227da4e5c7bf1f29bb77f7b8986ec4,anoncred-0036/runtime-trace.jsonl,df71c44a05e4a0699aaecf200f4b24f31462fe0db628951332923acfd4c4d7ac,anoncred-0036/raw.log,c7374da4f402c9654c597717e4eba19011c245273f70ac212ebfdca4752d2a2b,warmup,S4.1-anoncred-component,C_ANONCRED,0,1,none,"[""sha256:789d134105f6b040bb6c7a7b278b09e6fcdcbe55501f5be5f037046f90596cef""]",true,true,false,true,false,false,false,false,false,true,0,408.269933,prove,3193,3296,,
559e0bb531b3e4330c532e624d546d616c7849eb,a5463a90b3c1b48813560e77a89b438c2cc33d8d57c23bed868a6ca72b05a218,sha256:789d134105f6b040bb6c7a7b278b09e6fcdcbe55501f5be5f037046f90596cef,e5e4ec199eb709e456588807df0c03443fe175c2f5ba00ff7987dd78f2de279f,SAIB-RETF/2,credx-bbs-bls12-381-real,none,ca57a71d52244c7519483049ef2385f072f05ca69ea7e3cde06c31f37294f866,true,s4.1-component-anoncred,s4.1-anoncred-prove-02,s4.1-anoncred-0037,s4.1-anoncred-request-0037,104855af6789791163cc46e2229b083d41c0f5b1184e8b29e9e2a3d5130c9700,0aa4d4415865a443127f71fbaec90b02749460d5b1eaa7f2e26144ee64f6fbb9,1,1,1,0b4ac0c7857d736ac604d70743754521295b55fa66402d210df7eef6f0490c3e,8a0dd5c68bd10aa254e8281861349d6a28066634881874a5ef81f2c4c7023ae3,anoncred-0037/runtime-trace.jsonl,1a89be9d1e5abc12ecaf290f3b9391ce9601770b8a558a91b78687c727aea5d1,anoncred-0037/raw.log,c7374da4f402c9654c597717e4eba19011c245273f70ac212ebfdca4752d2a2b,warmup,S4.1-anoncred-component,C_ANONCRED,0,1,none,"[""sha256:789d134105f6b040bb6c7a7b278b09e6fcdcbe55501f5be5f037046f90596cef""]",true,true,false,true,false,false,false,false,false,true,0,396.923282,prove,3193,3296,,
559e0bb531b3e4330c532e624d546d616c7849eb,a5463a90b3c1b48813560e77a89b438c2cc33d8d57c23bed868a6ca72b05a218,sha256:789d134105f6b040bb6c7a7b278b09e6fcdcbe55501f5be5f037046f90596cef,e5e4ec199eb709e456588807df0c03443fe175c2f5ba00ff7987dd78f2de279f,SAIB-RETF/2,credx-bbs-bls12-381-real,none,ca57a71d52244c7519483049ef2385f072f05ca69ea7e3cde06c31f37294f866,true,s4.1-component-anoncred,s4.1-anoncred-prove-03,s4.1-anoncred-0038,s4.1-anoncred-request-0038,e30b6e5f735b03aa384175dbe4191447397040b1490e26e8b7141c3fd0e64012,5e9dd44754b23f6115508fc4da9db3d0a3e2c7af59ab8e6a1e6d2201ef883291,1,1,1,f7c975dca6adfa43e43a6f5c0f59897d8263dd392d8c877622363df740c0dd8e,ec421ca3eca8b2a72b892df329eb9cd2f67e1354164dd1b6ad9e9a2a642368a2,anoncred-0038/runtime-trace.jsonl,6921565b9d763dcb8fa92d665059ace8deb1f73407b92dbb20aaa62f7a552e31,anoncred-0038/raw.log,c7374da4f402c9654c597717e4eba19011c245273f70ac212ebfdca4752d2a2b,warmup,S4.1-anoncred-component,C_ANONCRED,0,1,none,"[""sha256:789d134105f6b040bb6c7a7b278b09e6fcdcbe55501f5be5f037046f90596cef""]",true,true,false,true,false,false,false,false,false,true,0,409.306013,prove,3193,3296,,
559e0bb531b3e4330c532e624d546d616c7849eb,a5463a90b3c1b48813560e77a89b438c2cc33d8d57c23bed868a6ca72b05a218,sha256:789d134105f6b040bb6c7a7b278b09e6fcdcbe55501f5be5f037046f90596cef,e5e4ec199eb709e456588807df0c03443fe175c2f5ba00ff7987dd78f2de279f,SAIB-RETF/2,credx-bbs-bls12-381-real,none,ca57a71d52244c7519483049ef2385f072f05ca69ea7e3cde06c31f37294f866,true,s4.1-component-anoncred,s4.1-anoncred-prove-04,s4.1-anoncred-0039,s4.1-anoncred-request-0039,d7138a197556bc77e845b15879b520682be9a2d5bb8a28c7060abe324f3b3a43,3d2bc07c3415426b588527a11674f194fd13f76088373a597ddf83db693e75f1,1,1,1,49f56994dd0951917611cb16af47613c9062111a3078c409c66803b848ebcf68,e1d377793fcd7dee0d7e5a6d2aaa6103f63efdd05a057d4884be75511e0a03a7,anoncred-0039/runtime-trace.jsonl,5832a06a6b61ccd74cd4134319e9d9640e7e4b4c2a58d6a1d0510709deab8ff4,anoncred-0039/raw.log,c7374da4f402c9654c597717e4eba19011c245273f70ac212ebfdca4752d2a2b,warmup,S4.1-anoncred-component,C_ANONCRED,0,1,none,"[""sha256:789d134105f6b040bb6c7a7b278b09e6fcdcbe55501f5be5f037046f90596cef""]",true,true,false,true,false,false,false,false,false,true,0,394.212507,prove,3193,3296,,
559e0bb531b3e4330c532e624d546d616c7849eb,a5463a90b3c1b48813560e77a89b438c2cc33d8d57c23bed868a6ca72b05a218,sha256:789d134105f6b040bb6c7a7b278b09e6fcdcbe55501f5be5f037046f90596cef,e5e4ec199eb709e456588807df0c03443fe175c2f5ba00ff7987dd78f2de279f,SAIB-RETF/2,credx-bbs-bls12-381-real,none,ca57a71d52244c7519483049ef2385f072f05ca69ea7e3cde06c31f37294f866,true,s4.1-component-anoncred,s4.1-anoncred-prove-05,s4.1-anoncred-0040,s4.1-anoncred-request-0040,0f9dea96d54db696ffbc56861879dbb619b56425d70e112899e559458bbcfd7e,e486db82d6864b73e9ac66f38dc2e88253bcd5bca428e5f4f40d79b6faff50ac,1,1,1,035fab950f385aa045a1b03b270a8fc1ff65b1a70f218ffd6bddbe1ed1235a71,f4cb89548749fd5b7ae79ac9323224307f30f3fc50e95a86d3b4dafe1b18e466,anoncred-0040/runtime-trace.jsonl,2169130fe761680f446741a299cb867292102b4dabc1908e6ce99e9b6d4a3091,anoncred-0040/raw.log,c7374da4f402c9654c597717e4eba19011c245273f70ac212ebfdca4752d2a2b,measured,S4.1-anoncred-component,C_ANONCRED,0,1,none,"[""sha256:789d134105f6b040bb6c7a7b278b09e6fcdcbe55501f5be5f037046f90596cef""]",true,true,false,true,false,false,false,false,false,true,0,400.15300399999995,prove,3193,3296,,
559e0bb531b3e4330c532e624d546d616c7849eb,a5463a90b3c1b48813560e77a89b438c2cc33d8d57c23bed868a6ca72b05a218,sha256:789d134105f6b040bb6c7a7b278b09e6fcdcbe55501f5be5f037046f90596cef,e5e4ec199eb709e456588807df0c03443fe175c2f5ba00ff7987dd78f2de279f,SAIB-RETF/2,credx-bbs-bls12-381-real,none,ca57a71d52244c7519483049ef2385f072f05ca69ea7e3cde06c31f37294f866,true,s4.1-component-anoncred,s4.1-anoncred-prove-06,s4.1-anoncred-0041,s4.1-anoncred-request-0041,b817f5ffff13977b54353bf7069e7eb44bf4a9a471ca02182f9f8678c105c625,ea732a25d74d9d3b40786b39103d74368ceab98582adbb51ab75c627397e9329,1,1,1,a1ead5c7deba0a24af62d9a70776821543123f86409bc7e9d7de59d065b49dba,9d39c23fcfc5a62b03c84528f9d74f0d733f97786aedac911535e8d6273e7cd6,anoncred-0041/runtime-trace.jsonl,0a1dc938103037f66580e18db4a38bab18d81af0b6d23f193f37e4af3e4f0c40,anoncred-0041/raw.log,c7374da4f402c9654c597717e4eba19011c245273f70ac212ebfdca4752d2a2b,measured,S4.1-anoncred-component,C_ANONCRED,0,1,none,"[""sha256:789d134105f6b040bb6c7a7b278b09e6fcdcbe55501f5be5f037046f90596cef""]",true,true,false,true,false,false,false,false,false,true,0,397.800671,prove,3193,3296,,
559e0bb531b3e4330c532e624d546d616c7849eb,a5463a90b3c1b48813560e77a89b438c2cc33d8d57c23bed868a6ca72b05a218,sha256:789d134105f6b040bb6c7a7b278b09e6fcdcbe55501f5be5f037046f90596cef,e5e4ec199eb709e456588807df0c03443fe175c2f5ba00ff7987dd78f2de279f,SAIB-RETF/2,credx-bbs-bls12-381-real,none,ca57a71d52244c7519483049ef2385f072f05ca69ea7e3cde06c31f37294f866,true,s4.1-component-anoncred,s4.1-anoncred-prove-07,s4.1-anoncred-0042,s4.1-anoncred-request-0042,0aae236d8e81ce0f207aff0909fd930ccdfd998e9f82d135f181fca3738754ad,a5c7660845b787071421de300e22077933639efb89472a3e256dc64cfbf8536a,1,1,1,6dd6b2e528b9134dbc83612d808e2c7b5901df8e0e3c2cef76c356c7db3116d6,844b5c9b200662c18a1f70daf3ef6d0d5a5422533a58558c40c68bd18470c919,anoncred-0042/runtime-trace.jsonl,befd27b64bf61a02ac3ebcafb75a797f3f19f44ccf9e1adcdb4a9f103703e39f,anoncred-0042/raw.log,c7374da4f402c9654c597717e4eba19011c245273f70ac212ebfdca4752d2a2b,measured,S4.1-anoncred-component,C_ANONCRED,0,1,none,"[""sha256:789d134105f6b040bb6c7a7b278b09e6fcdcbe55501f5be5f037046f90596cef""]",true,true,false,true,false,false,false,false,false,true,0,395.919447,prove,3193,3296,,
559e0bb531b3e4330c532e624d546d616c7849eb,a5463a90b3c1b48813560e77a89b438c2cc33d8d57c23bed868a6ca72b05a218,sha256:789d134105f6b040bb6c7a7b278b09e6fcdcbe55501f5be5f037046f90596cef,e5e4ec199eb709e456588807df0c03443fe175c2f5ba00ff7987dd78f2de279f,SAIB-RETF/2,credx-bbs-bls12-381-real,none,ca57a71d52244c7519483049ef2385f072f05ca69ea7e3cde06c31f37294f866,true,s4.1-component-anoncred,s4.1-anoncred-prove-08,s4.1-anoncred-0043,s4.1-anoncred-request-0043,ac3b14df428b78c3025e2686743186a3b42721daf6e76c6a4f837c88853ae1a5,4ef64e96f164aff3d329d21d984c7ae64c322c88ee21afaac152baa619a1e89d,1,1,1,270c46cbf2d10ee9b5817e2ba7082ec78cd92ae65e6f50a3e77e59f495108beb,8c0c4bc618fe56e609d921b4d5968fdb34e14589ca2bc3d536588c04de3ad2e8,anoncred-0043/runtime-trace.jsonl,620814cda994ce2fea414d67441f437d248b8d9193036055723de0c0f2753f6a,anoncred-0043/raw.log,c7374da4f402c9654c597717e4eba19011c245273f70ac212ebfdca4752d2a2b,measured,S4.1-anoncred-component,C_ANONCRED,0,1,none,"[""sha256:789d134105f6b040bb6c7a7b278b09e6fcdcbe55501f5be5f037046f90596cef""]",true,true,false,true,false,false,false,false,false,true,0,389.76853,prove,3193,3296,,
559e0bb531b3e4330c532e624d546d616c7849eb,a5463a90b3c1b48813560e77a89b438c2cc33d8d57c23bed868a6ca72b05a218,sha256:789d134105f6b040bb6c7a7b278b09e6fcdcbe55501f5be5f037046f90596cef,e5e4ec199eb709e456588807df0c03443fe175c2f5ba00ff7987dd78f2de279f,SAIB-RETF/2,credx-bbs-bls12-381-real,none,ca57a71d52244c7519483049ef2385f072f05ca69ea7e3cde06c31f37294f866,true,s4.1-component-anoncred,s4.1-anoncred-prove-09,s4.1-anoncred-0044,s4.1-anoncred-request-0044,41c967ae5ca5edb8896f87f25dc65717df2af4fd0624a275b44cee91fb5f9c45,2d3ea6afc671250cf38c78348c56235b578d42020e580f88717cd35ec06cddb2,1,1,1,8eb43024e80265990cb717a7a16941ebcc06392a7e3985020666da05f739fb1f,6852efee6eee6e8c0e23df0da307ce90c4a5b550c9e83fd1857830df8c46d053,anoncred-0044/runtime-trace.jsonl,684a780aca78b9a1164b3337dee344356cc73997441555b72fa03a574fcf2c87,anoncred-0044/raw.log,c7374da4f402c9654c597717e4eba19011c245273f70ac212ebfdca4752d2a2b,measured,S4.1-anoncred-component,C_ANONCRED,0,1,none,"[""sha256:789d134105f6b040bb6c7a7b278b09e6fcdcbe55501f5be5f037046f90596cef""]",true,true,false,true,false,false,false,false,false,true,0,397.385982,prove,3193,3296,,
559e0bb531b3e4330c532e624d546d616c7849eb,a5463a90b3c1b48813560e77a89b438c2cc33d8d57c23bed868a6ca72b05a218,sha256:789d134105f6b040bb6c7a7b278b09e6fcdcbe55501f5be5f037046f90596cef,e5e4ec199eb709e456588807df0c03443fe175c2f5ba00ff7987dd78f2de279f,SAIB-RETF/2,credx-bbs-bls12-381-real,none,ca57a71d52244c7519483049ef2385f072f05ca69ea7e3cde06c31f37294f866,true,s4.1-component-anoncred,s4.1-anoncred-prove-10,s4.1-anoncred-0045,s4.1-anoncred-request-0045,3b2346b2da33e01acaa6f81fb1ef1d97ba9705108bea6e259b27d02ed4b8592b,b1bcc49e1855266e387f586394e5a3241f524836bb4ddd5ece8787953199202c,1,1,1,cd910991f35a8c4671864682ec0720d03b0f29fa073af42dcb4ba74fefe09ced,205b57e8feccbdc98a61f14bf4ac8ce12e154f4359a16cf6ba9df9369e267e6c,anoncred-0045/runtime-trace.jsonl,8e92fe3bc97552a634b189a01870558cc133d5bfeebe3da88566739513721dbb,anoncred-0045/raw.log,c7374da4f402c9654c597717e4eba19011c245273f70ac212ebfdca4752d2a2b,measured,S4.1-anoncred-component,C_ANONCRED,0,1,none,"[""sha256:789d134105f6b040bb6c7a7b278b09e6fcdcbe55501f5be5f037046f90596cef""]",true,true,false,true,false,false,false,false,false,true,0,411.442166,prove,3194,3296,,
559e0bb531b3e4330c532e624d546d616c7849eb,a5463a90b3c1b48813560e77a89b438c2cc33d8d57c23bed868a6ca72b05a218,sha256:789d134105f6b040bb6c7a7b278b09e6fcdcbe55501f5be5f037046f90596cef,e5e4ec199eb709e456588807df0c03443fe175c2f5ba00ff7987dd78f2de279f,SAIB-RETF/2,credx-bbs-bls12-381-real,none,ca57a71d52244c7519483049ef2385f072f05ca69ea7e3cde06c31f37294f866,true,s4.1-component-anoncred,s4.1-anoncred-prove-11,s4.1-anoncred-0046,s4.1-anoncred-request-0046,2d270bfdca8146faea2beee2d25dadeabb2e65ba7af3b6e295be3412fbbb150b,83da4b95125bed37a69e7acbfbf96cbb504e19188a359c4166570b91b3851913,1,1,1,1823cf41ad2519035074fe67ece48780332c808a7c32a9106c2d8d8010de00ae,9c3b559d90b2c985821447efd26f1a6dbce31861e2c4562f24ed6cebe4e38d75,anoncred-0046/runtime-trace.jsonl,3b149fd4534f4884f83b042dc4405667e88ba7432fe6a5c986eb8a58679ca347,anoncred-0046/raw.log,c7374da4f402c9654c597717e4eba19011c245273f70ac212ebfdca4752d2a2b,measured,S4.1-anoncred-component,C_ANONCRED,0,1,none,"[""sha256:789d134105f6b040bb6c7a7b278b09e6fcdcbe55501f5be5f037046f90596cef""]",true,true,false,true,false,false,false,false,false,true,0,403.54382100000004,prove,3194,3296,,
559e0bb531b3e4330c532e624d546d616c7849eb,a5463a90b3c1b48813560e77a89b438c2cc33d8d57c23bed868a6ca72b05a218,sha256:789d134105f6b040bb6c7a7b278b09e6fcdcbe55501f5be5f037046f90596cef,e5e4ec199eb709e456588807df0c03443fe175c2f5ba00ff7987dd78f2de279f,SAIB-RETF/2,credx-bbs-bls12-381-real,none,ca57a71d52244c7519483049ef2385f072f05ca69ea7e3cde06c31f37294f866,true,s4.1-component-anoncred,s4.1-anoncred-prove-12,s4.1-anoncred-0047,s4.1-anoncred-request-0047,2eec5266d6ec1cb6617a9a2e654920e693133c9d04215ca1baba6b2385d7641f,709f0c9c6251198edf176db340c42b2519ce22f71ff8be1994ce8862af544d40,1,1,1,a763ee482c0a6c6793657547aa40fb010ec221ab18a793da3385f1123c39fce7,d1400a4b3da9064191fc0051af87606b4c500a850117946120e7273e7520ac7c,anoncred-0047/runtime-trace.jsonl,9688ca3613b2d2db49124a14e5d805537476c70ed7752dd3d3f3bc3679277b3b,anoncred-0047/raw.log,c7374da4f402c9654c597717e4eba19011c245273f70ac212ebfdca4752d2a2b,measured,S4.1-anoncred-component,C_ANONCRED,0,1,none,"[""sha256:789d134105f6b040bb6c7a7b278b09e6fcdcbe55501f5be5f037046f90596cef""]",true,true,false,true,false,false,false,false,false,true,0,433.13971699999996,prove,3194,3296,,
559e0bb531b3e4330c532e624d546d616c7849eb,a5463a90b3c1b48813560e77a89b438c2cc33d8d57c23bed868a6ca72b05a218,sha256:789d134105f6b040bb6c7a7b278b09e6fcdcbe55501f5be5f037046f90596cef,e5e4ec199eb709e456588807df0c03443fe175c2f5ba00ff7987dd78f2de279f,SAIB-RETF/2,credx-bbs-bls12-381-real,none,ca57a71d52244c7519483049ef2385f072f05ca69ea7e3cde06c31f37294f866,true,s4.1-component-anoncred,s4.1-anoncred-prove-13,s4.1-anoncred-0048,s4.1-anoncred-request-0048,7aa042d9277683312100707e52ecac1e325f625eea4d6330e5bd4e0792d7ac73,a02ec0b98e0dee230c3a0564415078c2116f42d630cf198a8ba5089f308cc9b7,1,1,1,2194ee41613b0fa7f78168862689b7fa50cd3b7f7bed65d61a730e044f655f43,c1fc9c1375612a9e2f4d3b070dc33aed4fef0611fd626608dab8ff5630cbd891,anoncred-0048/runtime-trace.jsonl,fe6e02c67c2c043f23a16bd2f95a095861f8482900a69a94e3a30572e6375c6c,anoncred-0048/raw.log,c7374da4f402c9654c597717e4eba19011c245273f70ac212ebfdca4752d2a2b,measured,S4.1-anoncred-component,C_ANONCRED,0,1,none,"[""sha256:789d134105f6b040bb6c7a7b278b09e6fcdcbe55501f5be5f037046f90596cef""]",true,true,false,true,false,false,false,false,false,true,0,416.935004,prove,3194,3296,,
559e0bb531b3e4330c532e624d546d616c7849eb,a5463a90b3c1b48813560e77a89b438c2cc33d8d57c23bed868a6ca72b05a218,sha256:789d134105f6b040bb6c7a7b278b09e6fcdcbe55501f5be5f037046f90596cef,e5e4ec199eb709e456588807df0c03443fe175c2f5ba00ff7987dd78f2de279f,SAIB-RETF/2,credx-bbs-bls12-381-real,none,ca57a71d52244c7519483049ef2385f072f05ca69ea7e3cde06c31f37294f866,true,s4.1-component-anoncred,s4.1-anoncred-prove-14,s4.1-anoncred-0049,s4.1-anoncred-request-0049,66d740fe2df40c93cc7c20960154f26ca6cb8f934dc2385662a83a3e1070411b,f70a8f2fb7ae0cb734efc4bd596be0bfcd63dc70f649590baf22b0c8fc5261ff,1,1,1,ff789d6808f4093eb0f67b9a6dd70d1e62b9d9bc9fca86fd90b7bd57389164a3,21305e0778975f9d7e7173c02f02378420c2b000eb4c5dd600902a7b8c930dc7,anoncred-0049/runtime-trace.jsonl,62398eae785178ef51dcf7b3ef60d61a9623e89de1b30589c7f0c8fd1f667af6,anoncred-0049/raw.log,c7374da4f402c9654c597717e4eba19011c245273f70ac212ebfdca4752d2a2b,measured,S4.1-anoncred-component,C_ANONCRED,0,1,none,"[""sha256:789d134105f6b040bb6c7a7b278b09e6fcdcbe55501f5be5f037046f90596cef""]",true,true,false,true,false,false,false,false,false,true,0,430.271256,prove,3194,3296,,
559e0bb531b3e4330c532e624d546d616c7849eb,a5463a90b3c1b48813560e77a89b438c2cc33d8d57c23bed868a6ca72b05a218,sha256:789d134105f6b040bb6c7a7b278b09e6fcdcbe55501f5be5f037046f90596cef,e5e4ec199eb709e456588807df0c03443fe175c2f5ba00ff7987dd78f2de279f,SAIB-RETF/2,credx-bbs-bls12-381-real,none,ca57a71d52244c7519483049ef2385f072f05ca69ea7e3cde06c31f37294f866,true,s4.1-component-anoncred,s4.1-anoncred-prove-15,s4.1-anoncred-0050,s4.1-anoncred-request-0050,25bede46538a85b8846946833432fbf97d7489aa730f21ce297cf8cb231f4739,e2ef4caad30c1618520bcfeeef1929f5145d2fedbd7bf90b89f7f99f18f9ff22,1,1,1,f931aaf57c466d1c3be5dc0688d21c6dcf991b5e42f60829ce0bf9d496562660,5452541f3a659d50741d601fdde0eb3cb84db17a7fbc55a4bcb8aa59d1bb9a93,anoncred-0050/runtime-trace.jsonl,70c7009d72a8e772be9601b2054b428e17e89bb50e6368a07baf4ef6c73715b7,anoncred-0050/raw.log,c7374da4f402c9654c597717e4eba19011c245273f70ac212ebfdca4752d2a2b,measured,S4.1-anoncred-component,C_ANONCRED,0,1,none,"[""sha256:789d134105f6b040bb6c7a7b278b09e6fcdcbe55501f5be5f037046f90596cef""]",true,true,false,true,false,false,false,false,false,true,0,405.303606,prove,3194,3296,,
559e0bb531b3e4330c532e624d546d616c7849eb,a5463a90b3c1b48813560e77a89b438c2cc33d8d57c23bed868a6ca72b05a218,sha256:789d134105f6b040bb6c7a7b278b09e6fcdcbe55501f5be5f037046f90596cef,e5e4ec199eb709e456588807df0c03443fe175c2f5ba00ff7987dd78f2de279f,SAIB-RETF/2,credx-bbs-bls12-381-real,none,ca57a71d52244c7519483049ef2385f072f05ca69ea7e3cde06c31f37294f866,true,s4.1-component-anoncred,s4.1-anoncred-prove-16,s4.1-anoncred-0051,s4.1-anoncred-request-0051,6099ece1495abeedc7b4a5cedbec3cba4837d4da2a1d819ea5896fc8b9c8456d,8db1e040066ee065ac59ffe03d9b131c57fcf8a1b9a1c08c5355a9a0c2a4f58b,1,1,1,7f34d60015e8cd4307dae626d9e2c97ef75f5b7140fb35a056e0bbc0955b6a84,71b489f2750a80d701ada4ec0f30eb602f6f09548404d8471716a12eac8e7751,anoncred-0051/runtime-trace.jsonl,fdc3535fc57d04051ae4dd0ff7c8ae23ce45030d3735eeffcc5073512c6842b3,anoncred-0051/raw.log,c7374da4f402c9654c597717e4eba19011c245273f70ac212ebfdca4752d2a2b,measured,S4.1-anoncred-component,C_ANONCRED,0,1,none,"[""sha256:789d134105f6b040bb6c7a7b278b09e6fcdcbe55501f5be5f037046f90596cef""]",true,true,false,true,false,false,false,false,false,true,0,402.652218,prove,3194,3296,,
559e0bb531b3e4330c532e624d546d616c7849eb,a5463a90b3c1b48813560e77a89b438c2cc33d8d57c23bed868a6ca72b05a218,sha256:789d134105f6b040bb6c7a7b278b09e6fcdcbe55501f5be5f037046f90596cef,e5e4ec199eb709e456588807df0c03443fe175c2f5ba00ff7987dd78f2de279f,SAIB-RETF/2,credx-bbs-bls12-381-real,none,ca57a71d52244c7519483049ef2385f072f05ca69ea7e3cde06c31f37294f866,true,s4.1-component-anoncred,s4.1-anoncred-prove-17,s4.1-anoncred-0052,s4.1-anoncred-request-0052,516167ef2e165bcf850c2c958047eb1104beaff417852b79642d33432b66d5ea,0d1802ae5143a3690a4ca8dd500a8ccc6a3016d8376389ea7a58a54c97490189,1,1,1,9b798f74a3be2b755a07de9648e671257b535d007ef98706948c49d4371abb17,e29b287ab8b58aca15b52e1096e7e2c2208b732ab859f7449fe81b5ad4b1561d,anoncred-0052/runtime-trace.jsonl,8ab7128ce8576bcb31ccfa6cab88f138e8da79e952092e197748c94269c7b3f4,anoncred-0052/raw.log,c7374da4f402c9654c597717e4eba19011c245273f70ac212ebfdca4752d2a2b,measured,S4.1-anoncred-component,C_ANONCRED,0,1,none,"[""sha256:789d134105f6b040bb6c7a7b278b09e6fcdcbe55501f5be5f037046f90596cef""]",true,true,false,true,false,false,false,false,false,true,0,411.018709,prove,3194,3296,,
559e0bb531b3e4330c532e624d546d616c7849eb,a5463a90b3c1b48813560e77a89b438c2cc33d8d57c23bed868a6ca72b05a218,sha256:789d134105f6b040bb6c7a7b278b09e6fcdcbe55501f5be5f037046f90596cef,e5e4ec199eb709e456588807df0c03443fe175c2f5ba00ff7987dd78f2de279f,SAIB-RETF/2,credx-bbs-bls12-381-real,none,ca57a71d52244c7519483049ef2385f072f05ca69ea7e3cde06c31f37294f866,true,s4.1-component-anoncred,s4.1-anoncred-prove-18,s4.1-anoncred-0053,s4.1-anoncred-request-0053,7a8e80955fa2eaec06c61763d98a98f0414f048ca28901c81bb7a725a190e311,ed6d7e30a7365567fc1e8b04097ce32a089eba7ae037a8837128cd1e24622a1b,1,1,1,ad86731cd33073c265d8fb1168645acf60e1719f238600034870f7b78268cbea,60fd4ddb9c99972bd2c0c677e6622504cb28c609dcb064843d157fb619e74a08,anoncred-0053/runtime-trace.jsonl,a0364ab703b4b67ad546d5d14be1d63333061e5a7f2b3612fd851d2c194e4f8d,anoncred-0053/raw.log,c7374da4f402c9654c597717e4eba19011c245273f70ac212ebfdca4752d2a2b,measured,S4.1-anoncred-component,C_ANONCRED,0,1,none,"[""sha256:789d134105f6b040bb6c7a7b278b09e6fcdcbe55501f5be5f037046f90596cef""]",true,true,false,true,false,false,false,false,false,true,0,420.972401,prove,3194,3296,,
559e0bb531b3e4330c532e624d546d616c7849eb,a5463a90b3c1b48813560e77a89b438c2cc33d8d57c23bed868a6ca72b05a218,sha256:789d134105f6b040bb6c7a7b278b09e6fcdcbe55501f5be5f037046f90596cef,e5e4ec199eb709e456588807df0c03443fe175c2f5ba00ff7987dd78f2de279f,SAIB-RETF/2,credx-bbs-bls12-381-real,none,ca57a71d52244c7519483049ef2385f072f05ca69ea7e3cde06c31f37294f866,true,s4.1-component-anoncred,s4.1-anoncred-prove-19,s4.1-anoncred-0054,s4.1-anoncred-request-0054,4a0a91934c623131bc1ad3ab3baf98d66e83b2358028ccb7c7726f85d641ff32,84bce2a3f931d7b0d67c88dd779253c0d86ae7110ae08e0ea02a10dae88ffafd,1,1,1,85b528b23cb4cf43122e790a9f5211107071a1f71f1fec5b7a5c0bfbad566f4f,35b3c4aab2753a634bba64aec0c47a7dd337d6854782f7491a161e0771e290da,anoncred-0054/runtime-trace.jsonl,b5e720b1317045121e3281ffe089c19ad11a345835c9ef065355f83b743d8b68,anoncred-0054/raw.log,c7374da4f402c9654c597717e4eba19011c245273f70ac212ebfdca4752d2a2b,measured,S4.1-anoncred-component,C_ANONCRED,0,1,none,"[""sha256:789d134105f6b040bb6c7a7b278b09e6fcdcbe55501f5be5f037046f90596cef""]",true,true,false,true,false,false,false,false,false,true,0,410.389875,prove,3194,3296,,
559e0bb531b3e4330c532e624d546d616c7849eb,a5463a90b3c1b48813560e77a89b438c2cc33d8d57c23bed868a6ca72b05a218,sha256:789d134105f6b040bb6c7a7b278b09e6fcdcbe55501f5be5f037046f90596cef,e5e4ec199eb709e456588807df0c03443fe175c2f5ba00ff7987dd78f2de279f,SAIB-RETF/2,credx-bbs-bls12-381-real,none,ca57a71d52244c7519483049ef2385f072f05ca69ea7e3cde06c31f37294f866,true,s4.1-component-anoncred,s4.1-anoncred-prove-20,s4.1-anoncred-0055,s4.1-anoncred-request-0055,b13e108a48600019a44dd5f32ef17a9c8f2c0771aae84a6d15ffe9cccde89ca4,adc5499c03199cf1f073bdb738ce910a9f74bfd7221e08cfc63915a9493fb245,1,1,1,b3c34e5888288eb2f02d8133ad25518bd5c0b4aa412101dc538539646b583375,bc3e4ea2eb9381c0f3db52884484c0b9f1e23f086b953b27586de6bc9453b43c,anoncred-0055/runtime-trace.jsonl,81bfa9ed755903c7df48fb871a8b0fcab861f056b51037aa3914491516fae8ef,anoncred-0055/raw.log,c7374da4f402c9654c597717e4eba19011c245273f70ac212ebfdca4752d2a2b,measured,S4.1-anoncred-component,C_ANONCRED,0,1,none,"[""sha256:789d134105f6b040bb6c7a7b278b09e6fcdcbe55501f5be5f037046f90596cef""]",true,true,false,true,false,false,false,false,false,true,0,429.470167,prove,3194,3296,,
559e0bb531b3e4330c532e624d546d616c7849eb,a5463a90b3c1b48813560e77a89b438c2cc33d8d57c23bed868a6ca72b05a218,sha256:789d134105f6b040bb6c7a7b278b09e6fcdcbe55501f5be5f037046f90596cef,e5e4ec199eb709e456588807df0c03443fe175c2f5ba00ff7987dd78f2de279f,SAIB-RETF/2,credx-bbs-bls12-381-real,none,ca57a71d52244c7519483049ef2385f072f05ca69ea7e3cde06c31f37294f866,true,s4.1-component-anoncred,s4.1-anoncred-prove-21,s4.1-anoncred-0056,s4.1-anoncred-request-0056,2b9da88ada807bd3c3e2ec4e1b2af2473bdd467be167c4730f4e79a297a9aeed,971724d1f559fa2e1a58127935699c469ded25398f8b41467434d791f1e25913,1,1,1,6c8cac52fcc9e57909fd224c3c845d0637669fdb9b525f70d5917f034551b3e3,7854cbf6e9313a99627cdc4b41b2912e59db1d0fa7f50c582f6a31ef1262f8d8,anoncred-0056/runtime-trace.jsonl,690ae83042c479901865b89f25da0794130d7f7165899a39a7b2e8c525df44b5,anoncred-0056/raw.log,c7374da4f402c9654c597717e4eba19011c245273f70ac212ebfdca4752d2a2b,measured,S4.1-anoncred-component,C_ANONCRED,0,1,none,"[""sha256:789d134105f6b040bb6c7a7b278b09e6fcdcbe55501f5be5f037046f90596cef""]",true,true,false,true,false,false,false,false,false,true,0,392.49246500000004,prove,3194,3296,,
559e0bb531b3e4330c532e624d546d616c7849eb,a5463a90b3c1b48813560e77a89b438c2cc33d8d57c23bed868a6ca72b05a218,sha256:789d134105f6b040bb6c7a7b278b09e6fcdcbe55501f5be5f037046f90596cef,e5e4ec199eb709e456588807df0c03443fe175c2f5ba00ff7987dd78f2de279f,SAIB-RETF/2,credx-bbs-bls12-381-real,none,ca57a71d52244c7519483049ef2385f072f05ca69ea7e3cde06c31f37294f866,true,s4.1-component-anoncred,s4.1-anoncred-prove-22,s4.1-anoncred-0057,s4.1-anoncred-request-0057,c3675d78034ab4eed57a3e9312055a61c7be5911dca755da831d9d18b1f82bfb,2529282d1520a9386d4be086bb80162dbfbad4b3d1bbc3778edafcaa40880bee,1,1,1,1e7f8cbf6d17e1d29c09ac1721770220b25e64a5bf220ff0495e6a82a4aa3844,3326de191346dfcdfb47c536a0c17d2929d1bcfbbc7669f3761440c2c90d2885,anoncred-0057/runtime-trace.jsonl,18ccf3b4e93a3ffaa0f1e42db47fafdd206c0707b44bc0ab19c8462c6047c3e1,anoncred-0057/raw.log,c7374da4f402c9654c597717e4eba19011c245273f70ac212ebfdca4752d2a2b,measured,S4.1-anoncred-component,C_ANONCRED,0,1,none,"[""sha256:789d134105f6b040bb6c7a7b278b09e6fcdcbe55501f5be5f037046f90596cef""]",true,true,false,true,false,false,false,false,false,true,0,409.27049700000003,prove,3194,3296,,
559e0bb531b3e4330c532e624d546d616c7849eb,a5463a90b3c1b48813560e77a89b438c2cc33d8d57c23bed868a6ca72b05a218,sha256:789d134105f6b040bb6c7a7b278b09e6fcdcbe55501f5be5f037046f90596cef,e5e4ec199eb709e456588807df0c03443fe175c2f5ba00ff7987dd78f2de279f,SAIB-RETF/2,credx-bbs-bls12-381-real,none,ca57a71d52244c7519483049ef2385f072f05ca69ea7e3cde06c31f37294f866,true,s4.1-component-anoncred,s4.1-anoncred-prove-23,s4.1-anoncred-0058,s4.1-anoncred-request-0058,66d3abc46fb830998748600ce116fa18929ecf004e7fa976f2e95b8360a2315e,2b50cf51afba65fc3787d8cceeb8c0b6321b9eb0231600d71a2cf955fb5cfc97,1,1,1,bebfc5fde102cc472d6d3b269574ee697079987764c966f544eca967b989a9be,58e11da06ac0df0e408b4b617d16e84f2e6d3a24b51fd1e369f6864fbb5c66ac,anoncred-0058/runtime-trace.jsonl,b46031ef56c83f9b9df9563120f4941dcfe7039f3f5e7b4e658ce0739d31c96a,anoncred-0058/raw.log,c7374da4f402c9654c597717e4eba19011c245273f70ac212ebfdca4752d2a2b,measured,S4.1-anoncred-component,C_ANONCRED,0,1,none,"[""sha256:789d134105f6b040bb6c7a7b278b09e6fcdcbe55501f5be5f037046f90596cef""]",true,true,false,true,false,false,false,false,false,true,0,424.002945,prove,3194,3296,,
559e0bb531b3e4330c532e624d546d616c7849eb,a5463a90b3c1b48813560e77a89b438c2cc33d8d57c23bed868a6ca72b05a218,sha256:789d134105f6b040bb6c7a7b278b09e6fcdcbe55501f5be5f037046f90596cef,e5e4ec199eb709e456588807df0c03443fe175c2f5ba00ff7987dd78f2de279f,SAIB-RETF/2,credx-bbs-bls12-381-real,none,ca57a71d52244c7519483049ef2385f072f05ca69ea7e3cde06c31f37294f866,true,s4.1-component-anoncred,s4.1-anoncred-prove-24,s4.1-anoncred-0059,s4.1-anoncred-request-0059,e720ddcbe1d19cbf763a48dbe8f2ba8b399c46111297b5fe93bb841411ef800e,f32de8271368e7ec1bb0d7e7b439f20343fbc0c2f1899f5e382bcc14f0094977,1,1,1,ed94dfe0cba75eca90e789fd200f8159250c91ffa5d2e4d3583dd66d29b0a596,125e2dac33847bfdd0797730baa6dd4676145f7aa7e66c6d984c22859007bb9f,anoncred-0059/runtime-trace.jsonl,0dafa8bb1443810481c12df39c18435bd905c9df48eb2889e6ecd5761e3bc7c9,anoncred-0059/raw.log,c7374da4f402c9654c597717e4eba19011c245273f70ac212ebfdca4752d2a2b,measured,S4.1-anoncred-component,C_ANONCRED,0,1,none,"[""sha256:789d134105f6b040bb6c7a7b278b09e6fcdcbe55501f5be5f037046f90596cef""]",true,true,false,true,false,false,false,false,false,true,0,400.341142,prove,3194,3296,,
559e0bb531b3e4330c532e624d546d616c7849eb,a5463a90b3c1b48813560e77a89b438c2cc33d8d57c23bed868a6ca72b05a218,sha256:789d134105f6b040bb6c7a7b278b09e6fcdcbe55501f5be5f037046f90596cef,e5e4ec199eb709e456588807df0c03443fe175c2f5ba00ff7987dd78f2de279f,SAIB-RETF/2,credx-bbs-bls12-381-real,none,ca57a71d52244c7519483049ef2385f072f05ca69ea7e3cde06c31f37294f866,true,s4.1-component-anoncred,s4.1-anoncred-prove-25,s4.1-anoncred-0060,s4.1-anoncred-request-0060,45e6157939694c9403dc8697082fada6601412ee63b5c2589ada32c6db5a2f25,42c737e84fab0ffbb4f5f8a7f0c81bec8ad75cd5475633006d05902c25000c11,1,1,1,8dc57f55d8c9d67577b5682ba18859d8a0c1c3d13d7d8708b7c856671ba1c7c7,721ce327ea9a68efd463561a4a4ab4ab5beffdc26f00836ddd02a0be1c4fd86c,anoncred-0060/runtime-trace.jsonl,f4ecf503a35308c51cc73ca770de065cbe9c54ade594511beac6b30f4f84c783,anoncred-0060/raw.log,c7374da4f402c9654c597717e4eba19011c245273f70ac212ebfdca4752d2a2b,measured,S4.1-anoncred-component,C_ANONCRED,0,1,none,"[""sha256:789d134105f6b040bb6c7a7b278b09e6fcdcbe55501f5be5f037046f90596cef""]",true,true,false,true,false,false,false,false,false,true,0,422.034304,prove,3194,3296,,
559e0bb531b3e4330c532e624d546d616c7849eb,a5463a90b3c1b48813560e77a89b438c2cc33d8d57c23bed868a6ca72b05a218,sha256:789d134105f6b040bb6c7a7b278b09e6fcdcbe55501f5be5f037046f90596cef,e5e4ec199eb709e456588807df0c03443fe175c2f5ba00ff7987dd78f2de279f,SAIB-RETF/2,credx-bbs-bls12-381-real,none,ca57a71d52244c7519483049ef2385f072f05ca69ea7e3cde06c31f37294f866,true,s4.1-component-anoncred,s4.1-anoncred-prove-26,s4.1-anoncred-0061,s4.1-anoncred-request-0061,995df23653ceb268bec579eb1cb1f9f87cc98a25425798311b1a55f809b1060b,1a1774e1ae55ae9e1a7a188affc1642d6a0b1970b243e190c5446776195f8dd5,1,1,1,d2b15162afc7936e33eaaab6a5c6ab56b4f526c9ee7f7459e00facd0305d8345,932b5e2f3b977a4bdf7ffa3a159ba5f2f67c5e9f701ac5a5c49d345f1655cea2,anoncred-0061/runtime-trace.jsonl,d5cb846b56006a55be79e76ff79665447612704950e41aa1871a1805c32efd00,anoncred-0061/raw.log,c7374da4f402c9654c597717e4eba19011c245273f70ac212ebfdca4752d2a2b,measured,S4.1-anoncred-component,C_ANONCRED,0,1,none,"[""sha256:789d134105f6b040bb6c7a7b278b09e6fcdcbe55501f5be5f037046f90596cef""]",true,true,false,true,false,false,false,false,false,true,0,423.18271899999996,prove,3194,3296,,
559e0bb531b3e4330c532e624d546d616c7849eb,a5463a90b3c1b48813560e77a89b438c2cc33d8d57c23bed868a6ca72b05a218,sha256:789d134105f6b040bb6c7a7b278b09e6fcdcbe55501f5be5f037046f90596cef,e5e4ec199eb709e456588807df0c03443fe175c2f5ba00ff7987dd78f2de279f,SAIB-RETF/2,credx-bbs-bls12-381-real,none,ca57a71d52244c7519483049ef2385f072f05ca69ea7e3cde06c31f37294f866,true,s4.1-component-anoncred,s4.1-anoncred-prove-27,s4.1-anoncred-0062,s4.1-anoncred-request-0062,3690ca0b06c4c1ce6ac97c9affcc95a260dc5315cf9d5e421db9942e11a9ee9b,b69895bfc1a28e079d06b0c1e4b4cf24870423087046589bae8860010c092aae,1,1,1,80c7bb7db2cd528db52098785af079ce77e19af4c83241077b12347643c68973,24c9ace09edd6b3291ba0030095f25532720701d5b4c2f8aea1f1110095f6d7c,anoncred-0062/runtime-trace.jsonl,ec2ec9e866a25e24899065013245bc01deb806f50577e4b4f077d42fbcf32cd6,anoncred-0062/raw.log,c7374da4f402c9654c597717e4eba19011c245273f70ac212ebfdca4752d2a2b,measured,S4.1-anoncred-component,C_ANONCRED,0,1,none,"[""sha256:789d134105f6b040bb6c7a7b278b09e6fcdcbe55501f5be5f037046f90596cef""]",true,true,false,true,false,false,false,false,false,true,0,429.73287300000004,prove,3194,3296,,
559e0bb531b3e4330c532e624d546d616c7849eb,a5463a90b3c1b48813560e77a89b438c2cc33d8d57c23bed868a6ca72b05a218,sha256:789d134105f6b040bb6c7a7b278b09e6fcdcbe55501f5be5f037046f90596cef,e5e4ec199eb709e456588807df0c03443fe175c2f5ba00ff7987dd78f2de279f,SAIB-RETF/2,credx-bbs-bls12-381-real,none,ca57a71d52244c7519483049ef2385f072f05ca69ea7e3cde06c31f37294f866,true,s4.1-component-anoncred,s4.1-anoncred-prove-28,s4.1-anoncred-0063,s4.1-anoncred-request-0063,1c0bddac5828f254c2e40ca9967cfa57ed146997d57a721b689fdd23dff4d364,91c3f7f384b43231cdd5e49b97d84104d819556ce43a2088d5f035a2836a0d00,1,1,1,fbb612af2dbfe659dce94f33bebff70868260b65620efee46c4709396c2ce1df,c11889a23faf8577cb6775e9e2141592a0b45c241ba3ef40ad3b4e46ad853eb9,anoncred-0063/runtime-trace.jsonl,cad1932ac803e12725500f44f8936577651f6ea7603bfdb21c3af115c941614c,anoncred-0063/raw.log,c7374da4f402c9654c597717e4eba19011c245273f70ac212ebfdca4752d2a2b,measured,S4.1-anoncred-component,C_ANONCRED,0,1,none,"[""sha256:789d134105f6b040bb6c7a7b278b09e6fcdcbe55501f5be5f037046f90596cef""]",true,true,false,true,false,false,false,false,false,true,0,458.733774,prove,3194,3296,,
559e0bb531b3e4330c532e624d546d616c7849eb,a5463a90b3c1b48813560e77a89b438c2cc33d8d57c23bed868a6ca72b05a218,sha256:789d134105f6b040bb6c7a7b278b09e6fcdcbe55501f5be5f037046f90596cef,e5e4ec199eb709e456588807df0c03443fe175c2f5ba00ff7987dd78f2de279f,SAIB-RETF/2,credx-bbs-bls12-381-real,none,ca57a71d52244c7519483049ef2385f072f05ca69ea7e3cde06c31f37294f866,true,s4.1-component-anoncred,s4.1-anoncred-prove-29,s4.1-anoncred-0064,s4.1-anoncred-request-0064,4f364daafd6bdef8d5345b32eafa9fb18de7e4e2271e36dc3874ef4ab7f34f5a,3809296033ea01f026ac1d7c6e077aecf540ba0a26dded0a56bf78b1fbcc0e7f,1,1,1,7c4f9391a0ed33210cb60595cc237ecb8c4cf641f3a556829139bfa473c7168a,4d0a61f9499fbf5df671b328ba5cd99907735a6d9873485f7fc48559a9508114,anoncred-0064/runtime-trace.jsonl,f7b658e25bbabcf54a3f333a1f029d51c90000b201b41868a3e6a52d594eb47d,anoncred-0064/raw.log,c7374da4f402c9654c597717e4eba19011c245273f70ac212ebfdca4752d2a2b,measured,S4.1-anoncred-component,C_ANONCRED,0,1,none,"[""sha256:789d134105f6b040bb6c7a7b278b09e6fcdcbe55501f5be5f037046f90596cef""]",true,true,false,true,false,false,false,false,false,true,0,436.058693,prove,3194,3296,,
559e0bb531b3e4330c532e624d546d616c7849eb,a5463a90b3c1b48813560e77a89b438c2cc33d8d57c23bed868a6ca72b05a218,sha256:789d134105f6b040bb6c7a7b278b09e6fcdcbe55501f5be5f037046f90596cef,e5e4ec199eb709e456588807df0c03443fe175c2f5ba00ff7987dd78f2de279f,SAIB-RETF/2,credx-bbs-bls12-381-real,none,ca57a71d52244c7519483049ef2385f072f05ca69ea7e3cde06c31f37294f866,true,s4.1-component-anoncred,s4.1-anoncred-prove-30,s4.1-anoncred-0065,s4.1-anoncred-request-0065,52ae2db3a09a220a136e99b10a69283832ac0c501c2427198500bf44a95aa46d,5ff82a5ce13780dffd5869778182b69c0f2c8506a0bd22270b52eaf0294caa55,1,1,1,fc8de10477fc98e57aa920248048675e786b947de4f9556863c1d79e797e9d5c,45e987220dc4a8cb84e4397e7cc4430a00e728b4b4e29c5aa7ea04a29a6e9a15,anoncred-0065/runtime-trace.jsonl,39f32bbaef740f2a2d7dac96cda5fef75225c1163bd0ab96cfdc998ff95c8bb1,anoncred-0065/raw.log,c7374da4f402c9654c597717e4eba19011c245273f70ac212ebfdca4752d2a2b,measured,S4.1-anoncred-component,C_ANONCRED,0,1,none,"[""sha256:789d134105f6b040bb6c7a7b278b09e6fcdcbe55501f5be5f037046f90596cef""]",true,true,false,true,false,false,false,false,false,true,0,419.27994,prove,3194,3296,,
559e0bb531b3e4330c532e624d546d616c7849eb,a5463a90b3c1b48813560e77a89b438c2cc33d8d57c23bed868a6ca72b05a218,sha256:789d134105f6b040bb6c7a7b278b09e6fcdcbe55501f5be5f037046f90596cef,e5e4ec199eb709e456588807df0c03443fe175c2f5ba00ff7987dd78f2de279f,SAIB-RETF/2,credx-bbs-bls12-381-real,none,ca57a71d52244c7519483049ef2385f072f05ca69ea7e3cde06c31f37294f866,true,s4.1-component-anoncred,s4.1-anoncred-prove-31,s4.1-anoncred-0066,s4.1-anoncred-request-0066,d758bd3d125f315dd70fb9dec665738d0768edc05efc359f90fce448fb5df2b0,e979e096d7b0a04a2179960588bd68f8e5a8cd4157387f2f3dcb2492c2d6d1b9,1,1,1,64dca932c099bff625ee947ab53452451591b0d3dfbd49e15ca9fb92794d89eb,3efd793a35b4f449658914ab63569fe2b8a904708ada59acbf7b5033931580bc,anoncred-0066/runtime-trace.jsonl,8c9ab5f3dc8868c3e4740e1e1502653099c78e7cebb61c285d3ce1b161f356cd,anoncred-0066/raw.log,c7374da4f402c9654c597717e4eba19011c245273f70ac212ebfdca4752d2a2b,measured,S4.1-anoncred-component,C_ANONCRED,0,1,none,"[""sha256:789d134105f6b040bb6c7a7b278b09e6fcdcbe55501f5be5f037046f90596cef""]",true,true,false,true,false,false,false,false,false,true,0,477.58365200000003,prove,3194,3296,,
559e0bb531b3e4330c532e624d546d616c7849eb,a5463a90b3c1b48813560e77a89b438c2cc33d8d57c23bed868a6ca72b05a218,sha256:789d134105f6b040bb6c7a7b278b09e6fcdcbe55501f5be5f037046f90596cef,e5e4ec199eb709e456588807df0c03443fe175c2f5ba00ff7987dd78f2de279f,SAIB-RETF/2,credx-bbs-bls12-381-real,none,ca57a71d52244c7519483049ef2385f072f05ca69ea7e3cde06c31f37294f866,true,s4.1-component-anoncred,s4.1-anoncred-prove-32,s4.1-anoncred-0067,s4.1-anoncred-request-0067,3c62ce19e0490527e8d7c29c02c95d4f6d8d7412bac68ffcebaf0921876849d0,0b6c22b66305cdc7024c235bd41cde65833f09d6fee4d40909ff551f8e49c951,1,1,1,b35aa508645084f2bdefa0f087aefb837d51f60eae2341952c42527b7a1612ef,d24098082c77d96d8b0da49700f95860c8158eef139480dea945df5b2a0875a0,anoncred-0067/runtime-trace.jsonl,fbcff987f1ca0c1b1cc3d97425d7a62668dff77787199459fd6fa12d9368a59c,anoncred-0067/raw.log,c7374da4f402c9654c597717e4eba19011c245273f70ac212ebfdca4752d2a2b,measured,S4.1-anoncred-component,C_ANONCRED,0,1,none,"[""sha256:789d134105f6b040bb6c7a7b278b09e6fcdcbe55501f5be5f037046f90596cef""]",true,true,false,true,false,false,false,false,false,true,0,406.490138,prove,3194,3296,,
559e0bb531b3e4330c532e624d546d616c7849eb,a5463a90b3c1b48813560e77a89b438c2cc33d8d57c23bed868a6ca72b05a218,sha256:789d134105f6b040bb6c7a7b278b09e6fcdcbe55501f5be5f037046f90596cef,e5e4ec199eb709e456588807df0c03443fe175c2f5ba00ff7987dd78f2de279f,SAIB-RETF/2,credx-bbs-bls12-381-real,none,ca57a71d52244c7519483049ef2385f072f05ca69ea7e3cde06c31f37294f866,true,s4.1-component-anoncred,s4.1-anoncred-prove-33,s4.1-anoncred-0068,s4.1-anoncred-request-0068,ee00b48e855538730edfed287e5dc2c8f098177a0021ef10e5b6f9358056556c,a1b485cb7547051a5ae850069d8e16cedafa00bdfed9c2bf8b5dc95b3ac0b8ed,1,1,1,266e983867be941207d80908ff428e6bdfdb5a5c070e1e734e8170dc4f281289,bb37fd33799672058a0640c27adbe9a8900713256db8bf790c8916f85f8c9e50,anoncred-0068/runtime-trace.jsonl,2642e0c9c16e672f367e664b055eef75cf77200fed84d825820267e5269facc6,anoncred-0068/raw.log,c7374da4f402c9654c597717e4eba19011c245273f70ac212ebfdca4752d2a2b,measured,S4.1-anoncred-component,C_ANONCRED,0,1,none,"[""sha256:789d134105f6b040bb6c7a7b278b09e6fcdcbe55501f5be5f037046f90596cef""]",true,true,false,true,false,false,false,false,false,true,0,405.008825,prove,3194,3296,,
559e0bb531b3e4330c532e624d546d616c7849eb,a5463a90b3c1b48813560e77a89b438c2cc33d8d57c23bed868a6ca72b05a218,sha256:789d134105f6b040bb6c7a7b278b09e6fcdcbe55501f5be5f037046f90596cef,e5e4ec199eb709e456588807df0c03443fe175c2f5ba00ff7987dd78f2de279f,SAIB-RETF/2,credx-bbs-bls12-381-real,none,ca57a71d52244c7519483049ef2385f072f05ca69ea7e3cde06c31f37294f866,true,s4.1-component-anoncred,s4.1-anoncred-prove-34,s4.1-anoncred-0069,s4.1-anoncred-request-0069,c2e2cb80abdb465c10ef03f59124b9b6f7c142f6eeb3b5bb11071c20b62a85ad,f7e6a2aa11e694412e88cd8e62887b546d622e9d03a3fd0dc0f383047b2fec1b,1,1,1,b84ca7a874c9fb16b5551bb25c938b1d1af6a416a6c023ec556c892e6e95f7de,5506eb9676bfc2a72474f57c1bbe174b424cbf47f3d5afbe9863566137c58a2b,anoncred-0069/runtime-trace.jsonl,cb9fcdf72e4a8cef129cd4dcd5d68d5f503919b36b3929205fac6ad43a38945b,anoncred-0069/raw.log,c7374da4f402c9654c597717e4eba19011c245273f70ac212ebfdca4752d2a2b,measured,S4.1-anoncred-component,C_ANONCRED,0,1,none,"[""sha256:789d134105f6b040bb6c7a7b278b09e6fcdcbe55501f5be5f037046f90596cef""]",true,true,false,true,false,false,false,false,false,true,0,393.723775,prove,3194,3296,,
559e0bb531b3e4330c532e624d546d616c7849eb,a5463a90b3c1b48813560e77a89b438c2cc33d8d57c23bed868a6ca72b05a218,sha256:789d134105f6b040bb6c7a7b278b09e6fcdcbe55501f5be5f037046f90596cef,e5e4ec199eb709e456588807df0c03443fe175c2f5ba00ff7987dd78f2de279f,SAIB-RETF/2,credx-bbs-bls12-381-real,none,ca57a71d52244c7519483049ef2385f072f05ca69ea7e3cde06c31f37294f866,true,s4.1-component-anoncred,s4.1-anoncred-verify-00,s4.1-anoncred-0070,s4.1-anoncred-request-0070,c3200a67793722f190eb2d20837e55381d8d3595ced215a09ce65daf7da14976,d66651a68bdf9bf0c0484aa022536e9552aa159ecf0a52024b33bd2981fffb00,1,1,1,e02d6d0edc2b31e7b2ebe3a5313fccfe866200f0e5779f23c81b9a025a785afb,63b8ffd180169e227254d2cd4010c17a724ba48aa17311ec61e0ff1c41aae352,anoncred-0070/runtime-trace.jsonl,0b3f22fee40df0040a37a8398586e23f56f562865207f008255d68d8b9151dc5,anoncred-0070/raw.log,c7374da4f402c9654c597717e4eba19011c245273f70ac212ebfdca4752d2a2b,warmup,S4.1-anoncred-component,C_ANONCRED,0,1,none,"[""sha256:789d134105f6b040bb6c7a7b278b09e6fcdcbe55501f5be5f037046f90596cef""]",true,true,false,true,false,false,false,false,false,true,0,52.896205,verify,3193,3296,,
559e0bb531b3e4330c532e624d546d616c7849eb,a5463a90b3c1b48813560e77a89b438c2cc33d8d57c23bed868a6ca72b05a218,sha256:789d134105f6b040bb6c7a7b278b09e6fcdcbe55501f5be5f037046f90596cef,e5e4ec199eb709e456588807df0c03443fe175c2f5ba00ff7987dd78f2de279f,SAIB-RETF/2,credx-bbs-bls12-381-real,none,ca57a71d52244c7519483049ef2385f072f05ca69ea7e3cde06c31f37294f866,true,s4.1-component-anoncred,s4.1-anoncred-verify-01,s4.1-anoncred-0071,s4.1-anoncred-request-0071,e9f2cff8b8706fb3018bfa27ff0382695184562001b9efcccead81f2d32edd75,3c687ce270600e10ec63c360f1e1d0a4129f3a6877331fe74f41b60e8a03f1b3,1,1,1,276d29f53fe618d79e6cc1093902d5c672430d722798ae7ca21dcd2cadc953de,c10991268aeaaf41075a0d4abeb29e8baf5e1c8b8e137f448f060957a0868fe4,anoncred-0071/runtime-trace.jsonl,706814e21d601b096f6b9df954c06d3e39f390583061dea69329ecdc08cfe4c9,anoncred-0071/raw.log,c7374da4f402c9654c597717e4eba19011c245273f70ac212ebfdca4752d2a2b,warmup,S4.1-anoncred-component,C_ANONCRED,0,1,none,"[""sha256:789d134105f6b040bb6c7a7b278b09e6fcdcbe55501f5be5f037046f90596cef""]",true,true,false,true,false,false,false,false,false,true,0,53.448268,verify,3193,3296,,
559e0bb531b3e4330c532e624d546d616c7849eb,a5463a90b3c1b48813560e77a89b438c2cc33d8d57c23bed868a6ca72b05a218,sha256:789d134105f6b040bb6c7a7b278b09e6fcdcbe55501f5be5f037046f90596cef,e5e4ec199eb709e456588807df0c03443fe175c2f5ba00ff7987dd78f2de279f,SAIB-RETF/2,credx-bbs-bls12-381-real,none,ca57a71d52244c7519483049ef2385f072f05ca69ea7e3cde06c31f37294f866,true,s4.1-component-anoncred,s4.1-anoncred-verify-02,s4.1-anoncred-0072,s4.1-anoncred-request-0072,14df342bc36c2e4099cba239fc4baaa102a2fa312fffaf38eea8dcc7a7f3ced5,5b46e35e8a22423408d9434240590f98aa74e4bcc23f606ed3f4b26603184b71,1,1,1,069856291c87ddec439393109221857ef5bbd37c67c8828d6589a3a337bd9196,3e38fcc8a6e15b813d15cc1e1b9f56e1b39f8270d3ad5e995817637f8ac72621,anoncred-0072/runtime-trace.jsonl,3a6d373bb0d4f52eea16b7c9ddba88f5f3e05892667210181cf47eaf2b0d222a,anoncred-0072/raw.log,c7374da4f402c9654c597717e4eba19011c245273f70ac212ebfdca4752d2a2b,warmup,S4.1-anoncred-component,C_ANONCRED,0,1,none,"[""sha256:789d134105f6b040bb6c7a7b278b09e6fcdcbe55501f5be5f037046f90596cef""]",true,true,false,true,false,false,false,false,false,true,0,54.421372000000005,verify,3193,3296,,
559e0bb531b3e4330c532e624d546d616c7849eb,a5463a90b3c1b48813560e77a89b438c2cc33d8d57c23bed868a6ca72b05a218,sha256:789d134105f6b040bb6c7a7b278b09e6fcdcbe55501f5be5f037046f90596cef,e5e4ec199eb709e456588807df0c03443fe175c2f5ba00ff7987dd78f2de279f,SAIB-RETF/2,credx-bbs-bls12-381-real,none,ca57a71d52244c7519483049ef2385f072f05ca69ea7e3cde06c31f37294f866,true,s4.1-component-anoncred,s4.1-anoncred-verify-03,s4.1-anoncred-0073,s4.1-anoncred-request-0073,2f22a7846a54dee5310af56744368edd4e7925d7ee9e4f9dd61e96e165185d44,11a2bcf52beb76c5e0dc5919170f40a2b36dbcfadbd30fd8a2a7884dbc0d3622,1,1,1,3dc625e8f1cace21f036b7d57e6cef2e2d9379da5eeaa12f26ba54b366fa8fd9,cceb7beba8fc5c9a187abed9993baf89b2fcb655250746203171f7fc99303236,anoncred-0073/runtime-trace.jsonl,60b3d8c94267a682fcfb1f991ff3533c1398c4637d842a3258aa2d615e635acf,anoncred-0073/raw.log,c7374da4f402c9654c597717e4eba19011c245273f70ac212ebfdca4752d2a2b,warmup,S4.1-anoncred-component,C_ANONCRED,0,1,none,"[""sha256:789d134105f6b040bb6c7a7b278b09e6fcdcbe55501f5be5f037046f90596cef""]",true,true,false,true,false,false,false,false,false,true,0,51.120976,verify,3193,3296,,
559e0bb531b3e4330c532e624d546d616c7849eb,a5463a90b3c1b48813560e77a89b438c2cc33d8d57c23bed868a6ca72b05a218,sha256:789d134105f6b040bb6c7a7b278b09e6fcdcbe55501f5be5f037046f90596cef,e5e4ec199eb709e456588807df0c03443fe175c2f5ba00ff7987dd78f2de279f,SAIB-RETF/2,credx-bbs-bls12-381-real,none,ca57a71d52244c7519483049ef2385f072f05ca69ea7e3cde06c31f37294f866,true,s4.1-component-anoncred,s4.1-anoncred-verify-04,s4.1-anoncred-0074,s4.1-anoncred-request-0074,2e028bb11311535062ebbcfb41486571c92392431322ba2b6f20d389c51b2ffe,f5f5823861c2770e99033937ab39460009fc71c517349f2b89e27853bd2aa852,1,1,1,f3879258b52b7a7f30d7f3337131606dd034442e96eee38fe022be93766be011,b8b9812a8a2c4dc8efadc9da541c459a85d3f2adf0cafa2d4b5178faa6bffa2b,anoncred-0074/runtime-trace.jsonl,9ef7da9d3bdd76f7fa07bc9ac89a2538a3075ff8e7d1caa7e33274deaa67d425,anoncred-0074/raw.log,c7374da4f402c9654c597717e4eba19011c245273f70ac212ebfdca4752d2a2b,warmup,S4.1-anoncred-component,C_ANONCRED,0,1,none,"[""sha256:789d134105f6b040bb6c7a7b278b09e6fcdcbe55501f5be5f037046f90596cef""]",true,true,false,true,false,false,false,false,false,true,0,52.152049999999996,verify,3193,3296,,
559e0bb531b3e4330c532e624d546d616c7849eb,a5463a90b3c1b48813560e77a89b438c2cc33d8d57c23bed868a6ca72b05a218,sha256:789d134105f6b040bb6c7a7b278b09e6fcdcbe55501f5be5f037046f90596cef,e5e4ec199eb709e456588807df0c03443fe175c2f5ba00ff7987dd78f2de279f,SAIB-RETF/2,credx-bbs-bls12-381-real,none,ca57a71d52244c7519483049ef2385f072f05ca69ea7e3cde06c31f37294f866,true,s4.1-component-anoncred,s4.1-anoncred-verify-05,s4.1-anoncred-0075,s4.1-anoncred-request-0075,fbeb6dfdcef59ef225e2a350469da84586e4a0eac55b568ba75af4fdf33994f5,70178398727d2096e1081cbd1de16f0b8fe151150ae03f5b45ce028add4ded18,1,1,1,e52e2c2747c0b22286f42d6ee7ec3f459749dcc6f0a8e992686c9c77d2e76198,3a854a650aca73426a13d2ceb221f9fe053475a6317e4ee512cba71007626940,anoncred-0075/runtime-trace.jsonl,e07c314f2d018f45994b9c4b972aae8cd40301febf9978204c60e460a1cf4b07,anoncred-0075/raw.log,c7374da4f402c9654c597717e4eba19011c245273f70ac212ebfdca4752d2a2b,measured,S4.1-anoncred-component,C_ANONCRED,0,1,none,"[""sha256:789d134105f6b040bb6c7a7b278b09e6fcdcbe55501f5be5f037046f90596cef""]",true,true,false,true,false,false,false,false,false,true,0,51.293004,verify,3193,3296,,
559e0bb531b3e4330c532e624d546d616c7849eb,a5463a90b3c1b48813560e77a89b438c2cc33d8d57c23bed868a6ca72b05a218,sha256:789d134105f6b040bb6c7a7b278b09e6fcdcbe55501f5be5f037046f90596cef,e5e4ec199eb709e456588807df0c03443fe175c2f5ba00ff7987dd78f2de279f,SAIB-RETF/2,credx-bbs-bls12-381-real,none,ca57a71d52244c7519483049ef2385f072f05ca69ea7e3cde06c31f37294f866,true,s4.1-component-anoncred,s4.1-anoncred-verify-06,s4.1-anoncred-0076,s4.1-anoncred-request-0076,6ae6cfaf3d245929076b8a9c273ebe918b3e41473782a60a1574d2341d48e0fa,93d700a56321d21a8f3940b0617fe5339338845a32b9e51ec808a52622e24e71,1,1,1,ca5d06a08cd36265b492e61af6f341543e6b86dd507b9d22d890e9ccba2e51a8,a13c3327da6202dcbc4c70948e9bf6ccda69a8d67530071d6b3b270b693119a7,anoncred-0076/runtime-trace.jsonl,eb271bb877427d1e4c19e0b7a9056a5db2a6ebfdb23b5bad0564730e685dd227,anoncred-0076/raw.log,c7374da4f402c9654c597717e4eba19011c245273f70ac212ebfdca4752d2a2b,measured,S4.1-anoncred-component,C_ANONCRED,0,1,none,"[""sha256:789d134105f6b040bb6c7a7b278b09e6fcdcbe55501f5be5f037046f90596cef""]",true,true,false,true,false,false,false,false,false,true,0,49.950431,verify,3193,3296,,
559e0bb531b3e4330c532e624d546d616c7849eb,a5463a90b3c1b48813560e77a89b438c2cc33d8d57c23bed868a6ca72b05a218,sha256:789d134105f6b040bb6c7a7b278b09e6fcdcbe55501f5be5f037046f90596cef,e5e4ec199eb709e456588807df0c03443fe175c2f5ba00ff7987dd78f2de279f,SAIB-RETF/2,credx-bbs-bls12-381-real,none,ca57a71d52244c7519483049ef2385f072f05ca69ea7e3cde06c31f37294f866,true,s4.1-component-anoncred,s4.1-anoncred-verify-07,s4.1-anoncred-0077,s4.1-anoncred-request-0077,a74db17e959065a48ced976059b15be1fe541abb62d2a2a5be1bbe4041b24962,4233141efdb2a1f96ab0a49caae97756fbd31abadec4a54a8a3dd61a57f06c35,1,1,1,2641f2efe4f3da237b4162c546e2798415694d0ec775a19d5d10b4edda1a626d,c5a0c6512a71a9951a4b7350fcbd7aade2ab1a0f9480eafd500d6ef7975a89dc,anoncred-0077/runtime-trace.jsonl,6860b3b5331f2c3c4032530d11788461e58075ebc5457c26b4ce329424e42208,anoncred-0077/raw.log,c7374da4f402c9654c597717e4eba19011c245273f70ac212ebfdca4752d2a2b,measured,S4.1-anoncred-component,C_ANONCRED,0,1,none,"[""sha256:789d134105f6b040bb6c7a7b278b09e6fcdcbe55501f5be5f037046f90596cef""]",true,true,false,true,false,false,false,false,false,true,0,53.25049,verify,3193,3296,,
559e0bb531b3e4330c532e624d546d616c7849eb,a5463a90b3c1b48813560e77a89b438c2cc33d8d57c23bed868a6ca72b05a218,sha256:789d134105f6b040bb6c7a7b278b09e6fcdcbe55501f5be5f037046f90596cef,e5e4ec199eb709e456588807df0c03443fe175c2f5ba00ff7987dd78f2de279f,SAIB-RETF/2,credx-bbs-bls12-381-real,none,ca57a71d52244c7519483049ef2385f072f05ca69ea7e3cde06c31f37294f866,true,s4.1-component-anoncred,s4.1-anoncred-verify-08,s4.1-anoncred-0078,s4.1-anoncred-request-0078,b09db7cc516a2a0c65226f6861c97de0e3c0247e1e8297fd6fbba790059f1370,3737e756aac3107c27d6ce4d35e8e9345df94391e363bc3a8b51477edec478cc,1,1,1,ccb003f82103a1ed749e6b48b6e0c0aaf4d8054f609cdebfa5c43dd1c8b32230,d6cf39deedde3bb72f9e70fd655ffe55b8daba39a52938dbb9d9c309851cf861,anoncred-0078/runtime-trace.jsonl,7ea2eb81d8af2ad43d3147b6fe49043f9f493e637e6d119cd394721db845c79c,anoncred-0078/raw.log,c7374da4f402c9654c597717e4eba19011c245273f70ac212ebfdca4752d2a2b,measured,S4.1-anoncred-component,C_ANONCRED,0,1,none,"[""sha256:789d134105f6b040bb6c7a7b278b09e6fcdcbe55501f5be5f037046f90596cef""]",true,true,false,true,false,false,false,false,false,true,0,51.159169999999996,verify,3193,3296,,
559e0bb531b3e4330c532e624d546d616c7849eb,a5463a90b3c1b48813560e77a89b438c2cc33d8d57c23bed868a6ca72b05a218,sha256:789d134105f6b040bb6c7a7b278b09e6fcdcbe55501f5be5f037046f90596cef,e5e4ec199eb709e456588807df0c03443fe175c2f5ba00ff7987dd78f2de279f,SAIB-RETF/2,credx-bbs-bls12-381-real,none,ca57a71d52244c7519483049ef2385f072f05ca69ea7e3cde06c31f37294f866,true,s4.1-component-anoncred,s4.1-anoncred-verify-09,s4.1-anoncred-0079,s4.1-anoncred-request-0079,cde58d04315c9d7080f496015a6aada82e7443b0846befcf7bbe558f71ab91ee,a2f10f5990cbde7deba82536a1603363a862690d6fafbb2cbdd0269a01600bf0,1,1,1,f6c6325e97a6ba523e1b6101758de18501d6c75f2044b1a64388e9101654be28,2c1b59f33f89100d06d421439eadc995736082f62dbc566d508257acffdbb8a9,anoncred-0079/runtime-trace.jsonl,fafe68216723db71249bbfaddc060950badefe210d4b047f7829e21c7a0fdcce,anoncred-0079/raw.log,c7374da4f402c9654c597717e4eba19011c245273f70ac212ebfdca4752d2a2b,measured,S4.1-anoncred-component,C_ANONCRED,0,1,none,"[""sha256:789d134105f6b040bb6c7a7b278b09e6fcdcbe55501f5be5f037046f90596cef""]",true,true,false,true,false,false,false,false,false,true,0,51.230993000000005,verify,3193,3296,,
559e0bb531b3e4330c532e624d546d616c7849eb,a5463a90b3c1b48813560e77a89b438c2cc33d8d57c23bed868a6ca72b05a218,sha256:789d134105f6b040bb6c7a7b278b09e6fcdcbe55501f5be5f037046f90596cef,e5e4ec199eb709e456588807df0c03443fe175c2f5ba00ff7987dd78f2de279f,SAIB-RETF/2,credx-bbs-bls12-381-real,none,ca57a71d52244c7519483049ef2385f072f05ca69ea7e3cde06c31f37294f866,true,s4.1-component-anoncred,s4.1-anoncred-verify-10,s4.1-anoncred-0080,s4.1-anoncred-request-0080,ed35c2d47de51ee9163f2cb19450d4ca1a4ed6cd1d4ee269ee2e2db585ff2652,b748ff31c68162a11e8622d2efb7e1d5982ed5d8e5088741e82cef3472cc026a,1,1,1,a5b6b778c5ae50d6b87bdc05ac1f3b1ab7702d9d3a039a8a43d4d38be19b038e,256b43635f677a4764e4a52dfcbe24256b62ccf897dedc6c2db098b2d35e1782,anoncred-0080/runtime-trace.jsonl,d21556a38e93b5e4897fecf493e59fef7a9102609aa01d3955cae9156055d6d4,anoncred-0080/raw.log,c7374da4f402c9654c597717e4eba19011c245273f70ac212ebfdca4752d2a2b,measured,S4.1-anoncred-component,C_ANONCRED,0,1,none,"[""sha256:789d134105f6b040bb6c7a7b278b09e6fcdcbe55501f5be5f037046f90596cef""]",true,true,false,true,false,false,false,false,false,true,0,52.181629,verify,3194,3296,,
559e0bb531b3e4330c532e624d546d616c7849eb,a5463a90b3c1b48813560e77a89b438c2cc33d8d57c23bed868a6ca72b05a218,sha256:789d134105f6b040bb6c7a7b278b09e6fcdcbe55501f5be5f037046f90596cef,e5e4ec199eb709e456588807df0c03443fe175c2f5ba00ff7987dd78f2de279f,SAIB-RETF/2,credx-bbs-bls12-381-real,none,ca57a71d52244c7519483049ef2385f072f05ca69ea7e3cde06c31f37294f866,true,s4.1-component-anoncred,s4.1-anoncred-verify-11,s4.1-anoncred-0081,s4.1-anoncred-request-0081,fec51ab87ae6c75d3b372dfcaba161a56b49dcb043349986d07405537e8a2de6,4e289b26edc89bf4aa11fff4d3834f9721753378d6d0947f074272a126aebbdf,1,1,1,d00daa855a38121531053c10377fad4a2afa84a7887726a23b49cbdef2c88799,146ae8564650710f27864fb41685800c32629092352957df2cc728d00ab81818,anoncred-0081/runtime-trace.jsonl,4c0cc3dfcd6681a9d8d8cd0a8077895ad54d33f0cd080e9446feb127c6156f4c,anoncred-0081/raw.log,c7374da4f402c9654c597717e4eba19011c245273f70ac212ebfdca4752d2a2b,measured,S4.1-anoncred-component,C_ANONCRED,0,1,none,"[""sha256:789d134105f6b040bb6c7a7b278b09e6fcdcbe55501f5be5f037046f90596cef""]",true,true,false,true,false,false,false,false,false,true,0,53.958096,verify,3194,3296,,
559e0bb531b3e4330c532e624d546d616c7849eb,a5463a90b3c1b48813560e77a89b438c2cc33d8d57c23bed868a6ca72b05a218,sha256:789d134105f6b040bb6c7a7b278b09e6fcdcbe55501f5be5f037046f90596cef,e5e4ec199eb709e456588807df0c03443fe175c2f5ba00ff7987dd78f2de279f,SAIB-RETF/2,credx-bbs-bls12-381-real,none,ca57a71d52244c7519483049ef2385f072f05ca69ea7e3cde06c31f37294f866,true,s4.1-component-anoncred,s4.1-anoncred-verify-12,s4.1-anoncred-0082,s4.1-anoncred-request-0082,8664117d1369063da445c69f50b065a93446f5ef9bc4d61de675d4f3df90fe9e,a1a0fb3823084c015c23a66e0e7af5941eabf22fa0b4f5c4777004ada5b40d1d,1,1,1,be166d253ff8f55bca9b1213b5c9e79b237f30796efc662955943c387544699c,598a0bf0f29813d3cc291ff7b8307c4145eb08e55c34283e0c03ddbba66e7078,anoncred-0082/runtime-trace.jsonl,a7ce0cac4b5eebc272f5970334c1f1c93017b28441203c8d62b070463728c5f3,anoncred-0082/raw.log,c7374da4f402c9654c597717e4eba19011c245273f70ac212ebfdca4752d2a2b,measured,S4.1-anoncred-component,C_ANONCRED,0,1,none,"[""sha256:789d134105f6b040bb6c7a7b278b09e6fcdcbe55501f5be5f037046f90596cef""]",true,true,false,true,false,false,false,false,false,true,0,63.00750600000001,verify,3194,3296,,
559e0bb531b3e4330c532e624d546d616c7849eb,a5463a90b3c1b48813560e77a89b438c2cc33d8d57c23bed868a6ca72b05a218,sha256:789d134105f6b040bb6c7a7b278b09e6fcdcbe55501f5be5f037046f90596cef,e5e4ec199eb709e456588807df0c03443fe175c2f5ba00ff7987dd78f2de279f,SAIB-RETF/2,credx-bbs-bls12-381-real,none,ca57a71d52244c7519483049ef2385f072f05ca69ea7e3cde06c31f37294f866,true,s4.1-component-anoncred,s4.1-anoncred-verify-13,s4.1-anoncred-0083,s4.1-anoncred-request-0083,c4889bc6e2b16a6cd283abc833095dc86d0648a7a8f9a864f24b78080c65fbe6,1ba4d5ac1547213db752fc7c5ac1522feef7117468f92172700867538d0d8b12,1,1,1,7ca25495f5cd1ce863795181b4f539c48fd1d05b1b1c4f04c7a9a8c350595c46,6051a4c3df2af35ac16ab60510e109eb0ddd9cc4088ab9aedb7a661565ed2b26,anoncred-0083/runtime-trace.jsonl,b3065457326090238b4cd92cf147e49a7efe74232679abb0521d4b305598e390,anoncred-0083/raw.log,c7374da4f402c9654c597717e4eba19011c245273f70ac212ebfdca4752d2a2b,measured,S4.1-anoncred-component,C_ANONCRED,0,1,none,"[""sha256:789d134105f6b040bb6c7a7b278b09e6fcdcbe55501f5be5f037046f90596cef""]",true,true,false,true,false,false,false,false,false,true,0,58.114428000000004,verify,3194,3296,,
559e0bb531b3e4330c532e624d546d616c7849eb,a5463a90b3c1b48813560e77a89b438c2cc33d8d57c23bed868a6ca72b05a218,sha256:789d134105f6b040bb6c7a7b278b09e6fcdcbe55501f5be5f037046f90596cef,e5e4ec199eb709e456588807df0c03443fe175c2f5ba00ff7987dd78f2de279f,SAIB-RETF/2,credx-bbs-bls12-381-real,none,ca57a71d52244c7519483049ef2385f072f05ca69ea7e3cde06c31f37294f866,true,s4.1-component-anoncred,s4.1-anoncred-verify-14,s4.1-anoncred-0084,s4.1-anoncred-request-0084,c27394fc56103ab0647f2ca64d69dc82b5b560bfbc2da92944109eaf1da67268,ea1ab7dc0cb2af9f34513254311564bb04824a1db0ac9b33310f4e957209db56,1,1,1,70e3cea08859e0f2173a257cc885338b604c049269e7a469401f6bc34efd7d14,0c35417551b892af60160cc64ca0590dc7212d0a9e6d9978b521e740f9c8c4b5,anoncred-0084/runtime-trace.jsonl,fb0996fda172c0c6fbdf5fa90c23448b2555eb9dac62c9b1dbd849b8c96036db,anoncred-0084/raw.log,c7374da4f402c9654c597717e4eba19011c245273f70ac212ebfdca4752d2a2b,measured,S4.1-anoncred-component,C_ANONCRED,0,1,none,"[""sha256:789d134105f6b040bb6c7a7b278b09e6fcdcbe55501f5be5f037046f90596cef""]",true,true,false,true,false,false,false,false,false,true,0,55.487318,verify,3194,3296,,
559e0bb531b3e4330c532e624d546d616c7849eb,a5463a90b3c1b48813560e77a89b438c2cc33d8d57c23bed868a6ca72b05a218,sha256:789d134105f6b040bb6c7a7b278b09e6fcdcbe55501f5be5f037046f90596cef,e5e4ec199eb709e456588807df0c03443fe175c2f5ba00ff7987dd78f2de279f,SAIB-RETF/2,credx-bbs-bls12-381-real,none,ca57a71d52244c7519483049ef2385f072f05ca69ea7e3cde06c31f37294f866,true,s4.1-component-anoncred,s4.1-anoncred-verify-15,s4.1-anoncred-0085,s4.1-anoncred-request-0085,ce75e336166eaa38191358cc6a6661e750848e8b9f856582dd22ddc1c11f149d,74eb78fd01fc2caa559679cff3f6c84f0ad5efd0235eaeb41c4e767bfaa5dc85,1,1,1,686533f35480df0c9bc1700fa5eda492c4d24c7939c57d6d9692aee34692cdce,e214ad98c930968d2987d429dbcd7f165214f57e12322f05e7cc9155ae40b5b8,anoncred-0085/runtime-trace.jsonl,e76d947e96263eeea2f72b8b8ae5a412a5f230bc602c64677782ad09b7562c6c,anoncred-0085/raw.log,c7374da4f402c9654c597717e4eba19011c245273f70ac212ebfdca4752d2a2b,measured,S4.1-anoncred-component,C_ANONCRED,0,1,none,"[""sha256:789d134105f6b040bb6c7a7b278b09e6fcdcbe55501f5be5f037046f90596cef""]",true,true,false,true,false,false,false,false,false,true,0,51.664479,verify,3194,3296,,
559e0bb531b3e4330c532e624d546d616c7849eb,a5463a90b3c1b48813560e77a89b438c2cc33d8d57c23bed868a6ca72b05a218,sha256:789d134105f6b040bb6c7a7b278b09e6fcdcbe55501f5be5f037046f90596cef,e5e4ec199eb709e456588807df0c03443fe175c2f5ba00ff7987dd78f2de279f,SAIB-RETF/2,credx-bbs-bls12-381-real,none,ca57a71d52244c7519483049ef2385f072f05ca69ea7e3cde06c31f37294f866,true,s4.1-component-anoncred,s4.1-anoncred-verify-16,s4.1-anoncred-0086,s4.1-anoncred-request-0086,e153eb33baf733de5ebf5099bc0ed9e9c5aaac951efb1034bc31fab5be1ae071,b9d89cb149c07a94f1b11de79cd1e44f2ac7b2ac4e70a27d457d6a9774b2789c,1,1,1,cea43e28e1a886b194d2707fd4ec3f0b0f613581e752a84ba737979796bbf041,93ff13a5759f2e0ed21c7e92837e2df0b7563ffd4c869365a2bfa66470f0294a,anoncred-0086/runtime-trace.jsonl,774f3b9419738464c0b032eb03f61b8755dc143524842b9cf5bda37cab6dd5d0,anoncred-0086/raw.log,c7374da4f402c9654c597717e4eba19011c245273f70ac212ebfdca4752d2a2b,measured,S4.1-anoncred-component,C_ANONCRED,0,1,none,"[""sha256:789d134105f6b040bb6c7a7b278b09e6fcdcbe55501f5be5f037046f90596cef""]",true,true,false,true,false,false,false,false,false,true,0,50.999755,verify,3194,3296,,
559e0bb531b3e4330c532e624d546d616c7849eb,a5463a90b3c1b48813560e77a89b438c2cc33d8d57c23bed868a6ca72b05a218,sha256:789d134105f6b040bb6c7a7b278b09e6fcdcbe55501f5be5f037046f90596cef,e5e4ec199eb709e456588807df0c03443fe175c2f5ba00ff7987dd78f2de279f,SAIB-RETF/2,credx-bbs-bls12-381-real,none,ca57a71d52244c7519483049ef2385f072f05ca69ea7e3cde06c31f37294f866,true,s4.1-component-anoncred,s4.1-anoncred-verify-17,s4.1-anoncred-0087,s4.1-anoncred-request-0087,61d95b7e969882a1d09f8a3e38a4955a1c1582c2e9df00cdd40b2fe4e185ccaa,4722a426a3d628210f407aacab84d9446706e4155ddd3146717e41b71fe9c3dd,1,1,1,dbd5e41d7d8fca24ee256ebacaf30a8745d023480229335cca87ebb1629ad4e0,f91dd34e65a2dfce192d0ca746ccaad63f059d83713cf955b903ab89a6cb7ffa,anoncred-0087/runtime-trace.jsonl,cae9e585ed9bf0572ddce078b2c1a5b99da03d12751635efb3528d603bf8ce5c,anoncred-0087/raw.log,c7374da4f402c9654c597717e4eba19011c245273f70ac212ebfdca4752d2a2b,measured,S4.1-anoncred-component,C_ANONCRED,0,1,none,"[""sha256:789d134105f6b040bb6c7a7b278b09e6fcdcbe55501f5be5f037046f90596cef""]",true,true,false,true,false,false,false,false,false,true,0,53.344538,verify,3194,3296,,
559e0bb531b3e4330c532e624d546d616c7849eb,a5463a90b3c1b48813560e77a89b438c2cc33d8d57c23bed868a6ca72b05a218,sha256:789d134105f6b040bb6c7a7b278b09e6fcdcbe55501f5be5f037046f90596cef,e5e4ec199eb709e456588807df0c03443fe175c2f5ba00ff7987dd78f2de279f,SAIB-RETF/2,credx-bbs-bls12-381-real,none,ca57a71d52244c7519483049ef2385f072f05ca69ea7e3cde06c31f37294f866,true,s4.1-component-anoncred,s4.1-anoncred-verify-18,s4.1-anoncred-0088,s4.1-anoncred-request-0088,a5c3f1548ab3d2b0770e615400cef10dad61738e6dc3c1c3160c3b1b2ab4b5dc,c257545bfc60ea2f915d05762d2f68cdd6b09f68580243de6effd799f12fb344,1,1,1,1586a21f6639ae52b956840a4e1db5730eb5283d3e7bd08984b4f041914f0538,eb80aa806ee774308932f83ea0a1d39416ad0640ca09ab7f8c981ca236d1529d,anoncred-0088/runtime-trace.jsonl,4c823d2a60cf8792ad77681440e86bb8439353988bdda834f2feba158617b30f,anoncred-0088/raw.log,c7374da4f402c9654c597717e4eba19011c245273f70ac212ebfdca4752d2a2b,measured,S4.1-anoncred-component,C_ANONCRED,0,1,none,"[""sha256:789d134105f6b040bb6c7a7b278b09e6fcdcbe55501f5be5f037046f90596cef""]",true,true,false,true,false,false,false,false,false,true,0,54.283509,verify,3194,3296,,
559e0bb531b3e4330c532e624d546d616c7849eb,a5463a90b3c1b48813560e77a89b438c2cc33d8d57c23bed868a6ca72b05a218,sha256:789d134105f6b040bb6c7a7b278b09e6fcdcbe55501f5be5f037046f90596cef,e5e4ec199eb709e456588807df0c03443fe175c2f5ba00ff7987dd78f2de279f,SAIB-RETF/2,credx-bbs-bls12-381-real,none,ca57a71d52244c7519483049ef2385f072f05ca69ea7e3cde06c31f37294f866,true,s4.1-component-anoncred,s4.1-anoncred-verify-19,s4.1-anoncred-0089,s4.1-anoncred-request-0089,508731472310c5e0afacb1492cbb47460119a43f435d138857c0992d9d8c08a8,38cc134b9f215b4e5dbeacafe6ccd8c6db5903589da36495db1d5495dd4c20b9,1,1,1,1a340bd95d5519c5eb626805672c0a12f5c17cf7ddb0ec0d34747a51001c091b,a1469709feed2b7fbd47f778c3633af9c617ffb707514d07d6a8ef52bc43bcb1,anoncred-0089/runtime-trace.jsonl,624d856898321f8d8f95e2493913b80e8ca7a82b16b04dbb2fdb4c9d9bcd594a,anoncred-0089/raw.log,c7374da4f402c9654c597717e4eba19011c245273f70ac212ebfdca4752d2a2b,measured,S4.1-anoncred-component,C_ANONCRED,0,1,none,"[""sha256:789d134105f6b040bb6c7a7b278b09e6fcdcbe55501f5be5f037046f90596cef""]",true,true,false,true,false,false,false,false,false,true,0,55.327198,verify,3194,3296,,
559e0bb531b3e4330c532e624d546d616c7849eb,a5463a90b3c1b48813560e77a89b438c2cc33d8d57c23bed868a6ca72b05a218,sha256:789d134105f6b040bb6c7a7b278b09e6fcdcbe55501f5be5f037046f90596cef,e5e4ec199eb709e456588807df0c03443fe175c2f5ba00ff7987dd78f2de279f,SAIB-RETF/2,credx-bbs-bls12-381-real,none,ca57a71d52244c7519483049ef2385f072f05ca69ea7e3cde06c31f37294f866,true,s4.1-component-anoncred,s4.1-anoncred-verify-20,s4.1-anoncred-0090,s4.1-anoncred-request-0090,441492c897a2ecd32da74085219a25b9ebfec543596904c18c2c4528f9b81cb8,a21f56dc3a42edb9b825f970d729a3152bd4617f92e4caf12f9f56269e72b7b7,1,1,1,0bd01c7b9316f94c6024a14519dbe3b3ef6baf83486cd390aececc33f9be28e6,2872382e741c3d379360d24c30076e448e44943d594f53e2c2a1c795f93e58a4,anoncred-0090/runtime-trace.jsonl,eba49896a9f3fde4c5e942e0ade8195173aa94bf678a26476d933b7e67c21ce4,anoncred-0090/raw.log,c7374da4f402c9654c597717e4eba19011c245273f70ac212ebfdca4752d2a2b,measured,S4.1-anoncred-component,C_ANONCRED,0,1,none,"[""sha256:789d134105f6b040bb6c7a7b278b09e6fcdcbe55501f5be5f037046f90596cef""]",true,true,false,true,false,false,false,false,false,true,0,49.888101,verify,3194,3296,,
559e0bb531b3e4330c532e624d546d616c7849eb,a5463a90b3c1b48813560e77a89b438c2cc33d8d57c23bed868a6ca72b05a218,sha256:789d134105f6b040bb6c7a7b278b09e6fcdcbe55501f5be5f037046f90596cef,e5e4ec199eb709e456588807df0c03443fe175c2f5ba00ff7987dd78f2de279f,SAIB-RETF/2,credx-bbs-bls12-381-real,none,ca57a71d52244c7519483049ef2385f072f05ca69ea7e3cde06c31f37294f866,true,s4.1-component-anoncred,s4.1-anoncred-verify-21,s4.1-anoncred-0091,s4.1-anoncred-request-0091,4e18ec4228d3fd45cd6378a4fc63ec8e7ae078c84af06d3641eb095792cec77b,87d92d70a2b9a9102097a22d9c65938d7569606f157292ef2600422721c497d7,1,1,1,133614acd2fd229d2ab138774a70dc87e7204f642fa74a95155e0e873086df3a,3c551593afa00fbca75f47788b8717a42a40db257c5d3c8fe16ed34637199233,anoncred-0091/runtime-trace.jsonl,a13312ef023fb904dc4bc928d3b0e10d86b81840a8f652850033e108e80d0515,anoncred-0091/raw.log,c7374da4f402c9654c597717e4eba19011c245273f70ac212ebfdca4752d2a2b,measured,S4.1-anoncred-component,C_ANONCRED,0,1,none,"[""sha256:789d134105f6b040bb6c7a7b278b09e6fcdcbe55501f5be5f037046f90596cef""]",true,true,false,true,false,false,false,false,false,true,0,50.856369,verify,3194,3296,,
559e0bb531b3e4330c532e624d546d616c7849eb,a5463a90b3c1b48813560e77a89b438c2cc33d8d57c23bed868a6ca72b05a218,sha256:789d134105f6b040bb6c7a7b278b09e6fcdcbe55501f5be5f037046f90596cef,e5e4ec199eb709e456588807df0c03443fe175c2f5ba00ff7987dd78f2de279f,SAIB-RETF/2,credx-bbs-bls12-381-real,none,ca57a71d52244c7519483049ef2385f072f05ca69ea7e3cde06c31f37294f866,true,s4.1-component-anoncred,s4.1-anoncred-verify-22,s4.1-anoncred-0092,s4.1-anoncred-request-0092,b3c9a0a1d92506933d02a1e3b5f39fb63cb8c5542ba6b3cc10724a47c3044218,b7f02e4f1d72310617180a0b29b1498d7dd37e46e59c9db28d80607a9d9688df,1,1,1,65ad42208ae21d14c8400a65d36cfd7641ca50d1b022931eb7298ccdec7b2a78,3f13207a985ed1fa972a4e24d9faf0c57d2204caf0dc540468192d929c5ad5d1,anoncred-0092/runtime-trace.jsonl,81b3de9bedb9a61562fb414f87b51169a6c5d3ee0735e482b550504d43ab6bba,anoncred-0092/raw.log,c7374da4f402c9654c597717e4eba19011c245273f70ac212ebfdca4752d2a2b,measured,S4.1-anoncred-component,C_ANONCRED,0,1,none,"[""sha256:789d134105f6b040bb6c7a7b278b09e6fcdcbe55501f5be5f037046f90596cef""]",true,true,false,true,false,false,false,false,false,true,0,51.609619,verify,3194,3296,,
559e0bb531b3e4330c532e624d546d616c7849eb,a5463a90b3c1b48813560e77a89b438c2cc33d8d57c23bed868a6ca72b05a218,sha256:789d134105f6b040bb6c7a7b278b09e6fcdcbe55501f5be5f037046f90596cef,e5e4ec199eb709e456588807df0c03443fe175c2f5ba00ff7987dd78f2de279f,SAIB-RETF/2,credx-bbs-bls12-381-real,none,ca57a71d52244c7519483049ef2385f072f05ca69ea7e3cde06c31f37294f866,true,s4.1-component-anoncred,s4.1-anoncred-verify-23,s4.1-anoncred-0093,s4.1-anoncred-request-0093,fb2c27f5f9ca479626e57141e1caf8bdf873ba4a051e491a57167117846303c9,d0640a868deaca27c52bd7f9d7e0ab6cdd303b0c373c65ff8585522f0e17e60e,1,1,1,dab86bd4b1682b674a870bee110b66c39b0b24e67fd201f6f19d9af5327c61e0,d5b379e295d0c03e35683f8bc3e16d5e0ca4951a2605eacf43c214e6aee59b2a,anoncred-0093/runtime-trace.jsonl,60d71fd1f182fe2fe9b30144a55a9d8de75e45970447c90c9988f0a2f90433fc,anoncred-0093/raw.log,c7374da4f402c9654c597717e4eba19011c245273f70ac212ebfdca4752d2a2b,measured,S4.1-anoncred-component,C_ANONCRED,0,1,none,"[""sha256:789d134105f6b040bb6c7a7b278b09e6fcdcbe55501f5be5f037046f90596cef""]",true,true,false,true,false,false,false,false,false,true,0,53.531822,verify,3194,3296,,
559e0bb531b3e4330c532e624d546d616c7849eb,a5463a90b3c1b48813560e77a89b438c2cc33d8d57c23bed868a6ca72b05a218,sha256:789d134105f6b040bb6c7a7b278b09e6fcdcbe55501f5be5f037046f90596cef,e5e4ec199eb709e456588807df0c03443fe175c2f5ba00ff7987dd78f2de279f,SAIB-RETF/2,credx-bbs-bls12-381-real,none,ca57a71d52244c7519483049ef2385f072f05ca69ea7e3cde06c31f37294f866,true,s4.1-component-anoncred,s4.1-anoncred-verify-24,s4.1-anoncred-0094,s4.1-anoncred-request-0094,31cc7113e27644f2dad910f59e5d0cb3ccded656f22c303e655204f7789da2e4,d56a3e4e2c8abb7722f8b2b6e078171f543803e39741ee120b71bd1345d451be,1,1,1,848f2cf47ee6aafb79c53ba204de82582bd32c3fe6f339a1dfa8cde8b850ee76,044fcbf56d484265c840721372ea008e3f676f4ce9ba86e380dc7a41c14d0db5,anoncred-0094/runtime-trace.jsonl,c42389625085192d6d71af253f86d0da3aec41e0d04dedf505a883b1d8e2b5b2,anoncred-0094/raw.log,c7374da4f402c9654c597717e4eba19011c245273f70ac212ebfdca4752d2a2b,measured,S4.1-anoncred-component,C_ANONCRED,0,1,none,"[""sha256:789d134105f6b040bb6c7a7b278b09e6fcdcbe55501f5be5f037046f90596cef""]",true,true,false,true,false,false,false,false,false,true,0,49.956919,verify,3194,3296,,
559e0bb531b3e4330c532e624d546d616c7849eb,a5463a90b3c1b48813560e77a89b438c2cc33d8d57c23bed868a6ca72b05a218,sha256:789d134105f6b040bb6c7a7b278b09e6fcdcbe55501f5be5f037046f90596cef,e5e4ec199eb709e456588807df0c03443fe175c2f5ba00ff7987dd78f2de279f,SAIB-RETF/2,credx-bbs-bls12-381-real,none,ca57a71d52244c7519483049ef2385f072f05ca69ea7e3cde06c31f37294f866,true,s4.1-component-anoncred,s4.1-anoncred-verify-25,s4.1-anoncred-0095,s4.1-anoncred-request-0095,b8b80206bb9f23c8983eec200e7fb91ed89a7ba382bc9ef3ca6e727476d5c0ff,e2107039c2bb812d85a49919aef8fdd5c82f42663d4171b8ebc11f803dc805e4,1,1,1,d6df2a9f8c08ee6f6d7a93bd4133f9bda6d2b60a85abe2e9051950b38c67d6e3,67ae1627b98d909bcfa9e1b3ba766424ef731436608e514bc011e5d526354793,anoncred-0095/runtime-trace.jsonl,b7d9d158c22e0b2455ef29d6bb78a19bb12da83acc07057b6228261247f76b6a,anoncred-0095/raw.log,c7374da4f402c9654c597717e4eba19011c245273f70ac212ebfdca4752d2a2b,measured,S4.1-anoncred-component,C_ANONCRED,0,1,none,"[""sha256:789d134105f6b040bb6c7a7b278b09e6fcdcbe55501f5be5f037046f90596cef""]",true,true,false,true,false,false,false,false,false,true,0,50.120836000000004,verify,3194,3296,,
559e0bb531b3e4330c532e624d546d616c7849eb,a5463a90b3c1b48813560e77a89b438c2cc33d8d57c23bed868a6ca72b05a218,sha256:789d134105f6b040bb6c7a7b278b09e6fcdcbe55501f5be5f037046f90596cef,e5e4ec199eb709e456588807df0c03443fe175c2f5ba00ff7987dd78f2de279f,SAIB-RETF/2,credx-bbs-bls12-381-real,none,ca57a71d52244c7519483049ef2385f072f05ca69ea7e3cde06c31f37294f866,true,s4.1-component-anoncred,s4.1-anoncred-verify-26,s4.1-anoncred-0096,s4.1-anoncred-request-0096,239d67ebd71a20d5588addd286087826aa1283af9bf1deb83d4bf19338ff95c6,74152d4d1bfdf705d74f585e1fb2d58fbd7c792608f8d5ac87eb73a59143d242,1,1,1,a9968ffe9d6804870c4262fe2063835735ee912d6d2cedb52c007a6008708a49,d582e573ca9cdc82b36ad796f2de1c68d1695761cfef2afff5c74d5d5cace3ab,anoncred-0096/runtime-trace.jsonl,8d3cd26db9ffa942dfaf96558563b42b680fa15d3ef2166ed646b5623188a93c,anoncred-0096/raw.log,c7374da4f402c9654c597717e4eba19011c245273f70ac212ebfdca4752d2a2b,measured,S4.1-anoncred-component,C_ANONCRED,0,1,none,"[""sha256:789d134105f6b040bb6c7a7b278b09e6fcdcbe55501f5be5f037046f90596cef""]",true,true,false,true,false,false,false,false,false,true,0,51.551389,verify,3194,3296,,
559e0bb531b3e4330c532e624d546d616c7849eb,a5463a90b3c1b48813560e77a89b438c2cc33d8d57c23bed868a6ca72b05a218,sha256:789d134105f6b040bb6c7a7b278b09e6fcdcbe55501f5be5f037046f90596cef,e5e4ec199eb709e456588807df0c03443fe175c2f5ba00ff7987dd78f2de279f,SAIB-RETF/2,credx-bbs-bls12-381-real,none,ca57a71d52244c7519483049ef2385f072f05ca69ea7e3cde06c31f37294f866,true,s4.1-component-anoncred,s4.1-anoncred-verify-27,s4.1-anoncred-0097,s4.1-anoncred-request-0097,482a93ffb82fa3eddf8389481c5519114f6e584a6a46f08c589449f2523181e0,45673f2cc79f080eea765b87af416a130bd060eb50c9559058820718e49d9d9c,1,1,1,b41248acd2539b4222aa48d50401a9be8930a78d79cb43484b2e9a4883e3e6bf,d7d6812ce5f955341e81b6b29c27f989241a3c7a3e688b4c572ffe8ce56733d5,anoncred-0097/runtime-trace.jsonl,764087145dfbe612ad4582754e2133ae7a1d08388c675c34d2fdf001d989f1bc,anoncred-0097/raw.log,c7374da4f402c9654c597717e4eba19011c245273f70ac212ebfdca4752d2a2b,measured,S4.1-anoncred-component,C_ANONCRED,0,1,none,"[""sha256:789d134105f6b040bb6c7a7b278b09e6fcdcbe55501f5be5f037046f90596cef""]",true,true,false,true,false,false,false,false,false,true,0,51.819540999999994,verify,3194,3296,,
559e0bb531b3e4330c532e624d546d616c7849eb,a5463a90b3c1b48813560e77a89b438c2cc33d8d57c23bed868a6ca72b05a218,sha256:789d134105f6b040bb6c7a7b278b09e6fcdcbe55501f5be5f037046f90596cef,e5e4ec199eb709e456588807df0c03443fe175c2f5ba00ff7987dd78f2de279f,SAIB-RETF/2,credx-bbs-bls12-381-real,none,ca57a71d52244c7519483049ef2385f072f05ca69ea7e3cde06c31f37294f866,true,s4.1-component-anoncred,s4.1-anoncred-verify-28,s4.1-anoncred-0098,s4.1-anoncred-request-0098,0082597b7258c062307e8b77cc3f0db3319b53b0c14d6c2cfe9ee7bf909c90d3,b54858765aa651b7c806b8806765d242377760b632fd0aae0136438dda1e5057,1,1,1,b330ab7d5e0ba7baa900dc869d204b32962801ea61ee2f1849a6509291df4ba8,5782e6faaa8f0aef9b6caa786dd0e7e2d2264a8078094ec7ebb51ce92bc745ec,anoncred-0098/runtime-trace.jsonl,991182284e7d6f9390cfbc5a411b864f4efeac8d9aace5fab6a9c2d8ea51701e,anoncred-0098/raw.log,c7374da4f402c9654c597717e4eba19011c245273f70ac212ebfdca4752d2a2b,measured,S4.1-anoncred-component,C_ANONCRED,0,1,none,"[""sha256:789d134105f6b040bb6c7a7b278b09e6fcdcbe55501f5be5f037046f90596cef""]",true,true,false,true,false,false,false,false,false,true,0,52.484201,verify,3194,3296,,
559e0bb531b3e4330c532e624d546d616c7849eb,a5463a90b3c1b48813560e77a89b438c2cc33d8d57c23bed868a6ca72b05a218,sha256:789d134105f6b040bb6c7a7b278b09e6fcdcbe55501f5be5f037046f90596cef,e5e4ec199eb709e456588807df0c03443fe175c2f5ba00ff7987dd78f2de279f,SAIB-RETF/2,credx-bbs-bls12-381-real,none,ca57a71d52244c7519483049ef2385f072f05ca69ea7e3cde06c31f37294f866,true,s4.1-component-anoncred,s4.1-anoncred-verify-29,s4.1-anoncred-0099,s4.1-anoncred-request-0099,e6239fb449f8be5646c30346db4cd4622bdfff2da1543815345f6d74b6d08ae0,e10e8895cf6fc50137ce6f5d30d794bc3f2d2413abd23186d6a6cdc34e766030,1,1,1,aa99b87016514dea7a65f4bb71605e14f28e35cbe0610df900e0087a20c77060,722fb822937c82e962298d925a27bc72f08ad4a73e0537b9960f8555b314cb8d,anoncred-0099/runtime-trace.jsonl,348186e537bb48fe809fa31190988aa5665d0e59285498b9a5a2b421f889c205,anoncred-0099/raw.log,c7374da4f402c9654c597717e4eba19011c245273f70ac212ebfdca4752d2a2b,measured,S4.1-anoncred-component,C_ANONCRED,0,1,none,"[""sha256:789d134105f6b040bb6c7a7b278b09e6fcdcbe55501f5be5f037046f90596cef""]",true,true,false,true,false,false,false,false,false,true,0,54.318479,verify,3194,3296,,
559e0bb531b3e4330c532e624d546d616c7849eb,a5463a90b3c1b48813560e77a89b438c2cc33d8d57c23bed868a6ca72b05a218,sha256:789d134105f6b040bb6c7a7b278b09e6fcdcbe55501f5be5f037046f90596cef,e5e4ec199eb709e456588807df0c03443fe175c2f5ba00ff7987dd78f2de279f,SAIB-RETF/2,credx-bbs-bls12-381-real,none,ca57a71d52244c7519483049ef2385f072f05ca69ea7e3cde06c31f37294f866,true,s4.1-component-anoncred,s4.1-anoncred-verify-30,s4.1-anoncred-0100,s4.1-anoncred-request-0100,438ad3fa0db1b067c3da08edaeca00218cb5daada3a3d6be6354daa36279d625,726a4553c3bc8a1543b93fdce8c538efeecef2dc7650105c4d8a240c8b2e950f,1,1,1,bdc20a3463d846e184aaa1716211431bbd95d9377680f51bf4755eb43a0fe7f4,80bb1b88ca5a229d47a97fa7880688347a79e0e254a604aa6320dca8d7038287,anoncred-0100/runtime-trace.jsonl,8274d46cb287646ff253fa8587cd49e61be2ceac6566f3d80affeed36838134e,anoncred-0100/raw.log,c7374da4f402c9654c597717e4eba19011c245273f70ac212ebfdca4752d2a2b,measured,S4.1-anoncred-component,C_ANONCRED,0,1,none,"[""sha256:789d134105f6b040bb6c7a7b278b09e6fcdcbe55501f5be5f037046f90596cef""]",true,true,false,true,false,false,false,false,false,true,0,52.833476,verify,3194,3296,,
559e0bb531b3e4330c532e624d546d616c7849eb,a5463a90b3c1b48813560e77a89b438c2cc33d8d57c23bed868a6ca72b05a218,sha256:789d134105f6b040bb6c7a7b278b09e6fcdcbe55501f5be5f037046f90596cef,e5e4ec199eb709e456588807df0c03443fe175c2f5ba00ff7987dd78f2de279f,SAIB-RETF/2,credx-bbs-bls12-381-real,none,ca57a71d52244c7519483049ef2385f072f05ca69ea7e3cde06c31f37294f866,true,s4.1-component-anoncred,s4.1-anoncred-verify-31,s4.1-anoncred-0101,s4.1-anoncred-request-0101,9483a1df3004998bdb5f6ac673da64eb7f63f9082f9cbd6767d0762e8f032765,c66c3f2f1c70d3bc7973bd19d8b6280816578ed8ebb5235db2f84abc2deea14f,1,1,1,fd9df5a1a5695b9931f5ab34ee6a0c124a513c242d5baf087c13ff0af6948ae5,79ca0ffdb8a930712096d4ec2698a6a1ede0c42e1308120af1e8f92443d54658,anoncred-0101/runtime-trace.jsonl,87ee3295e525a43975d2c109db9f9daee8e0c684928bece5ee2c60828c2a34a4,anoncred-0101/raw.log,c7374da4f402c9654c597717e4eba19011c245273f70ac212ebfdca4752d2a2b,measured,S4.1-anoncred-component,C_ANONCRED,0,1,none,"[""sha256:789d134105f6b040bb6c7a7b278b09e6fcdcbe55501f5be5f037046f90596cef""]",true,true,false,true,false,false,false,false,false,true,0,58.358556,verify,3194,3296,,
559e0bb531b3e4330c532e624d546d616c7849eb,a5463a90b3c1b48813560e77a89b438c2cc33d8d57c23bed868a6ca72b05a218,sha256:789d134105f6b040bb6c7a7b278b09e6fcdcbe55501f5be5f037046f90596cef,e5e4ec199eb709e456588807df0c03443fe175c2f5ba00ff7987dd78f2de279f,SAIB-RETF/2,credx-bbs-bls12-381-real,none,ca57a71d52244c7519483049ef2385f072f05ca69ea7e3cde06c31f37294f866,true,s4.1-component-anoncred,s4.1-anoncred-verify-32,s4.1-anoncred-0102,s4.1-anoncred-request-0102,b044424eb9ee73b83aab03e2bbead47b2e5c493830ef81b3847d5d5483c575fb,727c5204709683419068c706363595587ddca6b08c06fbab2fbfb42e20f91086,1,1,1,6944cbd6ff7d3adc6f0284a1f1562f0b35f25ff517924155d92c731f7b889b7f,e440445484e6b89cae3d1b8fe1e182669611bba6f9bb5214917b840716e5ed49,anoncred-0102/runtime-trace.jsonl,6c55ba3a31ffe93eadd7787d8e23d1eedf50a98f2914859516767bb98e690f94,anoncred-0102/raw.log,c7374da4f402c9654c597717e4eba19011c245273f70ac212ebfdca4752d2a2b,measured,S4.1-anoncred-component,C_ANONCRED,0,1,none,"[""sha256:789d134105f6b040bb6c7a7b278b09e6fcdcbe55501f5be5f037046f90596cef""]",true,true,false,true,false,false,false,false,false,true,0,50.940003999999995,verify,3194,3296,,
559e0bb531b3e4330c532e624d546d616c7849eb,a5463a90b3c1b48813560e77a89b438c2cc33d8d57c23bed868a6ca72b05a218,sha256:789d134105f6b040bb6c7a7b278b09e6fcdcbe55501f5be5f037046f90596cef,e5e4ec199eb709e456588807df0c03443fe175c2f5ba00ff7987dd78f2de279f,SAIB-RETF/2,credx-bbs-bls12-381-real,none,ca57a71d52244c7519483049ef2385f072f05ca69ea7e3cde06c31f37294f866,true,s4.1-component-anoncred,s4.1-anoncred-verify-33,s4.1-anoncred-0103,s4.1-anoncred-request-0103,e5c40d46737631f2f9b01e79c336d4ec61f448afb4ed9cc234da46e1f037ea4e,aa63c8908a7ef1281c4e407811ecf7cf0ceb06e88d14115fd5d3c42e10e5c24c,1,1,1,f4cfcd6e06229a38ca57d97ebe899a4c9dbe285afc6631cfb88de85995ff0e48,63a6ec7e2a581d423b9053f6f062c65a10b78556254aa3050f3d310e930924a4,anoncred-0103/runtime-trace.jsonl,48c08c0e160b65cd7b4ccecb6c5aa785c6b6852477c540467bcd63b05b77f2a4,anoncred-0103/raw.log,c7374da4f402c9654c597717e4eba19011c245273f70ac212ebfdca4752d2a2b,measured,S4.1-anoncred-component,C_ANONCRED,0,1,none,"[""sha256:789d134105f6b040bb6c7a7b278b09e6fcdcbe55501f5be5f037046f90596cef""]",true,true,false,true,false,false,false,false,false,true,0,50.967582,verify,3194,3296,,
559e0bb531b3e4330c532e624d546d616c7849eb,a5463a90b3c1b48813560e77a89b438c2cc33d8d57c23bed868a6ca72b05a218,sha256:789d134105f6b040bb6c7a7b278b09e6fcdcbe55501f5be5f037046f90596cef,e5e4ec199eb709e456588807df0c03443fe175c2f5ba00ff7987dd78f2de279f,SAIB-RETF/2,credx-bbs-bls12-381-real,none,ca57a71d52244c7519483049ef2385f072f05ca69ea7e3cde06c31f37294f866,true,s4.1-component-anoncred,s4.1-anoncred-verify-34,s4.1-anoncred-0104,s4.1-anoncred-request-0104,8e96f7d75821974d4809b4a3c51e0768bf95284351c7cd55519c20338d0fdf28,a99519087c31e4c5e25e68f24aee9cc77889a783d4a643af66ab3eaccf8ba98d,1,1,1,331b0ab6f38e24103c135f241caae04567d3016a491daf03976338715400ec75,5e86197fa7f194f32ae48e8e9e95dc42bfd0ed4c65c9c7331f359c3a38ab8f36,anoncred-0104/runtime-trace.jsonl,7f1731b1117f952177da1d7fdc4834c4b8a5aaffa9711be0de885c0d9cc1a870,anoncred-0104/raw.log,c7374da4f402c9654c597717e4eba19011c245273f70ac212ebfdca4752d2a2b,measured,S4.1-anoncred-component,C_ANONCRED,0,1,none,"[""sha256:789d134105f6b040bb6c7a7b278b09e6fcdcbe55501f5be5f037046f90596cef""]",true,true,false,true,false,false,false,false,false,true,0,50.949567,verify,3194,3296,,
559e0bb531b3e4330c532e624d546d616c7849eb,a5463a90b3c1b48813560e77a89b438c2cc33d8d57c23bed868a6ca72b05a218,sha256:789d134105f6b040bb6c7a7b278b09e6fcdcbe55501f5be5f037046f90596cef,e5e4ec199eb709e456588807df0c03443fe175c2f5ba00ff7987dd78f2de279f,SAIB-RETF/2,credx-bbs-bls12-381-real,none,ca57a71d52244c7519483049ef2385f072f05ca69ea7e3cde06c31f37294f866,true,s4.1-component-anoncred,s4.1-anoncred-revoke-00,s4.1-anoncred-0105,s4.1-anoncred-request-0105,f9f497a3457e447150cede9964ee6612283d31d200ddda286de7983bf56ffafd,d6cba3b210241b3690d68361a7e6b0828632d20a04059b495cd99c91445b72f8,1,1,1,b1171c1a384b6cbdd4bf504184c8c6599d37f75ae31d1df4009ce185c19641d7,9244e743f38dc12651c896a90c9986fbd96d94190eb124ad06a7545ad3aadea5,anoncred-0105/runtime-trace.jsonl,23e2e2c92c44ed1fd514b6a90e33af8a009ccf7e49d9a8a59673d9a443932355,anoncred-0105/raw.log,c7374da4f402c9654c597717e4eba19011c245273f70ac212ebfdca4752d2a2b,warmup,S4.1-anoncred-component,C_ANONCRED,0,1,none,"[""sha256:789d134105f6b040bb6c7a7b278b09e6fcdcbe55501f5be5f037046f90596cef""]",true,true,false,true,false,false,false,false,false,true,0,1.430957,revoke,0,1805,,
559e0bb531b3e4330c532e624d546d616c7849eb,a5463a90b3c1b48813560e77a89b438c2cc33d8d57c23bed868a6ca72b05a218,sha256:789d134105f6b040bb6c7a7b278b09e6fcdcbe55501f5be5f037046f90596cef,e5e4ec199eb709e456588807df0c03443fe175c2f5ba00ff7987dd78f2de279f,SAIB-RETF/2,credx-bbs-bls12-381-real,none,ca57a71d52244c7519483049ef2385f072f05ca69ea7e3cde06c31f37294f866,true,s4.1-component-anoncred,s4.1-anoncred-revoke-01,s4.1-anoncred-0106,s4.1-anoncred-request-0106,3c004743508fba3e2b337ca13e263a61153eae1a7eec94cee26ce0e081c23463,794396f5f2d4c566f8d35ee0d39c6c54a2206bd221d5de2d555ea1aacc33b47d,1,1,1,bd174b7baff6423de7f38cff76b7661ef018a50fa5d46699d5314b5cc568f2b9,f8e02b0a2c2b890d3baa4841cec4b495de4b7db5ad8bdd0aa2994b9aad35542c,anoncred-0106/runtime-trace.jsonl,da1192f92a8f6820a47eefd7e29aeb25d20a523915158b85fb51377487d5674c,anoncred-0106/raw.log,c7374da4f402c9654c597717e4eba19011c245273f70ac212ebfdca4752d2a2b,warmup,S4.1-anoncred-component,C_ANONCRED,0,1,none,"[""sha256:789d134105f6b040bb6c7a7b278b09e6fcdcbe55501f5be5f037046f90596cef""]",true,true,false,true,false,false,false,false,false,true,0,1.518537,revoke,0,1805,,
559e0bb531b3e4330c532e624d546d616c7849eb,a5463a90b3c1b48813560e77a89b438c2cc33d8d57c23bed868a6ca72b05a218,sha256:789d134105f6b040bb6c7a7b278b09e6fcdcbe55501f5be5f037046f90596cef,e5e4ec199eb709e456588807df0c03443fe175c2f5ba00ff7987dd78f2de279f,SAIB-RETF/2,credx-bbs-bls12-381-real,none,ca57a71d52244c7519483049ef2385f072f05ca69ea7e3cde06c31f37294f866,true,s4.1-component-anoncred,s4.1-anoncred-revoke-02,s4.1-anoncred-0107,s4.1-anoncred-request-0107,87a0026acfc5bb084f816c66fa6c275d42732746a96e5b7e419ba5ce8a14504a,6d8a937532771d523e9ff5753f73a4a961cd0d158133821380726d8279b893a1,1,1,1,002cfb2efb3713fa521c15895c71a5b3fcff2d4cc7e8fef2b91820ba12fa8109,9ac5144d0005bb265970c212d403daa99d33ee36df25970d619b5df8a85819f0,anoncred-0107/runtime-trace.jsonl,48e98ef2f14790fd903d2592160f8b0bc8baf7e08184fb4778cb94ed5eeeb06e,anoncred-0107/raw.log,c7374da4f402c9654c597717e4eba19011c245273f70ac212ebfdca4752d2a2b,warmup,S4.1-anoncred-component,C_ANONCRED,0,1,none,"[""sha256:789d134105f6b040bb6c7a7b278b09e6fcdcbe55501f5be5f037046f90596cef""]",true,true,false,true,false,false,false,false,false,true,0,1.4044649999999999,revoke,0,1805,,
559e0bb531b3e4330c532e624d546d616c7849eb,a5463a90b3c1b48813560e77a89b438c2cc33d8d57c23bed868a6ca72b05a218,sha256:789d134105f6b040bb6c7a7b278b09e6fcdcbe55501f5be5f037046f90596cef,e5e4ec199eb709e456588807df0c03443fe175c2f5ba00ff7987dd78f2de279f,SAIB-RETF/2,credx-bbs-bls12-381-real,none,ca57a71d52244c7519483049ef2385f072f05ca69ea7e3cde06c31f37294f866,true,s4.1-component-anoncred,s4.1-anoncred-revoke-03,s4.1-anoncred-0108,s4.1-anoncred-request-0108,421ff5a4e9605f48eb801d4c25365abcac50f9ef5583ebc7a3ef7bd67bb4e9f3,3fcc47fb534eef8f427b771feb245dda6354a600b164d69a43f483cfabd9e848,1,1,1,ecfeca1cc16c1cd6f019d0c68adb4d5e4528178577b9ee1afd98ce56196b15ab,12e3e83dad85f6f92ff8d8d3f7180be5f313b9763b8b07a23ef6c5cc5c7b13d7,anoncred-0108/runtime-trace.jsonl,5c6c98f58c34afbab237e9acd78a05fd1a953292e97451e1e074f2f0a27a1520,anoncred-0108/raw.log,c7374da4f402c9654c597717e4eba19011c245273f70ac212ebfdca4752d2a2b,warmup,S4.1-anoncred-component,C_ANONCRED,0,1,none,"[""sha256:789d134105f6b040bb6c7a7b278b09e6fcdcbe55501f5be5f037046f90596cef""]",true,true,false,true,false,false,false,false,false,true,0,1.6459860000000002,revoke,0,1805,,
559e0bb531b3e4330c532e624d546d616c7849eb,a5463a90b3c1b48813560e77a89b438c2cc33d8d57c23bed868a6ca72b05a218,sha256:789d134105f6b040bb6c7a7b278b09e6fcdcbe55501f5be5f037046f90596cef,e5e4ec199eb709e456588807df0c03443fe175c2f5ba00ff7987dd78f2de279f,SAIB-RETF/2,credx-bbs-bls12-381-real,none,ca57a71d52244c7519483049ef2385f072f05ca69ea7e3cde06c31f37294f866,true,s4.1-component-anoncred,s4.1-anoncred-revoke-04,s4.1-anoncred-0109,s4.1-anoncred-request-0109,4567204980550af7319a0eeafa7b26322ec5d551afb80fafec1093580125952a,4cb03b54ef1a7dab189ee07e5c0109da8244b22ee523fdded455267789951ea5,1,1,1,1a15c679bd3ab004f494d4c0f6d3038ee3d5b03d5a715f9fc8caec8698cb4c13,b60dbeb17ff8eae2d04da409cd1756c88b90425397c0e5c2ef5ee52796c1af17,anoncred-0109/runtime-trace.jsonl,30d4a78caa58a4d9b7f39340ea6fcbce664035f9f283ba8fb3249af584f0774a,anoncred-0109/raw.log,c7374da4f402c9654c597717e4eba19011c245273f70ac212ebfdca4752d2a2b,warmup,S4.1-anoncred-component,C_ANONCRED,0,1,none,"[""sha256:789d134105f6b040bb6c7a7b278b09e6fcdcbe55501f5be5f037046f90596cef""]",true,true,false,true,false,false,false,false,false,true,0,1.388624,revoke,0,1805,,
559e0bb531b3e4330c532e624d546d616c7849eb,a5463a90b3c1b48813560e77a89b438c2cc33d8d57c23bed868a6ca72b05a218,sha256:789d134105f6b040bb6c7a7b278b09e6fcdcbe55501f5be5f037046f90596cef,e5e4ec199eb709e456588807df0c03443fe175c2f5ba00ff7987dd78f2de279f,SAIB-RETF/2,credx-bbs-bls12-381-real,none,ca57a71d52244c7519483049ef2385f072f05ca69ea7e3cde06c31f37294f866,true,s4.1-component-anoncred,s4.1-anoncred-revoke-05,s4.1-anoncred-0110,s4.1-anoncred-request-0110,12ed9672b6ce4123548b5f8e41975d7266ed045ebed6621fcd3c85a96dcb51bd,0b90ed0ef2dc94e2fb0498d75a1b3a8a6e4a0975638fbbad43cafbe744e5cfc4,1,1,1,9228f6b631ce2170e3968a0af45f68f44ffcbcee64e5744eb8fd9b72288caaf9,2f8c55779ef84e0b09cbcf41a3a89f9655359dac659d03c063df9c2f85597b0e,anoncred-0110/runtime-trace.jsonl,f91779c16ebc49eb8b8b6f409f1f21abb29ecaf88b622db125bfe21740d18a19,anoncred-0110/raw.log,c7374da4f402c9654c597717e4eba19011c245273f70ac212ebfdca4752d2a2b,measured,S4.1-anoncred-component,C_ANONCRED,0,1,none,"[""sha256:789d134105f6b040bb6c7a7b278b09e6fcdcbe55501f5be5f037046f90596cef""]",true,true,false,true,false,false,false,false,false,true,0,1.440135,revoke,0,1805,,
559e0bb531b3e4330c532e624d546d616c7849eb,a5463a90b3c1b48813560e77a89b438c2cc33d8d57c23bed868a6ca72b05a218,sha256:789d134105f6b040bb6c7a7b278b09e6fcdcbe55501f5be5f037046f90596cef,e5e4ec199eb709e456588807df0c03443fe175c2f5ba00ff7987dd78f2de279f,SAIB-RETF/2,credx-bbs-bls12-381-real,none,ca57a71d52244c7519483049ef2385f072f05ca69ea7e3cde06c31f37294f866,true,s4.1-component-anoncred,s4.1-anoncred-revoke-06,s4.1-anoncred-0111,s4.1-anoncred-request-0111,295b40737980cd42cb70bd8d7e58dba331836a910a45e43418278f731e3cbc95,24e10757a5f6aea561ed40187b05346568827a2429bacd8e314d326548869f36,1,1,1,80d18f3624f3be6d8f1857bfa387fe3ec94640fc556a460173a92ab383bd5c33,99adb94019253c4109ca52f99c0aeef964bb3ae7758597fa0e716017c116d81c,anoncred-0111/runtime-trace.jsonl,48be4ee7533520b5cd55a22180ec165f2c1b31ab52ea59eb3740c9a7b2fb4b60,anoncred-0111/raw.log,c7374da4f402c9654c597717e4eba19011c245273f70ac212ebfdca4752d2a2b,measured,S4.1-anoncred-component,C_ANONCRED,0,1,none,"[""sha256:789d134105f6b040bb6c7a7b278b09e6fcdcbe55501f5be5f037046f90596cef""]",true,true,false,true,false,false,false,false,false,true,0,1.382222,revoke,0,1805,,
559e0bb531b3e4330c532e624d546d616c7849eb,a5463a90b3c1b48813560e77a89b438c2cc33d8d57c23bed868a6ca72b05a218,sha256:789d134105f6b040bb6c7a7b278b09e6fcdcbe55501f5be5f037046f90596cef,e5e4ec199eb709e456588807df0c03443fe175c2f5ba00ff7987dd78f2de279f,SAIB-RETF/2,credx-bbs-bls12-381-real,none,ca57a71d52244c7519483049ef2385f072f05ca69ea7e3cde06c31f37294f866,true,s4.1-component-anoncred,s4.1-anoncred-revoke-07,s4.1-anoncred-0112,s4.1-anoncred-request-0112,c2d0e5ef55ea58165526b34ec6de4b3e1aa23d6b390dea46dc2fab3f3a12f8bf,a36f2d63ab67e6880f38820c5ea32e320fe77a36611add90a383b2fc21156c7a,1,1,1,a4213a56405fe05d58ceb134956a5c9a32fb2b19a7895e626d54884a8ec720a5,0c6735e06c811d5e0dabc4f18e637d76e1d1a7b57297e8f0a74b5559c5e638e7,anoncred-0112/runtime-trace.jsonl,73b730d31eff459cb0f3f835042a4b0d14fb56a81ea48251d8039fe3687ddf5b,anoncred-0112/raw.log,c7374da4f402c9654c597717e4eba19011c245273f70ac212ebfdca4752d2a2b,measured,S4.1-anoncred-component,C_ANONCRED,0,1,none,"[""sha256:789d134105f6b040bb6c7a7b278b09e6fcdcbe55501f5be5f037046f90596cef""]",true,true,false,true,false,false,false,false,false,true,0,1.377372,revoke,0,1805,,
559e0bb531b3e4330c532e624d546d616c7849eb,a5463a90b3c1b48813560e77a89b438c2cc33d8d57c23bed868a6ca72b05a218,sha256:789d134105f6b040bb6c7a7b278b09e6fcdcbe55501f5be5f037046f90596cef,e5e4ec199eb709e456588807df0c03443fe175c2f5ba00ff7987dd78f2de279f,SAIB-RETF/2,credx-bbs-bls12-381-real,none,ca57a71d52244c7519483049ef2385f072f05ca69ea7e3cde06c31f37294f866,true,s4.1-component-anoncred,s4.1-anoncred-revoke-08,s4.1-anoncred-0113,s4.1-anoncred-request-0113,8213d069ef8528d019f0ac7dd8bad06297ad80339a1a49887acafe3167b93d11,2393e5113e531cc67600e3918a73b473b5abe54bd6e352fd4be74f5a08819356,1,1,1,edc0904ff8069b7c6da28a616168a55e62a31e11814d2f0ea76b5588a27d19a2,62362524202903c4568d87f637fcb42a7b659b31a3f4826f4a39d365fa1318c0,anoncred-0113/runtime-trace.jsonl,bdc4b2e4c9803f5d2969d4f0d55bd755145564bef488e6ec411783a11b4ba65e,anoncred-0113/raw.log,c7374da4f402c9654c597717e4eba19011c245273f70ac212ebfdca4752d2a2b,measured,S4.1-anoncred-component,C_ANONCRED,0,1,none,"[""sha256:789d134105f6b040bb6c7a7b278b09e6fcdcbe55501f5be5f037046f90596cef""]",true,true,false,true,false,false,false,false,false,true,0,1.403764,revoke,0,1805,,
559e0bb531b3e4330c532e624d546d616c7849eb,a5463a90b3c1b48813560e77a89b438c2cc33d8d57c23bed868a6ca72b05a218,sha256:789d134105f6b040bb6c7a7b278b09e6fcdcbe55501f5be5f037046f90596cef,e5e4ec199eb709e456588807df0c03443fe175c2f5ba00ff7987dd78f2de279f,SAIB-RETF/2,credx-bbs-bls12-381-real,none,ca57a71d52244c7519483049ef2385f072f05ca69ea7e3cde06c31f37294f866,true,s4.1-component-anoncred,s4.1-anoncred-revoke-09,s4.1-anoncred-0114,s4.1-anoncred-request-0114,dd27ebbef52017b49c4d87b9679d82f4480ec1f777b48215826914bd965ae589,9acbf17df2c848aea61c9a8dde6a652a1f2e8cced1f5472bdac260af5d874900,1,1,1,52d199053c8fdf913eab7424d189e1025b787d26e57dd318aa491b92a9f87160,2dd2b8c5f17fbbc0eca7966260096a2a8f44cf882145f08b15aea99f77ac8ece,anoncred-0114/runtime-trace.jsonl,d00f756e0ef0d47d9733896b9b86c140a07afcf9e6304e89752baacd5a902727,anoncred-0114/raw.log,c7374da4f402c9654c597717e4eba19011c245273f70ac212ebfdca4752d2a2b,measured,S4.1-anoncred-component,C_ANONCRED,0,1,none,"[""sha256:789d134105f6b040bb6c7a7b278b09e6fcdcbe55501f5be5f037046f90596cef""]",true,true,false,true,false,false,false,false,false,true,0,1.381,revoke,0,1805,,
559e0bb531b3e4330c532e624d546d616c7849eb,a5463a90b3c1b48813560e77a89b438c2cc33d8d57c23bed868a6ca72b05a218,sha256:789d134105f6b040bb6c7a7b278b09e6fcdcbe55501f5be5f037046f90596cef,e5e4ec199eb709e456588807df0c03443fe175c2f5ba00ff7987dd78f2de279f,SAIB-RETF/2,credx-bbs-bls12-381-real,none,ca57a71d52244c7519483049ef2385f072f05ca69ea7e3cde06c31f37294f866,true,s4.1-component-anoncred,s4.1-anoncred-revoke-10,s4.1-anoncred-0115,s4.1-anoncred-request-0115,9c884c77907ec479c0f4cd427f1865ee9cd7baaf5ffed050f5d7c83cf73a9b89,05e243417fa0c57c41518a8a6275f8f10584991f4c7691c84dfff41f3fe1ff7a,1,1,1,b34380b2105f51c9b528a5e4abb9d48e38ff2e02dfb532b68463e4bd6833c3a4,bf635d8f8a4e3cba11bb84b0e3ef74bbe70758f563577f676e40d7040d5919dd,anoncred-0115/runtime-trace.jsonl,b16e4261006affbbce72ccc5008dae58a79dbe90445ec1d5c376272b0877993e,anoncred-0115/raw.log,c7374da4f402c9654c597717e4eba19011c245273f70ac212ebfdca4752d2a2b,measured,S4.1-anoncred-component,C_ANONCRED,0,1,none,"[""sha256:789d134105f6b040bb6c7a7b278b09e6fcdcbe55501f5be5f037046f90596cef""]",true,true,false,true,false,false,false,false,false,true,0,1.369176,revoke,0,1805,,
559e0bb531b3e4330c532e624d546d616c7849eb,a5463a90b3c1b48813560e77a89b438c2cc33d8d57c23bed868a6ca72b05a218,sha256:789d134105f6b040bb6c7a7b278b09e6fcdcbe55501f5be5f037046f90596cef,e5e4ec199eb709e456588807df0c03443fe175c2f5ba00ff7987dd78f2de279f,SAIB-RETF/2,credx-bbs-bls12-381-real,none,ca57a71d52244c7519483049ef2385f072f05ca69ea7e3cde06c31f37294f866,true,s4.1-component-anoncred,s4.1-anoncred-revoke-11,s4.1-anoncred-0116,s4.1-anoncred-request-0116,fc21c563825ec409a5759c7075c55e0de6c732804dca42e58ab161df833f6c7d,f549cf1e79bdccff3409f83717909ebd4808393fead9d0425cefaeccfb76cd87,1,1,1,ea89dd28d8f6d9cf536282b2eb4e42ce32f8e4703dbff65ac2aaa309bdfe1295,a71a0c2e4926d9f4a58f6cdefda67c31b55f0b8f9ecefa6661027e9e381c2e17,anoncred-0116/runtime-trace.jsonl,0566d94983f37403378ffe4e2f1827d134e7cb45ec1cbe0ad7ca143522a23e63,anoncred-0116/raw.log,c7374da4f402c9654c597717e4eba19011c245273f70ac212ebfdca4752d2a2b,measured,S4.1-anoncred-component,C_ANONCRED,0,1,none,"[""sha256:789d134105f6b040bb6c7a7b278b09e6fcdcbe55501f5be5f037046f90596cef""]",true,true,false,true,false,false,false,false,false,true,0,1.4350450000000001,revoke,0,1805,,
559e0bb531b3e4330c532e624d546d616c7849eb,a5463a90b3c1b48813560e77a89b438c2cc33d8d57c23bed868a6ca72b05a218,sha256:789d134105f6b040bb6c7a7b278b09e6fcdcbe55501f5be5f037046f90596cef,e5e4ec199eb709e456588807df0c03443fe175c2f5ba00ff7987dd78f2de279f,SAIB-RETF/2,credx-bbs-bls12-381-real,none,ca57a71d52244c7519483049ef2385f072f05ca69ea7e3cde06c31f37294f866,true,s4.1-component-anoncred,s4.1-anoncred-revoke-12,s4.1-anoncred-0117,s4.1-anoncred-request-0117,efd10cd432a28d4ea17b667d0efc0df25819182ebb2f09004dc15dd21a246f4f,cbf4f2d907b730e15d3e93d99f97ccff32d60a6fe802aeb3586cd27ddc86d0a2,1,1,1,d5d14a1805d3f7ea43d3c314ea43789f0471043f16351e19c43e5c9947c5bb88,075d7693079a8a99f62991bc1ee904a4d1968d208b76fa7149c330f6e20f2fd4,anoncred-0117/runtime-trace.jsonl,2185581d83228d67745bb4dc763c48ea902ae0804859d8723544d6c54a94b37e,anoncred-0117/raw.log,c7374da4f402c9654c597717e4eba19011c245273f70ac212ebfdca4752d2a2b,measured,S4.1-anoncred-component,C_ANONCRED,0,1,none,"[""sha256:789d134105f6b040bb6c7a7b278b09e6fcdcbe55501f5be5f037046f90596cef""]",true,true,false,true,false,false,false,false,false,true,0,1.395157,revoke,0,1805,,
559e0bb531b3e4330c532e624d546d616c7849eb,a5463a90b3c1b48813560e77a89b438c2cc33d8d57c23bed868a6ca72b05a218,sha256:789d134105f6b040bb6c7a7b278b09e6fcdcbe55501f5be5f037046f90596cef,e5e4ec199eb709e456588807df0c03443fe175c2f5ba00ff7987dd78f2de279f,SAIB-RETF/2,credx-bbs-bls12-381-real,none,ca57a71d52244c7519483049ef2385f072f05ca69ea7e3cde06c31f37294f866,true,s4.1-component-anoncred,s4.1-anoncred-revoke-13,s4.1-anoncred-0118,s4.1-anoncred-request-0118,0a1f0ff920e89781c24bb237ad2e045b751834896fd353dba7ad406da8753ff0,571da47d5ceea02cc59123d583cb9279f55da67649d16d8579f8466df2798df4,1,1,1,d3568fb623f1e7f6ee43d5d9005197256cfe9c1d83f1dc5bfb3126a3851ef815,6c555d5b319323379373c3d2a59478c4890832824d56768d3b6912e0ad015bc8,anoncred-0118/runtime-trace.jsonl,3c53a90a3425e70df1fd16cf49fc4797422b04aff5332165d7e084c9e4c7c15f,anoncred-0118/raw.log,c7374da4f402c9654c597717e4eba19011c245273f70ac212ebfdca4752d2a2b,measured,S4.1-anoncred-component,C_ANONCRED,0,1,none,"[""sha256:789d134105f6b040bb6c7a7b278b09e6fcdcbe55501f5be5f037046f90596cef""]",true,true,false,true,false,false,false,false,false,true,0,1.367143,revoke,0,1805,,
559e0bb531b3e4330c532e624d546d616c7849eb,a5463a90b3c1b48813560e77a89b438c2cc33d8d57c23bed868a6ca72b05a218,sha256:789d134105f6b040bb6c7a7b278b09e6fcdcbe55501f5be5f037046f90596cef,e5e4ec199eb709e456588807df0c03443fe175c2f5ba00ff7987dd78f2de279f,SAIB-RETF/2,credx-bbs-bls12-381-real,none,ca57a71d52244c7519483049ef2385f072f05ca69ea7e3cde06c31f37294f866,true,s4.1-component-anoncred,s4.1-anoncred-revoke-14,s4.1-anoncred-0119,s4.1-anoncred-request-0119,eb5ae7a79d19d5eb747e3cc37f69fd535bfe2be98af076b0724fa3b460434398,41a1ad31a15b1da2e5165bfb59bcc4abfa24e415a18726eb342308e4a14d5b0c,1,1,1,0fc0d510ae26822cf29e0518ede6685e3f6c7613347ffc7771461f9254ebb0c2,758abe4522cf02f3f42b48819db9cc7107fac66c527f046a0aac2f4365202fa7,anoncred-0119/runtime-trace.jsonl,9b2bcd2e6caaec5513255595ce945eb6ecca469c0a926b0dfec0f3a017261b8a,anoncred-0119/raw.log,c7374da4f402c9654c597717e4eba19011c245273f70ac212ebfdca4752d2a2b,measured,S4.1-anoncred-component,C_ANONCRED,0,1,none,"[""sha256:789d134105f6b040bb6c7a7b278b09e6fcdcbe55501f5be5f037046f90596cef""]",true,true,false,true,false,false,false,false,false,true,0,1.424224,revoke,0,1805,,
559e0bb531b3e4330c532e624d546d616c7849eb,a5463a90b3c1b48813560e77a89b438c2cc33d8d57c23bed868a6ca72b05a218,sha256:789d134105f6b040bb6c7a7b278b09e6fcdcbe55501f5be5f037046f90596cef,e5e4ec199eb709e456588807df0c03443fe175c2f5ba00ff7987dd78f2de279f,SAIB-RETF/2,credx-bbs-bls12-381-real,none,ca57a71d52244c7519483049ef2385f072f05ca69ea7e3cde06c31f37294f866,true,s4.1-component-anoncred,s4.1-anoncred-revoke-15,s4.1-anoncred-0120,s4.1-anoncred-request-0120,71e628114df6fda9531127424efd68746224aea920c2042ed0acfaf59c804a28,5a8bff809a73cf5c516e70788c1a54fdd4fb449621db007fdd1692afa14a3a14,1,1,1,e06ae69f6912e103fe711340e214cf935a28981d27f761e07842b1add0a48b49,4edd2bc733757ed8f4bdc5f44bd070f91e11bb09546426986828970186f1bc91,anoncred-0120/runtime-trace.jsonl,77ce867b3642853ae27eb4dd9e6617b0a9e3d24c2e2c5b96bc31a03f1c8c749f,anoncred-0120/raw.log,c7374da4f402c9654c597717e4eba19011c245273f70ac212ebfdca4752d2a2b,measured,S4.1-anoncred-component,C_ANONCRED,0,1,none,"[""sha256:789d134105f6b040bb6c7a7b278b09e6fcdcbe55501f5be5f037046f90596cef""]",true,true,false,true,false,false,false,false,false,true,0,1.40693,revoke,0,1805,,
559e0bb531b3e4330c532e624d546d616c7849eb,a5463a90b3c1b48813560e77a89b438c2cc33d8d57c23bed868a6ca72b05a218,sha256:789d134105f6b040bb6c7a7b278b09e6fcdcbe55501f5be5f037046f90596cef,e5e4ec199eb709e456588807df0c03443fe175c2f5ba00ff7987dd78f2de279f,SAIB-RETF/2,credx-bbs-bls12-381-real,none,ca57a71d52244c7519483049ef2385f072f05ca69ea7e3cde06c31f37294f866,true,s4.1-component-anoncred,s4.1-anoncred-revoke-16,s4.1-anoncred-0121,s4.1-anoncred-request-0121,a8e975d816a8d89d0e984f69525f3f93ec7bd62b4950b3f14ee872d92b544f35,e5f2106fdd1ea905f0fbbf526f6071474209d6a758f37cef6643418140b7a560,1,1,1,626f1685fa6ae294bb9b0e22fe692d49d12438de161f4691578f7777930008c4,efa0480d7367488a2f6811c58c9d185605094532709b1d42e1c801cf894ce2d7,anoncred-0121/runtime-trace.jsonl,9edc6d898075a446d7d0754b6129098f1d0465f39aa37b86e52c57bfa6cc2d7c,anoncred-0121/raw.log,c7374da4f402c9654c597717e4eba19011c245273f70ac212ebfdca4752d2a2b,measured,S4.1-anoncred-component,C_ANONCRED,0,1,none,"[""sha256:789d134105f6b040bb6c7a7b278b09e6fcdcbe55501f5be5f037046f90596cef""]",true,true,false,true,false,false,false,false,false,true,0,1.506755,revoke,0,1805,,
559e0bb531b3e4330c532e624d546d616c7849eb,a5463a90b3c1b48813560e77a89b438c2cc33d8d57c23bed868a6ca72b05a218,sha256:789d134105f6b040bb6c7a7b278b09e6fcdcbe55501f5be5f037046f90596cef,e5e4ec199eb709e456588807df0c03443fe175c2f5ba00ff7987dd78f2de279f,SAIB-RETF/2,credx-bbs-bls12-381-real,none,ca57a71d52244c7519483049ef2385f072f05ca69ea7e3cde06c31f37294f866,true,s4.1-component-anoncred,s4.1-anoncred-revoke-17,s4.1-anoncred-0122,s4.1-anoncred-request-0122,c03d1b40f8dcb1a2871bf208f2442b2a9c23cf395bc4e4cac55e496bac084000,a782d0bf207b23ac950bcadaeb38d53c4f8cf896ba8068be5dc235a095aa1a40,1,1,1,e11da9b03c7552405ce723cd74ba2eb2fe4dbf425b7997234f7a42b832ebd594,5967b4bda45e2d602a9c4c8b0393bf0cdbd6014447d41b12dee342391ed48692,anoncred-0122/runtime-trace.jsonl,952055392f5559094f5014d446f0f5a8f9e580d2496ccfde5d7587d97b3d5259,anoncred-0122/raw.log,c7374da4f402c9654c597717e4eba19011c245273f70ac212ebfdca4752d2a2b,measured,S4.1-anoncred-component,C_ANONCRED,0,1,none,"[""sha256:789d134105f6b040bb6c7a7b278b09e6fcdcbe55501f5be5f037046f90596cef""]",true,true,false,true,false,false,false,false,false,true,0,1.427771,revoke,0,1805,,
559e0bb531b3e4330c532e624d546d616c7849eb,a5463a90b3c1b48813560e77a89b438c2cc33d8d57c23bed868a6ca72b05a218,sha256:789d134105f6b040bb6c7a7b278b09e6fcdcbe55501f5be5f037046f90596cef,e5e4ec199eb709e456588807df0c03443fe175c2f5ba00ff7987dd78f2de279f,SAIB-RETF/2,credx-bbs-bls12-381-real,none,ca57a71d52244c7519483049ef2385f072f05ca69ea7e3cde06c31f37294f866,true,s4.1-component-anoncred,s4.1-anoncred-revoke-18,s4.1-anoncred-0123,s4.1-anoncred-request-0123,11c5bba4ea079b55ec19a8c33384fec08cfa24a30fc980ee8335ae340fbcff8e,7067891a089bf2c5a8a91c457cae239bf957f91f858361b3c3bad2cfbb5e8576,1,1,1,27837fda64efd2165c6dbe468534ead53a47556be3f6fe220cbec841c5bb5bfb,b0278e9a08b075c5c34ddaf5784e8acee8f52d628e5e841e6135ce010b1a5255,anoncred-0123/runtime-trace.jsonl,5914ab552a820136b43030dc8c1226a32e8d4a4325f1bbc93705935e5014c984,anoncred-0123/raw.log,c7374da4f402c9654c597717e4eba19011c245273f70ac212ebfdca4752d2a2b,measured,S4.1-anoncred-component,C_ANONCRED,0,1,none,"[""sha256:789d134105f6b040bb6c7a7b278b09e6fcdcbe55501f5be5f037046f90596cef""]",true,true,false,true,false,false,false,false,false,true,0,1.439254,revoke,0,1805,,
559e0bb531b3e4330c532e624d546d616c7849eb,a5463a90b3c1b48813560e77a89b438c2cc33d8d57c23bed868a6ca72b05a218,sha256:789d134105f6b040bb6c7a7b278b09e6fcdcbe55501f5be5f037046f90596cef,e5e4ec199eb709e456588807df0c03443fe175c2f5ba00ff7987dd78f2de279f,SAIB-RETF/2,credx-bbs-bls12-381-real,none,ca57a71d52244c7519483049ef2385f072f05ca69ea7e3cde06c31f37294f866,true,s4.1-component-anoncred,s4.1-anoncred-revoke-19,s4.1-anoncred-0124,s4.1-anoncred-request-0124,780df87e7a4cbab103a91a970377c172d6320e02f14ff8bcfe907d8c09876bfc,efed921b089cb8b7bf92fede761ec352cf26470c640b990869f83ee15692fdb2,1,1,1,5cb98cd46cbcba30906991255be160e978f4c5b2579d8af3ade9bb0115f2682e,e87c1342b3404e1101590dd0fcd37e955216060edd4ad8a0b40c68e4b012302e,anoncred-0124/runtime-trace.jsonl,8be18e6fdbb4cfde2305280fd8f023beb7214803b2667e35972625ecf4fb7ed5,anoncred-0124/raw.log,c7374da4f402c9654c597717e4eba19011c245273f70ac212ebfdca4752d2a2b,measured,S4.1-anoncred-component,C_ANONCRED,0,1,none,"[""sha256:789d134105f6b040bb6c7a7b278b09e6fcdcbe55501f5be5f037046f90596cef""]",true,true,false,true,false,false,false,false,false,true,0,1.475433,revoke,0,1805,,
559e0bb531b3e4330c532e624d546d616c7849eb,a5463a90b3c1b48813560e77a89b438c2cc33d8d57c23bed868a6ca72b05a218,sha256:789d134105f6b040bb6c7a7b278b09e6fcdcbe55501f5be5f037046f90596cef,e5e4ec199eb709e456588807df0c03443fe175c2f5ba00ff7987dd78f2de279f,SAIB-RETF/2,credx-bbs-bls12-381-real,none,ca57a71d52244c7519483049ef2385f072f05ca69ea7e3cde06c31f37294f866,true,s4.1-component-anoncred,s4.1-anoncred-revoke-20,s4.1-anoncred-0125,s4.1-anoncred-request-0125,c47c360751bfccf15e1667b227f250c08a62aafa47773c93b8245568ed0d7a65,4bdc5a4cb68359837adbeb33fe47cb003eb46b04c82efb3e81c3621b05a48f73,1,1,1,f3f2d3fce518c1b2734de63cff34c12a7f87b6f69b96c565d4a2a76709da6cf6,505ab7add45ceef5d426efd6af03ca25a3baf9a5c9d4ee5e901cbd205b0d78a6,anoncred-0125/runtime-trace.jsonl,ed749a3e01342dcd3f39997139e83809393ab0a5174baf789a527ad98faa68a7,anoncred-0125/raw.log,c7374da4f402c9654c597717e4eba19011c245273f70ac212ebfdca4752d2a2b,measured,S4.1-anoncred-component,C_ANONCRED,0,1,none,"[""sha256:789d134105f6b040bb6c7a7b278b09e6fcdcbe55501f5be5f037046f90596cef""]",true,true,false,true,false,false,false,false,false,true,0,1.484872,revoke,0,1805,,
559e0bb531b3e4330c532e624d546d616c7849eb,a5463a90b3c1b48813560e77a89b438c2cc33d8d57c23bed868a6ca72b05a218,sha256:789d134105f6b040bb6c7a7b278b09e6fcdcbe55501f5be5f037046f90596cef,e5e4ec199eb709e456588807df0c03443fe175c2f5ba00ff7987dd78f2de279f,SAIB-RETF/2,credx-bbs-bls12-381-real,none,ca57a71d52244c7519483049ef2385f072f05ca69ea7e3cde06c31f37294f866,true,s4.1-component-anoncred,s4.1-anoncred-revoke-21,s4.1-anoncred-0126,s4.1-anoncred-request-0126,37cc08f2c4074e453b7ce802598f8145eb8b3f632958d433a2c501aee026e17d,8997504e27e64f3757483deeb67f91a5936b4264b1927583256c4674849874e7,1,1,1,14842a14d2fe6fff47ec7adedb54d1072cf50bc670f26c1873467567a5691e22,e5a56dfb86a6a8df4f269117c018c939563f64ef0de614b737ca8297af68a933,anoncred-0126/runtime-trace.jsonl,df48d22979eec9ffe3fb17ca1218b00d6229a17ee813d294c9b8cc6e8db3be72,anoncred-0126/raw.log,c7374da4f402c9654c597717e4eba19011c245273f70ac212ebfdca4752d2a2b,measured,S4.1-anoncred-component,C_ANONCRED,0,1,none,"[""sha256:789d134105f6b040bb6c7a7b278b09e6fcdcbe55501f5be5f037046f90596cef""]",true,true,false,true,false,false,false,false,false,true,0,1.49452,revoke,0,1805,,
559e0bb531b3e4330c532e624d546d616c7849eb,a5463a90b3c1b48813560e77a89b438c2cc33d8d57c23bed868a6ca72b05a218,sha256:789d134105f6b040bb6c7a7b278b09e6fcdcbe55501f5be5f037046f90596cef,e5e4ec199eb709e456588807df0c03443fe175c2f5ba00ff7987dd78f2de279f,SAIB-RETF/2,credx-bbs-bls12-381-real,none,ca57a71d52244c7519483049ef2385f072f05ca69ea7e3cde06c31f37294f866,true,s4.1-component-anoncred,s4.1-anoncred-revoke-22,s4.1-anoncred-0127,s4.1-anoncred-request-0127,02e7c3d79679392c86e978f303f63993f8f34d5e28c68013e1a2695033543e08,508d41f01c39aa6267b608d155fe4b10fda2d604fb5c66eeaabd70ab6c4e6250,1,1,1,1800488ba8291d1dffe3dd8f259fab0691f9ee633930f3d5477b091768bd992f,e3aad7a6fabc6389ffa4523f7112d86aa0e9e3563beddeeb1e9a7ea2fd29918a,anoncred-0127/runtime-trace.jsonl,b8c97e26c443807b36f313698d0d4fd2a4c5140bfdc0a723b81d5c2b0e3f2601,anoncred-0127/raw.log,c7374da4f402c9654c597717e4eba19011c245273f70ac212ebfdca4752d2a2b,measured,S4.1-anoncred-component,C_ANONCRED,0,1,none,"[""sha256:789d134105f6b040bb6c7a7b278b09e6fcdcbe55501f5be5f037046f90596cef""]",true,true,false,true,false,false,false,false,false,true,0,1.570349,revoke,0,1805,,
559e0bb531b3e4330c532e624d546d616c7849eb,a5463a90b3c1b48813560e77a89b438c2cc33d8d57c23bed868a6ca72b05a218,sha256:789d134105f6b040bb6c7a7b278b09e6fcdcbe55501f5be5f037046f90596cef,e5e4ec199eb709e456588807df0c03443fe175c2f5ba00ff7987dd78f2de279f,SAIB-RETF/2,credx-bbs-bls12-381-real,none,ca57a71d52244c7519483049ef2385f072f05ca69ea7e3cde06c31f37294f866,true,s4.1-component-anoncred,s4.1-anoncred-revoke-23,s4.1-anoncred-0128,s4.1-anoncred-request-0128,6d4a52eeb4186572bf9956ff1ddbda5b186707cc71d78f6a74d75c04955eef45,205e72918ed12d072addd418c62da89c18a849c502fda72e53b881971ccb96fa,1,1,1,57ed27df6093d71a82a9d4940b473557397f12e53fe506f40d4b1d861bbdc4b8,dbf88723b5e6e5fd01953588f22c84bd93d145d6c34aca229aaf9764a5fd6b6d,anoncred-0128/runtime-trace.jsonl,e75901ee16ffd67984e57f77feb70c4508a7efb46b24c67260f27810faabaf43,anoncred-0128/raw.log,c7374da4f402c9654c597717e4eba19011c245273f70ac212ebfdca4752d2a2b,measured,S4.1-anoncred-component,C_ANONCRED,0,1,none,"[""sha256:789d134105f6b040bb6c7a7b278b09e6fcdcbe55501f5be5f037046f90596cef""]",true,true,false,true,false,false,false,false,false,true,0,1.522355,revoke,0,1805,,
559e0bb531b3e4330c532e624d546d616c7849eb,a5463a90b3c1b48813560e77a89b438c2cc33d8d57c23bed868a6ca72b05a218,sha256:789d134105f6b040bb6c7a7b278b09e6fcdcbe55501f5be5f037046f90596cef,e5e4ec199eb709e456588807df0c03443fe175c2f5ba00ff7987dd78f2de279f,SAIB-RETF/2,credx-bbs-bls12-381-real,none,ca57a71d52244c7519483049ef2385f072f05ca69ea7e3cde06c31f37294f866,true,s4.1-component-anoncred,s4.1-anoncred-revoke-24,s4.1-anoncred-0129,s4.1-anoncred-request-0129,4f6c1b932e987e498788ef0294b53aca9b06a2629f42701d0069114297396c8f,ffc13ca748ca8820f30fadb9054c29b2b4af5eadcb26d514fb234ebe225bc2d0,1,1,1,acef5a02ee2ae8df529e888bf383fed6b7863e242ba28a735582a26e34a77988,8054c5a4d9b2ff4e13cddae3917aee08b6729427b37006f64902b9cf20c92ff8,anoncred-0129/runtime-trace.jsonl,db42180672c2b50ed0cbb78b7a7d28dc172b527d554e0c82f41bb001dcdc02a5,anoncred-0129/raw.log,c7374da4f402c9654c597717e4eba19011c245273f70ac212ebfdca4752d2a2b,measured,S4.1-anoncred-component,C_ANONCRED,0,1,none,"[""sha256:789d134105f6b040bb6c7a7b278b09e6fcdcbe55501f5be5f037046f90596cef""]",true,true,false,true,false,false,false,false,false,true,0,1.544969,revoke,0,1805,,
559e0bb531b3e4330c532e624d546d616c7849eb,a5463a90b3c1b48813560e77a89b438c2cc33d8d57c23bed868a6ca72b05a218,sha256:789d134105f6b040bb6c7a7b278b09e6fcdcbe55501f5be5f037046f90596cef,e5e4ec199eb709e456588807df0c03443fe175c2f5ba00ff7987dd78f2de279f,SAIB-RETF/2,credx-bbs-bls12-381-real,none,ca57a71d52244c7519483049ef2385f072f05ca69ea7e3cde06c31f37294f866,true,s4.1-component-anoncred,s4.1-anoncred-revoke-25,s4.1-anoncred-0130,s4.1-anoncred-request-0130,2e3712cb8a708af7f64fa34d72da6251d64974a6ee7f6bb37a5cdb42a34766aa,0bca3cff90fa5a5dea81140e0a5b5f0c42e15852dad5dbded201310d3d65d5d1,1,1,1,4bbaab99e7349093cedc3b235085f2f0274f51565315f6b4c404734fa22fb622,b82056f06ce0c6ecd2faf9c2997142641d19ddd7580b226151a99bb344781396,anoncred-0130/runtime-trace.jsonl,2f45d4e8cfdf9424b829be55d2b9a79f458cf4288ac5b0905fb7380efd5588e7,anoncred-0130/raw.log,c7374da4f402c9654c597717e4eba19011c245273f70ac212ebfdca4752d2a2b,measured,S4.1-anoncred-component,C_ANONCRED,0,1,none,"[""sha256:789d134105f6b040bb6c7a7b278b09e6fcdcbe55501f5be5f037046f90596cef""]",true,true,false,true,false,false,false,false,false,true,0,1.561381,revoke,0,1805,,
559e0bb531b3e4330c532e624d546d616c7849eb,a5463a90b3c1b48813560e77a89b438c2cc33d8d57c23bed868a6ca72b05a218,sha256:789d134105f6b040bb6c7a7b278b09e6fcdcbe55501f5be5f037046f90596cef,e5e4ec199eb709e456588807df0c03443fe175c2f5ba00ff7987dd78f2de279f,SAIB-RETF/2,credx-bbs-bls12-381-real,none,ca57a71d52244c7519483049ef2385f072f05ca69ea7e3cde06c31f37294f866,true,s4.1-component-anoncred,s4.1-anoncred-revoke-26,s4.1-anoncred-0131,s4.1-anoncred-request-0131,b869a641b156f3c5087281a89fb74011f67934a85f8d830ea8dfbf322732bf2d,c03689a8028b90f37249894bc79fbfa300becfb1ad1971a8438713756e53a8bd,1,1,1,1102655e4b4f8af44ea7e03d8bc762fc05724abf1e7bfaf2c7130c712557f8b7,a4f700bafea0580f5a25aae73961bced2ef1ff15cb6ebe98209025a162ed09ec,anoncred-0131/runtime-trace.jsonl,1c777c4e40bf5cda8a19b55c8b2d87c600d47a41348158e3ff7e5dd7062ce833,anoncred-0131/raw.log,c7374da4f402c9654c597717e4eba19011c245273f70ac212ebfdca4752d2a2b,measured,S4.1-anoncred-component,C_ANONCRED,0,1,none,"[""sha256:789d134105f6b040bb6c7a7b278b09e6fcdcbe55501f5be5f037046f90596cef""]",true,true,false,true,false,false,false,false,false,true,0,1.542454,revoke,0,1805,,
559e0bb531b3e4330c532e624d546d616c7849eb,a5463a90b3c1b48813560e77a89b438c2cc33d8d57c23bed868a6ca72b05a218,sha256:789d134105f6b040bb6c7a7b278b09e6fcdcbe55501f5be5f037046f90596cef,e5e4ec199eb709e456588807df0c03443fe175c2f5ba00ff7987dd78f2de279f,SAIB-RETF/2,credx-bbs-bls12-381-real,none,ca57a71d52244c7519483049ef2385f072f05ca69ea7e3cde06c31f37294f866,true,s4.1-component-anoncred,s4.1-anoncred-revoke-27,s4.1-anoncred-0132,s4.1-anoncred-request-0132,67a597975729acbcd89f6f56a266f53c0013ede4b63a790a6f84e1080b63e9c3,ff0b9b0336ffb3d7346a167837b615e01c2bb493e29c56b2c8fe5b2780846a8d,1,1,1,1710408c6917e31ad968c57c59ba45bd5541697b39a0d0a9c635c5e0c7beeae9,7ac9309e2231d382e5e29c54aa63815110bca340b3f14f676979a02d4bd6268f,anoncred-0132/runtime-trace.jsonl,bef02f36a27c84a79a4b06d788c07edeed388eac6660c85ccd6ac1b04e699281,anoncred-0132/raw.log,c7374da4f402c9654c597717e4eba19011c245273f70ac212ebfdca4752d2a2b,measured,S4.1-anoncred-component,C_ANONCRED,0,1,none,"[""sha256:789d134105f6b040bb6c7a7b278b09e6fcdcbe55501f5be5f037046f90596cef""]",true,true,false,true,false,false,false,false,false,true,0,1.688639,revoke,0,1805,,
559e0bb531b3e4330c532e624d546d616c7849eb,a5463a90b3c1b48813560e77a89b438c2cc33d8d57c23bed868a6ca72b05a218,sha256:789d134105f6b040bb6c7a7b278b09e6fcdcbe55501f5be5f037046f90596cef,e5e4ec199eb709e456588807df0c03443fe175c2f5ba00ff7987dd78f2de279f,SAIB-RETF/2,credx-bbs-bls12-381-real,none,ca57a71d52244c7519483049ef2385f072f05ca69ea7e3cde06c31f37294f866,true,s4.1-component-anoncred,s4.1-anoncred-revoke-28,s4.1-anoncred-0133,s4.1-anoncred-request-0133,3f40e3eaa7df8b09ccb6b6e6576d8e2455b938297aff3ac2ecf0f8608c12ae7b,5aa63f18ae47b6235718c1a0f4a299afcb662b3a736f52a17f1a7f551a64551e,1,1,1,f992ea7c6f4fdf87fd6a1117f6cd58607da77313cdb2373828e3c3a5defdb5fe,95dcaf14c079a3bb1a7538f0dc7fc6c2354310d321049fdad550bfe671fa64ca,anoncred-0133/runtime-trace.jsonl,81d389c856bca7c746289a251f5b520893b70a580ecd28deb1d3146a3f187b6d,anoncred-0133/raw.log,c7374da4f402c9654c597717e4eba19011c245273f70ac212ebfdca4752d2a2b,measured,S4.1-anoncred-component,C_ANONCRED,0,1,none,"[""sha256:789d134105f6b040bb6c7a7b278b09e6fcdcbe55501f5be5f037046f90596cef""]",true,true,false,true,false,false,false,false,false,true,0,1.571029,revoke,0,1805,,
559e0bb531b3e4330c532e624d546d616c7849eb,a5463a90b3c1b48813560e77a89b438c2cc33d8d57c23bed868a6ca72b05a218,sha256:789d134105f6b040bb6c7a7b278b09e6fcdcbe55501f5be5f037046f90596cef,e5e4ec199eb709e456588807df0c03443fe175c2f5ba00ff7987dd78f2de279f,SAIB-RETF/2,credx-bbs-bls12-381-real,none,ca57a71d52244c7519483049ef2385f072f05ca69ea7e3cde06c31f37294f866,true,s4.1-component-anoncred,s4.1-anoncred-revoke-29,s4.1-anoncred-0134,s4.1-anoncred-request-0134,9e3071cecaa38c5b36dfc1aef4631fd79176c3e99cda5bbd95fb6be0ef3a3ef2,ad616fcb83ad1e298e6fb476fbc2ac49f1f25c3de9a35a82cd108851b1b5ca42,1,1,1,708c15dbc1da8a2c2ecd4a59b5457e43ea2c7c770c566bf428ff1095f77fa0b8,301d8048f2709afe195ba8192a7d060452a7626000e8edf14b30e84f584645bf,anoncred-0134/runtime-trace.jsonl,a18dab562d32d0e94160571a69e566f768873d7efb98ea2ad9fb41512e8579db,anoncred-0134/raw.log,c7374da4f402c9654c597717e4eba19011c245273f70ac212ebfdca4752d2a2b,measured,S4.1-anoncred-component,C_ANONCRED,0,1,none,"[""sha256:789d134105f6b040bb6c7a7b278b09e6fcdcbe55501f5be5f037046f90596cef""]",true,true,false,true,false,false,false,false,false,true,0,1.564617,revoke,0,1805,,
559e0bb531b3e4330c532e624d546d616c7849eb,a5463a90b3c1b48813560e77a89b438c2cc33d8d57c23bed868a6ca72b05a218,sha256:789d134105f6b040bb6c7a7b278b09e6fcdcbe55501f5be5f037046f90596cef,e5e4ec199eb709e456588807df0c03443fe175c2f5ba00ff7987dd78f2de279f,SAIB-RETF/2,credx-bbs-bls12-381-real,none,ca57a71d52244c7519483049ef2385f072f05ca69ea7e3cde06c31f37294f866,true,s4.1-component-anoncred,s4.1-anoncred-revoke-30,s4.1-anoncred-0135,s4.1-anoncred-request-0135,1a118c2c30f218925767db4ce72d360fc147b3f6875d262f31c09b93380a6f96,d6bcbdfa68ea088de0e724e7f2b76247f5f5463023c9b9d357907eeaff5dae04,1,1,1,68d344df5351b190f6846aa6cea81d9cafe5ca89548fd5da64512e97aa5976e2,bad812f459925ebd2502583aa245f0a49c8f1c106b1b6f874315611fe7614dfb,anoncred-0135/runtime-trace.jsonl,a8a6afb51ab3e6d4c591f7b9fbf25fd16d5adf1d8d843ccdc302b205396ec1af,anoncred-0135/raw.log,c7374da4f402c9654c597717e4eba19011c245273f70ac212ebfdca4752d2a2b,measured,S4.1-anoncred-component,C_ANONCRED,0,1,none,"[""sha256:789d134105f6b040bb6c7a7b278b09e6fcdcbe55501f5be5f037046f90596cef""]",true,true,false,true,false,false,false,false,false,true,0,1.6723370000000002,revoke,0,1805,,
559e0bb531b3e4330c532e624d546d616c7849eb,a5463a90b3c1b48813560e77a89b438c2cc33d8d57c23bed868a6ca72b05a218,sha256:789d134105f6b040bb6c7a7b278b09e6fcdcbe55501f5be5f037046f90596cef,e5e4ec199eb709e456588807df0c03443fe175c2f5ba00ff7987dd78f2de279f,SAIB-RETF/2,credx-bbs-bls12-381-real,none,ca57a71d52244c7519483049ef2385f072f05ca69ea7e3cde06c31f37294f866,true,s4.1-component-anoncred,s4.1-anoncred-revoke-31,s4.1-anoncred-0136,s4.1-anoncred-request-0136,d104ef410cde6127d175fa12d0bbabfb2f85a89c0d8cbb1e0f033182fee40569,5272e3e71025a64b82205f4ecc22fcd77e3b372a8d5d4a69e87683d16fe9ad5f,1,1,1,1591834997e8f976aeebc3e4364bc6a372e7482c74ef198e43e80ce6fcd585dd,7be3631e3aff247c6ad1fcbff68f1b2c11645eccf7f385790a32838328b67e35,anoncred-0136/runtime-trace.jsonl,6d6cc13d2df2d7c0b660cfc9376ae966e0202e5889a0f3c9863c57a140090b65,anoncred-0136/raw.log,c7374da4f402c9654c597717e4eba19011c245273f70ac212ebfdca4752d2a2b,measured,S4.1-anoncred-component,C_ANONCRED,0,1,none,"[""sha256:789d134105f6b040bb6c7a7b278b09e6fcdcbe55501f5be5f037046f90596cef""]",true,true,false,true,false,false,false,false,false,true,0,1.695607,revoke,0,1805,,
559e0bb531b3e4330c532e624d546d616c7849eb,a5463a90b3c1b48813560e77a89b438c2cc33d8d57c23bed868a6ca72b05a218,sha256:789d134105f6b040bb6c7a7b278b09e6fcdcbe55501f5be5f037046f90596cef,e5e4ec199eb709e456588807df0c03443fe175c2f5ba00ff7987dd78f2de279f,SAIB-RETF/2,credx-bbs-bls12-381-real,none,ca57a71d52244c7519483049ef2385f072f05ca69ea7e3cde06c31f37294f866,true,s4.1-component-anoncred,s4.1-anoncred-revoke-32,s4.1-anoncred-0137,s4.1-anoncred-request-0137,ae76d6c8061c6c966cae922cc751f1a61747c782c11f16d18cde3a0f28342d8a,122973466f13d6da3703eebadbc867d3140f0f0aedc12fbb7197729c0059f544,1,1,1,605c224e90d7fd72d3568803d8bdfc20256e9294331bb15aa893993a2bac6a5e,2561b18a8064cf08f1532ca36baec53132355c5acf7c9fb740a479605d067ef4,anoncred-0137/runtime-trace.jsonl,2bd439f211ad8ec43bbfd30fd85b3036f7e938292408297161f726113eb1a247,anoncred-0137/raw.log,c7374da4f402c9654c597717e4eba19011c245273f70ac212ebfdca4752d2a2b,measured,S4.1-anoncred-component,C_ANONCRED,0,1,none,"[""sha256:789d134105f6b040bb6c7a7b278b09e6fcdcbe55501f5be5f037046f90596cef""]",true,true,false,true,false,false,false,false,false,true,0,1.598644,revoke,0,1805,,
559e0bb531b3e4330c532e624d546d616c7849eb,a5463a90b3c1b48813560e77a89b438c2cc33d8d57c23bed868a6ca72b05a218,sha256:789d134105f6b040bb6c7a7b278b09e6fcdcbe55501f5be5f037046f90596cef,e5e4ec199eb709e456588807df0c03443fe175c2f5ba00ff7987dd78f2de279f,SAIB-RETF/2,credx-bbs-bls12-381-real,none,ca57a71d52244c7519483049ef2385f072f05ca69ea7e3cde06c31f37294f866,true,s4.1-component-anoncred,s4.1-anoncred-revoke-33,s4.1-anoncred-0138,s4.1-anoncred-request-0138,23227010716cedd21ba49b0449cc70cc24c3488fe5970723acd3d97fc826613a,0a5141c377f0b50e5b1fdfece04a2d639d5c3fa720df347d8731dabd681e52af,1,1,1,9e058beeb9f4c28b7611e3142312cd0ae29b0cac593869171d83ef17f07bc826,aadde85eef31f5b73ee480c6af8fe034e4d7efd5aca96b4d5411446082371754,anoncred-0138/runtime-trace.jsonl,c2434615ef24c122cb78367c52220253315b06ad75589b74955abc939a3ee4a3,anoncred-0138/raw.log,c7374da4f402c9654c597717e4eba19011c245273f70ac212ebfdca4752d2a2b,measured,S4.1-anoncred-component,C_ANONCRED,0,1,none,"[""sha256:789d134105f6b040bb6c7a7b278b09e6fcdcbe55501f5be5f037046f90596cef""]",true,true,false,true,false,false,false,false,false,true,0,1.4878179999999999,revoke,0,1805,,
559e0bb531b3e4330c532e624d546d616c7849eb,a5463a90b3c1b48813560e77a89b438c2cc33d8d57c23bed868a6ca72b05a218,sha256:789d134105f6b040bb6c7a7b278b09e6fcdcbe55501f5be5f037046f90596cef,e5e4ec199eb709e456588807df0c03443fe175c2f5ba00ff7987dd78f2de279f,SAIB-RETF/2,credx-bbs-bls12-381-real,none,ca57a71d52244c7519483049ef2385f072f05ca69ea7e3cde06c31f37294f866,true,s4.1-component-anoncred,s4.1-anoncred-revoke-34,s4.1-anoncred-0139,s4.1-anoncred-request-0139,347c0dc80f9e8be0bc7a69cef5e82767a8665f0ba2691eca8742db5812f33f6e,c0f1e97b6359073cb0d82a9e053ffab90c03f25699913a0bca2afa2c6dbcebd7,1,1,1,b060f1b9fd4e564fcfda27df2892c98c8d4c5e7efe94fcb3786f9bf5d5e84de1,644196a8fbf1ce71e0c5bb313d85130f98fb69b5472f5dcdc149d06e5109193b,anoncred-0139/runtime-trace.jsonl,1e21c9f327522ab0b84b8784a2a0ea7aabd7e958b1526a7ccbc0d03f91277ec7,anoncred-0139/raw.log,c7374da4f402c9654c597717e4eba19011c245273f70ac212ebfdca4752d2a2b,measured,S4.1-anoncred-component,C_ANONCRED,0,1,none,"[""sha256:789d134105f6b040bb6c7a7b278b09e6fcdcbe55501f5be5f037046f90596cef""]",true,true,false,true,false,false,false,false,false,true,0,1.51482,revoke,0,1805,,
559e0bb531b3e4330c532e624d546d616c7849eb,a5463a90b3c1b48813560e77a89b438c2cc33d8d57c23bed868a6ca72b05a218,sha256:789d134105f6b040bb6c7a7b278b09e6fcdcbe55501f5be5f037046f90596cef,e5e4ec199eb709e456588807df0c03443fe175c2f5ba00ff7987dd78f2de279f,SAIB-RETF/2,credx-bbs-bls12-381-real,none,ca57a71d52244c7519483049ef2385f072f05ca69ea7e3cde06c31f37294f866,true,s4.1-component-anoncred,s4.1-anoncred-witness_update-00,s4.1-anoncred-0140,s4.1-anoncred-request-0140,8f4f75620454e5ddac8963fcf1a30c7dd5dc7dd9b4c9f040faf2a7fdb59f5c79,bf1d0c8d64aeb53d3b346421033bc7f64eab5187c5ebde7d66bd0111d87cbb3e,1,1,1,d17a578d299262c279d02d289cff755279567d0a8baf394fff90d94faa19c6b5,bfeb2e8ea06b10673311d32dc107bfe555813e386b6c6bfd15bcabf9d2ed5296,anoncred-0140/runtime-trace.jsonl,8e19683dfc809cbc228013bb19abc44d357872db88b132d13ba95509884b42f7,anoncred-0140/raw.log,c7374da4f402c9654c597717e4eba19011c245273f70ac212ebfdca4752d2a2b,warmup,S4.1-anoncred-component,C_ANONCRED,0,1,none,"[""sha256:789d134105f6b040bb6c7a7b278b09e6fcdcbe55501f5be5f037046f90596cef""]",true,true,false,true,false,false,false,false,false,true,0,1.182633,witness_update,0,1805,,
559e0bb531b3e4330c532e624d546d616c7849eb,a5463a90b3c1b48813560e77a89b438c2cc33d8d57c23bed868a6ca72b05a218,sha256:789d134105f6b040bb6c7a7b278b09e6fcdcbe55501f5be5f037046f90596cef,e5e4ec199eb709e456588807df0c03443fe175c2f5ba00ff7987dd78f2de279f,SAIB-RETF/2,credx-bbs-bls12-381-real,none,ca57a71d52244c7519483049ef2385f072f05ca69ea7e3cde06c31f37294f866,true,s4.1-component-anoncred,s4.1-anoncred-witness_update-01,s4.1-anoncred-0141,s4.1-anoncred-request-0141,f0dfa453131c9b9d287d9e5771e0f2d87d70d81817af775ddd72310a9c5882fe,54733c573208780a73864791d67f7f6f87e70af14dfb0f59300fd386fcc312cb,1,1,1,befcbcea5a6692c7a4c9fbe1e19b9f86e1d454f30f77aa671b7cd18919efc2a0,c03e591c8a672f3b878e0d36feee43e00b598dcf0780da4cf91f55b32ca86e86,anoncred-0141/runtime-trace.jsonl,8473211d00fa3cf498165e74aeec9fba2feea9a9be8051634c6c98c8402fa457,anoncred-0141/raw.log,c7374da4f402c9654c597717e4eba19011c245273f70ac212ebfdca4752d2a2b,warmup,S4.1-anoncred-component,C_ANONCRED,0,1,none,"[""sha256:789d134105f6b040bb6c7a7b278b09e6fcdcbe55501f5be5f037046f90596cef""]",true,true,false,true,false,false,false,false,false,true,0,1.204055,witness_update,0,1805,,
559e0bb531b3e4330c532e624d546d616c7849eb,a5463a90b3c1b48813560e77a89b438c2cc33d8d57c23bed868a6ca72b05a218,sha256:789d134105f6b040bb6c7a7b278b09e6fcdcbe55501f5be5f037046f90596cef,e5e4ec199eb709e456588807df0c03443fe175c2f5ba00ff7987dd78f2de279f,SAIB-RETF/2,credx-bbs-bls12-381-real,none,ca57a71d52244c7519483049ef2385f072f05ca69ea7e3cde06c31f37294f866,true,s4.1-component-anoncred,s4.1-anoncred-witness_update-02,s4.1-anoncred-0142,s4.1-anoncred-request-0142,89c2200781a2bbc9d28e0725b086b8dc3d3036c228358bc1174d4937797806f0,16a71ece2806dfdb6d29f30a0e8438c1c2ee31b83a9880a1506ca14d287e5d36,1,1,1,dfa61bb234f3574f51a5e205d9d426a4432f24856960dbe00016684072f5ded1,278a10d5d39bb3d26f2b519a9fef0dd1d3c8104f5cee8c02e7f1b404b723e88f,anoncred-0142/runtime-trace.jsonl,ddbf0588b9a5c9f19eddb0ba2b111ca9be1be263e3a4dc674d067ee757ef5758,anoncred-0142/raw.log,c7374da4f402c9654c597717e4eba19011c245273f70ac212ebfdca4752d2a2b,warmup,S4.1-anoncred-component,C_ANONCRED,0,1,none,"[""sha256:789d134105f6b040bb6c7a7b278b09e6fcdcbe55501f5be5f037046f90596cef""]",true,true,false,true,false,false,false,false,false,true,0,1.219575,witness_update,0,1805,,
559e0bb531b3e4330c532e624d546d616c7849eb,a5463a90b3c1b48813560e77a89b438c2cc33d8d57c23bed868a6ca72b05a218,sha256:789d134105f6b040bb6c7a7b278b09e6fcdcbe55501f5be5f037046f90596cef,e5e4ec199eb709e456588807df0c03443fe175c2f5ba00ff7987dd78f2de279f,SAIB-RETF/2,credx-bbs-bls12-381-real,none,ca57a71d52244c7519483049ef2385f072f05ca69ea7e3cde06c31f37294f866,true,s4.1-component-anoncred,s4.1-anoncred-witness_update-03,s4.1-anoncred-0143,s4.1-anoncred-request-0143,548461eda8ae8d2942c77daeb6c603c91633d93b19c5ae1a9672130d7a2b4eee,273137bbabe85e4f431b8936c0c261994b98c55f98141fc1814b72cc91722307,1,1,1,38f0cf67ef81616ff32355e0cf7a0778cef197235075c6b3011fa9471317c29f,54cc09d82204159f86ef31953c0c6ac6bb5a39828db7f9a881be201552c29ffb,anoncred-0143/runtime-trace.jsonl,cd015c254fdb009efbe8127a3de9bda539bddabbb5b38a7b08f73f822488c0dd,anoncred-0143/raw.log,c7374da4f402c9654c597717e4eba19011c245273f70ac212ebfdca4752d2a2b,warmup,S4.1-anoncred-component,C_ANONCRED,0,1,none,"[""sha256:789d134105f6b040bb6c7a7b278b09e6fcdcbe55501f5be5f037046f90596cef""]",true,true,false,true,false,false,false,false,false,true,0,1.289914,witness_update,0,1805,,
559e0bb531b3e4330c532e624d546d616c7849eb,a5463a90b3c1b48813560e77a89b438c2cc33d8d57c23bed868a6ca72b05a218,sha256:789d134105f6b040bb6c7a7b278b09e6fcdcbe55501f5be5f037046f90596cef,e5e4ec199eb709e456588807df0c03443fe175c2f5ba00ff7987dd78f2de279f,SAIB-RETF/2,credx-bbs-bls12-381-real,none,ca57a71d52244c7519483049ef2385f072f05ca69ea7e3cde06c31f37294f866,true,s4.1-component-anoncred,s4.1-anoncred-witness_update-04,s4.1-anoncred-0144,s4.1-anoncred-request-0144,4a14b70655a303e4d417517d06218dd1de4ca161cbcdb36a4450f4c18773774c,f57250a97189f4ec1f2b933c7746bd35fa673152a34799b2c637fad92ee9cd62,1,1,1,285a70189ebe3974cf1e695d05468e985d8d2a8456f9b9b42a0b9eec9bf033e0,037097f491bdff373f92e3a62f6e657e47986eb2a9427680b827f8a098eac206,anoncred-0144/runtime-trace.jsonl,5f2d376f9e88158f52d2a2de734f1b55eadca061116d55a2c29f5a236701d99b,anoncred-0144/raw.log,c7374da4f402c9654c597717e4eba19011c245273f70ac212ebfdca4752d2a2b,warmup,S4.1-anoncred-component,C_ANONCRED,0,1,none,"[""sha256:789d134105f6b040bb6c7a7b278b09e6fcdcbe55501f5be5f037046f90596cef""]",true,true,false,true,false,false,false,false,false,true,0,1.237,witness_update,0,1805,,
559e0bb531b3e4330c532e624d546d616c7849eb,a5463a90b3c1b48813560e77a89b438c2cc33d8d57c23bed868a6ca72b05a218,sha256:789d134105f6b040bb6c7a7b278b09e6fcdcbe55501f5be5f037046f90596cef,e5e4ec199eb709e456588807df0c03443fe175c2f5ba00ff7987dd78f2de279f,SAIB-RETF/2,credx-bbs-bls12-381-real,none,ca57a71d52244c7519483049ef2385f072f05ca69ea7e3cde06c31f37294f866,true,s4.1-component-anoncred,s4.1-anoncred-witness_update-05,s4.1-anoncred-0145,s4.1-anoncred-request-0145,1862abc9cc3459d75220d7a8798a6b89485e2fc3d426e9f3c978a1632010b7db,cb65b035fa30e961a7983209e0b3a625188c86b0a6212f3818b75c0c0a7a8dca,1,1,1,40f141cf3404d11eecf9e384343e76248248477f16812c0a15248785f3f9dcd7,257a80ed18aa5e02ba0db4770687e13528e895c46b3914b6e6c9df6a2b57ea27,anoncred-0145/runtime-trace.jsonl,6eafb48cb46d1090f13abdd351bcb16def5044692d0e08b2c9096825f1e305ed,anoncred-0145/raw.log,c7374da4f402c9654c597717e4eba19011c245273f70ac212ebfdca4752d2a2b,measured,S4.1-anoncred-component,C_ANONCRED,0,1,none,"[""sha256:789d134105f6b040bb6c7a7b278b09e6fcdcbe55501f5be5f037046f90596cef""]",true,true,false,true,false,false,false,false,false,true,0,1.189837,witness_update,0,1805,,
559e0bb531b3e4330c532e624d546d616c7849eb,a5463a90b3c1b48813560e77a89b438c2cc33d8d57c23bed868a6ca72b05a218,sha256:789d134105f6b040bb6c7a7b278b09e6fcdcbe55501f5be5f037046f90596cef,e5e4ec199eb709e456588807df0c03443fe175c2f5ba00ff7987dd78f2de279f,SAIB-RETF/2,credx-bbs-bls12-381-real,none,ca57a71d52244c7519483049ef2385f072f05ca69ea7e3cde06c31f37294f866,true,s4.1-component-anoncred,s4.1-anoncred-witness_update-06,s4.1-anoncred-0146,s4.1-anoncred-request-0146,a0865356f5c655d0e02238ec1b8128e25c46642c9828eaa8253de9854ee5fdcb,f31f1fdcd6ca95aa69f2567a2a23c6c2515544519a2676e5cdd7af39e25adf04,1,1,1,bb6a32ab71ab9d0b1157a04065d317734a4e5c6f0acaac9427c8c9106b9c7c3f,866e8b0d8419379ae53c75c8606bb898c7d86a77ccca50fa1951e6a0f2109f32,anoncred-0146/runtime-trace.jsonl,84b4bb44533ab2ec9b37b5905c8e391e1927ae51c26058d6ff3c5f564c4f656c,anoncred-0146/raw.log,c7374da4f402c9654c597717e4eba19011c245273f70ac212ebfdca4752d2a2b,measured,S4.1-anoncred-component,C_ANONCRED,0,1,none,"[""sha256:789d134105f6b040bb6c7a7b278b09e6fcdcbe55501f5be5f037046f90596cef""]",true,true,false,true,false,false,false,false,false,true,0,1.142805,witness_update,0,1805,,
559e0bb531b3e4330c532e624d546d616c7849eb,a5463a90b3c1b48813560e77a89b438c2cc33d8d57c23bed868a6ca72b05a218,sha256:789d134105f6b040bb6c7a7b278b09e6fcdcbe55501f5be5f037046f90596cef,e5e4ec199eb709e456588807df0c03443fe175c2f5ba00ff7987dd78f2de279f,SAIB-RETF/2,credx-bbs-bls12-381-real,none,ca57a71d52244c7519483049ef2385f072f05ca69ea7e3cde06c31f37294f866,true,s4.1-component-anoncred,s4.1-anoncred-witness_update-07,s4.1-anoncred-0147,s4.1-anoncred-request-0147,19c38dfbe244680879419f4cc9e806b0668d765ec59505b8da03ef65b1e5f757,1fa652df1dc565e34cb1ad1335cac8a1b7a90035e2b03d5cab87630ce29ac428,1,1,1,c34a2d783b3aa1e8aa46ffb208c3ea95e86968c57be1481e0e026b3d1bc4b091,75566cf4b9bd0ed23277002fb1b6c388e322c44be6cc2b3e980c88dc1e1c8fc5,anoncred-0147/runtime-trace.jsonl,0d35bf53a1e78b6156d1b9c3c4eb4d68da424ce7438d4e6cef92f4670a394e6f,anoncred-0147/raw.log,c7374da4f402c9654c597717e4eba19011c245273f70ac212ebfdca4752d2a2b,measured,S4.1-anoncred-component,C_ANONCRED,0,1,none,"[""sha256:789d134105f6b040bb6c7a7b278b09e6fcdcbe55501f5be5f037046f90596cef""]",true,true,false,true,false,false,false,false,false,true,0,1.104671,witness_update,0,1805,,
559e0bb531b3e4330c532e624d546d616c7849eb,a5463a90b3c1b48813560e77a89b438c2cc33d8d57c23bed868a6ca72b05a218,sha256:789d134105f6b040bb6c7a7b278b09e6fcdcbe55501f5be5f037046f90596cef,e5e4ec199eb709e456588807df0c03443fe175c2f5ba00ff7987dd78f2de279f,SAIB-RETF/2,credx-bbs-bls12-381-real,none,ca57a71d52244c7519483049ef2385f072f05ca69ea7e3cde06c31f37294f866,true,s4.1-component-anoncred,s4.1-anoncred-witness_update-08,s4.1-anoncred-0148,s4.1-anoncred-request-0148,216d6949d5ec0d9b38ec291399e353be9e02badf7f99254727e811f038edd6ad,67f2c274b294cd09567f8f26e75a74763db7f226585986652ca387f9d7b2ef0f,1,1,1,c0211a20c923065e3c11f8f4ab2e0dad4af685c5a4e3745a1e37090b8e8a1c92,09730b7e2c1546b7defb9db82f04fc61b765b8bc84b981cf253d85aa1d71d753,anoncred-0148/runtime-trace.jsonl,112acf7cde7ae0c844c97a111b902bf6dcacdc27b50ab285de8ec25a70fbbdab,anoncred-0148/raw.log,c7374da4f402c9654c597717e4eba19011c245273f70ac212ebfdca4752d2a2b,measured,S4.1-anoncred-component,C_ANONCRED,0,1,none,"[""sha256:789d134105f6b040bb6c7a7b278b09e6fcdcbe55501f5be5f037046f90596cef""]",true,true,false,true,false,false,false,false,false,true,0,1.084222,witness_update,0,1805,,
559e0bb531b3e4330c532e624d546d616c7849eb,a5463a90b3c1b48813560e77a89b438c2cc33d8d57c23bed868a6ca72b05a218,sha256:789d134105f6b040bb6c7a7b278b09e6fcdcbe55501f5be5f037046f90596cef,e5e4ec199eb709e456588807df0c03443fe175c2f5ba00ff7987dd78f2de279f,SAIB-RETF/2,credx-bbs-bls12-381-real,none,ca57a71d52244c7519483049ef2385f072f05ca69ea7e3cde06c31f37294f866,true,s4.1-component-anoncred,s4.1-anoncred-witness_update-09,s4.1-anoncred-0149,s4.1-anoncred-request-0149,c85aad8172167077dc5035cb639971d776e5db74acc0bd45cdfb3b9bc926d9fb,27ad6e72eae7daaf93d01f727abe85fb0540ea0760340cd0090dcca0facef256,1,1,1,d7df2cf306e71a5e91b02a0132321b6b4411555687508642cad9a190bf873865,0ad34c8dff363a302c7c0f9991bdcc779db6b751ca51608dbe212341108f409d,anoncred-0149/runtime-trace.jsonl,4d046afe251c83a5a46a7231035bcd643646b51a01ac65aa67b583589dac1f6b,anoncred-0149/raw.log,c7374da4f402c9654c597717e4eba19011c245273f70ac212ebfdca4752d2a2b,measured,S4.1-anoncred-component,C_ANONCRED,0,1,none,"[""sha256:789d134105f6b040bb6c7a7b278b09e6fcdcbe55501f5be5f037046f90596cef""]",true,true,false,true,false,false,false,false,false,true,0,1.0856240000000001,witness_update,0,1805,,
559e0bb531b3e4330c532e624d546d616c7849eb,a5463a90b3c1b48813560e77a89b438c2cc33d8d57c23bed868a6ca72b05a218,sha256:789d134105f6b040bb6c7a7b278b09e6fcdcbe55501f5be5f037046f90596cef,e5e4ec199eb709e456588807df0c03443fe175c2f5ba00ff7987dd78f2de279f,SAIB-RETF/2,credx-bbs-bls12-381-real,none,ca57a71d52244c7519483049ef2385f072f05ca69ea7e3cde06c31f37294f866,true,s4.1-component-anoncred,s4.1-anoncred-witness_update-10,s4.1-anoncred-0150,s4.1-anoncred-request-0150,3ebec3f7fb38748d6873b63cdfda9dceae6c04921ebdeec24b2abda62ee30a5f,351d891717815739b2ffe4b1b42a4ef09dfca3d5da32411615ab9577ab200264,1,1,1,0892d0892f22a9552090f639c004ece840b9108908b5509a4234b46563935618,82b826d0658989998b4ab13b5360cdbae9487830abff0bbbf1e1699d76614290,anoncred-0150/runtime-trace.jsonl,ab4c85ab82de2b099161bc0f39bfdde92c21156ebe81f103516fbcc38d9a9f78,anoncred-0150/raw.log,c7374da4f402c9654c597717e4eba19011c245273f70ac212ebfdca4752d2a2b,measured,S4.1-anoncred-component,C_ANONCRED,0,1,none,"[""sha256:789d134105f6b040bb6c7a7b278b09e6fcdcbe55501f5be5f037046f90596cef""]",true,true,false,true,false,false,false,false,false,true,0,1.130872,witness_update,0,1805,,
559e0bb531b3e4330c532e624d546d616c7849eb,a5463a90b3c1b48813560e77a89b438c2cc33d8d57c23bed868a6ca72b05a218,sha256:789d134105f6b040bb6c7a7b278b09e6fcdcbe55501f5be5f037046f90596cef,e5e4ec199eb709e456588807df0c03443fe175c2f5ba00ff7987dd78f2de279f,SAIB-RETF/2,credx-bbs-bls12-381-real,none,ca57a71d52244c7519483049ef2385f072f05ca69ea7e3cde06c31f37294f866,true,s4.1-component-anoncred,s4.1-anoncred-witness_update-11,s4.1-anoncred-0151,s4.1-anoncred-request-0151,44007fc3195098db181c4bc842d3f5bf509c53a65767cba27504f3782d10b4df,e95f9a093115ced4769f566c1bea092707b3e5b1e1ceb3bda9d5074e74168abc,1,1,1,bae61f771a8e54375448c5c7550be62fb2fb840080459b221980f02447119b44,a31be2684e62a3260e56fe55bb66ba70c40ad873f50001297a39099a5467abd8,anoncred-0151/runtime-trace.jsonl,3338e453ad9baa290cafbabba4376da7e7f0d45013663ae154646ba9bb84281e,anoncred-0151/raw.log,c7374da4f402c9654c597717e4eba19011c245273f70ac212ebfdca4752d2a2b,measured,S4.1-anoncred-component,C_ANONCRED,0,1,none,"[""sha256:789d134105f6b040bb6c7a7b278b09e6fcdcbe55501f5be5f037046f90596cef""]",true,true,false,true,false,false,false,false,false,true,0,1.1150419999999999,witness_update,0,1805,,
559e0bb531b3e4330c532e624d546d616c7849eb,a5463a90b3c1b48813560e77a89b438c2cc33d8d57c23bed868a6ca72b05a218,sha256:789d134105f6b040bb6c7a7b278b09e6fcdcbe55501f5be5f037046f90596cef,e5e4ec199eb709e456588807df0c03443fe175c2f5ba00ff7987dd78f2de279f,SAIB-RETF/2,credx-bbs-bls12-381-real,none,ca57a71d52244c7519483049ef2385f072f05ca69ea7e3cde06c31f37294f866,true,s4.1-component-anoncred,s4.1-anoncred-witness_update-12,s4.1-anoncred-0152,s4.1-anoncred-request-0152,4ee377ce66e8476d8421329a3cab6686f669ce8d9d7e9c2ced72a88edf0e04b0,92d7618cf82a4de93b95f610849c7cf4017bff5a5b8ea24c73ddbb596dae26f2,1,1,1,b08c8dc6f92135d2bbf7fff0a753a01432c581fd7566191033d32e395375c130,0353a22c1cfb4971b182d90a85cb5343338325ab22e6cae7f4f18d7a69af02e7,anoncred-0152/runtime-trace.jsonl,6afeeaee9bd273f12708cea43733c313e8d00be78b3526d7ae6b7b6a874887f9,anoncred-0152/raw.log,c7374da4f402c9654c597717e4eba19011c245273f70ac212ebfdca4752d2a2b,measured,S4.1-anoncred-component,C_ANONCRED,0,1,none,"[""sha256:789d134105f6b040bb6c7a7b278b09e6fcdcbe55501f5be5f037046f90596cef""]",true,true,false,true,false,false,false,false,false,true,0,1.087167,witness_update,0,1805,,
559e0bb531b3e4330c532e624d546d616c7849eb,a5463a90b3c1b48813560e77a89b438c2cc33d8d57c23bed868a6ca72b05a218,sha256:789d134105f6b040bb6c7a7b278b09e6fcdcbe55501f5be5f037046f90596cef,e5e4ec199eb709e456588807df0c03443fe175c2f5ba00ff7987dd78f2de279f,SAIB-RETF/2,credx-bbs-bls12-381-real,none,ca57a71d52244c7519483049ef2385f072f05ca69ea7e3cde06c31f37294f866,true,s4.1-component-anoncred,s4.1-anoncred-witness_update-13,s4.1-anoncred-0153,s4.1-anoncred-request-0153,3f5cb951eabb8583140e4484a7ae9e856e30554c1971d2b91626c1a50bb5a4f2,922be77e09c32ce5502144a0ff9b0c44b6f398efc36cdc2de4a66593477cab4a,1,1,1,4e26386b8d42fbae0730ffa4980dc7a846badfcad71f277491a5691135605035,d8a1540338dd6f328e12b010b94e55ef7f1afc12c23a0dcbeeccd64cbeed845f,anoncred-0153/runtime-trace.jsonl,11cb2cf189296d094851d26d97dcf6521f73bfc1d4f1a28313427ce5f63b15c0,anoncred-0153/raw.log,c7374da4f402c9654c597717e4eba19011c245273f70ac212ebfdca4752d2a2b,measured,S4.1-anoncred-component,C_ANONCRED,0,1,none,"[""sha256:789d134105f6b040bb6c7a7b278b09e6fcdcbe55501f5be5f037046f90596cef""]",true,true,false,true,false,false,false,false,false,true,0,1.0894819999999998,witness_update,0,1805,,
559e0bb531b3e4330c532e624d546d616c7849eb,a5463a90b3c1b48813560e77a89b438c2cc33d8d57c23bed868a6ca72b05a218,sha256:789d134105f6b040bb6c7a7b278b09e6fcdcbe55501f5be5f037046f90596cef,e5e4ec199eb709e456588807df0c03443fe175c2f5ba00ff7987dd78f2de279f,SAIB-RETF/2,credx-bbs-bls12-381-real,none,ca57a71d52244c7519483049ef2385f072f05ca69ea7e3cde06c31f37294f866,true,s4.1-component-anoncred,s4.1-anoncred-witness_update-14,s4.1-anoncred-0154,s4.1-anoncred-request-0154,f51f93ffaad0755c6148cef4df9423f9305252c5822cd79344fafc8361d929bb,7856281cc9af793bdd8042b9b155d33a9e5166d43160b14eec3a134c9fde4b4a,1,1,1,e306b9d212762f8e666389928dc40332f9a7bddc752727acae55d16cb1b00cf3,d6e4e412fcb34f0c203a6d2cbf6098eeae34f5bea3848a9ec45384707f3036b8,anoncred-0154/runtime-trace.jsonl,7709055bb941fc44df48ff19024ac95ccdabe4156739b1a87ed4c590596f2789,anoncred-0154/raw.log,c7374da4f402c9654c597717e4eba19011c245273f70ac212ebfdca4752d2a2b,measured,S4.1-anoncred-component,C_ANONCRED,0,1,none,"[""sha256:789d134105f6b040bb6c7a7b278b09e6fcdcbe55501f5be5f037046f90596cef""]",true,true,false,true,false,false,false,false,false,true,0,1.119089,witness_update,0,1805,,
559e0bb531b3e4330c532e624d546d616c7849eb,a5463a90b3c1b48813560e77a89b438c2cc33d8d57c23bed868a6ca72b05a218,sha256:789d134105f6b040bb6c7a7b278b09e6fcdcbe55501f5be5f037046f90596cef,e5e4ec199eb709e456588807df0c03443fe175c2f5ba00ff7987dd78f2de279f,SAIB-RETF/2,credx-bbs-bls12-381-real,none,ca57a71d52244c7519483049ef2385f072f05ca69ea7e3cde06c31f37294f866,true,s4.1-component-anoncred,s4.1-anoncred-witness_update-15,s4.1-anoncred-0155,s4.1-anoncred-request-0155,8f656bbb96b1c716c0177fe7ad25f05ecf8bb6f11e6eb8e5557c046f9dc96892,fdee305b6776cceeee85b5a779e24e1256a05667b194d3341a562db9081272e3,1,1,1,bdb666900fdf267ebf56d9eee7d4abd2076f9a1ca83b092d64bdfca4f423bd86,5c682eba44857e0df04d0b641a0e532f517b31a07b9a692ebe108db841d37a25,anoncred-0155/runtime-trace.jsonl,b3451631a5f8ed3209f26747220144a638c2f25ae539b48406439c0d7ffd0b15,anoncred-0155/raw.log,c7374da4f402c9654c597717e4eba19011c245273f70ac212ebfdca4752d2a2b,measured,S4.1-anoncred-component,C_ANONCRED,0,1,none,"[""sha256:789d134105f6b040bb6c7a7b278b09e6fcdcbe55501f5be5f037046f90596cef""]",true,true,false,true,false,false,false,false,false,true,0,1.069754,witness_update,0,1805,,
559e0bb531b3e4330c532e624d546d616c7849eb,a5463a90b3c1b48813560e77a89b438c2cc33d8d57c23bed868a6ca72b05a218,sha256:789d134105f6b040bb6c7a7b278b09e6fcdcbe55501f5be5f037046f90596cef,e5e4ec199eb709e456588807df0c03443fe175c2f5ba00ff7987dd78f2de279f,SAIB-RETF/2,credx-bbs-bls12-381-real,none,ca57a71d52244c7519483049ef2385f072f05ca69ea7e3cde06c31f37294f866,true,s4.1-component-anoncred,s4.1-anoncred-witness_update-16,s4.1-anoncred-0156,s4.1-anoncred-request-0156,d0f76414fef6d4b20292c87cf95a1e4989f16f4288042dca62f9dbf6c45924e0,38de6eee6b11231c3c286149686c6e34726e58670ab2e31b0206db6f09e1cd22,1,1,1,d4fa9bbc7837ac383a9bce3c79bb5ea897d257c3703b7af3354bd6269699e2dd,7f2af3ef6f20660d5316266a6d74feb4680c9f66ad4ed83676523913973243c5,anoncred-0156/runtime-trace.jsonl,a887712829aaf23c357a7c48ae2b6e073813b12ac599384ffd2fe6cabefe6668,anoncred-0156/raw.log,c7374da4f402c9654c597717e4eba19011c245273f70ac212ebfdca4752d2a2b,measured,S4.1-anoncred-component,C_ANONCRED,0,1,none,"[""sha256:789d134105f6b040bb6c7a7b278b09e6fcdcbe55501f5be5f037046f90596cef""]",true,true,false,true,false,false,false,false,false,true,0,1.102778,witness_update,0,1805,,
559e0bb531b3e4330c532e624d546d616c7849eb,a5463a90b3c1b48813560e77a89b438c2cc33d8d57c23bed868a6ca72b05a218,sha256:789d134105f6b040bb6c7a7b278b09e6fcdcbe55501f5be5f037046f90596cef,e5e4ec199eb709e456588807df0c03443fe175c2f5ba00ff7987dd78f2de279f,SAIB-RETF/2,credx-bbs-bls12-381-real,none,ca57a71d52244c7519483049ef2385f072f05ca69ea7e3cde06c31f37294f866,true,s4.1-component-anoncred,s4.1-anoncred-witness_update-17,s4.1-anoncred-0157,s4.1-anoncred-request-0157,383767de6a5b84952517d0e1bc7fe93e6a32be51e75b6bb0bb29bf45e7d8fe82,2b3b69d87a5a930dd7510a72d303df341d0e91ae0c830691fe59ab21371095b5,1,1,1,817edad104069e33fc3627c6144292b477ba6da897c56e6e4ffacd7a482f1747,50b7b2cb419e4cf12d18354d1710d04edd29e0a0b580ea0c5244d13b56097cc8,anoncred-0157/runtime-trace.jsonl,0e5b5379191911a25b5a9e4ed04212d0e604e05029f75e379a1d137ca7e1fd29,anoncred-0157/raw.log,c7374da4f402c9654c597717e4eba19011c245273f70ac212ebfdca4752d2a2b,measured,S4.1-anoncred-component,C_ANONCRED,0,1,none,"[""sha256:789d134105f6b040bb6c7a7b278b09e6fcdcbe55501f5be5f037046f90596cef""]",true,true,false,true,false,false,false,false,false,true,0,1.123217,witness_update,0,1805,,
559e0bb531b3e4330c532e624d546d616c7849eb,a5463a90b3c1b48813560e77a89b438c2cc33d8d57c23bed868a6ca72b05a218,sha256:789d134105f6b040bb6c7a7b278b09e6fcdcbe55501f5be5f037046f90596cef,e5e4ec199eb709e456588807df0c03443fe175c2f5ba00ff7987dd78f2de279f,SAIB-RETF/2,credx-bbs-bls12-381-real,none,ca57a71d52244c7519483049ef2385f072f05ca69ea7e3cde06c31f37294f866,true,s4.1-component-anoncred,s4.1-anoncred-witness_update-18,s4.1-anoncred-0158,s4.1-anoncred-request-0158,9c0086a4080d77cf0dff0bd6db33a42750ba71f359b121f21be0c708235abe24,e6b1f9f7cdd66706e23cd6ce653ca18d4d4520ce90616420f243944d0596e539,1,1,1,0e1225bf980909fc6be2375d56e44ba9e03ad14d8af443ba365e00b77b4b8740,2704168c8897dc8d7fc0054fdcf8b46d69434dca273061ab8036f2a2e7069ecd,anoncred-0158/runtime-trace.jsonl,a631cf10d49dc4f003be2eed17a0c2c90cb527aebdb8cf9c08d383898e64dc8e,anoncred-0158/raw.log,c7374da4f402c9654c597717e4eba19011c245273f70ac212ebfdca4752d2a2b,measured,S4.1-anoncred-component,C_ANONCRED,0,1,none,"[""sha256:789d134105f6b040bb6c7a7b278b09e6fcdcbe55501f5be5f037046f90596cef""]",true,true,false,true,false,false,false,false,false,true,0,1.105864,witness_update,0,1805,,
559e0bb531b3e4330c532e624d546d616c7849eb,a5463a90b3c1b48813560e77a89b438c2cc33d8d57c23bed868a6ca72b05a218,sha256:789d134105f6b040bb6c7a7b278b09e6fcdcbe55501f5be5f037046f90596cef,e5e4ec199eb709e456588807df0c03443fe175c2f5ba00ff7987dd78f2de279f,SAIB-RETF/2,credx-bbs-bls12-381-real,none,ca57a71d52244c7519483049ef2385f072f05ca69ea7e3cde06c31f37294f866,true,s4.1-component-anoncred,s4.1-anoncred-witness_update-19,s4.1-anoncred-0159,s4.1-anoncred-request-0159,d5f4a2ef162ac7c587df62b7dc09e5b312980bdc9418e2c62087e3f287c4ce59,58f836af8420115230b1623de47d36c6f19928cf88bbb90f96b73b08e80437dc,1,1,1,2de0925ccb0aab2d908a43713cf464dea67f473b4d221425238c4d16fd8a9154,189f2ff7488b682c4b3ae328aa29d889e01b6102008ebeb5e4beafd1d4c02dd9,anoncred-0159/runtime-trace.jsonl,e74d4d95c39c33de91b89083600fb48484abd9abb7955a670627857f145e27b5,anoncred-0159/raw.log,c7374da4f402c9654c597717e4eba19011c245273f70ac212ebfdca4752d2a2b,measured,S4.1-anoncred-component,C_ANONCRED,0,1,none,"[""sha256:789d134105f6b040bb6c7a7b278b09e6fcdcbe55501f5be5f037046f90596cef""]",true,true,false,true,false,false,false,false,false,true,0,1.126394,witness_update,0,1805,,
559e0bb531b3e4330c532e624d546d616c7849eb,a5463a90b3c1b48813560e77a89b438c2cc33d8d57c23bed868a6ca72b05a218,sha256:789d134105f6b040bb6c7a7b278b09e6fcdcbe55501f5be5f037046f90596cef,e5e4ec199eb709e456588807df0c03443fe175c2f5ba00ff7987dd78f2de279f,SAIB-RETF/2,credx-bbs-bls12-381-real,none,ca57a71d52244c7519483049ef2385f072f05ca69ea7e3cde06c31f37294f866,true,s4.1-component-anoncred,s4.1-anoncred-witness_update-20,s4.1-anoncred-0160,s4.1-anoncred-request-0160,f7ce4fc94ba89412068593de735fd2496956213b933c70f8e7852d4d4c49eb44,0adf850fff13266071c39a3917b54d3fa1eb0ba57f60cd4047db1c6e59ed4682,1,1,1,a42762c2885054e3ba1a787b80fd2a9d8a3b46369dcba634da720b8fc10b3ac8,637afe1d2b030c82c3143e43ad210fb014a9bf4d127709cb88c9f6a45fccaac8,anoncred-0160/runtime-trace.jsonl,a2c7f5d0a2f1220f390100e431c69716fab81a7c190686a51efe7742941fb12c,anoncred-0160/raw.log,c7374da4f402c9654c597717e4eba19011c245273f70ac212ebfdca4752d2a2b,measured,S4.1-anoncred-component,C_ANONCRED,0,1,none,"[""sha256:789d134105f6b040bb6c7a7b278b09e6fcdcbe55501f5be5f037046f90596cef""]",true,true,false,true,false,false,false,false,false,true,0,1.189807,witness_update,0,1805,,
559e0bb531b3e4330c532e624d546d616c7849eb,a5463a90b3c1b48813560e77a89b438c2cc33d8d57c23bed868a6ca72b05a218,sha256:789d134105f6b040bb6c7a7b278b09e6fcdcbe55501f5be5f037046f90596cef,e5e4ec199eb709e456588807df0c03443fe175c2f5ba00ff7987dd78f2de279f,SAIB-RETF/2,credx-bbs-bls12-381-real,none,ca57a71d52244c7519483049ef2385f072f05ca69ea7e3cde06c31f37294f866,true,s4.1-component-anoncred,s4.1-anoncred-witness_update-21,s4.1-anoncred-0161,s4.1-anoncred-request-0161,21a009b9c841b37d841db9d73107f5c076b460cba3e8eaf9dacd560a66bf9995,6644f136d005aae7fdb5e4bac8e7892c5fce03c220f003eec3363fe11fdce6a7,1,1,1,9ec56f3ac1e5c710872334640c90fc9ca8700902ab26d08878f2a35df5a29d92,2516df5afc1d1ebda73f9052167652df61611149ab7596bbbcfff7b9407f3235,anoncred-0161/runtime-trace.jsonl,87a9362646c9fdce3983d932861b690d57aae91223ff32fc26093008f0eff78e,anoncred-0161/raw.log,c7374da4f402c9654c597717e4eba19011c245273f70ac212ebfdca4752d2a2b,measured,S4.1-anoncred-component,C_ANONCRED,0,1,none,"[""sha256:789d134105f6b040bb6c7a7b278b09e6fcdcbe55501f5be5f037046f90596cef""]",true,true,false,true,false,false,false,false,false,true,0,1.153216,witness_update,0,1805,,
559e0bb531b3e4330c532e624d546d616c7849eb,a5463a90b3c1b48813560e77a89b438c2cc33d8d57c23bed868a6ca72b05a218,sha256:789d134105f6b040bb6c7a7b278b09e6fcdcbe55501f5be5f037046f90596cef,e5e4ec199eb709e456588807df0c03443fe175c2f5ba00ff7987dd78f2de279f,SAIB-RETF/2,credx-bbs-bls12-381-real,none,ca57a71d52244c7519483049ef2385f072f05ca69ea7e3cde06c31f37294f866,true,s4.1-component-anoncred,s4.1-anoncred-witness_update-22,s4.1-anoncred-0162,s4.1-anoncred-request-0162,294607b5ba9dfc97ddfdb91520ea185fb4753b2e5621b4a9c2e898fe6a2b4053,4a6b2fa4e746f58584eb4a106f9c669e05ef2d527c02617c94a4839b353ab52d,1,1,1,f0d06ae048cd690c6ec4a5e7fc80377463a862792e3a9d1dbf0f2dc566ae118a,5b75c5439c0f9b6d81b88577dbd428b32062654bf227d7c6a37236b6ab33053a,anoncred-0162/runtime-trace.jsonl,5b284e58d203423b412390f2f77dd33dd953b4f7a861a53c00fad172b6a7168b,anoncred-0162/raw.log,c7374da4f402c9654c597717e4eba19011c245273f70ac212ebfdca4752d2a2b,measured,S4.1-anoncred-component,C_ANONCRED,0,1,none,"[""sha256:789d134105f6b040bb6c7a7b278b09e6fcdcbe55501f5be5f037046f90596cef""]",true,true,false,true,false,false,false,false,false,true,0,1.3345690000000001,witness_update,0,1805,,
559e0bb531b3e4330c532e624d546d616c7849eb,a5463a90b3c1b48813560e77a89b438c2cc33d8d57c23bed868a6ca72b05a218,sha256:789d134105f6b040bb6c7a7b278b09e6fcdcbe55501f5be5f037046f90596cef,e5e4ec199eb709e456588807df0c03443fe175c2f5ba00ff7987dd78f2de279f,SAIB-RETF/2,credx-bbs-bls12-381-real,none,ca57a71d52244c7519483049ef2385f072f05ca69ea7e3cde06c31f37294f866,true,s4.1-component-anoncred,s4.1-anoncred-witness_update-23,s4.1-anoncred-0163,s4.1-anoncred-request-0163,84678b3ac2d21af0231c72baa9e2fec563f140aab64d1ff9a7fd1e76e0b13159,ad2d385322962eccfb6ef6e2f7be103fe5319306e35db4bf0785ccde3aa80098,1,1,1,97ff77c68283f54cf5ea216265afde14788cc071233b41ebfbe32c6a1eaa7e18,497c002a7358a4d3a9542f148c2655d3757c1cbf53cefc2c695d68633c6e96c1,anoncred-0163/runtime-trace.jsonl,67cd829ecc1ee0fce4f35d2429948465dcfb0a96ed4c36adb206c2adad70d2db,anoncred-0163/raw.log,c7374da4f402c9654c597717e4eba19011c245273f70ac212ebfdca4752d2a2b,measured,S4.1-anoncred-component,C_ANONCRED,0,1,none,"[""sha256:789d134105f6b040bb6c7a7b278b09e6fcdcbe55501f5be5f037046f90596cef""]",true,true,false,true,false,false,false,false,false,true,0,1.194657,witness_update,0,1805,,
559e0bb531b3e4330c532e624d546d616c7849eb,a5463a90b3c1b48813560e77a89b438c2cc33d8d57c23bed868a6ca72b05a218,sha256:789d134105f6b040bb6c7a7b278b09e6fcdcbe55501f5be5f037046f90596cef,e5e4ec199eb709e456588807df0c03443fe175c2f5ba00ff7987dd78f2de279f,SAIB-RETF/2,credx-bbs-bls12-381-real,none,ca57a71d52244c7519483049ef2385f072f05ca69ea7e3cde06c31f37294f866,true,s4.1-component-anoncred,s4.1-anoncred-witness_update-24,s4.1-anoncred-0164,s4.1-anoncred-request-0164,2edddfeaa1b9d86587e068f7a394b4e0b4364de0fb47ba1fd34d766399ef6282,c163853254cfa110bb519762fa79f2673291d0c2d26700db3f2a34e25c939312,1,1,1,b933fc22edf85f8fe1480ceffa6d477205dadcc88d6ea7de4f6cff22f514478f,1adf837ce684286e76033267bb9306244c5114e481fd56e7fbed29af60254914,anoncred-0164/runtime-trace.jsonl,c40cfed193c35386092fc47a8a6d695ac7f85d7a85a98c32d59d0f06b463bf1b,anoncred-0164/raw.log,c7374da4f402c9654c597717e4eba19011c245273f70ac212ebfdca4752d2a2b,measured,S4.1-anoncred-component,C_ANONCRED,0,1,none,"[""sha256:789d134105f6b040bb6c7a7b278b09e6fcdcbe55501f5be5f037046f90596cef""]",true,true,false,true,false,false,false,false,false,true,0,1.065275,witness_update,0,1805,,
559e0bb531b3e4330c532e624d546d616c7849eb,a5463a90b3c1b48813560e77a89b438c2cc33d8d57c23bed868a6ca72b05a218,sha256:789d134105f6b040bb6c7a7b278b09e6fcdcbe55501f5be5f037046f90596cef,e5e4ec199eb709e456588807df0c03443fe175c2f5ba00ff7987dd78f2de279f,SAIB-RETF/2,credx-bbs-bls12-381-real,none,ca57a71d52244c7519483049ef2385f072f05ca69ea7e3cde06c31f37294f866,true,s4.1-component-anoncred,s4.1-anoncred-witness_update-25,s4.1-anoncred-0165,s4.1-anoncred-request-0165,a99098c30bfa8275ca8fe523f06a02812e1b10c9d66627f64f9bc31d70198b71,1ae990aed8636a64cf41581018b65d0dfa83ecfe46ab2667bb640039943f5d61,1,1,1,cac7c68a3c8c78a93236119bf361158e19a2ec0262e52ff61ef568efbd292be7,7b9ef8c4d5182eb5531b4bc4280d98001fd84e69de236b48915012c8e043046b,anoncred-0165/runtime-trace.jsonl,0e34b05d3ae5af05c66a6cca87281556c91e39a83c721601f11654cbfb646b20,anoncred-0165/raw.log,c7374da4f402c9654c597717e4eba19011c245273f70ac212ebfdca4752d2a2b,measured,S4.1-anoncred-component,C_ANONCRED,0,1,none,"[""sha256:789d134105f6b040bb6c7a7b278b09e6fcdcbe55501f5be5f037046f90596cef""]",true,true,false,true,false,false,false,false,false,true,0,1.111955,witness_update,0,1805,,
559e0bb531b3e4330c532e624d546d616c7849eb,a5463a90b3c1b48813560e77a89b438c2cc33d8d57c23bed868a6ca72b05a218,sha256:789d134105f6b040bb6c7a7b278b09e6fcdcbe55501f5be5f037046f90596cef,e5e4ec199eb709e456588807df0c03443fe175c2f5ba00ff7987dd78f2de279f,SAIB-RETF/2,credx-bbs-bls12-381-real,none,ca57a71d52244c7519483049ef2385f072f05ca69ea7e3cde06c31f37294f866,true,s4.1-component-anoncred,s4.1-anoncred-witness_update-26,s4.1-anoncred-0166,s4.1-anoncred-request-0166,a5d2ce5184c46be7d39277ed615489bac2250e6604b8c951c4ee22d43f5ff1a0,1a9751fa89b3afa0e4709f70b5e9edbbb9e4b8584ad668221fe1f5517127c256,1,1,1,602289075999142adf80a2e68fcd40d51922cf7045710e973b660090eac33c77,26d3d24b349d845d09e5cd83f762de15756d3cf54643c4c2d8f93bc69cdf74f5,anoncred-0166/runtime-trace.jsonl,770b298c6c9c4520eb22b75e8c979d82557dfb819223843c244e1a4f250aec6c,anoncred-0166/raw.log,c7374da4f402c9654c597717e4eba19011c245273f70ac212ebfdca4752d2a2b,measured,S4.1-anoncred-component,C_ANONCRED,0,1,none,"[""sha256:789d134105f6b040bb6c7a7b278b09e6fcdcbe55501f5be5f037046f90596cef""]",true,true,false,true,false,false,false,false,false,true,0,1.162734,witness_update,0,1805,,
559e0bb531b3e4330c532e624d546d616c7849eb,a5463a90b3c1b48813560e77a89b438c2cc33d8d57c23bed868a6ca72b05a218,sha256:789d134105f6b040bb6c7a7b278b09e6fcdcbe55501f5be5f037046f90596cef,e5e4ec199eb709e456588807df0c03443fe175c2f5ba00ff7987dd78f2de279f,SAIB-RETF/2,credx-bbs-bls12-381-real,none,ca57a71d52244c7519483049ef2385f072f05ca69ea7e3cde06c31f37294f866,true,s4.1-component-anoncred,s4.1-anoncred-witness_update-27,s4.1-anoncred-0167,s4.1-anoncred-request-0167,12dc2b203bc0efe09058d07860cdc2374813ab93170892f84370a210f7b04513,947db7d1f895597a8212d4aa466cee74bd314af6bf39a27db2ad5c732f382a75,1,1,1,aa4b3dda5b57b425cecd1ad7ace1619394458ab9f82e4b53f4ca675c8c006b87,a16765d574806ae2803abd37a04cf33fffb38740dc00c919231a28c66ebaa561,anoncred-0167/runtime-trace.jsonl,f444d50cd26df72b4abc0fc18a1a1d4ad8fe73751767139bdfdee31f4644d510,anoncred-0167/raw.log,c7374da4f402c9654c597717e4eba19011c245273f70ac212ebfdca4752d2a2b,measured,S4.1-anoncred-component,C_ANONCRED,0,1,none,"[""sha256:789d134105f6b040bb6c7a7b278b09e6fcdcbe55501f5be5f037046f90596cef""]",true,true,false,true,false,false,false,false,false,true,0,1.105272,witness_update,0,1805,,
559e0bb531b3e4330c532e624d546d616c7849eb,a5463a90b3c1b48813560e77a89b438c2cc33d8d57c23bed868a6ca72b05a218,sha256:789d134105f6b040bb6c7a7b278b09e6fcdcbe55501f5be5f037046f90596cef,e5e4ec199eb709e456588807df0c03443fe175c2f5ba00ff7987dd78f2de279f,SAIB-RETF/2,credx-bbs-bls12-381-real,none,ca57a71d52244c7519483049ef2385f072f05ca69ea7e3cde06c31f37294f866,true,s4.1-component-anoncred,s4.1-anoncred-witness_update-28,s4.1-anoncred-0168,s4.1-anoncred-request-0168,7ab8d25eb854bb1e3622a5e18179ef4ba270dd56a5782e464997e0599e391ff4,24c081abdc6166149e312273356069cddaf190f71d5139f315a176e6b22a754b,1,1,1,22c80de7acb19691e17e94f153cf42b49b181b3ab22163748fcdca7f74fcc292,7cbf70d0fd33089b59bf9c4ca1cd32b144b2c63451070d4f0907e2543b326910,anoncred-0168/runtime-trace.jsonl,44c494fb862e6384a1a49a1a671e42ccd79ae4ba3e4a92376f80da5571d418cc,anoncred-0168/raw.log,c7374da4f402c9654c597717e4eba19011c245273f70ac212ebfdca4752d2a2b,measured,S4.1-anoncred-component,C_ANONCRED,0,1,none,"[""sha256:789d134105f6b040bb6c7a7b278b09e6fcdcbe55501f5be5f037046f90596cef""]",true,true,false,true,false,false,false,false,false,true,0,1.153527,witness_update,0,1805,,
559e0bb531b3e4330c532e624d546d616c7849eb,a5463a90b3c1b48813560e77a89b438c2cc33d8d57c23bed868a6ca72b05a218,sha256:789d134105f6b040bb6c7a7b278b09e6fcdcbe55501f5be5f037046f90596cef,e5e4ec199eb709e456588807df0c03443fe175c2f5ba00ff7987dd78f2de279f,SAIB-RETF/2,credx-bbs-bls12-381-real,none,ca57a71d52244c7519483049ef2385f072f05ca69ea7e3cde06c31f37294f866,true,s4.1-component-anoncred,s4.1-anoncred-witness_update-29,s4.1-anoncred-0169,s4.1-anoncred-request-0169,434efd191d0313afb60598554ceb063d7525d903f455d21ab764e3fd5aa77751,4a141e72d572a38ea8a7e3ef6e6c4a3877c85e146d633257f9bca915cf8b102f,1,1,1,1786571d9e30b6a3ffda6eaf9203d148a751dc22ebf6c9534e4b6fa2c7559b45,2188862446bda8f7bc82d0b014d49f322329d0a7a0ca08859cbefc301d635a38,anoncred-0169/runtime-trace.jsonl,e5d7fcc43d658732ec9013d5fe77805416d1c0a371b328dda0701b95e5922875,anoncred-0169/raw.log,c7374da4f402c9654c597717e4eba19011c245273f70ac212ebfdca4752d2a2b,measured,S4.1-anoncred-component,C_ANONCRED,0,1,none,"[""sha256:789d134105f6b040bb6c7a7b278b09e6fcdcbe55501f5be5f037046f90596cef""]",true,true,false,true,false,false,false,false,false,true,0,1.0870870000000001,witness_update,0,1805,,
559e0bb531b3e4330c532e624d546d616c7849eb,a5463a90b3c1b48813560e77a89b438c2cc33d8d57c23bed868a6ca72b05a218,sha256:789d134105f6b040bb6c7a7b278b09e6fcdcbe55501f5be5f037046f90596cef,e5e4ec199eb709e456588807df0c03443fe175c2f5ba00ff7987dd78f2de279f,SAIB-RETF/2,credx-bbs-bls12-381-real,none,ca57a71d52244c7519483049ef2385f072f05ca69ea7e3cde06c31f37294f866,true,s4.1-component-anoncred,s4.1-anoncred-witness_update-30,s4.1-anoncred-0170,s4.1-anoncred-request-0170,2bcd0bc6fd34c917c9a649e7ad0b3eea98bbbf380b10ee51ff2e7b3a369148dd,12df4dc5ed2bd46cc7f0effd5f0a99fb18c8f2551f72571267f52e63ca2da5c9,1,1,1,59b043a91f2f0d95c8c4e7e5f12a7162d4f123e5b97c29d9dbf6860f1219dbab,53048ded83ec50e0593551e678a713b30f0cf44971e931e0411181b5561a165b,anoncred-0170/runtime-trace.jsonl,ec6f5b61b8a3476b78b861d13e308eed89c6b64faf85bd4b7e0acc55f375bba6,anoncred-0170/raw.log,c7374da4f402c9654c597717e4eba19011c245273f70ac212ebfdca4752d2a2b,measured,S4.1-anoncred-component,C_ANONCRED,0,1,none,"[""sha256:789d134105f6b040bb6c7a7b278b09e6fcdcbe55501f5be5f037046f90596cef""]",true,true,false,true,false,false,false,false,false,true,0,1.103639,witness_update,0,1805,,
559e0bb531b3e4330c532e624d546d616c7849eb,a5463a90b3c1b48813560e77a89b438c2cc33d8d57c23bed868a6ca72b05a218,sha256:789d134105f6b040bb6c7a7b278b09e6fcdcbe55501f5be5f037046f90596cef,e5e4ec199eb709e456588807df0c03443fe175c2f5ba00ff7987dd78f2de279f,SAIB-RETF/2,credx-bbs-bls12-381-real,none,ca57a71d52244c7519483049ef2385f072f05ca69ea7e3cde06c31f37294f866,true,s4.1-component-anoncred,s4.1-anoncred-witness_update-31,s4.1-anoncred-0171,s4.1-anoncred-request-0171,c79d309da4c4f27a2d69f71f76e8e17f816cd5131b0b930a60bfb41793d56409,004721c32de6201720fdbcc49c843c628118d72d05d7e4889544581e9650eedc,1,1,1,3f4d322d17df38892999edaa3f97ac937b4aa59d63d728408cda92963f278903,ac012f69311135aa901f7592a93c696bb3af34e3306f6d6df8c7491773faa592,anoncred-0171/runtime-trace.jsonl,0d2e1fb4b2ca40e73f9a761d3c75327ae3c3f661a7bee8d7a03d2b517ee28f37,anoncred-0171/raw.log,c7374da4f402c9654c597717e4eba19011c245273f70ac212ebfdca4752d2a2b,measured,S4.1-anoncred-component,C_ANONCRED,0,1,none,"[""sha256:789d134105f6b040bb6c7a7b278b09e6fcdcbe55501f5be5f037046f90596cef""]",true,true,false,true,false,false,false,false,false,true,0,1.0824980000000002,witness_update,0,1805,,
559e0bb531b3e4330c532e624d546d616c7849eb,a5463a90b3c1b48813560e77a89b438c2cc33d8d57c23bed868a6ca72b05a218,sha256:789d134105f6b040bb6c7a7b278b09e6fcdcbe55501f5be5f037046f90596cef,e5e4ec199eb709e456588807df0c03443fe175c2f5ba00ff7987dd78f2de279f,SAIB-RETF/2,credx-bbs-bls12-381-real,none,ca57a71d52244c7519483049ef2385f072f05ca69ea7e3cde06c31f37294f866,true,s4.1-component-anoncred,s4.1-anoncred-witness_update-32,s4.1-anoncred-0172,s4.1-anoncred-request-0172,99d4ebec9c6556bf7a8290c96195f7f36d5793931c7108eee19abcad97dd390f,56324fc77c2f60bd57695f78cf3639d691b3955db779154c9c7778107efa32aa,1,1,1,cc1ed333b84c667ad8bab9b4c96a79d296900e79c1a033baddfae906515b91ae,7be4987bd82be8b7fd2edf82a2305a036cf10c6ed87efda44e21ba98b49eebb7,anoncred-0172/runtime-trace.jsonl,cfc3e32fa443c0aa11a32c47e55fab923bd1b1044eb5453e6c9ed3baac19193d,anoncred-0172/raw.log,c7374da4f402c9654c597717e4eba19011c245273f70ac212ebfdca4752d2a2b,measured,S4.1-anoncred-component,C_ANONCRED,0,1,none,"[""sha256:789d134105f6b040bb6c7a7b278b09e6fcdcbe55501f5be5f037046f90596cef""]",true,true,false,true,false,false,false,false,false,true,0,1.096025,witness_update,0,1805,,
559e0bb531b3e4330c532e624d546d616c7849eb,a5463a90b3c1b48813560e77a89b438c2cc33d8d57c23bed868a6ca72b05a218,sha256:789d134105f6b040bb6c7a7b278b09e6fcdcbe55501f5be5f037046f90596cef,e5e4ec199eb709e456588807df0c03443fe175c2f5ba00ff7987dd78f2de279f,SAIB-RETF/2,credx-bbs-bls12-381-real,none,ca57a71d52244c7519483049ef2385f072f05ca69ea7e3cde06c31f37294f866,true,s4.1-component-anoncred,s4.1-anoncred-witness_update-33,s4.1-anoncred-0173,s4.1-anoncred-request-0173,86555875e063937d9cc1b4ab35b4d4981b11b21235d7a4c9bb460f0db66f8013,cb70d907e3e220ebd931184379a6091d725fccc601b40d980e2400f2d8203bbf,1,1,1,d8c70dd635d3c93aa5c32e16af9dd13914dabfc3d0dafcff1ba892f78237e4f7,60aa071464fd92356b85a5c9696a42f2835b5680b151b7324c5994c14bf03108,anoncred-0173/runtime-trace.jsonl,1cbec6a01a68cb7f1cc39b3f9f1a79b724838d82e46d58754a82c2aa769b419f,anoncred-0173/raw.log,c7374da4f402c9654c597717e4eba19011c245273f70ac212ebfdca4752d2a2b,measured,S4.1-anoncred-component,C_ANONCRED,0,1,none,"[""sha256:789d134105f6b040bb6c7a7b278b09e6fcdcbe55501f5be5f037046f90596cef""]",true,true,false,true,false,false,false,false,false,true,0,1.207803,witness_update,0,1805,,
559e0bb531b3e4330c532e624d546d616c7849eb,a5463a90b3c1b48813560e77a89b438c2cc33d8d57c23bed868a6ca72b05a218,sha256:789d134105f6b040bb6c7a7b278b09e6fcdcbe55501f5be5f037046f90596cef,e5e4ec199eb709e456588807df0c03443fe175c2f5ba00ff7987dd78f2de279f,SAIB-RETF/2,credx-bbs-bls12-381-real,none,ca57a71d52244c7519483049ef2385f072f05ca69ea7e3cde06c31f37294f866,true,s4.1-component-anoncred,s4.1-anoncred-witness_update-34,s4.1-anoncred-0174,s4.1-anoncred-request-0174,f760716abfe31b78cb674677e9e7e7a31b6bb00576df2f3081fded11960e4fb3,aabaf617f3f3e24cd5616a99df5978119d45418280272cfd6a4d4b360426ddb3,1,1,1,cadee9edca9bf59a736f9bbefb5f4b694a81846d0927be998174622057981f64,67d4aa44fc5be874c121a3f1cd87d453de135070d214dae0f059ea2b84c012ca,anoncred-0174/runtime-trace.jsonl,1a527705d764381f17df776f4fbf23a0ae7b95095c9cee3c31faf238bc0cd336,anoncred-0174/raw.log,c7374da4f402c9654c597717e4eba19011c245273f70ac212ebfdca4752d2a2b,measured,S4.1-anoncred-component,C_ANONCRED,0,1,none,"[""sha256:789d134105f6b040bb6c7a7b278b09e6fcdcbe55501f5be5f037046f90596cef""]",true,true,false,true,false,false,false,false,false,true,0,1.2078220000000002,witness_update,0,1805,,
559e0bb531b3e4330c532e624d546d616c7849eb,a5463a90b3c1b48813560e77a89b438c2cc33d8d57c23bed868a6ca72b05a218,sha256:532a8ccbe2aa5cc8d5d789fd51537f7e03d80aa07758509b75d4e14f13d76079,e5e4ec199eb709e456588807df0c03443fe175c2f5ba00ff7987dd78f2de279f,SAIB-RETF/2,credx-bbs-bls12-381-real,mp-spdz-malicious-rep-field,ca57a71d52244c7519483049ef2385f072f05ca69ea7e3cde06c31f37294f866,true,s4.1-component-mpc,s4v123-c16-m00,s4.1-cap16-measured-00,s4.1-request-cap16-measured-00,f50858b166fcea457f2c4f1bfbefee1d9d700dae18b8ce06dcaef1a70b718b41,9879e8ffbade248c570aaeec2186f9d760403d972403c3455dd0ab9392f30373,2,1,1,a6ff8a33854e891e65bd739052ba5dc89f64ad57ef77a1220ab51cbf9bc39190,c0abe58309b5a3e84f0e4900fbb304b3bb83a6652f56d81ed01b1f1748182111,mpc-cap16-measured-00/runtime-trace.jsonl,f866811f8c062114074472900e55345190ae04098edcf3378d8de8944b02066c,mpc-cap16-measured-00/raw.log,de60f96b1462386eb24719a1582ec539ab4e5881cb104e1dc5236cbb32bf83c0,measured,S4.1-fabric-mpc-components,C_MPC,16,1,native,"[""sha256:532a8ccbe2aa5cc8d5d789fd51537f7e03d80aa07758509b75d4e14f13d76079""]",true,true,true,false,true,true,false,false,false,true,0,,,,,9,123228.590792
559e0bb531b3e4330c532e624d546d616c7849eb,a5463a90b3c1b48813560e77a89b438c2cc33d8d57c23bed868a6ca72b05a218,sha256:532a8ccbe2aa5cc8d5d789fd51537f7e03d80aa07758509b75d4e14f13d76079,e5e4ec199eb709e456588807df0c03443fe175c2f5ba00ff7987dd78f2de279f,SAIB-RETF/2,credx-bbs-bls12-381-real,mp-spdz-malicious-rep-field,ca57a71d52244c7519483049ef2385f072f05ca69ea7e3cde06c31f37294f866,true,s4.1-component-mpc,s4v123-c16-m01,s4.1-cap16-measured-01,s4.1-request-cap16-measured-01,35ae283b6620516d10edcc78c261fd3055ee271b7869c33d7460ecd5da2763b7,ec56ecbb40c07b149c096bcee4e1cff99b2201d2672e5f23c6415a8c3014ab40,2,1,1,a467298822984a8fae09f88d8f6ed211d653b1af27591754971ba55b2095481e,9af47c787fbcf6eec49624b18acb1db99e43d9da3ec806ed8f6049e171822a27,mpc-cap16-measured-01/runtime-trace.jsonl,3f1b1dc4cd22b083641f9c7ea7ecc00ce7fe6465506c4fdb8ed684d1b56e7c89,mpc-cap16-measured-01/raw.log,6a143c2fb406e2aba9332655671819c9238069b4dba636a8926eb0d2031e0965,measured,S4.1-fabric-mpc-components,C_MPC,16,1,native,"[""sha256:532a8ccbe2aa5cc8d5d789fd51537f7e03d80aa07758509b75d4e14f13d76079""]",true,true,true,false,true,true,false,false,false,true,0,,,,,9,136358.46053
559e0bb531b3e4330c532e624d546d616c7849eb,a5463a90b3c1b48813560e77a89b438c2cc33d8d57c23bed868a6ca72b05a218,sha256:532a8ccbe2aa5cc8d5d789fd51537f7e03d80aa07758509b75d4e14f13d76079,e5e4ec199eb709e456588807df0c03443fe175c2f5ba00ff7987dd78f2de279f,SAIB-RETF/2,credx-bbs-bls12-381-real,mp-spdz-malicious-rep-field,ca57a71d52244c7519483049ef2385f072f05ca69ea7e3cde06c31f37294f866,true,s4.1-component-mpc,s4v123-c16-m02,s4.1-cap16-measured-02,s4.1-request-cap16-measured-02,b5f2f25e8bc332ef568f04d1ef564ba9268f52cdccd8ba434c343d9a59f0e0a9,3c3f08cbca22a5d68f7cc4e594580a88a8e57fa75aa29026f15052df23344d63,2,1,1,fd343bb6e76a8512351ff9d83062dcc6154aa6321e2cc6b2b1da91652aaf26c6,bc4854c1f74e63cd0fa4a035819ec9aab82a80d1905f0a235ad22266f4d8af6a,mpc-cap16-measured-02/runtime-trace.jsonl,73679bc8e623aade2d2bb66fece1a638caf653b98cf07b6efbf26e5a0a2bd4a6,mpc-cap16-measured-02/raw.log,607f73a962d10b6bd315fa5d599aed0ecea39ea44f2213f558a1aa87a7105fba,measured,S4.1-fabric-mpc-components,C_MPC,16,1,native,"[""sha256:532a8ccbe2aa5cc8d5d789fd51537f7e03d80aa07758509b75d4e14f13d76079""]",true,true,true,false,true,true,false,false,false,true,0,,,,,9,142487.765484
559e0bb531b3e4330c532e624d546d616c7849eb,a5463a90b3c1b48813560e77a89b438c2cc33d8d57c23bed868a6ca72b05a218,sha256:532a8ccbe2aa5cc8d5d789fd51537f7e03d80aa07758509b75d4e14f13d76079,e5e4ec199eb709e456588807df0c03443fe175c2f5ba00ff7987dd78f2de279f,SAIB-RETF/2,credx-bbs-bls12-381-real,mp-spdz-malicious-rep-field,ca57a71d52244c7519483049ef2385f072f05ca69ea7e3cde06c31f37294f866,true,s4.1-component-mpc,s4v123-c16-m03,s4.1-cap16-measured-03,s4.1-request-cap16-measured-03,bae3e3257437fd855ad009f7df1fc19bc767fb92d1f8bbf0e6ab3ec065155d47,4c19ddfed4c2293150a9069cd2b2aba92c3fb528bdc8dc71f8bd4b9988142b8a,2,1,1,c24ac7aa3d852df93b096a26c3b1694143651ec4df2f8e8984f28fcd00a98f8d,832c51d0a37bd1603022b5c0d31cba22120187645d5564556f77adede73b8d2b,mpc-cap16-measured-03/runtime-trace.jsonl,189e4ef313de88e5575de7e9bc5a85ef27846b44dc6b9c1b7387e0f48a46f412,mpc-cap16-measured-03/raw.log,d3b8fe83dc003b021aaf9496a191e2666704d60088b180bba24f7d76f7cf6a03,measured,S4.1-fabric-mpc-components,C_MPC,16,1,native,"[""sha256:532a8ccbe2aa5cc8d5d789fd51537f7e03d80aa07758509b75d4e14f13d76079""]",true,true,true,false,true,true,false,false,false,true,0,,,,,9,130038.805137
559e0bb531b3e4330c532e624d546d616c7849eb,a5463a90b3c1b48813560e77a89b438c2cc33d8d57c23bed868a6ca72b05a218,sha256:532a8ccbe2aa5cc8d5d789fd51537f7e03d80aa07758509b75d4e14f13d76079,e5e4ec199eb709e456588807df0c03443fe175c2f5ba00ff7987dd78f2de279f,SAIB-RETF/2,credx-bbs-bls12-381-real,mp-spdz-malicious-rep-field,ca57a71d52244c7519483049ef2385f072f05ca69ea7e3cde06c31f37294f866,true,s4.1-component-mpc,s4v123-c16-m04,s4.1-cap16-measured-04,s4.1-request-cap16-measured-04,87a8c7b9c668dd423e9d8aefd7307e2ab7bac6cb93c421b304776de7b07f6d3c,c434c21d1ccd3297b21ef5949759c07387d3be3f56239155fbe77c2ef7918cd1,2,1,1,ff7bc9a198272a26d67375d1dd79be44711d4b325d8b94c3e5c71e46c5fda865,43536a939ec841d62c9fed49fb47de1765c8309d57cf7668461cce2f6d94aba5,mpc-cap16-measured-04/runtime-trace.jsonl,1cacbc74566f2fc133ae3d9a033bfb6bbe60d215696549b6c0e937efaf2e474c,mpc-cap16-measured-04/raw.log,7844a1e87b6b4048921c3e0c10c1078940e4657088e26248589b181eae7965cd,measured,S4.1-fabric-mpc-components,C_MPC,16,1,native,"[""sha256:532a8ccbe2aa5cc8d5d789fd51537f7e03d80aa07758509b75d4e14f13d76079""]",true,true,true,false,true,true,false,false,false,true,0,,,,,9,140849.806916
559e0bb531b3e4330c532e624d546d616c7849eb,a5463a90b3c1b48813560e77a89b438c2cc33d8d57c23bed868a6ca72b05a218,sha256:532a8ccbe2aa5cc8d5d789fd51537f7e03d80aa07758509b75d4e14f13d76079,e5e4ec199eb709e456588807df0c03443fe175c2f5ba00ff7987dd78f2de279f,SAIB-RETF/2,credx-bbs-bls12-381-real,mp-spdz-malicious-rep-field,ca57a71d52244c7519483049ef2385f072f05ca69ea7e3cde06c31f37294f866,true,s4.1-component-mpc,s4v123-c16-m05,s4.1-cap16-measured-05,s4.1-request-cap16-measured-05,2df38c05a1867bc84f1a280b418b0b2fc140f36f7f514415b5455a6bbc020785,7d1f3e5f6fc9b05a1cd6a916d37db36f13baa3ed5329ba1f64778b1be7eef720,2,1,1,bd3188b37474088dde6a27cb7eab15cf862e0da933129d46eadea6c9d5865315,9fc4fbf57ce0579d0020c58c8f19516b61f70611c5ddeb31eecf8ceb5a51fe8e,mpc-cap16-measured-05/runtime-trace.jsonl,0cb0b0276ce742da2b49a34db4728d864cd347d4f4d06c1cfdb96a2e79e97a3f,mpc-cap16-measured-05/raw.log,cd6d8c8848e0f5bed73c0f02e363f5495c5df00c075117e05c89c064b8744783,measured,S4.1-fabric-mpc-components,C_MPC,16,1,native,"[""sha256:532a8ccbe2aa5cc8d5d789fd51537f7e03d80aa07758509b75d4e14f13d76079""]",true,true,true,false,true,true,false,false,false,true,0,,,,,9,131381.906305
559e0bb531b3e4330c532e624d546d616c7849eb,a5463a90b3c1b48813560e77a89b438c2cc33d8d57c23bed868a6ca72b05a218,sha256:532a8ccbe2aa5cc8d5d789fd51537f7e03d80aa07758509b75d4e14f13d76079,e5e4ec199eb709e456588807df0c03443fe175c2f5ba00ff7987dd78f2de279f,SAIB-RETF/2,credx-bbs-bls12-381-real,mp-spdz-malicious-rep-field,ca57a71d52244c7519483049ef2385f072f05ca69ea7e3cde06c31f37294f866,true,s4.1-component-mpc,s4v123-c16-m06,s4.1-cap16-measured-06,s4.1-request-cap16-measured-06,8c913326781465b08d87cb4e9ea024da92454084393a70b3722099de87bbe85e,1578c517ec65b704aff1433bbbd5d1cd8e4fe504f1af9daf087ea07691570854,2,1,1,cf2b4874669befa47ed9ef99a107aeaec0099c92502b65eefd6eb18192e0a5b3,e9bdf096c0b2027bc2009a01d059298a4fdd5e3e929336b2bfea222491f88099,mpc-cap16-measured-06/runtime-trace.jsonl,e04af8a62e4d9ef28ce0f620c38692dfab51e1db2923a39ec0c5bf647bf429ad,mpc-cap16-measured-06/raw.log,ab18f66be8bb8093844f35555ca08654b6061cb9223d8d8c592fd2c46284c4ea,measured,S4.1-fabric-mpc-components,C_MPC,16,1,native,"[""sha256:532a8ccbe2aa5cc8d5d789fd51537f7e03d80aa07758509b75d4e14f13d76079""]",true,true,true,false,true,true,false,false,false,true,0,,,,,9,144690.594966
559e0bb531b3e4330c532e624d546d616c7849eb,a5463a90b3c1b48813560e77a89b438c2cc33d8d57c23bed868a6ca72b05a218,sha256:532a8ccbe2aa5cc8d5d789fd51537f7e03d80aa07758509b75d4e14f13d76079,e5e4ec199eb709e456588807df0c03443fe175c2f5ba00ff7987dd78f2de279f,SAIB-RETF/2,credx-bbs-bls12-381-real,mp-spdz-malicious-rep-field,ca57a71d52244c7519483049ef2385f072f05ca69ea7e3cde06c31f37294f866,true,s4.1-component-mpc,s4v123-c16-m07,s4.1-cap16-measured-07,s4.1-request-cap16-measured-07,42320c2e53d1ecbed111e1b379064f07b3a9ed3f898137db4bd70adebdf63969,2f9e0113598285b456c6be24b4680277e19bafdb560aeebfb60dc8e3bac422e5,2,1,1,f0748d5349f39a70c4abc64b7720a5d058b139893312a1f187509ce4beed18e1,58b43fa6f65da2fba0c01e20d44c8029946cc5ff67e8742f2129d3803dd59f09,mpc-cap16-measured-07/runtime-trace.jsonl,ee6aa1ff7ddae561238a6a88e2734ac96c0f51d44c03a259fdae6f2416457dce,mpc-cap16-measured-07/raw.log,46cbcfdb63cebadd3b873138cb2b19c8ba03f0f8c299447b5ee502dca1b202d5,measured,S4.1-fabric-mpc-components,C_MPC,16,1,native,"[""sha256:532a8ccbe2aa5cc8d5d789fd51537f7e03d80aa07758509b75d4e14f13d76079""]",true,true,true,false,true,true,false,false,false,true,0,,,,,9,126312.817983
559e0bb531b3e4330c532e624d546d616c7849eb,a5463a90b3c1b48813560e77a89b438c2cc33d8d57c23bed868a6ca72b05a218,sha256:532a8ccbe2aa5cc8d5d789fd51537f7e03d80aa07758509b75d4e14f13d76079,e5e4ec199eb709e456588807df0c03443fe175c2f5ba00ff7987dd78f2de279f,SAIB-RETF/2,credx-bbs-bls12-381-real,mp-spdz-malicious-rep-field,ca57a71d52244c7519483049ef2385f072f05ca69ea7e3cde06c31f37294f866,true,s4.1-component-mpc,s4v123-c16-m08,s4.1-cap16-measured-08,s4.1-request-cap16-measured-08,7487a2bc4734aa2e77219c27c86f914fdb7d8fa25b2cf36d4eae86d160e1a383,0e62462681a7a49cac81a1de366e513ac8bda56a708b07f28e2e81d9f3a5ce49,2,1,1,60bad582087b465bbe924deb40a658da4ccadf08296ad2ab778ad9d90720c116,1515db8e7787fa08e565e8b52963d54c8929a9d5b94f5aee8382218ae7d5af70,mpc-cap16-measured-08/runtime-trace.jsonl,e8798200db50bb7942db02e7993c220702105d73b7459283082992f1b9d2cbe9,mpc-cap16-measured-08/raw.log,688c05692909a0779af35ca5fec5f10bf5ed31c559d6ccab3d500c7db5d4ad2c,measured,S4.1-fabric-mpc-components,C_MPC,16,1,native,"[""sha256:532a8ccbe2aa5cc8d5d789fd51537f7e03d80aa07758509b75d4e14f13d76079""]",true,true,true,false,true,true,false,false,false,true,0,,,,,9,158510.645646
559e0bb531b3e4330c532e624d546d616c7849eb,a5463a90b3c1b48813560e77a89b438c2cc33d8d57c23bed868a6ca72b05a218,sha256:532a8ccbe2aa5cc8d5d789fd51537f7e03d80aa07758509b75d4e14f13d76079,e5e4ec199eb709e456588807df0c03443fe175c2f5ba00ff7987dd78f2de279f,SAIB-RETF/2,credx-bbs-bls12-381-real,mp-spdz-malicious-rep-field,ca57a71d52244c7519483049ef2385f072f05ca69ea7e3cde06c31f37294f866,true,s4.1-component-mpc,s4v123-c16-m09,s4.1-cap16-measured-09,s4.1-request-cap16-measured-09,7cb5c22d37e3303041e278ac836602a5d89eee941cef8094e94bdd4a5586a4e7,461f6823bb312de9971493391555376fb293b92675b8e279d793ff5a437a158a,2,1,1,8949f4d3a973350e0a72aca82859abf876a5f4c74b047b298f5f69117a5b34e1,8da9cfb1c7da727909a147b3a81d5de6ec024ef4083a98b5cb9e16652de00bff,mpc-cap16-measured-09/runtime-trace.jsonl,0a3c10e65e0d0b05f2f1052d200d96f189b90a44533df28d9f7e3efa449d48cb,mpc-cap16-measured-09/raw.log,3544acff1ebfd0ccf52e291b957f5f7d8ddeba8eb4ce43247f93d0bec2c710fa,measured,S4.1-fabric-mpc-components,C_MPC,16,1,native,"[""sha256:532a8ccbe2aa5cc8d5d789fd51537f7e03d80aa07758509b75d4e14f13d76079""]",true,true,true,false,true,true,false,false,false,true,0,,,,,9,136106.235593
559e0bb531b3e4330c532e624d546d616c7849eb,a5463a90b3c1b48813560e77a89b438c2cc33d8d57c23bed868a6ca72b05a218,sha256:532a8ccbe2aa5cc8d5d789fd51537f7e03d80aa07758509b75d4e14f13d76079,e5e4ec199eb709e456588807df0c03443fe175c2f5ba00ff7987dd78f2de279f,SAIB-RETF/2,credx-bbs-bls12-381-real,mp-spdz-malicious-rep-field,ca57a71d52244c7519483049ef2385f072f05ca69ea7e3cde06c31f37294f866,true,s4.1-component-mpc,s4v123-c16-m10,s4.1-cap16-measured-10,s4.1-request-cap16-measured-10,b95acf32ff1cf303fd630ebc24892a8759e0e7a1f0b4763d59251b6dd0ca3355,b892587456b79a3fc1678afdd887cc148b70baa5f09ac3048ef14ad3badf6405,2,1,1,2644a37c37a2bde6f03bd984e3b7bde7c35549cd451e1feb2c6dfc9a76e5f83a,4472bc7a11ab394e1cf7361203fd6b50e6b31b2951969064978706bdfc49d3d7,mpc-cap16-measured-10/runtime-trace.jsonl,a0d219ee1c4b46c11c5fc995edc912efd8b06cd25d97ad6ce8cf9ac696439869,mpc-cap16-measured-10/raw.log,10efb6216cf22f21ff03f2cf7283c94675e49d9b73bb1f765f183573ee1b1ead,measured,S4.1-fabric-mpc-components,C_MPC,16,1,native,"[""sha256:532a8ccbe2aa5cc8d5d789fd51537f7e03d80aa07758509b75d4e14f13d76079""]",true,true,true,false,true,true,false,false,false,true,0,,,,,9,128539.524768
559e0bb531b3e4330c532e624d546d616c7849eb,a5463a90b3c1b48813560e77a89b438c2cc33d8d57c23bed868a6ca72b05a218,sha256:532a8ccbe2aa5cc8d5d789fd51537f7e03d80aa07758509b75d4e14f13d76079,e5e4ec199eb709e456588807df0c03443fe175c2f5ba00ff7987dd78f2de279f,SAIB-RETF/2,credx-bbs-bls12-381-real,mp-spdz-malicious-rep-field,ca57a71d52244c7519483049ef2385f072f05ca69ea7e3cde06c31f37294f866,true,s4.1-component-mpc,s4v123-c16-m11,s4.1-cap16-measured-11,s4.1-request-cap16-measured-11,d0ccb2d1b8c1a53854964291463af3bd1cf865e6cb225717b687fd8471ffee70,6c8b47a7e9642a149892e042a0a6cf1e0656f2ba8f111854d5ba5c94597a06b1,2,1,1,34a3a0cf218c684437e0e8e2f269bad2f4a3186ebdda03e454f61ae6caa1d652,1f16442d37cd5cb533200fe6fd918dfa0dd7d89615dcb0ed7bc2251f541f7405,mpc-cap16-measured-11/runtime-trace.jsonl,9c8bb8e30677ccae9586262703a8f3b356e7d747d350d5f70ba95f0b31019530,mpc-cap16-measured-11/raw.log,158ec27ff8f0f99d3170f92268b2e358d965f52d300bbefe6d66c9fcb731ac46,measured,S4.1-fabric-mpc-components,C_MPC,16,1,native,"[""sha256:532a8ccbe2aa5cc8d5d789fd51537f7e03d80aa07758509b75d4e14f13d76079""]",true,true,true,false,true,true,false,false,false,true,0,,,,,9,127584.951444
559e0bb531b3e4330c532e624d546d616c7849eb,a5463a90b3c1b48813560e77a89b438c2cc33d8d57c23bed868a6ca72b05a218,sha256:532a8ccbe2aa5cc8d5d789fd51537f7e03d80aa07758509b75d4e14f13d76079,e5e4ec199eb709e456588807df0c03443fe175c2f5ba00ff7987dd78f2de279f,SAIB-RETF/2,credx-bbs-bls12-381-real,mp-spdz-malicious-rep-field,ca57a71d52244c7519483049ef2385f072f05ca69ea7e3cde06c31f37294f866,true,s4.1-component-mpc,s4v123-c16-m12,s4.1-cap16-measured-12,s4.1-request-cap16-measured-12,f3e6c4dec806b6e4339f3caadd87ece3e87eda816856594024b4ddc347cb4646,176b69fe1e83fbb77b1667c612dfc84617a1dd028ae3bc371e91257641e86888,2,1,1,911b1d9ea7a729629c94e069be5e577fbe70843636899f21cd850e813d8904d1,56aa535a15a32fa026dcd5fbdf0226821ae505a0b0c023dd4966badc2cc199e6,mpc-cap16-measured-12/runtime-trace.jsonl,eea68131ec66596f4142922bc659324012afe23a78f11f96d8ad043122af3122,mpc-cap16-measured-12/raw.log,fdaa9998097aaa16d8509b7da0ed59aa45dcd9fa7afa6c5de85e11dac45de62a,measured,S4.1-fabric-mpc-components,C_MPC,16,1,native,"[""sha256:532a8ccbe2aa5cc8d5d789fd51537f7e03d80aa07758509b75d4e14f13d76079""]",true,true,true,false,true,true,false,false,false,true,0,,,,,9,134851.046906
559e0bb531b3e4330c532e624d546d616c7849eb,a5463a90b3c1b48813560e77a89b438c2cc33d8d57c23bed868a6ca72b05a218,sha256:532a8ccbe2aa5cc8d5d789fd51537f7e03d80aa07758509b75d4e14f13d76079,e5e4ec199eb709e456588807df0c03443fe175c2f5ba00ff7987dd78f2de279f,SAIB-RETF/2,credx-bbs-bls12-381-real,mp-spdz-malicious-rep-field,ca57a71d52244c7519483049ef2385f072f05ca69ea7e3cde06c31f37294f866,true,s4.1-component-mpc,s4v123-c16-m13,s4.1-cap16-measured-13,s4.1-request-cap16-measured-13,6ab2262ab33f8b94fd56a3ff051753c07c491e012f0dd14b304811da5986f3dd,915795559bed2bbd5fdd8c74f9d6037dd24da75a719628d9cb3b1d9e1ef02046,2,1,1,0192a615cdfc36a21e744468a958071b168ec391acfc903e3bf0279457b8308f,bb55301ee1dc043de4bfdbb1b917aa9412a75fe5cd1edb0b96a92064504c695f,mpc-cap16-measured-13/runtime-trace.jsonl,d50503837a664aecd37364e9eaecc6500eaac253492265f8acedc5bfb786c6d5,mpc-cap16-measured-13/raw.log,5d68b0a699550ec818436f90f15dc62a3c419f3174ed4f0052f857c3b7dc19a5,measured,S4.1-fabric-mpc-components,C_MPC,16,1,native,"[""sha256:532a8ccbe2aa5cc8d5d789fd51537f7e03d80aa07758509b75d4e14f13d76079""]",true,true,true,false,true,true,false,false,false,true,0,,,,,9,131173.946628
559e0bb531b3e4330c532e624d546d616c7849eb,a5463a90b3c1b48813560e77a89b438c2cc33d8d57c23bed868a6ca72b05a218,sha256:532a8ccbe2aa5cc8d5d789fd51537f7e03d80aa07758509b75d4e14f13d76079,e5e4ec199eb709e456588807df0c03443fe175c2f5ba00ff7987dd78f2de279f,SAIB-RETF/2,credx-bbs-bls12-381-real,mp-spdz-malicious-rep-field,ca57a71d52244c7519483049ef2385f072f05ca69ea7e3cde06c31f37294f866,true,s4.1-component-mpc,s4v123-c16-m14,s4.1-cap16-measured-14,s4.1-request-cap16-measured-14,4c56134c8472b6e1c77b442ee5de5308cc0fa5894e194b3ba810330bec0ec478,cdc28b91a2fb2f13dac6964e1d55cdf7f7746b327a85ada9950bd57c358d28fd,2,1,1,19cf9cf6f7da538902f64e298ac6aae31d1d70d43b54952e38644db003ef3fb8,4a61a154eb203c4b165f3ba4ea40695eb25313aef926f9441dbbc7c82ae08b41,mpc-cap16-measured-14/runtime-trace.jsonl,87c843759c8a9d8ea644f11cac5fd3b0f8482db2b34debbe137fbd680f8e6727,mpc-cap16-measured-14/raw.log,e0759cf9882445711909cd973e376147d3be47783ff6a97ffa16f012f9d6b24e,measured,S4.1-fabric-mpc-components,C_MPC,16,1,native,"[""sha256:532a8ccbe2aa5cc8d5d789fd51537f7e03d80aa07758509b75d4e14f13d76079""]",true,true,true,false,true,true,false,false,false,true,0,,,,,9,116705.099317
559e0bb531b3e4330c532e624d546d616c7849eb,a5463a90b3c1b48813560e77a89b438c2cc33d8d57c23bed868a6ca72b05a218,sha256:532a8ccbe2aa5cc8d5d789fd51537f7e03d80aa07758509b75d4e14f13d76079,e5e4ec199eb709e456588807df0c03443fe175c2f5ba00ff7987dd78f2de279f,SAIB-RETF/2,credx-bbs-bls12-381-real,mp-spdz-malicious-rep-field,ca57a71d52244c7519483049ef2385f072f05ca69ea7e3cde06c31f37294f866,true,s4.1-component-mpc,s4v123-c16-m15,s4.1-cap16-measured-15,s4.1-request-cap16-measured-15,c2036f72839845f90ecc69453c1ed099c5d2c40cd84e9304c5bf36ceb98e204b,d9e1a398b51a875f2e2ae94c3c0661f48e02296156eeb3dea73859f54da91b2f,2,1,1,5560cf2c09cb244d3f5ef5dad295b791a06eaf7babb0cd6f72fb67b855f84ecc,8d9ac0458fee8b40c64b0bcb588d4e6d599530f9afa7acd311a33ccee5451cc2,mpc-cap16-measured-15/runtime-trace.jsonl,3bdd33dba47996228eab00ef5bc0f61177f17423fa6840d96dbe5ae4380b088d,mpc-cap16-measured-15/raw.log,530d2c7e625379efd85b147a2a156ba7055846f0935dbafce96d1c3bb9d25de2,measured,S4.1-fabric-mpc-components,C_MPC,16,1,native,"[""sha256:532a8ccbe2aa5cc8d5d789fd51537f7e03d80aa07758509b75d4e14f13d76079""]",true,true,true,false,true,true,false,false,false,true,0,,,,,9,123085.686877
559e0bb531b3e4330c532e624d546d616c7849eb,a5463a90b3c1b48813560e77a89b438c2cc33d8d57c23bed868a6ca72b05a218,sha256:532a8ccbe2aa5cc8d5d789fd51537f7e03d80aa07758509b75d4e14f13d76079,e5e4ec199eb709e456588807df0c03443fe175c2f5ba00ff7987dd78f2de279f,SAIB-RETF/2,credx-bbs-bls12-381-real,mp-spdz-malicious-rep-field,ca57a71d52244c7519483049ef2385f072f05ca69ea7e3cde06c31f37294f866,true,s4.1-component-mpc,s4v123-c16-m16,s4.1-cap16-measured-16,s4.1-request-cap16-measured-16,6dc12b6b8f6375453e01789ed1bb28892950bb12306958b6af80dcc3fb770665,f04d3b290b43447beefe63cf286d884a50b5c56734770c37d9c292ef9c524715,2,1,1,c3ca88f7579b00b3b90027d277f253dc25dcc8170957c31f234f652091bd4b99,f4839b3d0293dfcd3ddf31a4cabe0b20563fecd37ed9f0e377149d6354a27992,mpc-cap16-measured-16/runtime-trace.jsonl,8127758c17c21493bbd37ac82e30ee7f9a5db3b089de17f22e79e2a29fb3e8c3,mpc-cap16-measured-16/raw.log,1393ca9988a477738177baf09ab94f202d56f4e29ae2e542e50930c74b9a932c,measured,S4.1-fabric-mpc-components,C_MPC,16,1,native,"[""sha256:532a8ccbe2aa5cc8d5d789fd51537f7e03d80aa07758509b75d4e14f13d76079""]",true,true,true,false,true,true,false,false,false,true,0,,,,,9,109577.747293
559e0bb531b3e4330c532e624d546d616c7849eb,a5463a90b3c1b48813560e77a89b438c2cc33d8d57c23bed868a6ca72b05a218,sha256:532a8ccbe2aa5cc8d5d789fd51537f7e03d80aa07758509b75d4e14f13d76079,e5e4ec199eb709e456588807df0c03443fe175c2f5ba00ff7987dd78f2de279f,SAIB-RETF/2,credx-bbs-bls12-381-real,mp-spdz-malicious-rep-field,ca57a71d52244c7519483049ef2385f072f05ca69ea7e3cde06c31f37294f866,true,s4.1-component-mpc,s4v123-c16-m17,s4.1-cap16-measured-17,s4.1-request-cap16-measured-17,d50671110bbe8566680db1032bad429e4e42f1ed15785a4cba3c3415e78132dd,99b55d66dfba02c087c66a095caa927255555c9b1c1de2593327346899edb2e2,2,1,1,5ab5bf180a32e2779d080d915a8754bae2ab5613c34186967825f3879dbb495e,427a0335aea5e10943805d55f36d0c9395e0002f20911346a64bb00a4a21642c,mpc-cap16-measured-17/runtime-trace.jsonl,339e7b6e1e666941594a7db04963633596b80a5f28e7ac843179415d29b69f34,mpc-cap16-measured-17/raw.log,123ed235e9c9dfa6448966195acb3230d692c0679f331872af42117d634a357f,measured,S4.1-fabric-mpc-components,C_MPC,16,1,native,"[""sha256:532a8ccbe2aa5cc8d5d789fd51537f7e03d80aa07758509b75d4e14f13d76079""]",true,true,true,false,true,true,false,false,false,true,0,,,,,9,132509.354259
559e0bb531b3e4330c532e624d546d616c7849eb,a5463a90b3c1b48813560e77a89b438c2cc33d8d57c23bed868a6ca72b05a218,sha256:532a8ccbe2aa5cc8d5d789fd51537f7e03d80aa07758509b75d4e14f13d76079,e5e4ec199eb709e456588807df0c03443fe175c2f5ba00ff7987dd78f2de279f,SAIB-RETF/2,credx-bbs-bls12-381-real,mp-spdz-malicious-rep-field,ca57a71d52244c7519483049ef2385f072f05ca69ea7e3cde06c31f37294f866,true,s4.1-component-mpc,s4v123-c16-m18,s4.1-cap16-measured-18,s4.1-request-cap16-measured-18,2b3e8ac06fe10839fc5f2a8a030500005d1c38ec0170e2ca98a13beb9aa7a8ae,896faf8679cf33b98c5c73db0ab1cb9670e8d674c610f2f1d6c7e6973fce0c1d,2,1,1,084e9fd78c90db5d016e0a203a677bb76cd0f1886665ce405ab407ddb088fd5b,9cb070ed841e6048a26f49bc8c33cce98609de26580e572dc3772c03b5cffcc9,mpc-cap16-measured-18/runtime-trace.jsonl,77134569345312279ad78b900d75c7fb7758004f2f7bf83cf8516fa8cb2b02c5,mpc-cap16-measured-18/raw.log,61b07ec97df2f887fd7c0e661d8ce83818d86ef80fddb60204304aad6d04ac07,measured,S4.1-fabric-mpc-components,C_MPC,16,1,native,"[""sha256:532a8ccbe2aa5cc8d5d789fd51537f7e03d80aa07758509b75d4e14f13d76079""]",true,true,true,false,true,true,false,false,false,true,0,,,,,9,133239.715264
559e0bb531b3e4330c532e624d546d616c7849eb,a5463a90b3c1b48813560e77a89b438c2cc33d8d57c23bed868a6ca72b05a218,sha256:532a8ccbe2aa5cc8d5d789fd51537f7e03d80aa07758509b75d4e14f13d76079,e5e4ec199eb709e456588807df0c03443fe175c2f5ba00ff7987dd78f2de279f,SAIB-RETF/2,credx-bbs-bls12-381-real,mp-spdz-malicious-rep-field,ca57a71d52244c7519483049ef2385f072f05ca69ea7e3cde06c31f37294f866,true,s4.1-component-mpc,s4v123-c16-m19,s4.1-cap16-measured-19,s4.1-request-cap16-measured-19,eea5ee5e08a0fa76082f6ab6f5e77d6dd2b2e7ee90783fb69fef741ea4654d4f,387367ba1ea5c16f04011af17253959b1df5732a0b82faa0db3503b1e962689e,2,1,1,b796c16e14dd53a6e2f3717b9ed2c3405073aa8c3b4696a2ae6e9aa605f37009,93eb93dd54db90ece88fd5e0745868942eff986b46873ba8cb67c963c859a006,mpc-cap16-measured-19/runtime-trace.jsonl,3af9c7063141ce1bbfba82a798625c32ec254ebb44946798df91cc5cb1bceb53,mpc-cap16-measured-19/raw.log,98737f17d0561327d7a4d644a81653f6e3bfb291b608603a3871de99b38342af,measured,S4.1-fabric-mpc-components,C_MPC,16,1,native,"[""sha256:532a8ccbe2aa5cc8d5d789fd51537f7e03d80aa07758509b75d4e14f13d76079""]",true,true,true,false,true,true,false,false,false,true,0,,,,,9,118130.941765
559e0bb531b3e4330c532e624d546d616c7849eb,a5463a90b3c1b48813560e77a89b438c2cc33d8d57c23bed868a6ca72b05a218,sha256:532a8ccbe2aa5cc8d5d789fd51537f7e03d80aa07758509b75d4e14f13d76079,e5e4ec199eb709e456588807df0c03443fe175c2f5ba00ff7987dd78f2de279f,SAIB-RETF/2,credx-bbs-bls12-381-real,mp-spdz-malicious-rep-field,ca57a71d52244c7519483049ef2385f072f05ca69ea7e3cde06c31f37294f866,true,s4.1-component-mpc,s4v123-c16-m20,s4.1-cap16-measured-20,s4.1-request-cap16-measured-20,bb1f1bbfb8067ef2b9e05e8c635d140f36c952a608aca22037c1ce7068c4bd76,19445509d7f1cc2a141e29d0f93be6ce8c0b70d5c3313aaa87cea5d3f7bec648,2,1,1,98e6ec38524d91d62e2cbec28290838e89f8fcf6280bb398180acb089239bb4d,e504120455c2372d65cdcbe4188c3f965ecf06187a8171be0cb4ff2710457b53,mpc-cap16-measured-20/runtime-trace.jsonl,fa9f6372a73aa3b6012819cc7e9b38063c19f723dd60543356f72ee62f7dee73,mpc-cap16-measured-20/raw.log,6d46fef7be868556eb376f0cc7d83969f90c6ca8d09a4ad0135f4e14a00c34a8,measured,S4.1-fabric-mpc-components,C_MPC,16,1,native,"[""sha256:532a8ccbe2aa5cc8d5d789fd51537f7e03d80aa07758509b75d4e14f13d76079""]",true,true,true,false,true,true,false,false,false,true,0,,,,,9,120972.306132
559e0bb531b3e4330c532e624d546d616c7849eb,a5463a90b3c1b48813560e77a89b438c2cc33d8d57c23bed868a6ca72b05a218,sha256:532a8ccbe2aa5cc8d5d789fd51537f7e03d80aa07758509b75d4e14f13d76079,e5e4ec199eb709e456588807df0c03443fe175c2f5ba00ff7987dd78f2de279f,SAIB-RETF/2,credx-bbs-bls12-381-real,mp-spdz-malicious-rep-field,ca57a71d52244c7519483049ef2385f072f05ca69ea7e3cde06c31f37294f866,true,s4.1-component-mpc,s4v123-c16-m21,s4.1-cap16-measured-21,s4.1-request-cap16-measured-21,b28071bb70278c19d1b3df45db138596a987563d5a009454aba4fac9661692b0,94876d3b93f8b1f5dff37ef8ec490cb673db9e8110f629b66f4fe4635c466a77,2,1,1,80ae951741853ae0167045879977be38690697fd2b74f007fa14120cc3b9d57f,d66f795cf67b5e3dde81ed0a2348e519d02b54fe1995e1f708fc69b10be706ac,mpc-cap16-measured-21/runtime-trace.jsonl,f490996ff3c5f15a5a666d0e1b7ce6f61a26e387354ada154babebec020dbb90,mpc-cap16-measured-21/raw.log,b9dabd3103bac8420b10651785c46cbf705655ea0df376d90d1f8f0572a05743,measured,S4.1-fabric-mpc-components,C_MPC,16,1,native,"[""sha256:532a8ccbe2aa5cc8d5d789fd51537f7e03d80aa07758509b75d4e14f13d76079""]",true,true,true,false,true,true,false,false,false,true,0,,,,,9,120050.356529
559e0bb531b3e4330c532e624d546d616c7849eb,a5463a90b3c1b48813560e77a89b438c2cc33d8d57c23bed868a6ca72b05a218,sha256:532a8ccbe2aa5cc8d5d789fd51537f7e03d80aa07758509b75d4e14f13d76079,e5e4ec199eb709e456588807df0c03443fe175c2f5ba00ff7987dd78f2de279f,SAIB-RETF/2,credx-bbs-bls12-381-real,mp-spdz-malicious-rep-field,ca57a71d52244c7519483049ef2385f072f05ca69ea7e3cde06c31f37294f866,true,s4.1-component-mpc,s4v123-c16-m22,s4.1-cap16-measured-22,s4.1-request-cap16-measured-22,483f061543c65813743cc5d640f5d2fd4432ac207a9d3d5e92e35882ec5ac469,be442c46c38ee45618f396a5d87aeb8d38f803180bc7e61bbd6082378cf51716,2,1,1,36cbffd7049a743b016eb068e13215eda26be7a7fbc5f56d418c080889db35d1,22a4215484401f24fc6095af7fc37940d8a214f5ffc766b88cb2de415971c67d,mpc-cap16-measured-22/runtime-trace.jsonl,79908c45ec4c39abd126d39533ad2db4ea0eab6ad4c8377761a27946c1a57f61,mpc-cap16-measured-22/raw.log,29202b47075cf75bf4881b14c2d05f38be9ea724864a4e3cd398baeec008492e,measured,S4.1-fabric-mpc-components,C_MPC,16,1,native,"[""sha256:532a8ccbe2aa5cc8d5d789fd51537f7e03d80aa07758509b75d4e14f13d76079""]",true,true,true,false,true,true,false,false,false,true,0,,,,,9,119058.686929
559e0bb531b3e4330c532e624d546d616c7849eb,a5463a90b3c1b48813560e77a89b438c2cc33d8d57c23bed868a6ca72b05a218,sha256:532a8ccbe2aa5cc8d5d789fd51537f7e03d80aa07758509b75d4e14f13d76079,e5e4ec199eb709e456588807df0c03443fe175c2f5ba00ff7987dd78f2de279f,SAIB-RETF/2,credx-bbs-bls12-381-real,mp-spdz-malicious-rep-field,ca57a71d52244c7519483049ef2385f072f05ca69ea7e3cde06c31f37294f866,true,s4.1-component-mpc,s4v123-c16-m23,s4.1-cap16-measured-23,s4.1-request-cap16-measured-23,2c64d3a5689dd6b836abe5e9f5558f46f4c0150f9e3acf3f588c808263efd5fe,04a25d31de02049907642ed1ff82dcea89c67c2d0f3ba057ee414c8b9efd3777,2,1,1,37807a70e6bbbede29c4ab317af1aa16a5cbd402975e7c5c8a9d0dc3dfd2c314,e493453f304ed0b6460c65c122a405265fc96c1bbee17c80ecb26e1a67c2a19b,mpc-cap16-measured-23/runtime-trace.jsonl,474dfafc8492299889bbb19b3f1745e9bf4c251cb824ff78b92ea8dd1ed7e2c8,mpc-cap16-measured-23/raw.log,020c112a202258ecd8f3681c9ab184da1217bfc16d7c8633bddcf6890308c095,measured,S4.1-fabric-mpc-components,C_MPC,16,1,native,"[""sha256:532a8ccbe2aa5cc8d5d789fd51537f7e03d80aa07758509b75d4e14f13d76079""]",true,true,true,false,true,true,false,false,false,true,0,,,,,9,134135.652271
559e0bb531b3e4330c532e624d546d616c7849eb,a5463a90b3c1b48813560e77a89b438c2cc33d8d57c23bed868a6ca72b05a218,sha256:532a8ccbe2aa5cc8d5d789fd51537f7e03d80aa07758509b75d4e14f13d76079,e5e4ec199eb709e456588807df0c03443fe175c2f5ba00ff7987dd78f2de279f,SAIB-RETF/2,credx-bbs-bls12-381-real,mp-spdz-malicious-rep-field,ca57a71d52244c7519483049ef2385f072f05ca69ea7e3cde06c31f37294f866,true,s4.1-component-mpc,s4v123-c16-m24,s4.1-cap16-measured-24,s4.1-request-cap16-measured-24,a8f2cc00798adf8526e700afeb0654efe69c69c19daaaec984b8dc68300b0d95,ac5b96e1305bffed39b8652d720f905648657f34c1b3e635a31803ea4b473206,2,1,1,3d5d74e5a2cca4780975024d1209f0fc35570a10f8ccbb3fd819613d45bd2c5d,ae886d7829cca365ded8fb3bc46122f6913e2a8be78853bfc472b62bea488115,mpc-cap16-measured-24/runtime-trace.jsonl,44427188af2a1716c30b04466a1423612235632712f5b62f00c310f545b2b3a2,mpc-cap16-measured-24/raw.log,a01913d6596f8e2a890a84fa13ee7e61a276d75b6eb6eddaf62c97addb9e106a,measured,S4.1-fabric-mpc-components,C_MPC,16,1,native,"[""sha256:532a8ccbe2aa5cc8d5d789fd51537f7e03d80aa07758509b75d4e14f13d76079""]",true,true,true,false,true,true,false,false,false,true,0,,,,,9,120229.716566
559e0bb531b3e4330c532e624d546d616c7849eb,a5463a90b3c1b48813560e77a89b438c2cc33d8d57c23bed868a6ca72b05a218,sha256:532a8ccbe2aa5cc8d5d789fd51537f7e03d80aa07758509b75d4e14f13d76079,e5e4ec199eb709e456588807df0c03443fe175c2f5ba00ff7987dd78f2de279f,SAIB-RETF/2,credx-bbs-bls12-381-real,mp-spdz-malicious-rep-field,ca57a71d52244c7519483049ef2385f072f05ca69ea7e3cde06c31f37294f866,true,s4.1-component-mpc,s4v123-c16-m25,s4.1-cap16-measured-25,s4.1-request-cap16-measured-25,6aa8c601cbfaf68780dcc298b5aed68c96a47ee8417d5286d125553fe9604c01,df39abc6e76f28653257240ab5503dc4620c5535210e909ff148206cd7620628,2,1,1,5e7136fad8dfefbc5113c889090fb8315c8eec3e9e277f917fa48b729c9901bd,34028880f278ac78de2429d52aa03c25d60735e14719255402bc2b78526bb99c,mpc-cap16-measured-25/runtime-trace.jsonl,16b8560b07b9663a3e365555dd0f4783221c852837aff7d2a012071cda004944,mpc-cap16-measured-25/raw.log,4802f154bf2373d6356ac271a7e2e17676feb58766e58d743508f4f4d0075c88,measured,S4.1-fabric-mpc-components,C_MPC,16,1,native,"[""sha256:532a8ccbe2aa5cc8d5d789fd51537f7e03d80aa07758509b75d4e14f13d76079""]",true,true,true,false,true,true,false,false,false,true,0,,,,,9,121889.135073
559e0bb531b3e4330c532e624d546d616c7849eb,a5463a90b3c1b48813560e77a89b438c2cc33d8d57c23bed868a6ca72b05a218,sha256:532a8ccbe2aa5cc8d5d789fd51537f7e03d80aa07758509b75d4e14f13d76079,e5e4ec199eb709e456588807df0c03443fe175c2f5ba00ff7987dd78f2de279f,SAIB-RETF/2,credx-bbs-bls12-381-real,mp-spdz-malicious-rep-field,ca57a71d52244c7519483049ef2385f072f05ca69ea7e3cde06c31f37294f866,true,s4.1-component-mpc,s4v123-c16-m26,s4.1-cap16-measured-26,s4.1-request-cap16-measured-26,c7a501c46a5e2fe9a4f6cbf26455783633a1a53d3b0399f3eed665fc9edc3e6f,a1118f36af25d782ce5e2db6408dff0ede925306228f2c58cf5804e27cc5860b,2,1,1,f5b1825549c571dee09516fd43a95f2656af52c4f964bba4e5a18ebef71a1015,dc08089d16917aae3346395613e583cb37dabdad45e9609991464192a00c49d8,mpc-cap16-measured-26/runtime-trace.jsonl,464c206df92671bab35575ed02f9f6cf384679fa074bbc694b03dc68c5aa6e94,mpc-cap16-measured-26/raw.log,375148eabcf3931844af9cfbeff20fa8174112d8bfdc99d40955e06e4987b899,measured,S4.1-fabric-mpc-components,C_MPC,16,1,native,"[""sha256:532a8ccbe2aa5cc8d5d789fd51537f7e03d80aa07758509b75d4e14f13d76079""]",true,true,true,false,true,true,false,false,false,true,0,,,,,9,122282.142217
559e0bb531b3e4330c532e624d546d616c7849eb,a5463a90b3c1b48813560e77a89b438c2cc33d8d57c23bed868a6ca72b05a218,sha256:532a8ccbe2aa5cc8d5d789fd51537f7e03d80aa07758509b75d4e14f13d76079,e5e4ec199eb709e456588807df0c03443fe175c2f5ba00ff7987dd78f2de279f,SAIB-RETF/2,credx-bbs-bls12-381-real,mp-spdz-malicious-rep-field,ca57a71d52244c7519483049ef2385f072f05ca69ea7e3cde06c31f37294f866,true,s4.1-component-mpc,s4v123-c16-m27,s4.1-cap16-measured-27,s4.1-request-cap16-measured-27,923935277474c2e5a36c31f1aab1d83167f7d5f974c34cd2eef14a2970de5c8c,01c0a230c1c9d8f7a6e320188781f953fb57fafda02cf1fd753002e7f78a8357,2,1,1,badb4ca9c161fb9bf1844aeb1090dfac0a6d1741fc256f4a23c5da03d0bf089f,d5c13e78b13a83431df4bcc41b591343164d1b35996c63bd206b1e64ca967856,mpc-cap16-measured-27/runtime-trace.jsonl,9528ba4d31889f11835756c10709ef03169432304d70be4107a321a67ad44200,mpc-cap16-measured-27/raw.log,c872ccdce38ba1e1ec95877254c8b81dbf55420fbc5cd1660b9631d2a367ccb1,measured,S4.1-fabric-mpc-components,C_MPC,16,1,native,"[""sha256:532a8ccbe2aa5cc8d5d789fd51537f7e03d80aa07758509b75d4e14f13d76079""]",true,true,true,false,true,true,false,false,false,true,0,,,,,9,119415.081999
559e0bb531b3e4330c532e624d546d616c7849eb,a5463a90b3c1b48813560e77a89b438c2cc33d8d57c23bed868a6ca72b05a218,sha256:532a8ccbe2aa5cc8d5d789fd51537f7e03d80aa07758509b75d4e14f13d76079,e5e4ec199eb709e456588807df0c03443fe175c2f5ba00ff7987dd78f2de279f,SAIB-RETF/2,credx-bbs-bls12-381-real,mp-spdz-malicious-rep-field,ca57a71d52244c7519483049ef2385f072f05ca69ea7e3cde06c31f37294f866,true,s4.1-component-mpc,s4v123-c16-m28,s4.1-cap16-measured-28,s4.1-request-cap16-measured-28,72dd822e64dfb5dc64a9bb14e1da51829f6fe2a0eab8306297576b443965e441,55a60e4be6df2e9b7e1cec264259ee3bc13ad4dc4d74450314ecb9df339c503b,2,1,1,eca69f0e208b92778bffc4ba62b911ffb2aed00902f31a69491a00f926bf49a1,751a05fafa9d5a6c642eee0dfde50996d30f25e93b55bee17ff6b00fa5630c9b,mpc-cap16-measured-28/runtime-trace.jsonl,8e8cf19bd55f22cf275cbea04d0c1a8dec883553fb7414667b6c0b31549c351c,mpc-cap16-measured-28/raw.log,12e1b6904f7ff223159780060cc9cf022a0cbac05f3f67b893368906a5802a0a,measured,S4.1-fabric-mpc-components,C_MPC,16,1,native,"[""sha256:532a8ccbe2aa5cc8d5d789fd51537f7e03d80aa07758509b75d4e14f13d76079""]",true,true,true,false,true,true,false,false,false,true,0,,,,,9,126577.458312
559e0bb531b3e4330c532e624d546d616c7849eb,a5463a90b3c1b48813560e77a89b438c2cc33d8d57c23bed868a6ca72b05a218,sha256:532a8ccbe2aa5cc8d5d789fd51537f7e03d80aa07758509b75d4e14f13d76079,e5e4ec199eb709e456588807df0c03443fe175c2f5ba00ff7987dd78f2de279f,SAIB-RETF/2,credx-bbs-bls12-381-real,mp-spdz-malicious-rep-field,ca57a71d52244c7519483049ef2385f072f05ca69ea7e3cde06c31f37294f866,true,s4.1-component-mpc,s4v123-c16-m29,s4.1-cap16-measured-29,s4.1-request-cap16-measured-29,282297659a420acd8225e0bacd21b9b1417f0cdc78f19ab7707ebc68cbc98c64,3231cd7edbc56721639bc4a3251adf0c75adceeb60338989b4e3509eeabdd8e5,2,1,1,f0b29ebda551cde9e9edb063e7883bc2c96806d35fe81841158ddf3f1757aadf,f051c2afadef51b1dec8199960aef25a476843043ce4858553fb5646a2693969,mpc-cap16-measured-29/runtime-trace.jsonl,b76d3316fae542c9430fd6e031cb7effae75629f7b8be3c48df709550719087c,mpc-cap16-measured-29/raw.log,1380d7a236753abc68cc0c5085299c2d53d425b68fb1541b5b71d11592f3d78d,measured,S4.1-fabric-mpc-components,C_MPC,16,1,native,"[""sha256:532a8ccbe2aa5cc8d5d789fd51537f7e03d80aa07758509b75d4e14f13d76079""]",true,true,true,false,true,true,false,false,false,true,0,,,,,9,120256.521494
559e0bb531b3e4330c532e624d546d616c7849eb,a5463a90b3c1b48813560e77a89b438c2cc33d8d57c23bed868a6ca72b05a218,sha256:532a8ccbe2aa5cc8d5d789fd51537f7e03d80aa07758509b75d4e14f13d76079,e5e4ec199eb709e456588807df0c03443fe175c2f5ba00ff7987dd78f2de279f,SAIB-RETF/2,credx-bbs-bls12-381-real,mp-spdz-malicious-rep-field,ca57a71d52244c7519483049ef2385f072f05ca69ea7e3cde06c31f37294f866,true,s4.1-component-mpc,s4v123-c16-w00,s4.1-cap16-warmup-00,s4.1-request-cap16-warmup-00,5a1035fa903fceedae09d098ab1c3927ff9ebe6eec71780596cc907fe94fdeeb,65364f03b66a50537510703de383cd6960ca5a2fb06c18dd34c4f99bc3a62bc1,2,1,1,91b7a36933485474f9da1227ba1f411c83994bb51f4810868b3230365fe04a38,bc6f5718f70ed478b945c5322909aca854de93c9c20b219c81f1e29d4c17abda,mpc-cap16-warmup-00/runtime-trace.jsonl,d2d505d39018aeac23324dcc561c0212947b150a59dd3a25250066b446cb8141,mpc-cap16-warmup-00/raw.log,e916607bb63a804816b4551499c30fc87a818efdeeb6fd41512e6573e1833954,warmup,S4.1-fabric-mpc-components,C_MPC,16,1,native,"[""sha256:532a8ccbe2aa5cc8d5d789fd51537f7e03d80aa07758509b75d4e14f13d76079""]",true,true,true,false,true,true,false,false,false,true,0,,,,,9,125227.741011
559e0bb531b3e4330c532e624d546d616c7849eb,a5463a90b3c1b48813560e77a89b438c2cc33d8d57c23bed868a6ca72b05a218,sha256:532a8ccbe2aa5cc8d5d789fd51537f7e03d80aa07758509b75d4e14f13d76079,e5e4ec199eb709e456588807df0c03443fe175c2f5ba00ff7987dd78f2de279f,SAIB-RETF/2,credx-bbs-bls12-381-real,mp-spdz-malicious-rep-field,ca57a71d52244c7519483049ef2385f072f05ca69ea7e3cde06c31f37294f866,true,s4.1-component-mpc,s4v123-c16-w01,s4.1-cap16-warmup-01,s4.1-request-cap16-warmup-01,2e4ead12648c41ca83bf13e1c39443cba9e87a1fb11394aa0ad49e03131ac3bc,1b6c4c8b5fc9255245765f5da18a36d4277184571ddac03a990d67564d1d21bd,2,1,1,2959a546c1ea447feb4cdae76fceae18477d7657a34ff9ab68fbafa4b651cc5a,8a6c0b2f955dd6f437e211ea26af893e8939d7f165a3af1b65fcd87800c0d302,mpc-cap16-warmup-01/runtime-trace.jsonl,2bbf9b36b94edfdbb3a55d69c5a810f34c9c1b493633211d87e74ca7c90237f9,mpc-cap16-warmup-01/raw.log,6f3ac385461c0b78cba94b6f4e934f9cfc625cf7f8ed724f698b04bd2a6b2f31,warmup,S4.1-fabric-mpc-components,C_MPC,16,1,native,"[""sha256:532a8ccbe2aa5cc8d5d789fd51537f7e03d80aa07758509b75d4e14f13d76079""]",true,true,true,false,true,true,false,false,false,true,0,,,,,9,140531.244744
559e0bb531b3e4330c532e624d546d616c7849eb,a5463a90b3c1b48813560e77a89b438c2cc33d8d57c23bed868a6ca72b05a218,sha256:532a8ccbe2aa5cc8d5d789fd51537f7e03d80aa07758509b75d4e14f13d76079,e5e4ec199eb709e456588807df0c03443fe175c2f5ba00ff7987dd78f2de279f,SAIB-RETF/2,credx-bbs-bls12-381-real,mp-spdz-malicious-rep-field,ca57a71d52244c7519483049ef2385f072f05ca69ea7e3cde06c31f37294f866,true,s4.1-component-mpc,s4v123-c16-w02,s4.1-cap16-warmup-02,s4.1-request-cap16-warmup-02,eda5c3415e77e54a283d19faf41acc41cc4f9b7c643f09fe0bc60960265b2d5f,5e1862c41ae014375c216c74b013da2adf7d0a39852e889c474067a49b9a9003,2,1,1,39d2b4d9e11f08cfd4e02f5d532c3e84e1487a2a166db26186df7a8a5c085281,be34c5203abdd02659e77897923ca36075c3c9e9d2af02c7e5da7708be7f2714,mpc-cap16-warmup-02/runtime-trace.jsonl,fcb75ce8d480c6e2e4e7c71b86e15daeccdf86052371cb2412bf6823f2848638,mpc-cap16-warmup-02/raw.log,28a7730e46426db3b06f9cb64e285ad3e52878be45e86df98b08cdd1b99cd6ba,warmup,S4.1-fabric-mpc-components,C_MPC,16,1,native,"[""sha256:532a8ccbe2aa5cc8d5d789fd51537f7e03d80aa07758509b75d4e14f13d76079""]",true,true,true,false,true,true,false,false,false,true,0,,,,,9,141073.903034
559e0bb531b3e4330c532e624d546d616c7849eb,a5463a90b3c1b48813560e77a89b438c2cc33d8d57c23bed868a6ca72b05a218,sha256:532a8ccbe2aa5cc8d5d789fd51537f7e03d80aa07758509b75d4e14f13d76079,e5e4ec199eb709e456588807df0c03443fe175c2f5ba00ff7987dd78f2de279f,SAIB-RETF/2,credx-bbs-bls12-381-real,mp-spdz-malicious-rep-field,ca57a71d52244c7519483049ef2385f072f05ca69ea7e3cde06c31f37294f866,true,s4.1-component-mpc,s4v123-c16-w03,s4.1-cap16-warmup-03,s4.1-request-cap16-warmup-03,1a102c46d44fe21f6f668b8a1f25f3e45cbcbdf3524798d9db4b8337e2079c79,3a5821f938f35bc7059ab7d18d6ac19d5f3433689ab45d4f9c4c628fe831adbd,2,1,1,2fc0c6998f2bdb6e1b2c5ab712c38b2cca4fa9fa80413d13465fbf3123842c8b,ca04431c5c6e90dd1a1758f4c4b62ffa95f5153803b5af5bf3233d189067710b,mpc-cap16-warmup-03/runtime-trace.jsonl,32c87fca81d0982fbb5a707e6a11498f3445cf1abbbfa35d69adf2c90d89aff5,mpc-cap16-warmup-03/raw.log,fe2be3c2e129d49d1904c10cb36545c655bf0ee37c728f1a258ce855e0b1a824,warmup,S4.1-fabric-mpc-components,C_MPC,16,1,native,"[""sha256:532a8ccbe2aa5cc8d5d789fd51537f7e03d80aa07758509b75d4e14f13d76079""]",true,true,true,false,true,true,false,false,false,true,0,,,,,9,145226.364456
559e0bb531b3e4330c532e624d546d616c7849eb,a5463a90b3c1b48813560e77a89b438c2cc33d8d57c23bed868a6ca72b05a218,sha256:532a8ccbe2aa5cc8d5d789fd51537f7e03d80aa07758509b75d4e14f13d76079,e5e4ec199eb709e456588807df0c03443fe175c2f5ba00ff7987dd78f2de279f,SAIB-RETF/2,credx-bbs-bls12-381-real,mp-spdz-malicious-rep-field,ca57a71d52244c7519483049ef2385f072f05ca69ea7e3cde06c31f37294f866,true,s4.1-component-mpc,s4v123-c16-w04,s4.1-cap16-warmup-04,s4.1-request-cap16-warmup-04,1c3e864931b847af794a32a05fb38009eaa60e0fbe4f0b73344167c7c579f6e6,bb1e0d99cf82017b2933aba5c30c20f9396dc837e41ebba37d4af974fc07863c,2,1,1,3c53d848b43114aeb3276ad99af473f0e98c44456a67b07d9bb63b1157f9f529,517c8bc5e70e57ad3d8b33c2375b7ed35c21eccf4cb22cae6019bd59672ba423,mpc-cap16-warmup-04/runtime-trace.jsonl,684f68417cc74b0216d4586518a32c7f9d55b623b958b86066958761c4e15632,mpc-cap16-warmup-04/raw.log,7242646fa7d28f2db69733ac009d8a4310f9a79e302293cd319ade60865a2ef6,warmup,S4.1-fabric-mpc-components,C_MPC,16,1,native,"[""sha256:532a8ccbe2aa5cc8d5d789fd51537f7e03d80aa07758509b75d4e14f13d76079""]",true,true,true,false,true,true,false,false,false,true,0,,,,,9,132637.584793
559e0bb531b3e4330c532e624d546d616c7849eb,a5463a90b3c1b48813560e77a89b438c2cc33d8d57c23bed868a6ca72b05a218,sha256:532a8ccbe2aa5cc8d5d789fd51537f7e03d80aa07758509b75d4e14f13d76079,e5e4ec199eb709e456588807df0c03443fe175c2f5ba00ff7987dd78f2de279f,SAIB-RETF/2,credx-bbs-bls12-381-real,mp-spdz-malicious-rep-field,ca57a71d52244c7519483049ef2385f072f05ca69ea7e3cde06c31f37294f866,true,s4.1-component-mpc,s4v123-c32-m00,s4.1-cap32-measured-00,s4.1-request-cap32-measured-00,5f4d9159bf0180371fa1c59b873f867f8de8a2e64167f72757ada076c6204c02,811778219ed841d5f82ec156c46b58e7f86484f3426da7c77843d5ca420c561d,2,1,1,4dd505209b6a755cffb8db2028dc9f84e778d7acd8345b8ca5bc78a24cb38476,24737699582b1abe7e728b778189498eca6b2852a6c5c66a051b8b84757d8a95,mpc-cap32-measured-00/runtime-trace.jsonl,55b349e648e21d7bb19111ef10a096e67fad831c647772b79c98495cad307b17,mpc-cap32-measured-00/raw.log,b598a4e14acde1529aa609433c9beab043060ea90d5ec6f235a4f3882cb08753,measured,S4.1-fabric-mpc-components,C_MPC,32,1,native,"[""sha256:532a8ccbe2aa5cc8d5d789fd51537f7e03d80aa07758509b75d4e14f13d76079""]",true,true,true,false,true,true,false,false,false,true,0,,,,,9,217690.858963
559e0bb531b3e4330c532e624d546d616c7849eb,a5463a90b3c1b48813560e77a89b438c2cc33d8d57c23bed868a6ca72b05a218,sha256:532a8ccbe2aa5cc8d5d789fd51537f7e03d80aa07758509b75d4e14f13d76079,e5e4ec199eb709e456588807df0c03443fe175c2f5ba00ff7987dd78f2de279f,SAIB-RETF/2,credx-bbs-bls12-381-real,mp-spdz-malicious-rep-field,ca57a71d52244c7519483049ef2385f072f05ca69ea7e3cde06c31f37294f866,true,s4.1-component-mpc,s4v123-c32-m01,s4.1-cap32-measured-01,s4.1-request-cap32-measured-01,3ed58b64a8ff6aa2d74d03a968f959496b9f7090558d4e18c50f4a4f7d9e9f61,603cd9871065db4e85df66b8a532b893a0591a0c3b8d6c02fa2b5820c7b5f67a,2,1,1,0ebf4f353f0961a4e9d4c120d82ce06cf4e6ef7aa2865a87c7edea4bbaa1ea31,454569c333fda0dd009a1715be35ac346784cbea08992de05867d2ba7060c758,mpc-cap32-measured-01/runtime-trace.jsonl,27177cab7f4d0a54df5811765b72313731e185249fd0b04ec381da6f63aa11aa,mpc-cap32-measured-01/raw.log,364a98132ee9903d941f410f7ab9b02e43ac5b4a58c16ad3fbcff75226923dfd,measured,S4.1-fabric-mpc-components,C_MPC,32,1,native,"[""sha256:532a8ccbe2aa5cc8d5d789fd51537f7e03d80aa07758509b75d4e14f13d76079""]",true,true,true,false,true,true,false,false,false,true,0,,,,,9,224423.020358
559e0bb531b3e4330c532e624d546d616c7849eb,a5463a90b3c1b48813560e77a89b438c2cc33d8d57c23bed868a6ca72b05a218,sha256:532a8ccbe2aa5cc8d5d789fd51537f7e03d80aa07758509b75d4e14f13d76079,e5e4ec199eb709e456588807df0c03443fe175c2f5ba00ff7987dd78f2de279f,SAIB-RETF/2,credx-bbs-bls12-381-real,mp-spdz-malicious-rep-field,ca57a71d52244c7519483049ef2385f072f05ca69ea7e3cde06c31f37294f866,true,s4.1-component-mpc,s4v123-c32-m02,s4.1-cap32-measured-02,s4.1-request-cap32-measured-02,7e44f990eca594f7071d970495d05a92412c566c3c196bf2648d42de1ddd90d4,50719549b4e47f1127f1520d9cf155117571f864c499e96abda4516574baf8ee,2,1,1,4e4c57c47a226e2da6574b72c39ba137c20dbf201a4d1eead9b55d6c378f4f77,6b8eb9e6a5e0b08afacc5f4e5c34a0882c0512f11fb9083be92b4e88ae266273,mpc-cap32-measured-02/runtime-trace.jsonl,75ac1e60f4c74522f9f19dbe71ee7902bf61fdf3c56a085797e7d29b68afa25c,mpc-cap32-measured-02/raw.log,b65182aed706c49c126169c0c01a33bee50794df9728d8ad509db44c244d6e5f,measured,S4.1-fabric-mpc-components,C_MPC,32,1,native,"[""sha256:532a8ccbe2aa5cc8d5d789fd51537f7e03d80aa07758509b75d4e14f13d76079""]",true,true,true,false,true,true,false,false,false,true,0,,,,,9,224640.216296
559e0bb531b3e4330c532e624d546d616c7849eb,a5463a90b3c1b48813560e77a89b438c2cc33d8d57c23bed868a6ca72b05a218,sha256:532a8ccbe2aa5cc8d5d789fd51537f7e03d80aa07758509b75d4e14f13d76079,e5e4ec199eb709e456588807df0c03443fe175c2f5ba00ff7987dd78f2de279f,SAIB-RETF/2,credx-bbs-bls12-381-real,mp-spdz-malicious-rep-field,ca57a71d52244c7519483049ef2385f072f05ca69ea7e3cde06c31f37294f866,true,s4.1-component-mpc,s4v123-c32-m03,s4.1-cap32-measured-03,s4.1-request-cap32-measured-03,b94b2e69595127394892bfe6f5e128b934d310097a90f8cfa5026b9c1625f5a3,0aa50398b3e9e701163035c4175ba97750ee896c7887da61d3fdaa68c8f6b4ef,2,1,1,91c9b5387a7e631d531c24f3c201e01698b9edca0284b5d728030afe91ef3e24,60ed6d8bfffdc77d2248191c795c8ec470a4cd9ef5ab7d4532bed59fbc58c66a,mpc-cap32-measured-03/runtime-trace.jsonl,3bd7ad78f0df16bd6a5cf517613585ce61b31033202770d499472875cb4c062b,mpc-cap32-measured-03/raw.log,2dc15d8e39863acfb107f1666a26c4211315f96b0ea25794fef5c310dad2c19b,measured,S4.1-fabric-mpc-components,C_MPC,32,1,native,"[""sha256:532a8ccbe2aa5cc8d5d789fd51537f7e03d80aa07758509b75d4e14f13d76079""]",true,true,true,false,true,true,false,false,false,true,0,,,,,9,208950.968477
559e0bb531b3e4330c532e624d546d616c7849eb,a5463a90b3c1b48813560e77a89b438c2cc33d8d57c23bed868a6ca72b05a218,sha256:532a8ccbe2aa5cc8d5d789fd51537f7e03d80aa07758509b75d4e14f13d76079,e5e4ec199eb709e456588807df0c03443fe175c2f5ba00ff7987dd78f2de279f,SAIB-RETF/2,credx-bbs-bls12-381-real,mp-spdz-malicious-rep-field,ca57a71d52244c7519483049ef2385f072f05ca69ea7e3cde06c31f37294f866,true,s4.1-component-mpc,s4v123-c32-m04,s4.1-cap32-measured-04,s4.1-request-cap32-measured-04,723562684daa9066359b1e41d031b52ee8ef93bb496665415614b7652215c4cd,044089f8b0557fd1b5e8073b86916f93cdb0f23ff370fe7eec29f9a1bd7cfafa,2,1,1,b50d52c34cf2e047cb30960b578f62788680ce99b89f82d536d95da34fa7ac9a,a7d6358e74b1608bfcf0e37258928b04641f4f01c6e6d06cd5e98fa5c27f7236,mpc-cap32-measured-04/runtime-trace.jsonl,905e71f40e5c68650c1b53f26b5122a84441bbf68abd4cb67fc3d7f1688466dc,mpc-cap32-measured-04/raw.log,9bb513df6bbb75f1f3b77cd9e11cca9555654726d7c71c38cbaf43c771703aa1,measured,S4.1-fabric-mpc-components,C_MPC,32,1,native,"[""sha256:532a8ccbe2aa5cc8d5d789fd51537f7e03d80aa07758509b75d4e14f13d76079""]",true,true,true,false,true,true,false,false,false,true,0,,,,,9,209965.554871
559e0bb531b3e4330c532e624d546d616c7849eb,a5463a90b3c1b48813560e77a89b438c2cc33d8d57c23bed868a6ca72b05a218,sha256:532a8ccbe2aa5cc8d5d789fd51537f7e03d80aa07758509b75d4e14f13d76079,e5e4ec199eb709e456588807df0c03443fe175c2f5ba00ff7987dd78f2de279f,SAIB-RETF/2,credx-bbs-bls12-381-real,mp-spdz-malicious-rep-field,ca57a71d52244c7519483049ef2385f072f05ca69ea7e3cde06c31f37294f866,true,s4.1-component-mpc,s4v123-c32-m05,s4.1-cap32-measured-05,s4.1-request-cap32-measured-05,4e68112b52dba301aa72884d238b831309f8aeeb0f1ce790f23d5ffac9e17d2d,575c6339a5b7b0d9435552bbc5c2b954271861778b7cc62fa43054b41b077a54,2,1,1,df5df048c633d32ebcec5f45f780f0e46381cfe901123009bce939296389506d,9bf4441dc7f829a80acf7f05e146e0a77eeb25debd8008a05d8b174d857dcc16,mpc-cap32-measured-05/runtime-trace.jsonl,d75a22ec84cd30d67f357ca729ba208ac87e580d9504624ea65c7f1a2c291b20,mpc-cap32-measured-05/raw.log,9cae27a749f34610ac4113988fae95e6576cd15d2fb4bea06a7e3c46f62526ad,measured,S4.1-fabric-mpc-components,C_MPC,32,1,native,"[""sha256:532a8ccbe2aa5cc8d5d789fd51537f7e03d80aa07758509b75d4e14f13d76079""]",true,true,true,false,true,true,false,false,false,true,0,,,,,9,210353.065525
559e0bb531b3e4330c532e624d546d616c7849eb,a5463a90b3c1b48813560e77a89b438c2cc33d8d57c23bed868a6ca72b05a218,sha256:532a8ccbe2aa5cc8d5d789fd51537f7e03d80aa07758509b75d4e14f13d76079,e5e4ec199eb709e456588807df0c03443fe175c2f5ba00ff7987dd78f2de279f,SAIB-RETF/2,credx-bbs-bls12-381-real,mp-spdz-malicious-rep-field,ca57a71d52244c7519483049ef2385f072f05ca69ea7e3cde06c31f37294f866,true,s4.1-component-mpc,s4v123-c32-m06,s4.1-cap32-measured-06,s4.1-request-cap32-measured-06,cf20875837233abf5f889a00ab54d766abcd94eb05699c66b41fab5bb58b5644,a58dafaa1bb134d12ffc46d5d7aaaf92bbf74f92357719318c6204acaed5a52e,2,1,1,ca4ed66548e9e1873940262e830ddf5122f228801ce7b44d3f59114ef4419271,82acb8401e103f3ce4f8551af91c17cb2c5032f3b9d96f3ef2c3c8a29a8f67a3,mpc-cap32-measured-06/runtime-trace.jsonl,04154af24855eea8cae72fec096b0735b20ab91efb0e95ca8c180ab2c12aa27e,mpc-cap32-measured-06/raw.log,6c13142e6d8314e281a5556401fe90a0062a6d7a48b9fdc2c44c21fae9d07b85,measured,S4.1-fabric-mpc-components,C_MPC,32,1,native,"[""sha256:532a8ccbe2aa5cc8d5d789fd51537f7e03d80aa07758509b75d4e14f13d76079""]",true,true,true,false,true,true,false,false,false,true,0,,,,,9,209260.78179
559e0bb531b3e4330c532e624d546d616c7849eb,a5463a90b3c1b48813560e77a89b438c2cc33d8d57c23bed868a6ca72b05a218,sha256:532a8ccbe2aa5cc8d5d789fd51537f7e03d80aa07758509b75d4e14f13d76079,e5e4ec199eb709e456588807df0c03443fe175c2f5ba00ff7987dd78f2de279f,SAIB-RETF/2,credx-bbs-bls12-381-real,mp-spdz-malicious-rep-field,ca57a71d52244c7519483049ef2385f072f05ca69ea7e3cde06c31f37294f866,true,s4.1-component-mpc,s4v123-c32-m07,s4.1-cap32-measured-07,s4.1-request-cap32-measured-07,1cd03ae3674fcaa4f1a10c179610f66d07176ca82bbf087fbe2e416419d4454f,405c202c0f6719f6ba775a0865c7bdc3e5e973e1518efd8f9c2f5f4db70afded,2,1,1,db52825973ec6a5d2aef6ea04896b3fd645c4fec7c4e42bc0f13ed6891123799,3a4dc2ebf87a84226c81c1bcaef36e1c00a2187d5fa10766674c7ed72f9f9d8a,mpc-cap32-measured-07/runtime-trace.jsonl,0e51cb7e7026ad4a5c5b4e711aa6f313155bbf1829b02f5c31e55d82a0ddd90f,mpc-cap32-measured-07/raw.log,57c3b0bd3985c35c651386f350bbc3847ffd08f0379a72a12feb73d3ea5cd393,measured,S4.1-fabric-mpc-components,C_MPC,32,1,native,"[""sha256:532a8ccbe2aa5cc8d5d789fd51537f7e03d80aa07758509b75d4e14f13d76079""]",true,true,true,false,true,true,false,false,false,true,0,,,,,9,208472.018252
559e0bb531b3e4330c532e624d546d616c7849eb,a5463a90b3c1b48813560e77a89b438c2cc33d8d57c23bed868a6ca72b05a218,sha256:532a8ccbe2aa5cc8d5d789fd51537f7e03d80aa07758509b75d4e14f13d76079,e5e4ec199eb709e456588807df0c03443fe175c2f5ba00ff7987dd78f2de279f,SAIB-RETF/2,credx-bbs-bls12-381-real,mp-spdz-malicious-rep-field,ca57a71d52244c7519483049ef2385f072f05ca69ea7e3cde06c31f37294f866,true,s4.1-component-mpc,s4v123-c32-m08,s4.1-cap32-measured-08,s4.1-request-cap32-measured-08,f3af744c17dc07b376df154cbf50ae7b104d4db138d09e7775b09c3cb4bbd0f8,dcb84e40ce6b4424802b20340e0ddf00ed17b5eb02c5019ef0cde452beb46e86,2,1,1,8b1cea4d136c6220dc8f54857cdfda4b49575e13169d3878c7461c6c6bde1646,6b578d975ec251b111194b15b7623e7b9117a9ed4e09e110474246a1583c830e,mpc-cap32-measured-08/runtime-trace.jsonl,ea44a2d11c9bc1804d9c9af0577d86c619e899feb7c842f0bfca4b418d81df5a,mpc-cap32-measured-08/raw.log,d7b3b4c87e383221583233c19341f1f6d201396dc9262677ccaac45fd912f129,measured,S4.1-fabric-mpc-components,C_MPC,32,1,native,"[""sha256:532a8ccbe2aa5cc8d5d789fd51537f7e03d80aa07758509b75d4e14f13d76079""]",true,true,true,false,true,true,false,false,false,true,0,,,,,9,209023.731883
559e0bb531b3e4330c532e624d546d616c7849eb,a5463a90b3c1b48813560e77a89b438c2cc33d8d57c23bed868a6ca72b05a218,sha256:532a8ccbe2aa5cc8d5d789fd51537f7e03d80aa07758509b75d4e14f13d76079,e5e4ec199eb709e456588807df0c03443fe175c2f5ba00ff7987dd78f2de279f,SAIB-RETF/2,credx-bbs-bls12-381-real,mp-spdz-malicious-rep-field,ca57a71d52244c7519483049ef2385f072f05ca69ea7e3cde06c31f37294f866,true,s4.1-component-mpc,s4v123-c32-m09,s4.1-cap32-measured-09,s4.1-request-cap32-measured-09,04bf894ec22e641e96788f19599d5bb376c95fb920d21bf0143ecd133e5ec599,2477aafc73502e238079fa310b85252d9e2ef5e1eaad8f92db3126bf11bb0a4b,2,1,1,1cd9a08b3168a2d378eaf82feb5bb4480e52ad47d14f33970a521c1cd426a5e3,dd29fb2883fd8b91c906be340429b99161cb9d2e52f287f7ddda0649f7b48eed,mpc-cap32-measured-09/runtime-trace.jsonl,f9a32a50de699a9215f18f35334c064be7a299dca6ea09515c95743d1b42e1f5,mpc-cap32-measured-09/raw.log,26fd0be2572589c5d5b081844a8ac298ab33a7aad740cb7244657ab26224b655,measured,S4.1-fabric-mpc-components,C_MPC,32,1,native,"[""sha256:532a8ccbe2aa5cc8d5d789fd51537f7e03d80aa07758509b75d4e14f13d76079""]",true,true,true,false,true,true,false,false,false,true,0,,,,,9,211570.330244
559e0bb531b3e4330c532e624d546d616c7849eb,a5463a90b3c1b48813560e77a89b438c2cc33d8d57c23bed868a6ca72b05a218,sha256:532a8ccbe2aa5cc8d5d789fd51537f7e03d80aa07758509b75d4e14f13d76079,e5e4ec199eb709e456588807df0c03443fe175c2f5ba00ff7987dd78f2de279f,SAIB-RETF/2,credx-bbs-bls12-381-real,mp-spdz-malicious-rep-field,ca57a71d52244c7519483049ef2385f072f05ca69ea7e3cde06c31f37294f866,true,s4.1-component-mpc,s4v123-c32-m10,s4.1-cap32-measured-10,s4.1-request-cap32-measured-10,b820ad8f706c55a7fb3f9f25f97d97b442b9cc03c350619715f6f91a5e34e1f8,de4a848b289662ffed000ffbae6acc11bd649dee422033c4479f8b5aa4732e57,2,1,1,d4d88cbbf4bcbe339cf6f931d1ecf0d07ae93cb74847e377b7574867ea4af6b6,b7a8f7df386e2937c7ada7122d054bf02bb28e3e47aa8a0845bb630ca9b924af,mpc-cap32-measured-10/runtime-trace.jsonl,a3125881912ec805b6df2bb48fe9581103ad887b15150f62109a60f44f54c851,mpc-cap32-measured-10/raw.log,ef52aab7777931667942ce8cdf3fe4211afcaa1782c3e2f0f227b86de7a1de36,measured,S4.1-fabric-mpc-components,C_MPC,32,1,native,"[""sha256:532a8ccbe2aa5cc8d5d789fd51537f7e03d80aa07758509b75d4e14f13d76079""]",true,true,true,false,true,true,false,false,false,true,0,,,,,9,208975.814452
559e0bb531b3e4330c532e624d546d616c7849eb,a5463a90b3c1b48813560e77a89b438c2cc33d8d57c23bed868a6ca72b05a218,sha256:532a8ccbe2aa5cc8d5d789fd51537f7e03d80aa07758509b75d4e14f13d76079,e5e4ec199eb709e456588807df0c03443fe175c2f5ba00ff7987dd78f2de279f,SAIB-RETF/2,credx-bbs-bls12-381-real,mp-spdz-malicious-rep-field,ca57a71d52244c7519483049ef2385f072f05ca69ea7e3cde06c31f37294f866,true,s4.1-component-mpc,s4v123-c32-m11,s4.1-cap32-measured-11,s4.1-request-cap32-measured-11,ee23213e98b0c2ba5c9164aee373f772f6689ef064b77a39aaac2df0bb4fe4b1,be84914eb095a6c9792f8fcc4d68284e3f3f86506ddc75d52a5245d1417c035b,2,1,1,23b9870e1a032b488c1b38bf62698a10879fe2b39585e2eac03efa0382b03f93,7762d299a051ad15a4a102889b19cf16e86260b31a68668fec24cf562070fc42,mpc-cap32-measured-11/runtime-trace.jsonl,9d88829570367134465f02ce8ca6313f645ad16e2a5c336ebd19bde1def21a2c,mpc-cap32-measured-11/raw.log,e64b3d72d40b369db692bbe896c5127285811ec3b8f77a64ab99bfad04fdd824,measured,S4.1-fabric-mpc-components,C_MPC,32,1,native,"[""sha256:532a8ccbe2aa5cc8d5d789fd51537f7e03d80aa07758509b75d4e14f13d76079""]",true,true,true,false,true,true,false,false,false,true,0,,,,,9,209923.59003
559e0bb531b3e4330c532e624d546d616c7849eb,a5463a90b3c1b48813560e77a89b438c2cc33d8d57c23bed868a6ca72b05a218,sha256:532a8ccbe2aa5cc8d5d789fd51537f7e03d80aa07758509b75d4e14f13d76079,e5e4ec199eb709e456588807df0c03443fe175c2f5ba00ff7987dd78f2de279f,SAIB-RETF/2,credx-bbs-bls12-381-real,mp-spdz-malicious-rep-field,ca57a71d52244c7519483049ef2385f072f05ca69ea7e3cde06c31f37294f866,true,s4.1-component-mpc,s4v123-c32-m12,s4.1-cap32-measured-12,s4.1-request-cap32-measured-12,a5b33b1dfae2a084e18dd1ffe88e7762b2841e859f99d4f0cffffd1124ac6ebf,4b189e3586b54dc7de7d4c86a67ee1ba12b2cd223534e25c5c9fbb9a3d734ad5,2,1,1,2a73adfb2b464ffca4a6b31b75122c531fdb2bc229d9e0e62f49636d352dd155,effab4699306303d07f8c1867e546bcd1302ee992d6ee15da608f41797a5ff92,mpc-cap32-measured-12/runtime-trace.jsonl,7e5c6d4d94775c3d873b01e3ac8da6bf7112abcceafe306e9501c1d17c74f396,mpc-cap32-measured-12/raw.log,2becb38ae74be8c311f495e93caca9e1f92a76d44d5e49925ba02f07f56389ab,measured,S4.1-fabric-mpc-components,C_MPC,32,1,native,"[""sha256:532a8ccbe2aa5cc8d5d789fd51537f7e03d80aa07758509b75d4e14f13d76079""]",true,true,true,false,true,true,false,false,false,true,0,,,,,9,211129.990269
559e0bb531b3e4330c532e624d546d616c7849eb,a5463a90b3c1b48813560e77a89b438c2cc33d8d57c23bed868a6ca72b05a218,sha256:532a8ccbe2aa5cc8d5d789fd51537f7e03d80aa07758509b75d4e14f13d76079,e5e4ec199eb709e456588807df0c03443fe175c2f5ba00ff7987dd78f2de279f,SAIB-RETF/2,credx-bbs-bls12-381-real,mp-spdz-malicious-rep-field,ca57a71d52244c7519483049ef2385f072f05ca69ea7e3cde06c31f37294f866,true,s4.1-component-mpc,s4v123-c32-m13,s4.1-cap32-measured-13,s4.1-request-cap32-measured-13,f246cacf0990acc8d99e39ae4c3c3c319768c1473a892b639ecdee63a7534c64,107d9d73a6040de8a2dcb710ac747766320681a0d816d987ab041a7bf427ffc2,2,1,1,d4b41096edf64fb70c81759d0689ec247aa214a81474d81240b410b2b1f59707,04f64a4299def2c4266a89c47b3355ab55220e801ed610f8543b29fff209ae95,mpc-cap32-measured-13/runtime-trace.jsonl,6a1c3ee48192af213c101d59be6ac588216f25d4df829e66d92685863a28b9ff,mpc-cap32-measured-13/raw.log,50cd64e53b619e1032ad1598c747ea2a29a052e1feb3a0046807523619852ae0,measured,S4.1-fabric-mpc-components,C_MPC,32,1,native,"[""sha256:532a8ccbe2aa5cc8d5d789fd51537f7e03d80aa07758509b75d4e14f13d76079""]",true,true,true,false,true,true,false,false,false,true,0,,,,,9,210358.773455
559e0bb531b3e4330c532e624d546d616c7849eb,a5463a90b3c1b48813560e77a89b438c2cc33d8d57c23bed868a6ca72b05a218,sha256:532a8ccbe2aa5cc8d5d789fd51537f7e03d80aa07758509b75d4e14f13d76079,e5e4ec199eb709e456588807df0c03443fe175c2f5ba00ff7987dd78f2de279f,SAIB-RETF/2,credx-bbs-bls12-381-real,mp-spdz-malicious-rep-field,ca57a71d52244c7519483049ef2385f072f05ca69ea7e3cde06c31f37294f866,true,s4.1-component-mpc,s4v123-c32-m14,s4.1-cap32-measured-14,s4.1-request-cap32-measured-14,97135b1aee8f293772a4a4fe7dee05a4ad63b30ec83631df939def93a8e1261b,3a715f60717edd430c0bbc448bab50fd132a71f0be7add380efe8a2b370a8113,2,1,1,d6faf0d1d0065471d359bea00dc19ba8f1c92923fcddfd0d32785cca457c342a,5e7f7c964aa7a0f172fe8c1da15929d79c885983cb2fba9c848e77b8942ffba3,mpc-cap32-measured-14/runtime-trace.jsonl,52db2be9425aad5d1c59fcf3e2e4ce9bafdab02d8d822e6df214a20bf07523ac,mpc-cap32-measured-14/raw.log,649818ab36807797efd55aaac5db9c6dfd0dac743df3c2b1aab8d6c7e4c30909,measured,S4.1-fabric-mpc-components,C_MPC,32,1,native,"[""sha256:532a8ccbe2aa5cc8d5d789fd51537f7e03d80aa07758509b75d4e14f13d76079""]",true,true,true,false,true,true,false,false,false,true,0,,,,,9,208729.069443
559e0bb531b3e4330c532e624d546d616c7849eb,a5463a90b3c1b48813560e77a89b438c2cc33d8d57c23bed868a6ca72b05a218,sha256:532a8ccbe2aa5cc8d5d789fd51537f7e03d80aa07758509b75d4e14f13d76079,e5e4ec199eb709e456588807df0c03443fe175c2f5ba00ff7987dd78f2de279f,SAIB-RETF/2,credx-bbs-bls12-381-real,mp-spdz-malicious-rep-field,ca57a71d52244c7519483049ef2385f072f05ca69ea7e3cde06c31f37294f866,true,s4.1-component-mpc,s4v123-c32-m15,s4.1-cap32-measured-15,s4.1-request-cap32-measured-15,727569fd3708d1afec11b52eb220e7d0f43d08e13aaf9d73c88a990da981917a,35b57f579808e2f9e705b01587bbc52279893d592514705a83a059c7a6fb71a6,2,1,1,6f735deb8428f79336edb7f3d94e316fecb3a3da2a2173608c5f6d85b3fc28e1,73f03d21f15f020ec42023919d8c210c618b775fde32bb7360d911d9f95f1543,mpc-cap32-measured-15/runtime-trace.jsonl,df93ea86d299f47e82b488c32edf16d64fcc816691753cd7d926e42cd5464ad6,mpc-cap32-measured-15/raw.log,bb1e40647a9c37e273d5bdbc6548737ac54f97d57165cf7dab41967121609992,measured,S4.1-fabric-mpc-components,C_MPC,32,1,native,"[""sha256:532a8ccbe2aa5cc8d5d789fd51537f7e03d80aa07758509b75d4e14f13d76079""]",true,true,true,false,true,true,false,false,false,true,0,,,,,9,210811.672696
559e0bb531b3e4330c532e624d546d616c7849eb,a5463a90b3c1b48813560e77a89b438c2cc33d8d57c23bed868a6ca72b05a218,sha256:532a8ccbe2aa5cc8d5d789fd51537f7e03d80aa07758509b75d4e14f13d76079,e5e4ec199eb709e456588807df0c03443fe175c2f5ba00ff7987dd78f2de279f,SAIB-RETF/2,credx-bbs-bls12-381-real,mp-spdz-malicious-rep-field,ca57a71d52244c7519483049ef2385f072f05ca69ea7e3cde06c31f37294f866,true,s4.1-component-mpc,s4v123-c32-m16,s4.1-cap32-measured-16,s4.1-request-cap32-measured-16,986d24b79629a3ea743fd8497b01dec9748615733cb90ff49939bcfc87d877b2,b5607fe71e6db72610b80f63b0f26f2e1447106712418e2a2dd206fc1db8df57,2,1,1,94e2070a5e7181e863d06d9fd03201b9287e69161f99c8b1bb04f4e81baa74d3,6cfb3f48b4c22aca1d0f9ca9d8dafaae3d2edaabc6c48c1954fbf01a1793b1e3,mpc-cap32-measured-16/runtime-trace.jsonl,3643dddc5b807da16e8d32da701c933ae37fcb7a554c4c49d13194206f8d7971,mpc-cap32-measured-16/raw.log,902a01d76b3524a7871c8da8286b7c007967c495d0cccfb74c5c7f64eac1489e,measured,S4.1-fabric-mpc-components,C_MPC,32,1,native,"[""sha256:532a8ccbe2aa5cc8d5d789fd51537f7e03d80aa07758509b75d4e14f13d76079""]",true,true,true,false,true,true,false,false,false,true,0,,,,,9,212161.623175
559e0bb531b3e4330c532e624d546d616c7849eb,a5463a90b3c1b48813560e77a89b438c2cc33d8d57c23bed868a6ca72b05a218,sha256:532a8ccbe2aa5cc8d5d789fd51537f7e03d80aa07758509b75d4e14f13d76079,e5e4ec199eb709e456588807df0c03443fe175c2f5ba00ff7987dd78f2de279f,SAIB-RETF/2,credx-bbs-bls12-381-real,mp-spdz-malicious-rep-field,ca57a71d52244c7519483049ef2385f072f05ca69ea7e3cde06c31f37294f866,true,s4.1-component-mpc,s4v123-c32-m17,s4.1-cap32-measured-17,s4.1-request-cap32-measured-17,78f56306dcb74d5d3ea70077a2edf692adb5b46aabde547905f2840a1c9e7c6c,df4420b42567cbef44c29cfae56ffb5273a581a7ab6aa5581f02766ed51027e9,2,1,1,df35cfc5f1ef13a019abe88f44ec3af198b5d8df0e6554ff870f4437cdb620b5,fc521d5109ee3a02125315f4ad3f0980c9644a40b357b495f0611f1788349851,mpc-cap32-measured-17/runtime-trace.jsonl,3e19afa2f90b3054b2b3eeda1c36522003b8d9ece67b2b7470e66f4b92f304ab,mpc-cap32-measured-17/raw.log,9bade85af263e1453f00f4f3a2d7c1f842edd7ad306107a0503eb908833ffa1c,measured,S4.1-fabric-mpc-components,C_MPC,32,1,native,"[""sha256:532a8ccbe2aa5cc8d5d789fd51537f7e03d80aa07758509b75d4e14f13d76079""]",true,true,true,false,true,true,false,false,false,true,0,,,,,9,210660.856249
559e0bb531b3e4330c532e624d546d616c7849eb,a5463a90b3c1b48813560e77a89b438c2cc33d8d57c23bed868a6ca72b05a218,sha256:532a8ccbe2aa5cc8d5d789fd51537f7e03d80aa07758509b75d4e14f13d76079,e5e4ec199eb709e456588807df0c03443fe175c2f5ba00ff7987dd78f2de279f,SAIB-RETF/2,credx-bbs-bls12-381-real,mp-spdz-malicious-rep-field,ca57a71d52244c7519483049ef2385f072f05ca69ea7e3cde06c31f37294f866,true,s4.1-component-mpc,s4v123-c32-m18,s4.1-cap32-measured-18,s4.1-request-cap32-measured-18,8042a27018eb9e44eeddf468e18e3fddf387a3bca4e53815388a9e86e1a2cc99,87023d788f22b7d6138ace990e0e64541c0c81bb8af647c4ce37b8608b66ce0a,2,1,1,494dfcbcb03bbc88795196d515f636a5036f7a1655edb15dc838dfe897e8681c,52a18da4b4e962fbe0050e6786cd0e8e90c074918779ae5470e5600be8f9aac5,mpc-cap32-measured-18/runtime-trace.jsonl,3bc36d228a8765baa9a46ac40285ca4e9e0c159a6202c593784f790a50fbf0ff,mpc-cap32-measured-18/raw.log,94d7aaa6a19bd1354ac8c10e9ecb4c1099f002a5c1e5ea8e6d36c6d1498618ad,measured,S4.1-fabric-mpc-components,C_MPC,32,1,native,"[""sha256:532a8ccbe2aa5cc8d5d789fd51537f7e03d80aa07758509b75d4e14f13d76079""]",true,true,true,false,true,true,false,false,false,true,0,,,,,9,210538.983908
559e0bb531b3e4330c532e624d546d616c7849eb,a5463a90b3c1b48813560e77a89b438c2cc33d8d57c23bed868a6ca72b05a218,sha256:532a8ccbe2aa5cc8d5d789fd51537f7e03d80aa07758509b75d4e14f13d76079,e5e4ec199eb709e456588807df0c03443fe175c2f5ba00ff7987dd78f2de279f,SAIB-RETF/2,credx-bbs-bls12-381-real,mp-spdz-malicious-rep-field,ca57a71d52244c7519483049ef2385f072f05ca69ea7e3cde06c31f37294f866,true,s4.1-component-mpc,s4v123-c32-m19,s4.1-cap32-measured-19,s4.1-request-cap32-measured-19,a5fda43ee4009210e4166e1915232ac81544fe072bda4fa96f4fbc88127de4a3,1abaa2d8d3690d19627eebbee895c1880b09f0af315a2944301baeb96b425474,2,1,1,42a830a3d9c41e52df0a366797b0f858bdefc496347908189440f0ce6bf7ed1c,3826f101dd341204be7d915b40ebbf0c2bff2403bba501eb3b757508b0c81c91,mpc-cap32-measured-19/runtime-trace.jsonl,b78d2b8d01c9cf7f74b999df7d7ac3bb46f5ff388a24cf62bc24b1275ccea5ea,mpc-cap32-measured-19/raw.log,08345d839c20653f846d25f77e41dac60a5556628ec79f5321a59f8118896d89,measured,S4.1-fabric-mpc-components,C_MPC,32,1,native,"[""sha256:532a8ccbe2aa5cc8d5d789fd51537f7e03d80aa07758509b75d4e14f13d76079""]",true,true,true,false,true,true,false,false,false,true,0,,,,,9,212723.760111
559e0bb531b3e4330c532e624d546d616c7849eb,a5463a90b3c1b48813560e77a89b438c2cc33d8d57c23bed868a6ca72b05a218,sha256:532a8ccbe2aa5cc8d5d789fd51537f7e03d80aa07758509b75d4e14f13d76079,e5e4ec199eb709e456588807df0c03443fe175c2f5ba00ff7987dd78f2de279f,SAIB-RETF/2,credx-bbs-bls12-381-real,mp-spdz-malicious-rep-field,ca57a71d52244c7519483049ef2385f072f05ca69ea7e3cde06c31f37294f866,true,s4.1-component-mpc,s4v123-c32-m20,s4.1-cap32-measured-20,s4.1-request-cap32-measured-20,c1ab71a7b237126f22b0901cd294c979c3531564b1ac341830827ecba64e8040,df816e2f8d87e0547e7499cf1bcd1fdbe55415a5eb8b298f1b8faa88004af8de,2,1,1,7e1c2e77794f54b9ba75e0b632dcb6ff586317e875785926f65afce8a6917a97,ac1241919f2451d3d9d518b29190a22a0ffc427e7af9c305201af104e6cb1e98,mpc-cap32-measured-20/runtime-trace.jsonl,7bf18ed22364bc414565578c0eace0c301a336dfe6426d80a32d0edfd45d1b52,mpc-cap32-measured-20/raw.log,4791562ef7420ed6856f9a195b5263d44793fe711dc1ba36377454b23ed30842,measured,S4.1-fabric-mpc-components,C_MPC,32,1,native,"[""sha256:532a8ccbe2aa5cc8d5d789fd51537f7e03d80aa07758509b75d4e14f13d76079""]",true,true,true,false,true,true,false,false,false,true,0,,,,,9,208843.626465
559e0bb531b3e4330c532e624d546d616c7849eb,a5463a90b3c1b48813560e77a89b438c2cc33d8d57c23bed868a6ca72b05a218,sha256:532a8ccbe2aa5cc8d5d789fd51537f7e03d80aa07758509b75d4e14f13d76079,e5e4ec199eb709e456588807df0c03443fe175c2f5ba00ff7987dd78f2de279f,SAIB-RETF/2,credx-bbs-bls12-381-real,mp-spdz-malicious-rep-field,ca57a71d52244c7519483049ef2385f072f05ca69ea7e3cde06c31f37294f866,true,s4.1-component-mpc,s4v123-c32-m21,s4.1-cap32-measured-21,s4.1-request-cap32-measured-21,5a3f9f2134f3c19e9cd87f7130973a427d456fbe55ac841463727cda48194f33,aa10d900c57632b73eeccc23d0cab7914492d7dd29007bea689644c1d53eaced,2,1,1,eea0eaa192773fbf0259a86386598df7b8a178690e257e5efefbc492ba845d56,0685d587b2ee86d7371938dc635c4079662e984d1595e26fb1028a6040d5b5f9,mpc-cap32-measured-21/runtime-trace.jsonl,3ce6c4d787fc3a341a10e2a3c90186363b7e93c653237a089078213082a9a938,mpc-cap32-measured-21/raw.log,ce4ce40aed6aeb299133f6a49500e31f9f2077d0a10303e86e66574f873fd709,measured,S4.1-fabric-mpc-components,C_MPC,32,1,native,"[""sha256:532a8ccbe2aa5cc8d5d789fd51537f7e03d80aa07758509b75d4e14f13d76079""]",true,true,true,false,true,true,false,false,false,true,0,,,,,9,209923.448617
559e0bb531b3e4330c532e624d546d616c7849eb,a5463a90b3c1b48813560e77a89b438c2cc33d8d57c23bed868a6ca72b05a218,sha256:532a8ccbe2aa5cc8d5d789fd51537f7e03d80aa07758509b75d4e14f13d76079,e5e4ec199eb709e456588807df0c03443fe175c2f5ba00ff7987dd78f2de279f,SAIB-RETF/2,credx-bbs-bls12-381-real,mp-spdz-malicious-rep-field,ca57a71d52244c7519483049ef2385f072f05ca69ea7e3cde06c31f37294f866,true,s4.1-component-mpc,s4v123-c32-m22,s4.1-cap32-measured-22,s4.1-request-cap32-measured-22,ebd6936aeb0f82c9e02409f35cebc266cc35eb01d4a2a9a0f5bcc92f2db3e638,8a214445b8518c90b59eff995a8e12f1511c9bae0951fc77444b0837e05404ca,2,1,1,a29d8485ab5df4dc5219befb8f7ee273803467d947e8217a4d279dd75bc38eba,acebb1fc20c45704db1451b77cd35ec3bd91f45a54351c15d39e942564a63c3e,mpc-cap32-measured-22/runtime-trace.jsonl,e857cfa147c98da58caba1c0041881a66861729c1df382700e2d25b90ac417bd,mpc-cap32-measured-22/raw.log,fe547b56bb60e7ceff4c491a74ae08e4ac592820736e6df2a13d89ed41855262,measured,S4.1-fabric-mpc-components,C_MPC,32,1,native,"[""sha256:532a8ccbe2aa5cc8d5d789fd51537f7e03d80aa07758509b75d4e14f13d76079""]",true,true,true,false,true,true,false,false,false,true,0,,,,,9,211488.45008
559e0bb531b3e4330c532e624d546d616c7849eb,a5463a90b3c1b48813560e77a89b438c2cc33d8d57c23bed868a6ca72b05a218,sha256:532a8ccbe2aa5cc8d5d789fd51537f7e03d80aa07758509b75d4e14f13d76079,e5e4ec199eb709e456588807df0c03443fe175c2f5ba00ff7987dd78f2de279f,SAIB-RETF/2,credx-bbs-bls12-381-real,mp-spdz-malicious-rep-field,ca57a71d52244c7519483049ef2385f072f05ca69ea7e3cde06c31f37294f866,true,s4.1-component-mpc,s4v123-c32-m23,s4.1-cap32-measured-23,s4.1-request-cap32-measured-23,036ed3e17f4589f069a83789f29ff23b2670a44c275a8468025ff6b85a95eb93,6d411ef0ab1ea82ffc03de33a2e1ecd6dbc977563041d092a9acc7a436043ac2,2,1,1,20aaaad12b4ec126fd9e403f08d2d3bd16ef533060271dda52aeb955aba09770,f9c7cbee29078e7cb237c538e235bf7563f83c43f2cd9fce6db3180f36fd6053,mpc-cap32-measured-23/runtime-trace.jsonl,5a6145a1e33ec1c4539f25d2f750b45be2fbeddfdfd0c0c9cb1df3c6a734ca1d,mpc-cap32-measured-23/raw.log,5d291548c8a389172a107921fdce23bf3dbce35fb4e3dd2caa8552b6b7f23636,measured,S4.1-fabric-mpc-components,C_MPC,32,1,native,"[""sha256:532a8ccbe2aa5cc8d5d789fd51537f7e03d80aa07758509b75d4e14f13d76079""]",true,true,true,false,true,true,false,false,false,true,0,,,,,9,210771.821121
559e0bb531b3e4330c532e624d546d616c7849eb,a5463a90b3c1b48813560e77a89b438c2cc33d8d57c23bed868a6ca72b05a218,sha256:532a8ccbe2aa5cc8d5d789fd51537f7e03d80aa07758509b75d4e14f13d76079,e5e4ec199eb709e456588807df0c03443fe175c2f5ba00ff7987dd78f2de279f,SAIB-RETF/2,credx-bbs-bls12-381-real,mp-spdz-malicious-rep-field,ca57a71d52244c7519483049ef2385f072f05ca69ea7e3cde06c31f37294f866,true,s4.1-component-mpc,s4v123-c32-m24,s4.1-cap32-measured-24,s4.1-request-cap32-measured-24,e51858353c74db2c21eb09e2e149b9db326a2d07f716d1c5ce80cbde27400f7d,45b226659c689c3da74b969d7d6d780b50fd243243c8b929f909a3c914edad93,2,1,1,c795b42d723e4d7b5138d374231e6caa413c2eb27928ea96f38e55e1753bdbd1,1210872dfe3736886efb086097c4c839fca99c04cba89a32d7a13b163bf043af,mpc-cap32-measured-24/runtime-trace.jsonl,874392bbc40df1ce1ab6ce350a4d3c29716d469472bd61bf8e70527287917792,mpc-cap32-measured-24/raw.log,4ef1e30a794fb68d3e13e129906d689f818ddeada67bffdec0ddcd6387c15b78,measured,S4.1-fabric-mpc-components,C_MPC,32,1,native,"[""sha256:532a8ccbe2aa5cc8d5d789fd51537f7e03d80aa07758509b75d4e14f13d76079""]",true,true,true,false,true,true,false,false,false,true,0,,,,,9,209762.469977
559e0bb531b3e4330c532e624d546d616c7849eb,a5463a90b3c1b48813560e77a89b438c2cc33d8d57c23bed868a6ca72b05a218,sha256:532a8ccbe2aa5cc8d5d789fd51537f7e03d80aa07758509b75d4e14f13d76079,e5e4ec199eb709e456588807df0c03443fe175c2f5ba00ff7987dd78f2de279f,SAIB-RETF/2,credx-bbs-bls12-381-real,mp-spdz-malicious-rep-field,ca57a71d52244c7519483049ef2385f072f05ca69ea7e3cde06c31f37294f866,true,s4.1-component-mpc,s4v123-c32-m25,s4.1-cap32-measured-25,s4.1-request-cap32-measured-25,71f5e4696172ed54b66bd36ec87a16ebbcbc7855f9a0e24d63a5f3edefcaaafc,1e7f44623d33a1a05cf0224f078a5d6d1152cbe7983e22e88c28476309271f33,2,1,1,877420d5e3794f753c30f5bd3b6dc651a8a91e3d7f7a41f0c2c1a1ace1dc10c9,366a2a34626889603612381d96c33de230f7f26249d4289bf3e3cc0623a4ed4e,mpc-cap32-measured-25/runtime-trace.jsonl,76670a18cee223c176d73d96e0f06dad7f4d0977b7417348749a035843d2105a,mpc-cap32-measured-25/raw.log,d01e4ffe324375f60d20e1c8d4e2ceabc810f99171e81fe6f7413ae109d1cfd2,measured,S4.1-fabric-mpc-components,C_MPC,32,1,native,"[""sha256:532a8ccbe2aa5cc8d5d789fd51537f7e03d80aa07758509b75d4e14f13d76079""]",true,true,true,false,true,true,false,false,false,true,0,,,,,9,210172.592739
559e0bb531b3e4330c532e624d546d616c7849eb,a5463a90b3c1b48813560e77a89b438c2cc33d8d57c23bed868a6ca72b05a218,sha256:532a8ccbe2aa5cc8d5d789fd51537f7e03d80aa07758509b75d4e14f13d76079,e5e4ec199eb709e456588807df0c03443fe175c2f5ba00ff7987dd78f2de279f,SAIB-RETF/2,credx-bbs-bls12-381-real,mp-spdz-malicious-rep-field,ca57a71d52244c7519483049ef2385f072f05ca69ea7e3cde06c31f37294f866,true,s4.1-component-mpc,s4v123-c32-m26,s4.1-cap32-measured-26,s4.1-request-cap32-measured-26,e1df119674939ac762fcbc41ff8da02b8ecb28ebdcaebe12942dd89f2916acbc,6f948927dff2c35609d5f3021f6a45ae34a0167706b21863b146647cb3a086c0,2,1,1,2c6cdd54890656b294d4eb8253a7a26be42105b988352a2dc943f18ef7984d12,7c3ccc6dce2a92322a6e1b9f4ba4574e1b27869c0c558de7de12b5e2f9bf9ca8,mpc-cap32-measured-26/runtime-trace.jsonl,9efd33009c9997ad5b88f64f81e43461473821e6105808ef91da1febc998f562,mpc-cap32-measured-26/raw.log,f70f78e9ccff864c5fe23ec91b1502aee7b14e8a49fbb5154c6d9efa92d9b358,measured,S4.1-fabric-mpc-components,C_MPC,32,1,native,"[""sha256:532a8ccbe2aa5cc8d5d789fd51537f7e03d80aa07758509b75d4e14f13d76079""]",true,true,true,false,true,true,false,false,false,true,0,,,,,9,211315.282525
559e0bb531b3e4330c532e624d546d616c7849eb,a5463a90b3c1b48813560e77a89b438c2cc33d8d57c23bed868a6ca72b05a218,sha256:532a8ccbe2aa5cc8d5d789fd51537f7e03d80aa07758509b75d4e14f13d76079,e5e4ec199eb709e456588807df0c03443fe175c2f5ba00ff7987dd78f2de279f,SAIB-RETF/2,credx-bbs-bls12-381-real,mp-spdz-malicious-rep-field,ca57a71d52244c7519483049ef2385f072f05ca69ea7e3cde06c31f37294f866,true,s4.1-component-mpc,s4v123-c32-m27,s4.1-cap32-measured-27,s4.1-request-cap32-measured-27,68b68a5aacfd3d62d9a01f03bf95f8fc8ac60e8a207c40a68f9ff5460f9b6835,eefee0e3f5143574128c67d4c9e4c3e1a035c7f342811253c6b529f418def93d,2,1,1,0814a923fba4b1b0471215aceeb70d6368814a868f911edd78148cefe8d6d638,8255f4384102b6a88b5c9cfda5be6d978a42622171550f0a06f2fe11d680efc8,mpc-cap32-measured-27/runtime-trace.jsonl,c146feaf460167064ee9f6598bc40f3624e1aa372ab6a632d3471a17db52f525,mpc-cap32-measured-27/raw.log,b05f4745efcb1125f62958c9c22902da7f5a17bdbd4759b76c3c4424843b911c,measured,S4.1-fabric-mpc-components,C_MPC,32,1,native,"[""sha256:532a8ccbe2aa5cc8d5d789fd51537f7e03d80aa07758509b75d4e14f13d76079""]",true,true,true,false,true,true,false,false,false,true,0,,,,,9,210030.103639
559e0bb531b3e4330c532e624d546d616c7849eb,a5463a90b3c1b48813560e77a89b438c2cc33d8d57c23bed868a6ca72b05a218,sha256:532a8ccbe2aa5cc8d5d789fd51537f7e03d80aa07758509b75d4e14f13d76079,e5e4ec199eb709e456588807df0c03443fe175c2f5ba00ff7987dd78f2de279f,SAIB-RETF/2,credx-bbs-bls12-381-real,mp-spdz-malicious-rep-field,ca57a71d52244c7519483049ef2385f072f05ca69ea7e3cde06c31f37294f866,true,s4.1-component-mpc,s4v123-c32-m28,s4.1-cap32-measured-28,s4.1-request-cap32-measured-28,209e7d00c27b3960c89a5be3b58d8b6046e345324251dc4e0bfd5ce1c930acf0,c2af3ce7e067950df1a3894e2c38ca76cffe6ffcc2b8e6b47edc0f76bbef44fb,2,1,1,875cd1becb0ec1d9770f0cf1415e5b71d019985178baf33c9cef510000741ac8,e6f5b7b3529e267c005ed124b28ed57102f137fae993ba1c880a1d5d77f47838,mpc-cap32-measured-28/runtime-trace.jsonl,2b12e3b426ad7ebe5ed314594bbb47b9a7123325bfb58fd43fe713f9ad7433d2,mpc-cap32-measured-28/raw.log,ea9b3e3d6110fe0d739592f05bef01fbb35ae3a61ef67fc700dd1d8969916145,measured,S4.1-fabric-mpc-components,C_MPC,32,1,native,"[""sha256:532a8ccbe2aa5cc8d5d789fd51537f7e03d80aa07758509b75d4e14f13d76079""]",true,true,true,false,true,true,false,false,false,true,0,,,,,9,212608.42788
559e0bb531b3e4330c532e624d546d616c7849eb,a5463a90b3c1b48813560e77a89b438c2cc33d8d57c23bed868a6ca72b05a218,sha256:532a8ccbe2aa5cc8d5d789fd51537f7e03d80aa07758509b75d4e14f13d76079,e5e4ec199eb709e456588807df0c03443fe175c2f5ba00ff7987dd78f2de279f,SAIB-RETF/2,credx-bbs-bls12-381-real,mp-spdz-malicious-rep-field,ca57a71d52244c7519483049ef2385f072f05ca69ea7e3cde06c31f37294f866,true,s4.1-component-mpc,s4v123-c32-m29,s4.1-cap32-measured-29,s4.1-request-cap32-measured-29,57a9f59eb4be7af4b9e952c4726579fcc62a2be67817b1cdd3f2812e76ae53b3,784a8c1314d74002c9a246e356f5967da07f7c0a1a7b06b43cc67274e383519b,2,1,1,d82fb9872bd44fab63a232a3d987212339c3fb6265fb25fc2d3632f5e47b0ebe,ba876487f7e9745c03d0218317d979479c9b1792300f9b7b06e9e28c50e1c311,mpc-cap32-measured-29/runtime-trace.jsonl,1dbe4e1ffe4e140768b35725810830687ba30af639d9e729ca4586b9bb690b59,mpc-cap32-measured-29/raw.log,030ae5b1d708c8425f3683dc77cf212179a46f90965058a818c007795d918df0,measured,S4.1-fabric-mpc-components,C_MPC,32,1,native,"[""sha256:532a8ccbe2aa5cc8d5d789fd51537f7e03d80aa07758509b75d4e14f13d76079""]",true,true,true,false,true,true,false,false,false,true,0,,,,,9,211295.755702
559e0bb531b3e4330c532e624d546d616c7849eb,a5463a90b3c1b48813560e77a89b438c2cc33d8d57c23bed868a6ca72b05a218,sha256:532a8ccbe2aa5cc8d5d789fd51537f7e03d80aa07758509b75d4e14f13d76079,e5e4ec199eb709e456588807df0c03443fe175c2f5ba00ff7987dd78f2de279f,SAIB-RETF/2,credx-bbs-bls12-381-real,mp-spdz-malicious-rep-field,ca57a71d52244c7519483049ef2385f072f05ca69ea7e3cde06c31f37294f866,true,s4.1-component-mpc,s4v123-c32-w00,s4.1-cap32-warmup-00,s4.1-request-cap32-warmup-00,d7c75a4967115f7cb788237434ab04e3832ce3b7809dfdad60c8ae094623a6b1,eea4fdf0b4989f23ff7326d16c51009f7246193c0e7d705c0e7e6163e244c16f,2,1,1,d6780c3c8e6f0b9a89821bd9b8918690d167ba84be26e623d853b7e0accd5b28,79d21ff21cc712ec9134653b28d4e02972954eefa76c14c3ff2d80fa0271512f,mpc-cap32-warmup-00/runtime-trace.jsonl,58edad8e7a00cfa4d2344f8cf7899a58cbaccc2fc213abb55f65ec1f8c6967ee,mpc-cap32-warmup-00/raw.log,8496cf60b0c7343b05dbc1195a33f5166128aabdce8cc00326c10e0597bae9e8,warmup,S4.1-fabric-mpc-components,C_MPC,32,1,native,"[""sha256:532a8ccbe2aa5cc8d5d789fd51537f7e03d80aa07758509b75d4e14f13d76079""]",true,true,true,false,true,true,false,false,false,true,0,,,,,9,233949.185945
559e0bb531b3e4330c532e624d546d616c7849eb,a5463a90b3c1b48813560e77a89b438c2cc33d8d57c23bed868a6ca72b05a218,sha256:532a8ccbe2aa5cc8d5d789fd51537f7e03d80aa07758509b75d4e14f13d76079,e5e4ec199eb709e456588807df0c03443fe175c2f5ba00ff7987dd78f2de279f,SAIB-RETF/2,credx-bbs-bls12-381-real,mp-spdz-malicious-rep-field,ca57a71d52244c7519483049ef2385f072f05ca69ea7e3cde06c31f37294f866,true,s4.1-component-mpc,s4v123-c32-w01,s4.1-cap32-warmup-01,s4.1-request-cap32-warmup-01,13ea6beaffa41b0b869a154f6dcace60e862c37476ba60563b6ec12cf20553f5,2ba641abbe2c66f63114bb3ed25ec62e61296f62c614db09152202e907794a9e,2,1,1,850c9346761f2e0ecab458b91a9a0168f61002b808797bb08e792918c75e7dea,4ec5b8207ac356affafbc903015e6b082ec97c9f75b13bd585b243b455ccf38b,mpc-cap32-warmup-01/runtime-trace.jsonl,3ca76bf9e15d0c0dd49dada6f34f53c2e1a453ded86139d4d19b1737a3cf9eb2,mpc-cap32-warmup-01/raw.log,0b05118bf947dcb2103933d633c43f80ecfb17f425a044f5d15473ad51ec0826,warmup,S4.1-fabric-mpc-components,C_MPC,32,1,native,"[""sha256:532a8ccbe2aa5cc8d5d789fd51537f7e03d80aa07758509b75d4e14f13d76079""]",true,true,true,false,true,true,false,false,false,true,0,,,,,9,245170.864581
559e0bb531b3e4330c532e624d546d616c7849eb,a5463a90b3c1b48813560e77a89b438c2cc33d8d57c23bed868a6ca72b05a218,sha256:532a8ccbe2aa5cc8d5d789fd51537f7e03d80aa07758509b75d4e14f13d76079,e5e4ec199eb709e456588807df0c03443fe175c2f5ba00ff7987dd78f2de279f,SAIB-RETF/2,credx-bbs-bls12-381-real,mp-spdz-malicious-rep-field,ca57a71d52244c7519483049ef2385f072f05ca69ea7e3cde06c31f37294f866,true,s4.1-component-mpc,s4v123-c32-w02,s4.1-cap32-warmup-02,s4.1-request-cap32-warmup-02,7b3f6f0bebd2d58626eefebed807dc7398e4c4e13ca17ea8ea3e607b16d96ef3,b55d986fabfbdc13bbff1792730cbb1a34e8cb97d084db21a2ab7676da7c1f03,2,1,1,0cf0ab44e76b89b493c844bb97960a214278afea24bee9e6e984ff5191bbcbc8,be9cc7e4cc3203d42500ea4e25daa71567ca8d263af7c27f957612595470ab26,mpc-cap32-warmup-02/runtime-trace.jsonl,41fe94b03f1e3313be530370d03f449c454201d8b6e6e741df2587776ffbfe11,mpc-cap32-warmup-02/raw.log,e3d5ed217b868588bfb51f9d762d854547478ff4a53b06ef56388b041f9ec98a,warmup,S4.1-fabric-mpc-components,C_MPC,32,1,native,"[""sha256:532a8ccbe2aa5cc8d5d789fd51537f7e03d80aa07758509b75d4e14f13d76079""]",true,true,true,false,true,true,false,false,false,true,0,,,,,9,251592.600456
559e0bb531b3e4330c532e624d546d616c7849eb,a5463a90b3c1b48813560e77a89b438c2cc33d8d57c23bed868a6ca72b05a218,sha256:532a8ccbe2aa5cc8d5d789fd51537f7e03d80aa07758509b75d4e14f13d76079,e5e4ec199eb709e456588807df0c03443fe175c2f5ba00ff7987dd78f2de279f,SAIB-RETF/2,credx-bbs-bls12-381-real,mp-spdz-malicious-rep-field,ca57a71d52244c7519483049ef2385f072f05ca69ea7e3cde06c31f37294f866,true,s4.1-component-mpc,s4v123-c32-w03,s4.1-cap32-warmup-03,s4.1-request-cap32-warmup-03,2c47f10d279eaa64b26785b626b9cc952e4829765cff29a9ea844d599982ed59,3c166c14ca83be665b2a0fed029b43592698609ea5ac5f15092d5ddc1cc39ffa,2,1,1,3f2cbb2d0169942ab07d6a1dad71474bf4bfc751debbbd93741ac99843ea3926,3a5fb0b871c66d31761d5dc5417f6e5904adf57ba059f86c9a3c16ae60b47e8a,mpc-cap32-warmup-03/runtime-trace.jsonl,b252a80dc6f56c5615567b7b3d7b6107ae05bbb1d8dd88e3177e239f955dd085,mpc-cap32-warmup-03/raw.log,58c09b8da51c9622575c70f3b8b831f136b71d088e183b48c3361b197317c45a,warmup,S4.1-fabric-mpc-components,C_MPC,32,1,native,"[""sha256:532a8ccbe2aa5cc8d5d789fd51537f7e03d80aa07758509b75d4e14f13d76079""]",true,true,true,false,true,true,false,false,false,true,0,,,,,9,241699.71775
559e0bb531b3e4330c532e624d546d616c7849eb,a5463a90b3c1b48813560e77a89b438c2cc33d8d57c23bed868a6ca72b05a218,sha256:532a8ccbe2aa5cc8d5d789fd51537f7e03d80aa07758509b75d4e14f13d76079,e5e4ec199eb709e456588807df0c03443fe175c2f5ba00ff7987dd78f2de279f,SAIB-RETF/2,credx-bbs-bls12-381-real,mp-spdz-malicious-rep-field,ca57a71d52244c7519483049ef2385f072f05ca69ea7e3cde06c31f37294f866,true,s4.1-component-mpc,s4v123-c32-w04,s4.1-cap32-warmup-04,s4.1-request-cap32-warmup-04,f3d8369f69898b011474950f3b1158eead91f5cc6d9f5787f00a256e8ffb4aae,41c5379a234962c97c3d4fd558df550fa0582a298724dfb4ee7700494c43e65d,2,1,1,4379fb58d5f4e2cc275b79ab7d230457353809efdcd62c1e463d62801eb7d8fb,9c3105f83734c282a2689f7eddf7fef4fd799c38fda49fb32603e303f22db78b,mpc-cap32-warmup-04/runtime-trace.jsonl,fe7314bd78494228cd3bc98533c146df61fa3680be3a907c95e13f6e9740bcc6,mpc-cap32-warmup-04/raw.log,708d97fe1960821d90f1c468b53ce315b0700ec0fe33e811146e971c7b6e0a37,warmup,S4.1-fabric-mpc-components,C_MPC,32,1,native,"[""sha256:532a8ccbe2aa5cc8d5d789fd51537f7e03d80aa07758509b75d4e14f13d76079""]",true,true,true,false,true,true,false,false,false,true,0,,,,,9,228678.925379
