mode: set
github.com/retf/source/v2/chaincode/privacy-state/config.go:31.122,32.111 1 0
github.com/retf/source/v2/chaincode/privacy-state/config.go:32.111,34.3 1 0
github.com/retf/source/v2/chaincode/privacy-state/config.go:35.2,35.59 1 0
github.com/retf/source/v2/chaincode/privacy-state/config.go:35.59,37.3 1 0
github.com/retf/source/v2/chaincode/privacy-state/config.go:38.2,38.55 1 0
github.com/retf/source/v2/chaincode/privacy-state/config.go:38.55,40.3 1 0
github.com/retf/source/v2/chaincode/privacy-state/config.go:41.2,41.53 1 0
github.com/retf/source/v2/chaincode/privacy-state/config.go:41.53,43.3 1 0
github.com/retf/source/v2/chaincode/privacy-state/config.go:44.2,50.26 7 0
github.com/retf/source/v2/chaincode/privacy-state/config.go:50.26,52.17 2 0
github.com/retf/source/v2/chaincode/privacy-state/config.go:52.17,54.4 1 0
github.com/retf/source/v2/chaincode/privacy-state/config.go:55.3,56.58 2 0
github.com/retf/source/v2/chaincode/privacy-state/config.go:58.2,58.50 1 0
github.com/retf/source/v2/chaincode/privacy-state/config.go:61.98,62.69 1 0
github.com/retf/source/v2/chaincode/privacy-state/config.go:62.69,64.3 1 0
github.com/retf/source/v2/chaincode/privacy-state/config.go:65.2,66.16 2 0
github.com/retf/source/v2/chaincode/privacy-state/config.go:66.16,68.3 1 0
github.com/retf/source/v2/chaincode/privacy-state/config.go:69.2,70.16 2 0
github.com/retf/source/v2/chaincode/privacy-state/config.go:70.16,72.3 1 0
github.com/retf/source/v2/chaincode/privacy-state/config.go:73.2,73.59 1 0
github.com/retf/source/v2/chaincode/privacy-state/config.go:73.59,75.3 1 0
github.com/retf/source/v2/chaincode/privacy-state/config.go:76.2,77.57 2 0
github.com/retf/source/v2/chaincode/privacy-state/config.go:77.57,79.3 1 0
github.com/retf/source/v2/chaincode/privacy-state/config.go:80.2,80.38 1 0
github.com/retf/source/v2/chaincode/privacy-state/config.go:80.38,82.3 1 0
github.com/retf/source/v2/chaincode/privacy-state/config.go:83.2,84.16 2 0
github.com/retf/source/v2/chaincode/privacy-state/config.go:84.16,86.3 1 0
github.com/retf/source/v2/chaincode/privacy-state/config.go:87.2,87.126 1 0
github.com/retf/source/v2/chaincode/privacy-state/config.go:90.100,91.55 1 0
github.com/retf/source/v2/chaincode/privacy-state/config.go:91.55,93.3 1 0
github.com/retf/source/v2/chaincode/privacy-state/config.go:94.2,95.16 2 0
github.com/retf/source/v2/chaincode/privacy-state/config.go:95.16,97.3 1 0
github.com/retf/source/v2/chaincode/privacy-state/config.go:98.2,98.59 1 0
github.com/retf/source/v2/chaincode/privacy-state/config.go:98.59,100.3 1 0
github.com/retf/source/v2/chaincode/privacy-state/config.go:101.2,102.57 2 0
github.com/retf/source/v2/chaincode/privacy-state/config.go:102.57,104.3 1 0
github.com/retf/source/v2/chaincode/privacy-state/config.go:105.2,105.38 1 0
github.com/retf/source/v2/chaincode/privacy-state/config.go:105.38,107.3 1 0
github.com/retf/source/v2/chaincode/privacy-state/config.go:108.2,109.16 2 0
github.com/retf/source/v2/chaincode/privacy-state/config.go:109.16,111.3 1 0
github.com/retf/source/v2/chaincode/privacy-state/config.go:112.2,112.156 1 0
github.com/retf/source/v2/chaincode/privacy-state/config.go:115.68,116.150 1 0
github.com/retf/source/v2/chaincode/privacy-state/config.go:116.150,118.3 1 0
github.com/retf/source/v2/chaincode/privacy-state/config.go:119.2,120.12 2 0
github.com/retf/source/v2/chaincode/privacy-state/config.go:123.54,125.74 1 0
github.com/retf/source/v2/chaincode/privacy-state/config.go:125.74,127.3 1 0
github.com/retf/source/v2/chaincode/privacy-state/config.go:128.2,129.42 2 0
github.com/retf/source/v2/chaincode/privacy-state/config.go:129.42,130.19 1 0
github.com/retf/source/v2/chaincode/privacy-state/config.go:130.19,132.4 1 0
github.com/retf/source/v2/chaincode/privacy-state/config.go:133.3,133.46 1 0
github.com/retf/source/v2/chaincode/privacy-state/config.go:133.46,135.4 1 0
github.com/retf/source/v2/chaincode/privacy-state/config.go:136.3,136.28 1 0
github.com/retf/source/v2/chaincode/privacy-state/config.go:138.2,138.12 1 0
github.com/retf/source/v2/chaincode/privacy-state/keys.go:17.66,18.46 1 0
github.com/retf/source/v2/chaincode/privacy-state/keys.go:18.46,20.3 1 0
github.com/retf/source/v2/chaincode/privacy-state/keys.go:21.2,21.42 1 0
github.com/retf/source/v2/chaincode/privacy-state/keys.go:21.42,23.3 1 0
github.com/retf/source/v2/chaincode/privacy-state/keys.go:24.2,24.68 1 0
github.com/retf/source/v2/chaincode/privacy-state/keys.go:27.69,28.61 1 0
github.com/retf/source/v2/chaincode/privacy-state/keys.go:28.61,30.3 1 0
github.com/retf/source/v2/chaincode/privacy-state/keys.go:31.2,32.87 2 0
github.com/retf/source/v2/chaincode/privacy-state/keys.go:35.66,36.64 1 0
github.com/retf/source/v2/chaincode/privacy-state/keys.go:36.64,38.3 1 0
github.com/retf/source/v2/chaincode/privacy-state/keys.go:39.2,39.68 1 0
github.com/retf/source/v2/chaincode/privacy-state/keys.go:42.55,43.38 1 0
github.com/retf/source/v2/chaincode/privacy-state/keys.go:43.38,45.3 1 0
github.com/retf/source/v2/chaincode/privacy-state/keys.go:46.2,46.50 1 0
github.com/retf/source/v2/chaincode/privacy-state/keys.go:49.67,50.64 1 0
github.com/retf/source/v2/chaincode/privacy-state/keys.go:50.64,52.3 1 0
github.com/retf/source/v2/chaincode/privacy-state/keys.go:53.2,53.69 1 0
github.com/retf/source/v2/chaincode/privacy-state/keys.go:56.51,57.38 1 0
github.com/retf/source/v2/chaincode/privacy-state/keys.go:57.38,59.3 1 0
github.com/retf/source/v2/chaincode/privacy-state/keys.go:60.2,60.46 1 0
github.com/retf/source/v2/chaincode/privacy-state/keys.go:63.54,64.38 1 0
github.com/retf/source/v2/chaincode/privacy-state/keys.go:64.38,66.3 1 0
github.com/retf/source/v2/chaincode/privacy-state/keys.go:67.2,67.49 1 0
github.com/retf/source/v2/chaincode/privacy-state/keys.go:70.34,71.22 1 0
github.com/retf/source/v2/chaincode/privacy-state/keys.go:71.22,73.3 1 0
github.com/retf/source/v2/chaincode/privacy-state/keys.go:74.2,75.19 2 0
github.com/retf/source/v2/chaincode/privacy-state/store.go:47.36,49.2 1 0
github.com/retf/source/v2/chaincode/privacy-state/store.go:51.68,52.41 1 0
github.com/retf/source/v2/chaincode/privacy-state/store.go:52.41,54.3 1 0
github.com/retf/source/v2/chaincode/privacy-state/store.go:55.2,58.13 4 0
github.com/retf/source/v2/chaincode/privacy-state/store.go:58.13,60.3 1 0
github.com/retf/source/v2/chaincode/privacy-state/store.go:61.2,61.99 1 0
github.com/retf/source/v2/chaincode/privacy-state/store.go:64.89,68.39 4 0
github.com/retf/source/v2/chaincode/privacy-state/store.go:68.39,69.52 1 0
github.com/retf/source/v2/chaincode/privacy-state/store.go:69.52,71.4 1 0
github.com/retf/source/v2/chaincode/privacy-state/store.go:72.3,72.62 1 0
github.com/retf/source/v2/chaincode/privacy-state/store.go:72.62,74.4 1 0
github.com/retf/source/v2/chaincode/privacy-state/store.go:75.3,77.37 3 0
github.com/retf/source/v2/chaincode/privacy-state/store.go:77.37,78.14 1 0
github.com/retf/source/v2/chaincode/privacy-state/store.go:78.14,80.5 1 0
github.com/retf/source/v2/chaincode/privacy-state/store.go:81.4,81.12 1 0
github.com/retf/source/v2/chaincode/privacy-state/store.go:83.3,83.60 1 0
github.com/retf/source/v2/chaincode/privacy-state/store.go:83.60,85.4 1 0
github.com/retf/source/v2/chaincode/privacy-state/store.go:87.2,88.31 2 0
github.com/retf/source/v2/chaincode/privacy-state/store.go:88.31,89.48 1 0
github.com/retf/source/v2/chaincode/privacy-state/store.go:89.48,91.4 1 0
github.com/retf/source/v2/chaincode/privacy-state/store.go:92.3,92.25 1 0
github.com/retf/source/v2/chaincode/privacy-state/store.go:92.25,94.4 1 0
github.com/retf/source/v2/chaincode/privacy-state/store.go:95.3,95.54 1 0
github.com/retf/source/v2/chaincode/privacy-state/store.go:95.54,97.4 1 0
github.com/retf/source/v2/chaincode/privacy-state/store.go:98.3,98.36 1 0
github.com/retf/source/v2/chaincode/privacy-state/store.go:100.2,100.31 1 0
github.com/retf/source/v2/chaincode/privacy-state/store.go:100.31,105.3 4 0
github.com/retf/source/v2/chaincode/privacy-state/store.go:106.2,106.12 1 0
github.com/retf/source/v2/chaincode/privacy-state/store.go:109.56,113.40 4 0
github.com/retf/source/v2/chaincode/privacy-state/store.go:113.40,115.3 1 0
github.com/retf/source/v2/chaincode/privacy-state/store.go:116.2,116.15 1 0
github.com/retf/source/v2/chaincode/privacy-state/store.go:119.41,121.16 2 0
github.com/retf/source/v2/chaincode/privacy-state/store.go:121.16,123.3 1 0
github.com/retf/source/v2/chaincode/privacy-state/store.go:124.2,124.21 1 0
github.com/retf/source/v2/chaincode/privacy-state/store.go:127.47,130.47 3 0
github.com/retf/source/v2/chaincode/privacy-state/store.go:130.47,132.3 1 0
github.com/retf/source/v2/chaincode/privacy-state/store.go:133.2,133.12 1 0
github.com/retf/source/v2/chaincode/privacy-state/store.go:136.63,138.28 2 0
github.com/retf/source/v2/chaincode/privacy-state/store.go:138.28,140.3 1 0
github.com/retf/source/v2/chaincode/privacy-state/store.go:141.2,143.27 3 0
github.com/retf/source/v2/chaincode/privacy-state/store.go:143.27,145.3 1 0
github.com/retf/source/v2/chaincode/privacy-state/store.go:146.2,146.14 1 0
github.com/retf/source/v2/chaincode/privacy-state/store.go:149.36,150.74 1 0
github.com/retf/source/v2/chaincode/privacy-state/store.go:150.74,152.3 1 0
github.com/retf/source/v2/chaincode/privacy-state/store.go:153.2,153.12 1 0
github.com/retf/source/v2/chaincode/private-task/contract.go:38.138,39.95 1 0
github.com/retf/source/v2/chaincode/private-task/contract.go:39.95,41.3 1 0
github.com/retf/source/v2/chaincode/private-task/contract.go:42.2,42.32 1 0
github.com/retf/source/v2/chaincode/private-task/contract.go:42.32,44.3 1 0
github.com/retf/source/v2/chaincode/private-task/contract.go:45.2,46.81 2 0
github.com/retf/source/v2/chaincode/private-task/contract.go:46.81,48.3 1 0
github.com/retf/source/v2/chaincode/private-task/contract.go:49.2,49.122 1 0
github.com/retf/source/v2/chaincode/private-task/contract.go:49.122,51.3 1 0
github.com/retf/source/v2/chaincode/private-task/contract.go:52.2,52.62 1 0
github.com/retf/source/v2/chaincode/private-task/contract.go:52.62,54.3 1 0
github.com/retf/source/v2/chaincode/private-task/contract.go:55.2,56.16 2 0
github.com/retf/source/v2/chaincode/private-task/contract.go:56.16,58.3 1 0
github.com/retf/source/v2/chaincode/private-task/contract.go:59.2,59.44 1 0
github.com/retf/source/v2/chaincode/private-task/contract.go:59.44,61.3 1 0
github.com/retf/source/v2/chaincode/private-task/contract.go:63.2,64.40 2 0
github.com/retf/source/v2/chaincode/private-task/contract.go:64.40,66.3 1 0
github.com/retf/source/v2/chaincode/private-task/contract.go:67.2,68.42 2 0
github.com/retf/source/v2/chaincode/private-task/contract.go:68.42,70.3 1 0
github.com/retf/source/v2/chaincode/private-task/contract.go:71.2,72.16 2 0
github.com/retf/source/v2/chaincode/private-task/contract.go:72.16,74.3 1 0
github.com/retf/source/v2/chaincode/private-task/contract.go:75.2,76.16 2 0
github.com/retf/source/v2/chaincode/private-task/contract.go:76.16,78.3 1 0
github.com/retf/source/v2/chaincode/private-task/contract.go:79.2,80.41 2 0
github.com/retf/source/v2/chaincode/private-task/contract.go:80.41,82.3 1 0
github.com/retf/source/v2/chaincode/private-task/contract.go:83.2,84.39 2 0
github.com/retf/source/v2/chaincode/private-task/contract.go:84.39,86.3 1 0
github.com/retf/source/v2/chaincode/private-task/contract.go:88.2,91.77 4 0
github.com/retf/source/v2/chaincode/private-task/contract.go:91.77,93.3 1 0
github.com/retf/source/v2/chaincode/private-task/contract.go:94.2,94.81 1 0
github.com/retf/source/v2/chaincode/private-task/contract.go:94.81,96.3 1 0
github.com/retf/source/v2/chaincode/private-task/contract.go:97.2,97.79 1 0
github.com/retf/source/v2/chaincode/private-task/contract.go:97.79,99.3 1 0
github.com/retf/source/v2/chaincode/private-task/contract.go:100.2,100.75 1 0
github.com/retf/source/v2/chaincode/private-task/contract.go:100.75,102.3 1 0
github.com/retf/source/v2/chaincode/private-task/contract.go:103.2,103.96 1 0
github.com/retf/source/v2/chaincode/private-task/contract.go:103.96,105.3 1 0
github.com/retf/source/v2/chaincode/private-task/contract.go:107.2,108.16 2 0
github.com/retf/source/v2/chaincode/private-task/contract.go:108.16,110.3 1 0
github.com/retf/source/v2/chaincode/private-task/contract.go:111.2,111.14 1 0
github.com/retf/source/v2/chaincode/private-task/contract.go:111.14,113.3 1 0
github.com/retf/source/v2/chaincode/private-task/contract.go:114.2,115.16 2 0
github.com/retf/source/v2/chaincode/private-task/contract.go:115.16,117.3 1 0
github.com/retf/source/v2/chaincode/private-task/contract.go:118.2,118.16 1 0
github.com/retf/source/v2/chaincode/private-task/contract.go:118.16,120.3 1 0
github.com/retf/source/v2/chaincode/private-task/contract.go:122.2,123.16 2 0
github.com/retf/source/v2/chaincode/private-task/contract.go:123.16,125.3 1 0
github.com/retf/source/v2/chaincode/private-task/contract.go:126.2,127.16 2 0
github.com/retf/source/v2/chaincode/private-task/contract.go:127.16,129.3 1 0
github.com/retf/source/v2/chaincode/private-task/contract.go:130.2,131.16 2 0
github.com/retf/source/v2/chaincode/private-task/contract.go:131.16,133.3 1 0
github.com/retf/source/v2/chaincode/private-task/contract.go:134.2,135.16 2 0
github.com/retf/source/v2/chaincode/private-task/contract.go:135.16,137.3 1 0
github.com/retf/source/v2/chaincode/private-task/contract.go:138.2,139.16 2 0
github.com/retf/source/v2/chaincode/private-task/contract.go:139.16,141.3 1 0
github.com/retf/source/v2/chaincode/private-task/contract.go:142.2,143.25 2 0
github.com/retf/source/v2/chaincode/private-task/contract.go:143.25,144.81 1 0
github.com/retf/source/v2/chaincode/private-task/contract.go:144.81,146.4 1 0
github.com/retf/source/v2/chaincode/private-task/contract.go:147.3,147.44 1 0
github.com/retf/source/v2/chaincode/private-task/contract.go:147.44,149.4 1 0
github.com/retf/source/v2/chaincode/private-task/contract.go:150.3,150.23 1 0
github.com/retf/source/v2/chaincode/private-task/contract.go:152.2,155.16 4 0
github.com/retf/source/v2/chaincode/private-task/contract.go:155.16,157.3 1 0
github.com/retf/source/v2/chaincode/private-task/contract.go:159.2,170.16 4 0
github.com/retf/source/v2/chaincode/private-task/contract.go:170.16,172.3 1 0
github.com/retf/source/v2/chaincode/private-task/contract.go:173.2,174.16 2 0
github.com/retf/source/v2/chaincode/private-task/contract.go:174.16,176.3 1 0
github.com/retf/source/v2/chaincode/private-task/contract.go:177.2,178.16 2 0
github.com/retf/source/v2/chaincode/private-task/contract.go:178.16,180.3 1 0
github.com/retf/source/v2/chaincode/private-task/contract.go:181.2,198.75 4 0
github.com/retf/source/v2/chaincode/private-task/contract.go:198.75,199.47 1 0
github.com/retf/source/v2/chaincode/private-task/contract.go:199.47,201.4 1 0
github.com/retf/source/v2/chaincode/private-task/contract.go:202.3,202.34 1 0
github.com/retf/source/v2/chaincode/private-task/contract.go:204.2,204.157 1 0
github.com/retf/source/v2/chaincode/private-task/contract.go:207.197,208.142 1 0
github.com/retf/source/v2/chaincode/private-task/contract.go:208.142,210.3 1 0
github.com/retf/source/v2/chaincode/private-task/contract.go:211.2,211.145 1 0
github.com/retf/source/v2/chaincode/private-task/contract.go:211.145,213.3 1 0
github.com/retf/source/v2/chaincode/private-task/contract.go:214.2,214.133 1 0
github.com/retf/source/v2/chaincode/private-task/contract.go:214.133,216.3 1 0
github.com/retf/source/v2/chaincode/private-task/contract.go:217.2,217.104 1 0
github.com/retf/source/v2/chaincode/private-task/contract.go:217.104,219.3 1 0
github.com/retf/source/v2/chaincode/private-task/contract.go:220.2,220.12 1 0
github.com/retf/source/v2/chaincode/private-finalization/contract.go:30.116,31.57 1 0
github.com/retf/source/v2/chaincode/private-finalization/contract.go:31.57,33.3 1 0
github.com/retf/source/v2/chaincode/private-finalization/contract.go:34.2,34.155 1 0
github.com/retf/source/v2/chaincode/private-finalization/contract.go:34.155,36.3 1 0
github.com/retf/source/v2/chaincode/private-finalization/contract.go:37.2,38.16 2 0
github.com/retf/source/v2/chaincode/private-finalization/contract.go:38.16,40.3 1 0
github.com/retf/source/v2/chaincode/private-finalization/contract.go:41.2,43.40 3 0
github.com/retf/source/v2/chaincode/private-finalization/contract.go:43.40,45.3 1 0
github.com/retf/source/v2/chaincode/private-finalization/contract.go:46.2,47.42 2 0
github.com/retf/source/v2/chaincode/private-finalization/contract.go:47.42,49.3 1 0
github.com/retf/source/v2/chaincode/private-finalization/contract.go:50.2,52.80 3 0
github.com/retf/source/v2/chaincode/private-finalization/contract.go:52.80,54.3 1 0
github.com/retf/source/v2/chaincode/private-finalization/contract.go:55.2,55.81 1 0
github.com/retf/source/v2/chaincode/private-finalization/contract.go:55.81,57.3 1 0
github.com/retf/source/v2/chaincode/private-finalization/contract.go:58.2,58.155 1 0
github.com/retf/source/v2/chaincode/private-finalization/contract.go:58.155,60.3 1 0
github.com/retf/source/v2/chaincode/private-finalization/contract.go:61.2,63.16 3 0
github.com/retf/source/v2/chaincode/private-finalization/contract.go:63.16,65.3 1 0
github.com/retf/source/v2/chaincode/private-finalization/contract.go:66.2,69.3 1 0
github.com/retf/source/v2/chaincode/private-finalization/contract.go:72.156,73.96 1 0
github.com/retf/source/v2/chaincode/private-finalization/contract.go:73.96,75.3 1 0
github.com/retf/source/v2/chaincode/private-finalization/contract.go:76.2,77.16 2 0
github.com/retf/source/v2/chaincode/private-finalization/contract.go:77.16,79.3 1 0
github.com/retf/source/v2/chaincode/private-finalization/contract.go:80.2,83.40 4 0
github.com/retf/source/v2/chaincode/private-finalization/contract.go:83.40,85.3 1 0
github.com/retf/source/v2/chaincode/private-finalization/contract.go:86.2,87.40 2 0
github.com/retf/source/v2/chaincode/private-finalization/contract.go:87.40,89.3 1 0
github.com/retf/source/v2/chaincode/private-finalization/contract.go:90.2,91.42 2 0
github.com/retf/source/v2/chaincode/private-finalization/contract.go:91.42,93.3 1 0
github.com/retf/source/v2/chaincode/private-finalization/contract.go:94.2,97.80 4 0
github.com/retf/source/v2/chaincode/private-finalization/contract.go:97.80,99.3 1 0
github.com/retf/source/v2/chaincode/private-finalization/contract.go:100.2,100.77 1 0
github.com/retf/source/v2/chaincode/private-finalization/contract.go:100.77,102.3 1 0
github.com/retf/source/v2/chaincode/private-finalization/contract.go:103.2,103.81 1 0
github.com/retf/source/v2/chaincode/private-finalization/contract.go:103.81,105.3 1 0
github.com/retf/source/v2/chaincode/private-finalization/contract.go:106.2,109.91 1 0
github.com/retf/source/v2/chaincode/private-finalization/contract.go:109.91,111.3 1 0
github.com/retf/source/v2/chaincode/private-finalization/contract.go:112.2,112.92 1 0
github.com/retf/source/v2/chaincode/private-finalization/contract.go:112.92,114.3 1 0
github.com/retf/source/v2/chaincode/private-finalization/contract.go:115.2,116.16 2 0
github.com/retf/source/v2/chaincode/private-finalization/contract.go:116.16,118.3 1 0
github.com/retf/source/v2/chaincode/private-finalization/contract.go:119.2,120.45 2 0
github.com/retf/source/v2/chaincode/private-finalization/contract.go:120.45,122.3 1 0
github.com/retf/source/v2/chaincode/private-finalization/contract.go:123.2,124.102 2 0
github.com/retf/source/v2/chaincode/private-finalization/contract.go:124.102,126.3 1 0
github.com/retf/source/v2/chaincode/private-finalization/contract.go:127.2,128.51 2 0
github.com/retf/source/v2/chaincode/private-finalization/contract.go:128.51,129.80 1 0
github.com/retf/source/v2/chaincode/private-finalization/contract.go:129.80,131.4 1 0
github.com/retf/source/v2/chaincode/private-finalization/contract.go:132.3,132.57 1 0
github.com/retf/source/v2/chaincode/private-finalization/contract.go:132.57,134.4 1 0
github.com/retf/source/v2/chaincode/private-finalization/contract.go:135.3,135.55 1 0
github.com/retf/source/v2/chaincode/private-finalization/contract.go:135.55,137.4 1 0
github.com/retf/source/v2/chaincode/private-finalization/contract.go:138.3,140.17 3 0
github.com/retf/source/v2/chaincode/private-finalization/contract.go:140.17,142.4 1 0
github.com/retf/source/v2/chaincode/private-finalization/contract.go:143.3,143.13 1 0
github.com/retf/source/v2/chaincode/private-finalization/contract.go:143.13,145.4 1 0
github.com/retf/source/v2/chaincode/private-finalization/contract.go:146.3,146.15 1 0
github.com/retf/source/v2/chaincode/private-finalization/contract.go:148.2,148.43 1 0
github.com/retf/source/v2/chaincode/private-finalization/contract.go:148.43,150.3 1 0
github.com/retf/source/v2/chaincode/private-finalization/contract.go:151.2,152.16 2 0
github.com/retf/source/v2/chaincode/private-finalization/contract.go:152.16,154.3 1 0
github.com/retf/source/v2/chaincode/private-finalization/contract.go:155.2,164.16 3 0
github.com/retf/source/v2/chaincode/private-finalization/contract.go:164.16,166.3 1 0
github.com/retf/source/v2/chaincode/private-finalization/contract.go:167.2,169.16 3 0
github.com/retf/source/v2/chaincode/private-finalization/contract.go:169.16,171.3 1 0
github.com/retf/source/v2/chaincode/private-finalization/contract.go:172.2,175.16 1 0
github.com/retf/source/v2/chaincode/private-finalization/contract.go:175.16,177.3 1 0
github.com/retf/source/v2/chaincode/private-finalization/contract.go:178.2,178.21 1 0
github.com/retf/source/v2/chaincode/private-finalization/contract.go:181.95,183.40 2 0
github.com/retf/source/v2/chaincode/private-finalization/contract.go:183.40,185.3 1 0
github.com/retf/source/v2/chaincode/private-finalization/contract.go:186.2,186.39 1 0
github.com/retf/source/v2/chaincode/private-finalization/contract.go:186.39,187.52 1 0
github.com/retf/source/v2/chaincode/private-finalization/contract.go:187.52,189.4 1 0
github.com/retf/source/v2/chaincode/private-finalization/contract.go:190.3,190.58 1 0
github.com/retf/source/v2/chaincode/private-finalization/contract.go:190.58,192.4 1 0
github.com/retf/source/v2/chaincode/private-finalization/contract.go:193.3,193.59 1 0
github.com/retf/source/v2/chaincode/private-finalization/contract.go:193.59,195.4 1 0
github.com/retf/source/v2/chaincode/private-finalization/contract.go:197.2,197.40 1 0
github.com/retf/source/v2/chaincode/private-finalization/contract.go:197.40,199.3 1 0
github.com/retf/source/v2/chaincode/private-finalization/contract.go:200.2,200.69 1 0
github.com/retf/source/v2/chaincode/private-finalization/contract.go:200.69,202.3 1 0
github.com/retf/source/v2/chaincode/private-finalization/contract.go:203.2,203.12 1 0
github.com/retf/source/v2/chaincode/private-finalization/contract.go:206.96,208.42 2 0
github.com/retf/source/v2/chaincode/private-finalization/contract.go:208.42,208.94 1 0
github.com/retf/source/v2/chaincode/private-finalization/contract.go:209.2,210.16 2 0
github.com/retf/source/v2/chaincode/private-finalization/contract.go:210.16,212.3 1 0
github.com/retf/source/v2/chaincode/private-finalization/contract.go:213.2,214.43 2 0
github.com/retf/source/v2/cmd/s2.2-privacy-chaincode/main.go:14.13,16.59 2 0
github.com/retf/source/v2/cmd/s2.2-privacy-chaincode/main.go:16.59,18.3 1 0
github.com/retf/source/v2/cmd/s2.2-privacy-chaincode/main.go:19.2,20.17 2 0
github.com/retf/source/v2/cmd/s2.2-privacy-chaincode/main.go:20.17,22.3 1 0
github.com/retf/source/v2/cmd/s2.2-privacy-chaincode/main.go:23.2,26.16 2 0
github.com/retf/source/v2/cmd/s2.2-privacy-chaincode/main.go:26.16,28.3 1 0
github.com/retf/source/v2/cmd/s2.2-privacy-chaincode/main.go:29.2,33.47 2 0
github.com/retf/source/v2/cmd/s2.2-privacy-chaincode/main.go:33.47,35.3 1 0
github.com/retf/source/v2/cmd/s2.2-privacy-chaincode/main.go:36.2,36.39 1 0
github.com/retf/source/v2/cmd/s2.2-privacy-chaincode/main.go:36.39,38.3 1 0
github.com/retf/source/v2/cmd/s2.2.1-block-scan/main.go:49.13,55.52 6 0
github.com/retf/source/v2/cmd/s2.2.1-block-scan/main.go:55.52,57.3 1 0
github.com/retf/source/v2/cmd/s2.2.1-block-scan/main.go:58.2,59.16 2 0
github.com/retf/source/v2/cmd/s2.2.1-block-scan/main.go:59.16,61.3 1 0
github.com/retf/source/v2/cmd/s2.2.1-block-scan/main.go:62.2,65.29 4 0
github.com/retf/source/v2/cmd/s2.2.1-block-scan/main.go:65.29,67.17 2 0
github.com/retf/source/v2/cmd/s2.2.1-block-scan/main.go:67.17,69.4 1 0
github.com/retf/source/v2/cmd/s2.2.1-block-scan/main.go:70.3,71.55 2 0
github.com/retf/source/v2/cmd/s2.2.1-block-scan/main.go:71.55,73.4 1 0
github.com/retf/source/v2/cmd/s2.2.1-block-scan/main.go:74.3,75.17 2 0
github.com/retf/source/v2/cmd/s2.2.1-block-scan/main.go:75.17,77.4 1 0
github.com/retf/source/v2/cmd/s2.2.1-block-scan/main.go:78.3,78.38 1 0
github.com/retf/source/v2/cmd/s2.2.1-block-scan/main.go:80.2,80.23 1 0
github.com/retf/source/v2/cmd/s2.2.1-block-scan/main.go:80.23,82.3 1 0
github.com/retf/source/v2/cmd/s2.2.1-block-scan/main.go:83.2,84.16 2 0
github.com/retf/source/v2/cmd/s2.2.1-block-scan/main.go:84.16,86.3 1 0
github.com/retf/source/v2/cmd/s2.2.1-block-scan/main.go:87.2,90.30 4 0
github.com/retf/source/v2/cmd/s2.2.1-block-scan/main.go:90.30,91.45 1 0
github.com/retf/source/v2/cmd/s2.2.1-block-scan/main.go:91.45,93.4 1 0
github.com/retf/source/v2/cmd/s2.2.1-block-scan/main.go:97.95,98.46 1 0
github.com/retf/source/v2/cmd/s2.2.1-block-scan/main.go:98.46,100.3 1 0
github.com/retf/source/v2/cmd/s2.2.1-block-scan/main.go:101.2,102.117 2 0
github.com/retf/source/v2/cmd/s2.2.1-block-scan/main.go:102.117,104.3 1 0
github.com/retf/source/v2/cmd/s2.2.1-block-scan/main.go:105.2,106.54 2 0
github.com/retf/source/v2/cmd/s2.2.1-block-scan/main.go:106.54,109.134 3 0
github.com/retf/source/v2/cmd/s2.2.1-block-scan/main.go:109.134,110.12 1 0
github.com/retf/source/v2/cmd/s2.2.1-block-scan/main.go:112.3,114.151 3 0
github.com/retf/source/v2/cmd/s2.2.1-block-scan/main.go:114.151,115.12 1 0
github.com/retf/source/v2/cmd/s2.2.1-block-scan/main.go:117.3,121.57 5 0
github.com/retf/source/v2/cmd/s2.2.1-block-scan/main.go:121.57,122.12 1 0
github.com/retf/source/v2/cmd/s2.2.1-block-scan/main.go:124.3,124.46 1 0
github.com/retf/source/v2/cmd/s2.2.1-block-scan/main.go:124.46,126.62 2 0
github.com/retf/source/v2/cmd/s2.2.1-block-scan/main.go:126.62,127.13 1 0
github.com/retf/source/v2/cmd/s2.2.1-block-scan/main.go:129.4,130.81 2 0
github.com/retf/source/v2/cmd/s2.2.1-block-scan/main.go:130.81,131.13 1 0
github.com/retf/source/v2/cmd/s2.2.1-block-scan/main.go:133.4,134.135 2 0
github.com/retf/source/v2/cmd/s2.2.1-block-scan/main.go:134.135,135.13 1 0
github.com/retf/source/v2/cmd/s2.2.1-block-scan/main.go:137.4,138.65 2 0
github.com/retf/source/v2/cmd/s2.2.1-block-scan/main.go:138.65,139.13 1 0
github.com/retf/source/v2/cmd/s2.2.1-block-scan/main.go:141.4,149.33 3 0
github.com/retf/source/v2/cmd/s2.2.1-block-scan/main.go:149.33,151.5 1 0
github.com/retf/source/v2/cmd/s2.2.1-block-scan/main.go:152.4,152.29 1 0
github.com/retf/source/v2/cmd/s2.2.1-block-scan/main.go:152.29,155.5 2 0
github.com/retf/source/v2/cmd/s2.2.1-block-scan/main.go:156.4,157.50 2 0
github.com/retf/source/v2/cmd/s2.2.1-block-scan/main.go:157.50,160.5 2 0
github.com/retf/source/v2/cmd/s2.2.1-block-scan/main.go:161.4,162.35 2 0
github.com/retf/source/v2/cmd/s2.2.1-block-scan/main.go:162.35,164.5 1 0
github.com/retf/source/v2/cmd/s2.2.1-block-scan/main.go:165.4,165.35 1 0
github.com/retf/source/v2/cmd/s2.2.1-block-scan/main.go:165.35,167.67 2 0
github.com/retf/source/v2/cmd/s2.2.1-block-scan/main.go:167.67,169.90 2 0
github.com/retf/source/v2/cmd/s2.2.1-block-scan/main.go:169.90,172.7 2 0
github.com/retf/source/v2/cmd/s2.2.1-block-scan/main.go:174.5,175.61 2 0
github.com/retf/source/v2/cmd/s2.2.1-block-scan/main.go:177.4,178.44 2 0
github.com/retf/source/v2/cmd/s2.2.1-block-scan/main.go:178.44,180.5 1 0
github.com/retf/source/v2/cmd/s2.2.1-block-scan/main.go:181.4,183.32 2 0
github.com/retf/source/v2/cmd/s2.2.1-block-scan/main.go:186.2,186.20 1 0
github.com/retf/source/v2/cmd/s2.2.1-block-scan/main.go:189.53,192.43 3 0
github.com/retf/source/v2/cmd/s2.2.1-block-scan/main.go:192.43,194.3 1 0
github.com/retf/source/v2/cmd/s2.2.1-block-scan/main.go:195.2,203.75 3 0
github.com/retf/source/v2/cmd/s2.2.1-block-scan/main.go:206.66,208.18 2 0
github.com/retf/source/v2/cmd/s2.2.1-block-scan/main.go:208.18,210.3 1 0
github.com/retf/source/v2/cmd/s2.2.1-block-scan/main.go:211.2,212.16 2 0
github.com/retf/source/v2/cmd/s2.2.1-block-scan/main.go:212.16,214.3 1 0
github.com/retf/source/v2/cmd/s2.2.1-block-scan/main.go:215.2,215.72 1 0
github.com/retf/source/v2/cmd/s2.2.1-block-scan/main.go:218.35,220.49 2 0
github.com/retf/source/v2/cmd/s2.2.1-block-scan/main.go:220.49,221.49 1 0
github.com/retf/source/v2/cmd/s2.2.1-block-scan/main.go:221.49,223.4 1 0
github.com/retf/source/v2/cmd/s2.2.1-block-scan/main.go:225.2,225.15 1 0
github.com/retf/source/v2/cmd/s2.2.1-block-scan/main.go:228.28,228.76 2 0
github.com/retf/source/v2/cmd/s2.2.1-material-tool/main.go:23.13,24.22 1 0
github.com/retf/source/v2/cmd/s2.2.1-material-tool/main.go:24.22,26.3 1 0
github.com/retf/source/v2/cmd/s2.2.1-material-tool/main.go:27.2,28.20 2 0
github.com/retf/source/v2/cmd/s2.2.1-material-tool/main.go:29.16,30.28 1 0
github.com/retf/source/v2/cmd/s2.2.1-material-tool/main.go:31.14,32.26 1 0
github.com/retf/source/v2/cmd/s2.2.1-material-tool/main.go:33.18,34.30 1 0
github.com/retf/source/v2/cmd/s2.2.1-material-tool/main.go:35.10,36.40 1 0
github.com/retf/source/v2/cmd/s2.2.1-material-tool/main.go:38.2,38.16 1 0
github.com/retf/source/v2/cmd/s2.2.1-material-tool/main.go:38.16,40.3 1 0
github.com/retf/source/v2/cmd/s2.2.1-material-tool/main.go:43.34,51.42 8 0
github.com/retf/source/v2/cmd/s2.2.1-material-tool/main.go:51.42,53.3 1 0
github.com/retf/source/v2/cmd/s2.2.1-material-tool/main.go:54.2,54.143 1 0
github.com/retf/source/v2/cmd/s2.2.1-material-tool/main.go:54.143,56.3 1 0
github.com/retf/source/v2/cmd/s2.2.1-material-tool/main.go:57.2,58.16 2 0
github.com/retf/source/v2/cmd/s2.2.1-material-tool/main.go:58.16,60.3 1 0
github.com/retf/source/v2/cmd/s2.2.1-material-tool/main.go:61.2,71.54 2 0
github.com/retf/source/v2/cmd/s2.2.1-material-tool/main.go:71.54,73.3 1 0
github.com/retf/source/v2/cmd/s2.2.1-material-tool/main.go:74.2,79.48 3 0
github.com/retf/source/v2/cmd/s2.2.1-material-tool/main.go:79.48,81.3 1 0
github.com/retf/source/v2/cmd/s2.2.1-material-tool/main.go:82.2,85.58 3 0
github.com/retf/source/v2/cmd/s2.2.1-material-tool/main.go:85.58,87.3 1 0
github.com/retf/source/v2/cmd/s2.2.1-material-tool/main.go:88.2,88.68 1 0
github.com/retf/source/v2/cmd/s2.2.1-material-tool/main.go:88.68,90.3 1 0
github.com/retf/source/v2/cmd/s2.2.1-material-tool/main.go:91.2,92.39 2 0
github.com/retf/source/v2/cmd/s2.2.1-material-tool/main.go:92.39,94.47 2 0
github.com/retf/source/v2/cmd/s2.2.1-material-tool/main.go:94.47,96.4 1 0
github.com/retf/source/v2/cmd/s2.2.1-material-tool/main.go:97.3,99.17 3 0
github.com/retf/source/v2/cmd/s2.2.1-material-tool/main.go:99.17,101.4 1 0
github.com/retf/source/v2/cmd/s2.2.1-material-tool/main.go:102.3,102.41 1 0
github.com/retf/source/v2/cmd/s2.2.1-material-tool/main.go:102.41,104.4 1 0
github.com/retf/source/v2/cmd/s2.2.1-material-tool/main.go:105.3,106.17 2 0
github.com/retf/source/v2/cmd/s2.2.1-material-tool/main.go:106.17,108.4 1 0
github.com/retf/source/v2/cmd/s2.2.1-material-tool/main.go:109.3,110.17 2 0
github.com/retf/source/v2/cmd/s2.2.1-material-tool/main.go:110.17,112.4 1 0
github.com/retf/source/v2/cmd/s2.2.1-material-tool/main.go:113.3,114.116 1 0
github.com/retf/source/v2/cmd/s2.2.1-material-tool/main.go:116.2,116.61 1 0
github.com/retf/source/v2/cmd/s2.2.1-material-tool/main.go:116.61,118.3 1 0
github.com/retf/source/v2/cmd/s2.2.1-material-tool/main.go:119.2,119.59 1 0
github.com/retf/source/v2/cmd/s2.2.1-material-tool/main.go:119.59,121.3 1 0
github.com/retf/source/v2/cmd/s2.2.1-material-tool/main.go:122.2,122.127 1 0
github.com/retf/source/v2/cmd/s2.2.1-material-tool/main.go:125.32,131.42 6 0
github.com/retf/source/v2/cmd/s2.2.1-material-tool/main.go:131.42,133.3 1 0
github.com/retf/source/v2/cmd/s2.2.1-material-tool/main.go:134.2,135.16 2 0
github.com/retf/source/v2/cmd/s2.2.1-material-tool/main.go:135.16,137.3 1 0
github.com/retf/source/v2/cmd/s2.2.1-material-tool/main.go:138.2,144.55 5 0
github.com/retf/source/v2/cmd/s2.2.1-material-tool/main.go:144.55,146.3 1 0
github.com/retf/source/v2/cmd/s2.2.1-material-tool/main.go:147.2,147.110 1 0
github.com/retf/source/v2/cmd/s2.2.1-material-tool/main.go:150.36,159.42 9 0
github.com/retf/source/v2/cmd/s2.2.1-material-tool/main.go:159.42,161.3 1 0
github.com/retf/source/v2/cmd/s2.2.1-material-tool/main.go:162.2,163.16 2 0
github.com/retf/source/v2/cmd/s2.2.1-material-tool/main.go:163.16,165.3 1 0
github.com/retf/source/v2/cmd/s2.2.1-material-tool/main.go:166.2,167.16 2 0
github.com/retf/source/v2/cmd/s2.2.1-material-tool/main.go:167.16,169.3 1 0
github.com/retf/source/v2/cmd/s2.2.1-material-tool/main.go:170.2,170.74 1 0
github.com/retf/source/v2/cmd/s2.2.1-material-tool/main.go:170.74,172.3 1 0
github.com/retf/source/v2/cmd/s2.2.1-material-tool/main.go:173.2,176.59 3 0
github.com/retf/source/v2/cmd/s2.2.1-material-tool/main.go:176.59,178.3 1 0
github.com/retf/source/v2/cmd/s2.2.1-material-tool/main.go:179.2,179.110 1 0
github.com/retf/source/v2/cmd/s2.2.1-material-tool/main.go:182.62,184.16 2 0
github.com/retf/source/v2/cmd/s2.2.1-material-tool/main.go:184.16,186.3 1 0
github.com/retf/source/v2/cmd/s2.2.1-material-tool/main.go:187.2,188.18 2 0
github.com/retf/source/v2/cmd/s2.2.1-material-tool/main.go:188.18,190.3 1 0
github.com/retf/source/v2/cmd/s2.2.1-material-tool/main.go:191.2,192.16 2 0
github.com/retf/source/v2/cmd/s2.2.1-material-tool/main.go:192.16,194.3 1 0
github.com/retf/source/v2/cmd/s2.2.1-material-tool/main.go:195.2,196.9 2 0
github.com/retf/source/v2/cmd/s2.2.1-material-tool/main.go:196.9,198.3 1 0
github.com/retf/source/v2/cmd/s2.2.1-material-tool/main.go:199.2,199.21 1 0
github.com/retf/source/v2/cmd/s2.2.1-material-tool/main.go:202.48,204.16 2 0
github.com/retf/source/v2/cmd/s2.2.1-material-tool/main.go:204.16,206.3 1 0
github.com/retf/source/v2/cmd/s2.2.1-material-tool/main.go:207.2,207.37 1 0
github.com/retf/source/v2/cmd/s2.2.1-material-tool/main.go:210.46,212.16 2 0
github.com/retf/source/v2/cmd/s2.2.1-material-tool/main.go:212.16,214.3 1 0
github.com/retf/source/v2/cmd/s2.2.1-material-tool/main.go:215.2,215.32 1 0
github.com/retf/source/v2/cmd/s2.2.1-material-tool/main.go:218.47,219.16 1 0
github.com/retf/source/v2/cmd/s2.2.1-material-tool/main.go:219.16,221.3 1 0
github.com/retf/source/v2/cmd/s2.2.1-material-tool/main.go:222.2,222.63 1 0
github.com/retf/source/v2/cmd/s2.2.1-material-tool/main.go:222.63,224.3 1 0
github.com/retf/source/v2/cmd/s2.2.1-material-tool/main.go:225.2,225.54 1 0
github.com/retf/source/v2/cmd/s2.2.1-material-tool/main.go:228.28,231.2 2 0
github.com/retf/source/v2/cmd/s2.2.1-privacy-chaincode/main.go:16.13,18.62 2 0
github.com/retf/source/v2/cmd/s2.2.1-privacy-chaincode/main.go:18.62,20.3 1 0
github.com/retf/source/v2/cmd/s2.2.1-privacy-chaincode/main.go:21.2,23.81 3 0
github.com/retf/source/v2/cmd/s2.2.1-privacy-chaincode/main.go:23.81,25.3 1 0
github.com/retf/source/v2/cmd/s2.2.1-privacy-chaincode/main.go:26.2,27.25 2 0
github.com/retf/source/v2/cmd/s2.2.1-privacy-chaincode/main.go:27.25,29.3 1 0
github.com/retf/source/v2/cmd/s2.2.1-privacy-chaincode/main.go:30.2,35.16 2 0
github.com/retf/source/v2/cmd/s2.2.1-privacy-chaincode/main.go:35.16,37.3 1 0
github.com/retf/source/v2/cmd/s2.2.1-privacy-chaincode/main.go:38.2,39.16 2 0
github.com/retf/source/v2/cmd/s2.2.1-privacy-chaincode/main.go:39.16,41.3 1 0
github.com/retf/source/v2/cmd/s2.2.1-privacy-chaincode/main.go:42.2,46.47 2 0
github.com/retf/source/v2/cmd/s2.2.1-privacy-chaincode/main.go:46.47,48.3 1 0
github.com/retf/source/v2/cmd/s2.2.1-privacy-chaincode/main.go:49.2,49.39 1 0
github.com/retf/source/v2/cmd/s2.2.1-privacy-chaincode/main.go:49.39,51.3 1 0
github.com/retf/source/v2/cmd/s2.2.1-privacy-chaincode/main.go:54.48,56.16 2 0
github.com/retf/source/v2/cmd/s2.2.1-privacy-chaincode/main.go:56.16,58.3 1 0
github.com/retf/source/v2/cmd/s2.2.1-privacy-chaincode/main.go:59.2,60.16 2 0
github.com/retf/source/v2/cmd/s2.2.1-privacy-chaincode/main.go:60.16,62.3 1 0
github.com/retf/source/v2/cmd/s2.2.1-privacy-chaincode/main.go:63.2,64.16 2 0
github.com/retf/source/v2/cmd/s2.2.1-privacy-chaincode/main.go:64.16,66.3 1 0
github.com/retf/source/v2/cmd/s2.2.1-privacy-chaincode/main.go:67.2,67.33 1 0
github.com/retf/source/v2/cmd/s2.2.2-ccaas-mtls-probe/main.go:17.13,24.58 7 0
github.com/retf/source/v2/cmd/s2.2.2-ccaas-mtls-probe/main.go:24.58,26.3 1 0
github.com/retf/source/v2/cmd/s2.2.2-ccaas-mtls-probe/main.go:27.2,27.47 1 0
github.com/retf/source/v2/cmd/s2.2.2-ccaas-mtls-probe/main.go:27.47,29.3 1 0
github.com/retf/source/v2/cmd/s2.2.2-ccaas-mtls-probe/main.go:30.2,32.55 3 0
github.com/retf/source/v2/cmd/s2.2.2-ccaas-mtls-probe/main.go:32.55,34.3 1 0
github.com/retf/source/v2/cmd/s2.2.2-ccaas-mtls-probe/main.go:35.2,37.23 2 0
github.com/retf/source/v2/cmd/s2.2.2-ccaas-mtls-probe/main.go:37.23,39.17 2 0
github.com/retf/source/v2/cmd/s2.2.2-ccaas-mtls-probe/main.go:39.17,41.4 1 0
github.com/retf/source/v2/cmd/s2.2.2-ccaas-mtls-probe/main.go:42.3,42.55 1 0
github.com/retf/source/v2/cmd/s2.2.2-ccaas-mtls-probe/main.go:44.2,48.16 4 0
github.com/retf/source/v2/cmd/s2.2.2-ccaas-mtls-probe/main.go:48.16,51.3 2 0
github.com/retf/source/v2/cmd/s2.2.2-ccaas-mtls-probe/main.go:51.8,62.54 6 0
github.com/retf/source/v2/cmd/s2.2.2-ccaas-mtls-probe/main.go:62.54,64.23 2 0
github.com/retf/source/v2/cmd/s2.2.2-ccaas-mtls-probe/main.go:64.23,66.5 1 0
github.com/retf/source/v2/cmd/s2.2.2-ccaas-mtls-probe/main.go:66.10,66.29 1 0
github.com/retf/source/v2/cmd/s2.2.2-ccaas-mtls-probe/main.go:66.29,68.5 1 0
github.com/retf/source/v2/cmd/s2.2.2-ccaas-mtls-probe/main.go:69.9,73.4 3 0
github.com/retf/source/v2/cmd/s2.2.2-ccaas-mtls-probe/main.go:74.3,74.25 1 0
github.com/retf/source/v2/cmd/s2.2.2-ccaas-mtls-probe/main.go:76.2,77.30 2 0
github.com/retf/source/v2/cmd/s2.2.2-ccaas-mtls-probe/main.go:80.40,81.17 1 0
github.com/retf/source/v2/cmd/s2.2.2-ccaas-mtls-probe/main.go:82.24,83.18 1 0
github.com/retf/source/v2/cmd/s2.2.2-ccaas-mtls-probe/main.go:84.24,85.18 1 0
github.com/retf/source/v2/cmd/s2.2.2-ccaas-mtls-probe/main.go:86.10,87.38 1 0
github.com/retf/source/v2/cmd/s2.2.2-ccaas-mtls-probe/main.go:91.23,95.2 3 0
github.com/retf/source/v2/cmd/s2.2.2-proposal-time-probe/main.go:47.43,47.90 1 0
github.com/retf/source/v2/cmd/s2.2.2-proposal-time-probe/main.go:48.51,51.2 2 0
github.com/retf/source/v2/cmd/s2.2.2-proposal-time-probe/main.go:57.13,74.4 14 0
github.com/retf/source/v2/cmd/s2.2.2-proposal-time-probe/main.go:74.4,75.18 1 0
github.com/retf/source/v2/cmd/s2.2.2-proposal-time-probe/main.go:75.18,77.4 1 0
github.com/retf/source/v2/cmd/s2.2.2-proposal-time-probe/main.go:79.2,79.25 1 0
github.com/retf/source/v2/cmd/s2.2.2-proposal-time-probe/main.go:79.25,81.3 1 0
github.com/retf/source/v2/cmd/s2.2.2-proposal-time-probe/main.go:82.2,84.16 2 0
github.com/retf/source/v2/cmd/s2.2.2-proposal-time-probe/main.go:84.16,86.3 1 0
github.com/retf/source/v2/cmd/s2.2.2-proposal-time-probe/main.go:87.2,88.30 2 0
github.com/retf/source/v2/cmd/s2.2.2-proposal-time-probe/main.go:91.160,92.20 1 0
github.com/retf/source/v2/cmd/s2.2.2-proposal-time-probe/main.go:92.20,94.3 1 0
github.com/retf/source/v2/cmd/s2.2.2-proposal-time-probe/main.go:95.2,96.16 2 0
github.com/retf/source/v2/cmd/s2.2.2-proposal-time-probe/main.go:96.16,98.3 1 0
github.com/retf/source/v2/cmd/s2.2.2-proposal-time-probe/main.go:99.2,100.16 2 0
github.com/retf/source/v2/cmd/s2.2.2-proposal-time-probe/main.go:100.16,102.3 1 0
github.com/retf/source/v2/cmd/s2.2.2-proposal-time-probe/main.go:103.2,104.16 2 0
github.com/retf/source/v2/cmd/s2.2.2-proposal-time-probe/main.go:104.16,106.3 1 0
github.com/retf/source/v2/cmd/s2.2.2-proposal-time-probe/main.go:107.2,108.44 2 0
github.com/retf/source/v2/cmd/s2.2.2-proposal-time-probe/main.go:108.44,110.3 1 0
github.com/retf/source/v2/cmd/s2.2.2-proposal-time-probe/main.go:111.2,121.37 9 0
github.com/retf/source/v2/cmd/s2.2.2-proposal-time-probe/main.go:121.37,123.3 1 0
github.com/retf/source/v2/cmd/s2.2.2-proposal-time-probe/main.go:124.2,133.16 7 0
github.com/retf/source/v2/cmd/s2.2.2-proposal-time-probe/main.go:133.16,135.3 1 0
github.com/retf/source/v2/cmd/s2.2.2-proposal-time-probe/main.go:136.2,140.52 4 0
github.com/retf/source/v2/cmd/s2.2.2-proposal-time-probe/main.go:140.52,142.3 1 0
github.com/retf/source/v2/cmd/s2.2.2-proposal-time-probe/main.go:143.2,146.16 2 0
github.com/retf/source/v2/cmd/s2.2.2-proposal-time-probe/main.go:146.16,148.3 1 0
github.com/retf/source/v2/cmd/s2.2.2-proposal-time-probe/main.go:149.2,156.20 6 0
github.com/retf/source/v2/cmd/s2.2.2-proposal-time-probe/main.go:156.20,159.3 2 0
github.com/retf/source/v2/cmd/s2.2.2-proposal-time-probe/main.go:160.2,160.30 1 0
github.com/retf/source/v2/cmd/s2.2.2-proposal-time-probe/main.go:160.30,165.3 4 0
github.com/retf/source/v2/cmd/s2.2.2-proposal-time-probe/main.go:166.2,166.20 1 0
github.com/retf/source/v2/cmd/s2.2.2-proposal-time-probe/main.go:169.59,171.16 2 0
github.com/retf/source/v2/cmd/s2.2.2-proposal-time-probe/main.go:171.16,173.3 1 0
github.com/retf/source/v2/cmd/s2.2.2-proposal-time-probe/main.go:174.2,175.18 2 0
github.com/retf/source/v2/cmd/s2.2.2-proposal-time-probe/main.go:175.18,177.3 1 0
github.com/retf/source/v2/cmd/s2.2.2-proposal-time-probe/main.go:178.2,178.65 1 0
github.com/retf/source/v2/cmd/s2.2.2-proposal-time-probe/main.go:178.65,180.3 1 0
github.com/retf/source/v2/cmd/s2.2.2-proposal-time-probe/main.go:181.2,182.16 2 0
github.com/retf/source/v2/cmd/s2.2.2-proposal-time-probe/main.go:182.16,184.3 1 0
github.com/retf/source/v2/cmd/s2.2.2-proposal-time-probe/main.go:185.2,186.9 2 0
github.com/retf/source/v2/cmd/s2.2.2-proposal-time-probe/main.go:186.9,188.3 1 0
github.com/retf/source/v2/cmd/s2.2.2-proposal-time-probe/main.go:189.2,189.17 1 0
github.com/retf/source/v2/cmd/s2.2.2-proposal-time-probe/main.go:192.57,194.27 2 0
github.com/retf/source/v2/cmd/s2.2.2-proposal-time-probe/main.go:194.27,196.3 1 0
github.com/retf/source/v2/cmd/s2.2.2-proposal-time-probe/main.go:197.2,197.10 1 0
github.com/retf/source/v2/cmd/s2.2.2-proposal-time-probe/main.go:200.23,204.2 3 0
github.com/retf/source/v2/cmd/s3-binding-vector/main.go:17.34,20.2 2 0
github.com/retf/source/v2/cmd/s3-binding-vector/main.go:22.37,26.2 3 0
github.com/retf/source/v2/cmd/s3-binding-vector/main.go:28.13,34.32 6 0
github.com/retf/source/v2/cmd/s3-binding-vector/main.go:34.32,38.3 3 0
github.com/retf/source/v2/cmd/s3-binding-vector/main.go:39.2,100.16 8 0
github.com/retf/source/v2/cmd/s3-binding-vector/main.go:100.16,101.13 1 0
github.com/retf/source/v2/cmd/s3-binding-vector/main.go:103.2,106.16 4 0
github.com/retf/source/v2/cmd/s3-binding-vector/main.go:106.16,107.13 1 0
github.com/retf/source/v2/cmd/s3-binding-vector/main.go:109.2,110.16 2 0
github.com/retf/source/v2/cmd/s3-binding-vector/main.go:110.16,111.13 1 0
github.com/retf/source/v2/cmd/s3-binding-vector/main.go:113.2,135.16 3 0
github.com/retf/source/v2/cmd/s3-binding-vector/main.go:135.16,136.13 1 0
github.com/retf/source/v2/cmd/s3-binding-vector/main.go:138.2,139.19 2 0
github.com/retf/source/v2/cmd/s3-binding-vector/main.go:139.19,140.57 1 0
github.com/retf/source/v2/cmd/s3-binding-vector/main.go:140.57,141.14 1 0
github.com/retf/source/v2/cmd/s3-binding-vector/main.go:143.8,143.73 1 0
github.com/retf/source/v2/cmd/s3-binding-vector/main.go:143.73,144.13 1 0
github.com/retf/source/v2/cmd/s3-binding-vector/main.go:148.31,151.2 2 0
github.com/retf/source/v2/cmd/v2-static-check/main.go:26.13,30.16 4 0
github.com/retf/source/v2/cmd/v2-static-check/main.go:30.16,33.3 2 0
github.com/retf/source/v2/cmd/v2-static-check/main.go:34.2,34.23 1 0
github.com/retf/source/v2/cmd/v2-static-check/main.go:34.23,35.33 1 0
github.com/retf/source/v2/cmd/v2-static-check/main.go:35.33,37.4 1 0
github.com/retf/source/v2/cmd/v2-static-check/main.go:38.3,38.13 1 0
github.com/retf/source/v2/cmd/v2-static-check/main.go:40.2,40.52 1 0
github.com/retf/source/v2/cmd/v2-static-check/main.go:43.43,45.16 2 0
github.com/retf/source/v2/cmd/v2-static-check/main.go:45.16,47.3 1 0
github.com/retf/source/v2/cmd/v2-static-check/main.go:48.2,50.93 3 0
github.com/retf/source/v2/cmd/v2-static-check/main.go:50.93,51.21 1 0
github.com/retf/source/v2/cmd/v2-static-check/main.go:51.21,53.4 1 0
github.com/retf/source/v2/cmd/v2-static-check/main.go:54.3,54.20 1 0
github.com/retf/source/v2/cmd/v2-static-check/main.go:54.20,55.58 1 0
github.com/retf/source/v2/cmd/v2-static-check/main.go:55.58,57.5 1 0
github.com/retf/source/v2/cmd/v2-static-check/main.go:58.4,58.14 1 0
github.com/retf/source/v2/cmd/v2-static-check/main.go:60.3,60.93 1 0
github.com/retf/source/v2/cmd/v2-static-check/main.go:60.93,62.4 1 0
github.com/retf/source/v2/cmd/v2-static-check/main.go:63.3,64.17 2 0
github.com/retf/source/v2/cmd/v2-static-check/main.go:64.17,66.4 1 0
github.com/retf/source/v2/cmd/v2-static-check/main.go:67.3,67.15 1 0
github.com/retf/source/v2/cmd/v2-static-check/main.go:67.15,69.4 1 0
github.com/retf/source/v2/cmd/v2-static-check/main.go:70.3,71.17 2 0
github.com/retf/source/v2/cmd/v2-static-check/main.go:71.17,73.4 1 0
github.com/retf/source/v2/cmd/v2-static-check/main.go:74.3,74.43 1 0
github.com/retf/source/v2/cmd/v2-static-check/main.go:74.43,77.92 2 0
github.com/retf/source/v2/cmd/v2-static-check/main.go:77.92,79.5 1 0
github.com/retf/source/v2/cmd/v2-static-check/main.go:80.4,80.28 1 0
github.com/retf/source/v2/cmd/v2-static-check/main.go:80.28,82.5 1 0
github.com/retf/source/v2/cmd/v2-static-check/main.go:84.3,84.48 1 0
github.com/retf/source/v2/cmd/v2-static-check/main.go:84.48,85.32 1 0
github.com/retf/source/v2/cmd/v2-static-check/main.go:86.23,87.45 1 0
github.com/retf/source/v2/cmd/v2-static-check/main.go:87.45,89.6 1 0
github.com/retf/source/v2/cmd/v2-static-check/main.go:90.23,92.40 2 0
github.com/retf/source/v2/cmd/v2-static-check/main.go:92.40,93.41 1 0
github.com/retf/source/v2/cmd/v2-static-check/main.go:93.41,95.7 1 0
github.com/retf/source/v2/cmd/v2-static-check/main.go:97.23,98.51 1 0
github.com/retf/source/v2/cmd/v2-static-check/main.go:98.51,100.6 1 0
github.com/retf/source/v2/cmd/v2-static-check/main.go:101.5,101.59 1 0
github.com/retf/source/v2/cmd/v2-static-check/main.go:101.59,103.6 1 0
github.com/retf/source/v2/cmd/v2-static-check/main.go:105.4,105.15 1 0
github.com/retf/source/v2/cmd/v2-static-check/main.go:107.3,107.13 1 0
github.com/retf/source/v2/cmd/v2-static-check/main.go:109.2,109.16 1 0
github.com/retf/source/v2/cmd/v2-static-check/main.go:109.16,111.3 1 0
github.com/retf/source/v2/cmd/v2-static-check/main.go:112.2,112.43 1 0
github.com/retf/source/v2/cmd/v2-static-check/main.go:112.43,113.69 1 0
github.com/retf/source/v2/cmd/v2-static-check/main.go:113.69,115.4 1 0
github.com/retf/source/v2/cmd/v2-static-check/main.go:116.3,116.71 1 0
github.com/retf/source/v2/cmd/v2-static-check/main.go:118.2,118.22 1 0
github.com/retf/source/v2/cmd/v2-static-check/main.go:121.103,122.42 1 0
github.com/retf/source/v2/cmd/v2-static-check/main.go:122.42,123.118 1 0
github.com/retf/source/v2/cmd/v2-static-check/main.go:123.118,125.4 1 0
github.com/retf/source/v2/cmd/v2-static-check/main.go:126.3,126.39 1 0
github.com/retf/source/v2/cmd/v2-static-check/main.go:126.39,127.12 1 0
github.com/retf/source/v2/cmd/v2-static-check/main.go:129.3,129.36 1 0
github.com/retf/source/v2/cmd/v2-static-check/main.go:129.36,131.165 2 0
github.com/retf/source/v2/cmd/v2-static-check/main.go:131.165,132.45 1 0
github.com/retf/source/v2/cmd/v2-static-check/main.go:132.45,134.6 1 0
github.com/retf/source/v2/cmd/v2-static-check/main.go:140.43,141.36 1 0
github.com/retf/source/v2/cmd/v2-static-check/main.go:142.18,143.20 1 0
github.com/retf/source/v2/cmd/v2-static-check/main.go:144.25,145.24 1 0
github.com/retf/source/v2/cmd/v2-static-check/main.go:146.10,147.12 1 0
github.com/retf/source/v2/fabric/mpcinputregistry/registry.go:96.61,98.16 2 1
github.com/retf/source/v2/fabric/mpcinputregistry/registry.go:98.16,100.3 1 0
github.com/retf/source/v2/fabric/mpcinputregistry/registry.go:101.2,102.23 2 1
github.com/retf/source/v2/fabric/mpcinputregistry/registry.go:105.75,108.2 2 1
github.com/retf/source/v2/fabric/mpcinputregistry/registry.go:110.69,112.16 2 1
github.com/retf/source/v2/fabric/mpcinputregistry/registry.go:112.16,114.3 1 0
github.com/retf/source/v2/fabric/mpcinputregistry/registry.go:115.2,116.43 2 1
github.com/retf/source/v2/fabric/mpcinputregistry/registry.go:119.77,122.2 2 1
github.com/retf/source/v2/fabric/mpcinputregistry/registry.go:126.91,127.28 1 1
github.com/retf/source/v2/fabric/mpcinputregistry/registry.go:127.28,129.3 1 0
github.com/retf/source/v2/fabric/mpcinputregistry/registry.go:130.2,131.67 1 1
github.com/retf/source/v2/fabric/mpcinputregistry/registry.go:131.67,133.3 1 0
github.com/retf/source/v2/fabric/mpcinputregistry/registry.go:134.2,134.48 1 1
github.com/retf/source/v2/fabric/mpcinputregistry/registry.go:134.48,136.3 1 0
github.com/retf/source/v2/fabric/mpcinputregistry/registry.go:137.2,138.16 2 1
github.com/retf/source/v2/fabric/mpcinputregistry/registry.go:138.16,140.3 1 0
github.com/retf/source/v2/fabric/mpcinputregistry/registry.go:141.2,142.16 2 1
github.com/retf/source/v2/fabric/mpcinputregistry/registry.go:142.16,144.3 1 0
github.com/retf/source/v2/fabric/mpcinputregistry/registry.go:145.2,145.24 1 1
github.com/retf/source/v2/fabric/mpcinputregistry/registry.go:145.24,147.3 1 1
github.com/retf/source/v2/fabric/mpcinputregistry/registry.go:148.2,148.68 1 1
github.com/retf/source/v2/fabric/mpcinputregistry/registry.go:148.68,150.3 1 0
github.com/retf/source/v2/fabric/mpcinputregistry/registry.go:151.2,156.50 2 1
github.com/retf/source/v2/fabric/mpcinputregistry/registry.go:161.83,163.16 2 1
github.com/retf/source/v2/fabric/mpcinputregistry/registry.go:163.16,165.3 1 0
github.com/retf/source/v2/fabric/mpcinputregistry/registry.go:166.2,168.81 3 1
github.com/retf/source/v2/fabric/mpcinputregistry/registry.go:168.81,170.3 1 0
github.com/retf/source/v2/fabric/mpcinputregistry/registry.go:171.2,172.48 2 1
github.com/retf/source/v2/fabric/mpcinputregistry/registry.go:184.9,186.16 2 1
github.com/retf/source/v2/fabric/mpcinputregistry/registry.go:186.16,188.3 1 0
github.com/retf/source/v2/fabric/mpcinputregistry/registry.go:189.2,189.94 1 1
github.com/retf/source/v2/fabric/mpcinputregistry/registry.go:189.94,191.3 1 1
github.com/retf/source/v2/fabric/mpcinputregistry/registry.go:192.2,200.43 1 1
github.com/retf/source/v2/fabric/mpcinputregistry/registry.go:200.43,202.3 1 1
github.com/retf/source/v2/fabric/mpcinputregistry/registry.go:203.2,203.46 1 1
github.com/retf/source/v2/fabric/mpcinputregistry/registry.go:203.46,205.3 1 0
github.com/retf/source/v2/fabric/mpcinputregistry/registry.go:206.2,206.99 1 1
github.com/retf/source/v2/fabric/mpcinputregistry/registry.go:206.99,208.3 1 1
github.com/retf/source/v2/fabric/mpcinputregistry/registry.go:209.2,209.66 1 1
github.com/retf/source/v2/fabric/mpcinputregistry/registry.go:209.66,211.3 1 0
github.com/retf/source/v2/fabric/mpcinputregistry/registry.go:212.2,216.48 5 1
github.com/retf/source/v2/fabric/mpcinputregistry/registry.go:223.9,224.91 1 1
github.com/retf/source/v2/fabric/mpcinputregistry/registry.go:224.91,226.3 1 0
github.com/retf/source/v2/fabric/mpcinputregistry/registry.go:227.2,231.33 2 1
github.com/retf/source/v2/fabric/mpcinputregistry/registry.go:231.33,233.3 1 0
github.com/retf/source/v2/fabric/mpcinputregistry/registry.go:234.2,235.113 2 1
github.com/retf/source/v2/fabric/mpcinputregistry/registry.go:235.113,237.3 1 0
github.com/retf/source/v2/fabric/mpcinputregistry/registry.go:238.2,239.147 2 1
github.com/retf/source/v2/fabric/mpcinputregistry/registry.go:239.147,241.3 1 1
github.com/retf/source/v2/fabric/mpcinputregistry/registry.go:242.2,243.16 2 1
github.com/retf/source/v2/fabric/mpcinputregistry/registry.go:243.16,245.3 1 0
github.com/retf/source/v2/fabric/mpcinputregistry/registry.go:246.2,250.131 1 1
github.com/retf/source/v2/fabric/mpcinputregistry/registry.go:250.131,252.3 1 0
github.com/retf/source/v2/fabric/mpcinputregistry/registry.go:253.2,253.61 1 1
github.com/retf/source/v2/fabric/mpcinputregistry/registry.go:253.61,255.3 1 0
github.com/retf/source/v2/fabric/mpcinputregistry/registry.go:256.2,257.89 2 1
github.com/retf/source/v2/fabric/mpcinputregistry/registry.go:257.89,259.3 1 0
github.com/retf/source/v2/fabric/mpcinputregistry/registry.go:260.2,261.141 2 1
github.com/retf/source/v2/fabric/mpcinputregistry/registry.go:261.141,263.3 1 1
github.com/retf/source/v2/fabric/mpcinputregistry/registry.go:264.2,266.16 3 1
github.com/retf/source/v2/fabric/mpcinputregistry/registry.go:266.16,268.3 1 0
github.com/retf/source/v2/fabric/mpcinputregistry/registry.go:269.2,269.24 1 1
github.com/retf/source/v2/fabric/mpcinputregistry/registry.go:269.24,271.3 1 0
github.com/retf/source/v2/fabric/mpcinputregistry/registry.go:272.2,272.80 1 1
github.com/retf/source/v2/fabric/mpcinputregistry/registry.go:272.80,274.3 1 0
github.com/retf/source/v2/fabric/mpcinputregistry/registry.go:275.2,275.12 1 1
github.com/retf/source/v2/fabric/mpcinputregistry/registry.go:278.133,280.2 1 1
github.com/retf/source/v2/fabric/mpcinputregistry/registry.go:282.133,283.28 1 1
github.com/retf/source/v2/fabric/mpcinputregistry/registry.go:283.28,285.3 1 0
github.com/retf/source/v2/fabric/mpcinputregistry/registry.go:286.2,287.16 2 1
github.com/retf/source/v2/fabric/mpcinputregistry/registry.go:287.16,289.3 1 0
github.com/retf/source/v2/fabric/mpcinputregistry/registry.go:290.2,291.16 2 1
github.com/retf/source/v2/fabric/mpcinputregistry/registry.go:291.16,293.3 1 0
github.com/retf/source/v2/fabric/mpcinputregistry/registry.go:294.2,294.23 1 1
github.com/retf/source/v2/fabric/mpcinputregistry/registry.go:294.23,296.3 1 0
github.com/retf/source/v2/fabric/mpcinputregistry/registry.go:297.2,299.58 2 1
github.com/retf/source/v2/fabric/mpcinputregistry/registry.go:299.58,301.3 1 0
github.com/retf/source/v2/fabric/mpcinputregistry/registry.go:302.2,303.16 2 1
github.com/retf/source/v2/fabric/mpcinputregistry/registry.go:303.16,305.3 1 0
github.com/retf/source/v2/fabric/mpcinputregistry/registry.go:306.2,309.82 2 1
github.com/retf/source/v2/fabric/mpcinputregistry/registry.go:309.82,311.3 1 0
github.com/retf/source/v2/fabric/mpcinputregistry/registry.go:312.2,312.27 1 1
github.com/retf/source/v2/fabric/mpcinputregistry/registry.go:315.67,316.48 1 1
github.com/retf/source/v2/fabric/mpcinputregistry/registry.go:316.48,318.3 1 0
github.com/retf/source/v2/fabric/mpcinputregistry/registry.go:319.2,320.16 2 1
github.com/retf/source/v2/fabric/mpcinputregistry/registry.go:320.16,322.3 1 0
github.com/retf/source/v2/fabric/mpcinputregistry/registry.go:323.2,323.24 1 1
github.com/retf/source/v2/fabric/mpcinputregistry/registry.go:323.24,325.3 1 0
github.com/retf/source/v2/fabric/mpcinputregistry/registry.go:326.2,326.12 1 1
github.com/retf/source/v2/fabric/mpcinputregistry/registry.go:329.126,331.16 2 1
github.com/retf/source/v2/fabric/mpcinputregistry/registry.go:331.16,333.3 1 0
github.com/retf/source/v2/fabric/mpcinputregistry/registry.go:334.2,335.16 2 1
github.com/retf/source/v2/fabric/mpcinputregistry/registry.go:335.16,337.3 1 0
github.com/retf/source/v2/fabric/mpcinputregistry/registry.go:338.2,338.90 1 1
github.com/retf/source/v2/fabric/mpcinputregistry/registry.go:338.90,340.3 1 0
github.com/retf/source/v2/fabric/mpcinputregistry/registry.go:341.2,342.71 2 1
github.com/retf/source/v2/fabric/mpcinputregistry/registry.go:342.71,344.3 1 0
github.com/retf/source/v2/fabric/mpcinputregistry/registry.go:345.2,345.12 1 1
github.com/retf/source/v2/fabric/mpcinputregistry/registry.go:348.59,349.48 1 1
github.com/retf/source/v2/fabric/mpcinputregistry/registry.go:349.48,351.3 1 0
github.com/retf/source/v2/fabric/mpcinputregistry/registry.go:352.2,352.47 1 1
github.com/retf/source/v2/fabric/mpcinputregistry/registry.go:355.49,357.78 2 1
github.com/retf/source/v2/fabric/mpcinputregistry/registry.go:357.78,359.3 1 0
github.com/retf/source/v2/fabric/mpcinputregistry/registry.go:360.2,360.21 1 1
github.com/retf/source/v2/fabric/mpcinputregistry/registry.go:363.51,367.47 4 1
github.com/retf/source/v2/fabric/mpcinputregistry/registry.go:367.47,369.3 1 0
github.com/retf/source/v2/fabric/mpcinputregistry/registry.go:370.2,370.63 1 1
github.com/retf/source/v2/fabric/mpcinputregistry/registry.go:370.63,372.3 1 0
github.com/retf/source/v2/fabric/mpcinputregistry/registry.go:373.2,373.12 1 1
github.com/retf/source/v2/protocol/canonical/canonical.go:21.41,23.16 2 1
github.com/retf/source/v2/protocol/canonical/canonical.go:23.16,25.3 1 0
github.com/retf/source/v2/protocol/canonical/canonical.go:26.2,26.38 1 1
github.com/retf/source/v2/protocol/canonical/canonical.go:26.38,28.3 1 0
github.com/retf/source/v2/protocol/canonical/canonical.go:29.2,29.21 1 1
github.com/retf/source/v2/protocol/canonical/canonical.go:35.34,37.53 2 0
github.com/retf/source/v2/protocol/canonical/canonical.go:37.53,39.3 1 0
github.com/retf/source/v2/protocol/canonical/canonical.go:40.2,40.49 1 0
github.com/retf/source/v2/protocol/canonical/canonical.go:40.49,42.3 1 0
github.com/retf/source/v2/protocol/canonical/canonical.go:43.2,43.33 1 0
github.com/retf/source/v2/protocol/canonical/canonical.go:43.33,45.3 1 0
github.com/retf/source/v2/protocol/canonical/canonical.go:46.2,46.12 1 0
github.com/retf/source/v2/protocol/canonical/canonical.go:49.61,52.16 3 0
github.com/retf/source/v2/protocol/canonical/canonical.go:52.16,54.3 1 0
github.com/retf/source/v2/protocol/canonical/canonical.go:55.2,55.37 1 0
github.com/retf/source/v2/protocol/canonical/canonical.go:55.37,57.3 1 0
github.com/retf/source/v2/protocol/canonical/canonical.go:58.2,58.49 1 0
github.com/retf/source/v2/protocol/canonical/canonical.go:58.49,59.50 1 0
github.com/retf/source/v2/protocol/canonical/canonical.go:59.50,61.4 1 0
github.com/retf/source/v2/protocol/canonical/canonical.go:63.2,63.33 1 0
github.com/retf/source/v2/protocol/canonical/canonical.go:63.33,65.3 1 0
github.com/retf/source/v2/protocol/canonical/canonical.go:66.2,66.12 1 0
github.com/retf/source/v2/protocol/canonical/canonical.go:71.47,72.53 1 0
github.com/retf/source/v2/protocol/canonical/canonical.go:72.53,74.3 1 0
github.com/retf/source/v2/protocol/canonical/canonical.go:75.2,76.54 2 0
github.com/retf/source/v2/protocol/canonical/canonical.go:76.54,78.3 1 0
github.com/retf/source/v2/protocol/canonical/canonical.go:79.2,81.55 3 0
github.com/retf/source/v2/protocol/canonical/canonical.go:81.55,83.3 1 0
github.com/retf/source/v2/protocol/canonical/canonical.go:84.2,84.33 1 0
github.com/retf/source/v2/protocol/canonical/canonical.go:84.33,86.3 1 0
github.com/retf/source/v2/protocol/canonical/canonical.go:87.2,88.12 2 0
github.com/retf/source/v2/protocol/canonical/canonical.go:91.78,92.16 1 1
github.com/retf/source/v2/protocol/canonical/canonical.go:92.16,94.3 1 0
github.com/retf/source/v2/protocol/canonical/canonical.go:95.2,95.22 1 1
github.com/retf/source/v2/protocol/canonical/canonical.go:95.22,97.3 1 0
github.com/retf/source/v2/protocol/canonical/canonical.go:98.2,98.75 1 1
github.com/retf/source/v2/protocol/canonical/canonical.go:98.75,99.20 1 0
github.com/retf/source/v2/protocol/canonical/canonical.go:99.20,101.4 1 0
github.com/retf/source/v2/protocol/canonical/canonical.go:102.3,102.23 1 0
github.com/retf/source/v2/protocol/canonical/canonical.go:104.2,104.22 1 1
github.com/retf/source/v2/protocol/canonical/canonical.go:105.22,107.53 2 1
github.com/retf/source/v2/protocol/canonical/canonical.go:107.53,108.45 1 1
github.com/retf/source/v2/protocol/canonical/canonical.go:108.45,110.5 1 1
github.com/retf/source/v2/protocol/canonical/canonical.go:112.3,113.53 2 1
github.com/retf/source/v2/protocol/canonical/canonical.go:113.53,114.45 1 1
github.com/retf/source/v2/protocol/canonical/canonical.go:114.45,115.13 1 1
github.com/retf/source/v2/protocol/canonical/canonical.go:117.4,119.18 3 1
github.com/retf/source/v2/protocol/canonical/canonical.go:119.18,121.5 1 0
github.com/retf/source/v2/protocol/canonical/canonical.go:123.3,123.18 1 1
github.com/retf/source/v2/protocol/canonical/canonical.go:124.21,125.20 1 0
github.com/retf/source/v2/protocol/canonical/canonical.go:125.20,127.4 1 0
github.com/retf/source/v2/protocol/canonical/canonical.go:128.3,128.84 1 0
github.com/retf/source/v2/protocol/canonical/canonical.go:128.84,130.4 1 0
github.com/retf/source/v2/protocol/canonical/canonical.go:131.3,131.50 1 0
github.com/retf/source/v2/protocol/canonical/canonical.go:131.50,134.4 2 0
github.com/retf/source/v2/protocol/canonical/canonical.go:135.3,136.48 2 0
github.com/retf/source/v2/protocol/canonical/canonical.go:136.48,139.18 3 0
github.com/retf/source/v2/protocol/canonical/canonical.go:139.18,141.5 1 0
github.com/retf/source/v2/protocol/canonical/canonical.go:143.3,143.18 1 0
github.com/retf/source/v2/protocol/canonical/canonical.go:144.21,145.50 1 0
github.com/retf/source/v2/protocol/canonical/canonical.go:145.50,147.49 2 0
github.com/retf/source/v2/protocol/canonical/canonical.go:147.49,149.5 1 0
github.com/retf/source/v2/protocol/canonical/canonical.go:150.4,150.19 1 0
github.com/retf/source/v2/protocol/canonical/canonical.go:152.3,153.48 2 0
github.com/retf/source/v2/protocol/canonical/canonical.go:153.48,156.18 3 0
github.com/retf/source/v2/protocol/canonical/canonical.go:156.18,158.5 1 0
github.com/retf/source/v2/protocol/canonical/canonical.go:160.3,160.18 1 0
github.com/retf/source/v2/protocol/canonical/canonical.go:161.22,163.36 2 1
github.com/retf/source/v2/protocol/canonical/canonical.go:163.36,165.4 1 0
github.com/retf/source/v2/protocol/canonical/canonical.go:166.3,166.30 1 1
github.com/retf/source/v2/protocol/canonical/canonical.go:166.30,168.4 1 0
github.com/retf/source/v2/protocol/canonical/canonical.go:169.3,170.35 2 1
github.com/retf/source/v2/protocol/canonical/canonical.go:171.20,172.19 1 0
github.com/retf/source/v2/protocol/canonical/canonical.go:172.19,174.4 1 0
github.com/retf/source/v2/protocol/canonical/canonical.go:175.3,175.32 1 0
github.com/retf/source/v2/protocol/canonical/canonical.go:176.83,177.47 1 1
github.com/retf/source/v2/protocol/canonical/canonical.go:178.78,180.18 2 1
github.com/retf/source/v2/protocol/canonical/canonical.go:180.18,182.4 1 1
github.com/retf/source/v2/protocol/canonical/canonical.go:183.3,183.56 1 0
github.com/retf/source/v2/protocol/canonical/canonical.go:184.10,185.63 1 0
github.com/retf/source/v2/protocol/canonical/canonical.go:194.50,195.41 1 0
github.com/retf/source/v2/protocol/canonical/canonical.go:195.41,197.3 1 0
github.com/retf/source/v2/protocol/canonical/canonical.go:198.2,200.19 3 0
github.com/retf/source/v2/protocol/canonical/canonical.go:203.58,205.16 2 0
github.com/retf/source/v2/protocol/canonical/canonical.go:205.16,207.3 1 0
github.com/retf/source/v2/protocol/canonical/canonical.go:208.2,209.20 2 0
github.com/retf/source/v2/protocol/canonical/canonical.go:210.92,211.40 1 0
github.com/retf/source/v2/protocol/canonical/canonical.go:212.10,214.21 2 0
github.com/retf/source/v2/protocol/canonical/canonical.go:214.21,216.4 1 0
github.com/retf/source/v2/protocol/canonical/canonical.go:217.3,217.17 1 0
github.com/retf/source/v2/protocol/canonical/canonical.go:217.17,219.4 1 0
github.com/retf/source/v2/protocol/canonical/canonical.go:220.3,220.35 1 0
github.com/retf/source/v2/protocol/canonical/canonical.go:221.10,223.21 2 0
github.com/retf/source/v2/protocol/canonical/canonical.go:223.21,225.4 1 0
github.com/retf/source/v2/protocol/canonical/canonical.go:226.3,226.29 1 0
github.com/retf/source/v2/protocol/canonical/canonical.go:226.29,228.4 1 0
github.com/retf/source/v2/protocol/canonical/canonical.go:229.3,229.27 1 0
github.com/retf/source/v2/protocol/canonical/canonical.go:230.10,232.21 2 0
github.com/retf/source/v2/protocol/canonical/canonical.go:232.21,234.4 1 0
github.com/retf/source/v2/protocol/canonical/canonical.go:235.3,235.30 1 0
github.com/retf/source/v2/protocol/canonical/canonical.go:235.30,237.4 1 0
github.com/retf/source/v2/protocol/canonical/canonical.go:238.3,238.27 1 0
github.com/retf/source/v2/protocol/canonical/canonical.go:239.10,241.21 2 0
github.com/retf/source/v2/protocol/canonical/canonical.go:241.21,243.4 1 0
github.com/retf/source/v2/protocol/canonical/canonical.go:244.3,244.30 1 0
github.com/retf/source/v2/protocol/canonical/canonical.go:244.30,246.4 1 0
github.com/retf/source/v2/protocol/canonical/canonical.go:247.3,247.27 1 0
github.com/retf/source/v2/protocol/canonical/canonical.go:248.10,249.69 1 0
github.com/retf/source/v2/protocol/canonical/canonical.go:250.10,251.61 1 0
github.com/retf/source/v2/protocol/canonical/canonical.go:255.60,256.45 1 0
github.com/retf/source/v2/protocol/canonical/canonical.go:256.45,258.3 1 0
github.com/retf/source/v2/protocol/canonical/canonical.go:259.2,261.14 3 0
github.com/retf/source/v2/protocol/canonical/canonical.go:262.9,263.52 1 0
github.com/retf/source/v2/protocol/canonical/canonical.go:264.9,265.52 1 0
github.com/retf/source/v2/protocol/canonical/canonical.go:266.9,267.44 1 0
github.com/retf/source/v2/protocol/canonical/canonical.go:268.10,269.48 1 0
github.com/retf/source/v2/protocol/canonical/canonical.go:273.68,274.85 1 0
github.com/retf/source/v2/protocol/canonical/canonical.go:274.85,276.3 1 0
github.com/retf/source/v2/protocol/canonical/canonical.go:277.2,279.19 3 0
github.com/retf/source/v2/protocol/canonical/canonical.go:282.56,283.16 1 0
github.com/retf/source/v2/protocol/canonical/canonical.go:283.16,285.3 1 0
github.com/retf/source/v2/protocol/canonical/canonical.go:286.2,286.41 1 0
github.com/retf/source/v2/protocol/canonical/canonical.go:286.41,288.3 1 0
github.com/retf/source/v2/protocol/canonical/canonical.go:289.2,289.82 1 0
github.com/retf/source/v2/protocol/canonical/canonical.go:289.82,292.3 2 0
github.com/retf/source/v2/protocol/canonical/canonical.go:293.2,294.16 2 0
github.com/retf/source/v2/protocol/canonical/canonical.go:294.16,296.3 1 0
github.com/retf/source/v2/protocol/canonical/canonical.go:297.2,297.15 1 0
github.com/retf/source/v2/protocol/canonical/canonical.go:298.12,299.13 1 0
github.com/retf/source/v2/protocol/canonical/canonical.go:300.9,302.13 2 0
github.com/retf/source/v2/protocol/canonical/canonical.go:303.9,305.21 2 0
github.com/retf/source/v2/protocol/canonical/canonical.go:305.21,307.4 1 0
github.com/retf/source/v2/protocol/canonical/canonical.go:308.3,308.27 1 0
github.com/retf/source/v2/protocol/canonical/canonical.go:308.27,310.4 1 0
github.com/retf/source/v2/protocol/canonical/canonical.go:311.3,311.13 1 0
github.com/retf/source/v2/protocol/canonical/canonical.go:312.9,313.31 1 0
github.com/retf/source/v2/protocol/canonical/canonical.go:313.31,315.4 1 0
github.com/retf/source/v2/protocol/canonical/canonical.go:316.3,316.50 1 0
github.com/retf/source/v2/protocol/canonical/canonical.go:316.50,317.59 1 0
github.com/retf/source/v2/protocol/canonical/canonical.go:317.59,319.5 1 0
github.com/retf/source/v2/protocol/canonical/canonical.go:321.3,321.13 1 0
github.com/retf/source/v2/protocol/canonical/canonical.go:322.9,323.72 1 0
github.com/retf/source/v2/protocol/canonical/canonical.go:324.9,325.47 1 0
github.com/retf/source/v2/protocol/canonical/canonical.go:326.9,327.92 1 0
github.com/retf/source/v2/protocol/canonical/canonical.go:328.10,329.51 1 0
github.com/retf/source/v2/protocol/canonical/canonical.go:333.75,334.16 1 0
github.com/retf/source/v2/protocol/canonical/canonical.go:334.16,336.3 1 0
github.com/retf/source/v2/protocol/canonical/canonical.go:337.2,337.39 1 0
github.com/retf/source/v2/protocol/canonical/canonical.go:337.39,340.3 2 0
github.com/retf/source/v2/protocol/canonical/canonical.go:341.2,341.35 1 0
github.com/retf/source/v2/protocol/canonical/canonical.go:341.35,343.17 2 0
github.com/retf/source/v2/protocol/canonical/canonical.go:343.17,345.4 1 0
github.com/retf/source/v2/protocol/canonical/canonical.go:346.3,346.37 1 0
github.com/retf/source/v2/protocol/canonical/canonical.go:346.37,348.4 1 0
github.com/retf/source/v2/protocol/canonical/canonical.go:349.3,350.13 2 0
github.com/retf/source/v2/protocol/canonical/canonical.go:352.2,353.16 2 0
github.com/retf/source/v2/protocol/canonical/canonical.go:353.16,355.3 1 0
github.com/retf/source/v2/protocol/canonical/canonical.go:356.2,356.23 1 0
github.com/retf/source/v2/protocol/canonical/canonical.go:357.22,358.17 1 0
github.com/retf/source/v2/protocol/canonical/canonical.go:358.17,360.4 1 0
github.com/retf/source/v2/protocol/canonical/canonical.go:361.3,362.54 2 0
github.com/retf/source/v2/protocol/canonical/canonical.go:362.54,363.46 1 0
github.com/retf/source/v2/protocol/canonical/canonical.go:363.46,365.5 1 0
github.com/retf/source/v2/protocol/canonical/canonical.go:367.3,367.41 1 0
github.com/retf/source/v2/protocol/canonical/canonical.go:367.41,369.4 1 0
github.com/retf/source/v2/protocol/canonical/canonical.go:370.3,370.38 1 0
github.com/retf/source/v2/protocol/canonical/canonical.go:370.38,371.75 1 0
github.com/retf/source/v2/protocol/canonical/canonical.go:371.75,373.5 1 0
github.com/retf/source/v2/protocol/canonical/canonical.go:375.3,375.13 1 0
github.com/retf/source/v2/protocol/canonical/canonical.go:376.21,377.51 1 0
github.com/retf/source/v2/protocol/canonical/canonical.go:377.51,378.18 1 0
github.com/retf/source/v2/protocol/canonical/canonical.go:378.18,380.5 1 0
github.com/retf/source/v2/protocol/canonical/canonical.go:381.4,382.22 2 0
github.com/retf/source/v2/protocol/canonical/canonical.go:382.22,384.5 1 0
github.com/retf/source/v2/protocol/canonical/canonical.go:385.4,386.14 2 0
github.com/retf/source/v2/protocol/canonical/canonical.go:388.3,388.45 1 0
github.com/retf/source/v2/protocol/canonical/canonical.go:388.45,390.4 1 0
github.com/retf/source/v2/protocol/canonical/canonical.go:391.3,392.47 2 0
github.com/retf/source/v2/protocol/canonical/canonical.go:392.47,393.75 1 0
github.com/retf/source/v2/protocol/canonical/canonical.go:393.75,395.5 1 0
github.com/retf/source/v2/protocol/canonical/canonical.go:397.3,397.13 1 0
github.com/retf/source/v2/protocol/canonical/canonical.go:398.21,399.51 1 0
github.com/retf/source/v2/protocol/canonical/canonical.go:399.51,400.51 1 0
github.com/retf/source/v2/protocol/canonical/canonical.go:400.51,402.5 1 0
github.com/retf/source/v2/protocol/canonical/canonical.go:403.4,404.22 2 0
github.com/retf/source/v2/protocol/canonical/canonical.go:404.22,406.5 1 0
github.com/retf/source/v2/protocol/canonical/canonical.go:407.4,408.14 2 0
github.com/retf/source/v2/protocol/canonical/canonical.go:410.3,410.50 1 0
github.com/retf/source/v2/protocol/canonical/canonical.go:410.50,412.4 1 0
github.com/retf/source/v2/protocol/canonical/canonical.go:413.3,413.49 1 0
github.com/retf/source/v2/protocol/canonical/canonical.go:413.49,414.75 1 0
github.com/retf/source/v2/protocol/canonical/canonical.go:414.75,416.5 1 0
github.com/retf/source/v2/protocol/canonical/canonical.go:418.3,418.13 1 0
github.com/retf/source/v2/protocol/canonical/canonical.go:419.22,420.17 1 0
github.com/retf/source/v2/protocol/canonical/canonical.go:420.17,422.4 1 0
github.com/retf/source/v2/protocol/canonical/canonical.go:423.3,424.21 2 0
github.com/retf/source/v2/protocol/canonical/canonical.go:424.21,426.4 1 0
github.com/retf/source/v2/protocol/canonical/canonical.go:427.3,427.27 1 0
github.com/retf/source/v2/protocol/canonical/canonical.go:427.27,429.4 1 0
github.com/retf/source/v2/protocol/canonical/canonical.go:430.3,431.13 2 0
github.com/retf/source/v2/protocol/canonical/canonical.go:432.83,433.47 1 0
github.com/retf/source/v2/protocol/canonical/canonical.go:433.47,435.4 1 0
github.com/retf/source/v2/protocol/canonical/canonical.go:436.3,437.13 2 0
github.com/retf/source/v2/protocol/canonical/canonical.go:438.78,440.17 2 0
github.com/retf/source/v2/protocol/canonical/canonical.go:440.17,441.29 1 0
github.com/retf/source/v2/protocol/canonical/canonical.go:441.29,443.5 1 0
github.com/retf/source/v2/protocol/canonical/canonical.go:444.4,444.25 1 0
github.com/retf/source/v2/protocol/canonical/canonical.go:445.9,445.24 1 0
github.com/retf/source/v2/protocol/canonical/canonical.go:445.24,446.29 1 0
github.com/retf/source/v2/protocol/canonical/canonical.go:446.29,448.5 1 0
github.com/retf/source/v2/protocol/canonical/canonical.go:449.4,449.30 1 0
github.com/retf/source/v2/protocol/canonical/canonical.go:450.9,452.4 1 0
github.com/retf/source/v2/protocol/canonical/canonical.go:453.3,453.33 1 0
github.com/retf/source/v2/protocol/canonical/canonical.go:453.33,455.4 1 0
github.com/retf/source/v2/protocol/canonical/canonical.go:456.3,457.13 2 0
github.com/retf/source/v2/protocol/canonical/canonical.go:458.10,459.66 1 0
github.com/retf/source/v2/protocol/canonical/canonical.go:463.62,464.9 1 1
github.com/retf/source/v2/protocol/canonical/canonical.go:465.18,466.43 1 1
github.com/retf/source/v2/protocol/canonical/canonical.go:467.21,468.47 1 1
github.com/retf/source/v2/protocol/canonical/canonical.go:469.23,472.53 3 0
github.com/retf/source/v2/protocol/canonical/canonical.go:473.27,476.53 3 1
github.com/retf/source/v2/protocol/canonical/canonical.go:477.10,480.53 3 0
github.com/retf/source/v2/protocol/messages/messages.go:59.89,71.2 1 0
github.com/retf/source/v2/protocol/messages/messages.go:73.102,85.2 1 0
github.com/retf/source/v2/protocol/messages/messages.go:100.65,103.2 2 0
github.com/retf/source/v2/privacy/authstatement/statement.go:26.69,28.2 1 0
github.com/retf/source/v2/protocol/canonical/canonical.go:21.41,23.16 2 0
github.com/retf/source/v2/protocol/canonical/canonical.go:23.16,25.3 1 0
github.com/retf/source/v2/protocol/canonical/canonical.go:26.2,26.38 1 0
github.com/retf/source/v2/protocol/canonical/canonical.go:26.38,28.3 1 0
github.com/retf/source/v2/protocol/canonical/canonical.go:29.2,29.21 1 0
github.com/retf/source/v2/protocol/canonical/canonical.go:35.34,37.53 2 0
github.com/retf/source/v2/protocol/canonical/canonical.go:37.53,39.3 1 0
github.com/retf/source/v2/protocol/canonical/canonical.go:40.2,40.49 1 0
github.com/retf/source/v2/protocol/canonical/canonical.go:40.49,42.3 1 0
github.com/retf/source/v2/protocol/canonical/canonical.go:43.2,43.33 1 0
github.com/retf/source/v2/protocol/canonical/canonical.go:43.33,45.3 1 0
github.com/retf/source/v2/protocol/canonical/canonical.go:46.2,46.12 1 0
github.com/retf/source/v2/protocol/canonical/canonical.go:49.61,52.16 3 0
github.com/retf/source/v2/protocol/canonical/canonical.go:52.16,54.3 1 0
github.com/retf/source/v2/protocol/canonical/canonical.go:55.2,55.37 1 0
github.com/retf/source/v2/protocol/canonical/canonical.go:55.37,57.3 1 0
github.com/retf/source/v2/protocol/canonical/canonical.go:58.2,58.49 1 0
github.com/retf/source/v2/protocol/canonical/canonical.go:58.49,59.50 1 0
github.com/retf/source/v2/protocol/canonical/canonical.go:59.50,61.4 1 0
github.com/retf/source/v2/protocol/canonical/canonical.go:63.2,63.33 1 0
github.com/retf/source/v2/protocol/canonical/canonical.go:63.33,65.3 1 0
github.com/retf/source/v2/protocol/canonical/canonical.go:66.2,66.12 1 0
github.com/retf/source/v2/protocol/canonical/canonical.go:71.47,72.53 1 0
github.com/retf/source/v2/protocol/canonical/canonical.go:72.53,74.3 1 0
github.com/retf/source/v2/protocol/canonical/canonical.go:75.2,76.54 2 0
github.com/retf/source/v2/protocol/canonical/canonical.go:76.54,78.3 1 0
github.com/retf/source/v2/protocol/canonical/canonical.go:79.2,81.55 3 0
github.com/retf/source/v2/protocol/canonical/canonical.go:81.55,83.3 1 0
github.com/retf/source/v2/protocol/canonical/canonical.go:84.2,84.33 1 0
github.com/retf/source/v2/protocol/canonical/canonical.go:84.33,86.3 1 0
github.com/retf/source/v2/protocol/canonical/canonical.go:87.2,88.12 2 0
github.com/retf/source/v2/protocol/canonical/canonical.go:91.78,92.16 1 0
github.com/retf/source/v2/protocol/canonical/canonical.go:92.16,94.3 1 0
github.com/retf/source/v2/protocol/canonical/canonical.go:95.2,95.22 1 0
github.com/retf/source/v2/protocol/canonical/canonical.go:95.22,97.3 1 0
github.com/retf/source/v2/protocol/canonical/canonical.go:98.2,98.75 1 0
github.com/retf/source/v2/protocol/canonical/canonical.go:98.75,99.20 1 0
github.com/retf/source/v2/protocol/canonical/canonical.go:99.20,101.4 1 0
github.com/retf/source/v2/protocol/canonical/canonical.go:102.3,102.23 1 0
github.com/retf/source/v2/protocol/canonical/canonical.go:104.2,104.22 1 0
github.com/retf/source/v2/protocol/canonical/canonical.go:105.22,107.53 2 0
github.com/retf/source/v2/protocol/canonical/canonical.go:107.53,108.45 1 0
github.com/retf/source/v2/protocol/canonical/canonical.go:108.45,110.5 1 0
github.com/retf/source/v2/protocol/canonical/canonical.go:112.3,113.53 2 0
github.com/retf/source/v2/protocol/canonical/canonical.go:113.53,114.45 1 0
github.com/retf/source/v2/protocol/canonical/canonical.go:114.45,115.13 1 0
github.com/retf/source/v2/protocol/canonical/canonical.go:117.4,119.18 3 0
github.com/retf/source/v2/protocol/canonical/canonical.go:119.18,121.5 1 0
github.com/retf/source/v2/protocol/canonical/canonical.go:123.3,123.18 1 0
github.com/retf/source/v2/protocol/canonical/canonical.go:124.21,125.20 1 0
github.com/retf/source/v2/protocol/canonical/canonical.go:125.20,127.4 1 0
github.com/retf/source/v2/protocol/canonical/canonical.go:128.3,128.84 1 0
github.com/retf/source/v2/protocol/canonical/canonical.go:128.84,130.4 1 0
github.com/retf/source/v2/protocol/canonical/canonical.go:131.3,131.50 1 0
github.com/retf/source/v2/protocol/canonical/canonical.go:131.50,134.4 2 0
github.com/retf/source/v2/protocol/canonical/canonical.go:135.3,136.48 2 0
github.com/retf/source/v2/protocol/canonical/canonical.go:136.48,139.18 3 0
github.com/retf/source/v2/protocol/canonical/canonical.go:139.18,141.5 1 0
github.com/retf/source/v2/protocol/canonical/canonical.go:143.3,143.18 1 0
github.com/retf/source/v2/protocol/canonical/canonical.go:144.21,145.50 1 0
github.com/retf/source/v2/protocol/canonical/canonical.go:145.50,147.49 2 0
github.com/retf/source/v2/protocol/canonical/canonical.go:147.49,149.5 1 0
github.com/retf/source/v2/protocol/canonical/canonical.go:150.4,150.19 1 0
github.com/retf/source/v2/protocol/canonical/canonical.go:152.3,153.48 2 0
github.com/retf/source/v2/protocol/canonical/canonical.go:153.48,156.18 3 0
github.com/retf/source/v2/protocol/canonical/canonical.go:156.18,158.5 1 0
github.com/retf/source/v2/protocol/canonical/canonical.go:160.3,160.18 1 0
github.com/retf/source/v2/protocol/canonical/canonical.go:161.22,163.36 2 0
github.com/retf/source/v2/protocol/canonical/canonical.go:163.36,165.4 1 0
github.com/retf/source/v2/protocol/canonical/canonical.go:166.3,166.30 1 0
github.com/retf/source/v2/protocol/canonical/canonical.go:166.30,168.4 1 0
github.com/retf/source/v2/protocol/canonical/canonical.go:169.3,170.35 2 0
github.com/retf/source/v2/protocol/canonical/canonical.go:171.20,172.19 1 0
github.com/retf/source/v2/protocol/canonical/canonical.go:172.19,174.4 1 0
github.com/retf/source/v2/protocol/canonical/canonical.go:175.3,175.32 1 0
github.com/retf/source/v2/protocol/canonical/canonical.go:176.83,177.47 1 0
github.com/retf/source/v2/protocol/canonical/canonical.go:178.78,180.18 2 0
github.com/retf/source/v2/protocol/canonical/canonical.go:180.18,182.4 1 0
github.com/retf/source/v2/protocol/canonical/canonical.go:183.3,183.56 1 0
github.com/retf/source/v2/protocol/canonical/canonical.go:184.10,185.63 1 0
github.com/retf/source/v2/protocol/canonical/canonical.go:194.50,195.41 1 0
github.com/retf/source/v2/protocol/canonical/canonical.go:195.41,197.3 1 0
github.com/retf/source/v2/protocol/canonical/canonical.go:198.2,200.19 3 0
github.com/retf/source/v2/protocol/canonical/canonical.go:203.58,205.16 2 0
github.com/retf/source/v2/protocol/canonical/canonical.go:205.16,207.3 1 0
github.com/retf/source/v2/protocol/canonical/canonical.go:208.2,209.20 2 0
github.com/retf/source/v2/protocol/canonical/canonical.go:210.92,211.40 1 0
github.com/retf/source/v2/protocol/canonical/canonical.go:212.10,214.21 2 0
github.com/retf/source/v2/protocol/canonical/canonical.go:214.21,216.4 1 0
github.com/retf/source/v2/protocol/canonical/canonical.go:217.3,217.17 1 0
github.com/retf/source/v2/protocol/canonical/canonical.go:217.17,219.4 1 0
github.com/retf/source/v2/protocol/canonical/canonical.go:220.3,220.35 1 0
github.com/retf/source/v2/protocol/canonical/canonical.go:221.10,223.21 2 0
github.com/retf/source/v2/protocol/canonical/canonical.go:223.21,225.4 1 0
github.com/retf/source/v2/protocol/canonical/canonical.go:226.3,226.29 1 0
github.com/retf/source/v2/protocol/canonical/canonical.go:226.29,228.4 1 0
github.com/retf/source/v2/protocol/canonical/canonical.go:229.3,229.27 1 0
github.com/retf/source/v2/protocol/canonical/canonical.go:230.10,232.21 2 0
github.com/retf/source/v2/protocol/canonical/canonical.go:232.21,234.4 1 0
github.com/retf/source/v2/protocol/canonical/canonical.go:235.3,235.30 1 0
github.com/retf/source/v2/protocol/canonical/canonical.go:235.30,237.4 1 0
github.com/retf/source/v2/protocol/canonical/canonical.go:238.3,238.27 1 0
github.com/retf/source/v2/protocol/canonical/canonical.go:239.10,241.21 2 0
github.com/retf/source/v2/protocol/canonical/canonical.go:241.21,243.4 1 0
github.com/retf/source/v2/protocol/canonical/canonical.go:244.3,244.30 1 0
github.com/retf/source/v2/protocol/canonical/canonical.go:244.30,246.4 1 0
github.com/retf/source/v2/protocol/canonical/canonical.go:247.3,247.27 1 0
github.com/retf/source/v2/protocol/canonical/canonical.go:248.10,249.69 1 0
github.com/retf/source/v2/protocol/canonical/canonical.go:250.10,251.61 1 0
github.com/retf/source/v2/protocol/canonical/canonical.go:255.60,256.45 1 0
github.com/retf/source/v2/protocol/canonical/canonical.go:256.45,258.3 1 0
github.com/retf/source/v2/protocol/canonical/canonical.go:259.2,261.14 3 0
github.com/retf/source/v2/protocol/canonical/canonical.go:262.9,263.52 1 0
github.com/retf/source/v2/protocol/canonical/canonical.go:264.9,265.52 1 0
github.com/retf/source/v2/protocol/canonical/canonical.go:266.9,267.44 1 0
github.com/retf/source/v2/protocol/canonical/canonical.go:268.10,269.48 1 0
github.com/retf/source/v2/protocol/canonical/canonical.go:273.68,274.85 1 0
github.com/retf/source/v2/protocol/canonical/canonical.go:274.85,276.3 1 0
github.com/retf/source/v2/protocol/canonical/canonical.go:277.2,279.19 3 0
github.com/retf/source/v2/protocol/canonical/canonical.go:282.56,283.16 1 0
github.com/retf/source/v2/protocol/canonical/canonical.go:283.16,285.3 1 0
github.com/retf/source/v2/protocol/canonical/canonical.go:286.2,286.41 1 0
github.com/retf/source/v2/protocol/canonical/canonical.go:286.41,288.3 1 0
github.com/retf/source/v2/protocol/canonical/canonical.go:289.2,289.82 1 0
github.com/retf/source/v2/protocol/canonical/canonical.go:289.82,292.3 2 0
github.com/retf/source/v2/protocol/canonical/canonical.go:293.2,294.16 2 0
github.com/retf/source/v2/protocol/canonical/canonical.go:294.16,296.3 1 0
github.com/retf/source/v2/protocol/canonical/canonical.go:297.2,297.15 1 0
github.com/retf/source/v2/protocol/canonical/canonical.go:298.12,299.13 1 0
github.com/retf/source/v2/protocol/canonical/canonical.go:300.9,302.13 2 0
github.com/retf/source/v2/protocol/canonical/canonical.go:303.9,305.21 2 0
github.com/retf/source/v2/protocol/canonical/canonical.go:305.21,307.4 1 0
github.com/retf/source/v2/protocol/canonical/canonical.go:308.3,308.27 1 0
github.com/retf/source/v2/protocol/canonical/canonical.go:308.27,310.4 1 0
github.com/retf/source/v2/protocol/canonical/canonical.go:311.3,311.13 1 0
github.com/retf/source/v2/protocol/canonical/canonical.go:312.9,313.31 1 0
github.com/retf/source/v2/protocol/canonical/canonical.go:313.31,315.4 1 0
github.com/retf/source/v2/protocol/canonical/canonical.go:316.3,316.50 1 0
github.com/retf/source/v2/protocol/canonical/canonical.go:316.50,317.59 1 0
github.com/retf/source/v2/protocol/canonical/canonical.go:317.59,319.5 1 0
github.com/retf/source/v2/protocol/canonical/canonical.go:321.3,321.13 1 0
github.com/retf/source/v2/protocol/canonical/canonical.go:322.9,323.72 1 0
github.com/retf/source/v2/protocol/canonical/canonical.go:324.9,325.47 1 0
github.com/retf/source/v2/protocol/canonical/canonical.go:326.9,327.92 1 0
github.com/retf/source/v2/protocol/canonical/canonical.go:328.10,329.51 1 0
github.com/retf/source/v2/protocol/canonical/canonical.go:333.75,334.16 1 0
github.com/retf/source/v2/protocol/canonical/canonical.go:334.16,336.3 1 0
github.com/retf/source/v2/protocol/canonical/canonical.go:337.2,337.39 1 0
github.com/retf/source/v2/protocol/canonical/canonical.go:337.39,340.3 2 0
github.com/retf/source/v2/protocol/canonical/canonical.go:341.2,341.35 1 0
github.com/retf/source/v2/protocol/canonical/canonical.go:341.35,343.17 2 0
github.com/retf/source/v2/protocol/canonical/canonical.go:343.17,345.4 1 0
github.com/retf/source/v2/protocol/canonical/canonical.go:346.3,346.37 1 0
github.com/retf/source/v2/protocol/canonical/canonical.go:346.37,348.4 1 0
github.com/retf/source/v2/protocol/canonical/canonical.go:349.3,350.13 2 0
github.com/retf/source/v2/protocol/canonical/canonical.go:352.2,353.16 2 0
github.com/retf/source/v2/protocol/canonical/canonical.go:353.16,355.3 1 0
github.com/retf/source/v2/protocol/canonical/canonical.go:356.2,356.23 1 0
github.com/retf/source/v2/protocol/canonical/canonical.go:357.22,358.17 1 0
github.com/retf/source/v2/protocol/canonical/canonical.go:358.17,360.4 1 0
github.com/retf/source/v2/protocol/canonical/canonical.go:361.3,362.54 2 0
github.com/retf/source/v2/protocol/canonical/canonical.go:362.54,363.46 1 0
github.com/retf/source/v2/protocol/canonical/canonical.go:363.46,365.5 1 0
github.com/retf/source/v2/protocol/canonical/canonical.go:367.3,367.41 1 0
github.com/retf/source/v2/protocol/canonical/canonical.go:367.41,369.4 1 0
github.com/retf/source/v2/protocol/canonical/canonical.go:370.3,370.38 1 0
github.com/retf/source/v2/protocol/canonical/canonical.go:370.38,371.75 1 0
github.com/retf/source/v2/protocol/canonical/canonical.go:371.75,373.5 1 0
github.com/retf/source/v2/protocol/canonical/canonical.go:375.3,375.13 1 0
github.com/retf/source/v2/protocol/canonical/canonical.go:376.21,377.51 1 0
github.com/retf/source/v2/protocol/canonical/canonical.go:377.51,378.18 1 0
github.com/retf/source/v2/protocol/canonical/canonical.go:378.18,380.5 1 0
github.com/retf/source/v2/protocol/canonical/canonical.go:381.4,382.22 2 0
github.com/retf/source/v2/protocol/canonical/canonical.go:382.22,384.5 1 0
github.com/retf/source/v2/protocol/canonical/canonical.go:385.4,386.14 2 0
github.com/retf/source/v2/protocol/canonical/canonical.go:388.3,388.45 1 0
github.com/retf/source/v2/protocol/canonical/canonical.go:388.45,390.4 1 0
github.com/retf/source/v2/protocol/canonical/canonical.go:391.3,392.47 2 0
github.com/retf/source/v2/protocol/canonical/canonical.go:392.47,393.75 1 0
github.com/retf/source/v2/protocol/canonical/canonical.go:393.75,395.5 1 0
github.com/retf/source/v2/protocol/canonical/canonical.go:397.3,397.13 1 0
github.com/retf/source/v2/protocol/canonical/canonical.go:398.21,399.51 1 0
github.com/retf/source/v2/protocol/canonical/canonical.go:399.51,400.51 1 0
github.com/retf/source/v2/protocol/canonical/canonical.go:400.51,402.5 1 0
github.com/retf/source/v2/protocol/canonical/canonical.go:403.4,404.22 2 0
github.com/retf/source/v2/protocol/canonical/canonical.go:404.22,406.5 1 0
github.com/retf/source/v2/protocol/canonical/canonical.go:407.4,408.14 2 0
github.com/retf/source/v2/protocol/canonical/canonical.go:410.3,410.50 1 0
github.com/retf/source/v2/protocol/canonical/canonical.go:410.50,412.4 1 0
github.com/retf/source/v2/protocol/canonical/canonical.go:413.3,413.49 1 0
github.com/retf/source/v2/protocol/canonical/canonical.go:413.49,414.75 1 0
github.com/retf/source/v2/protocol/canonical/canonical.go:414.75,416.5 1 0
github.com/retf/source/v2/protocol/canonical/canonical.go:418.3,418.13 1 0
github.com/retf/source/v2/protocol/canonical/canonical.go:419.22,420.17 1 0
github.com/retf/source/v2/protocol/canonical/canonical.go:420.17,422.4 1 0
github.com/retf/source/v2/protocol/canonical/canonical.go:423.3,424.21 2 0
github.com/retf/source/v2/protocol/canonical/canonical.go:424.21,426.4 1 0
github.com/retf/source/v2/protocol/canonical/canonical.go:427.3,427.27 1 0
github.com/retf/source/v2/protocol/canonical/canonical.go:427.27,429.4 1 0
github.com/retf/source/v2/protocol/canonical/canonical.go:430.3,431.13 2 0
github.com/retf/source/v2/protocol/canonical/canonical.go:432.83,433.47 1 0
github.com/retf/source/v2/protocol/canonical/canonical.go:433.47,435.4 1 0
github.com/retf/source/v2/protocol/canonical/canonical.go:436.3,437.13 2 0
github.com/retf/source/v2/protocol/canonical/canonical.go:438.78,440.17 2 0
github.com/retf/source/v2/protocol/canonical/canonical.go:440.17,441.29 1 0
github.com/retf/source/v2/protocol/canonical/canonical.go:441.29,443.5 1 0
github.com/retf/source/v2/protocol/canonical/canonical.go:444.4,444.25 1 0
github.com/retf/source/v2/protocol/canonical/canonical.go:445.9,445.24 1 0
github.com/retf/source/v2/protocol/canonical/canonical.go:445.24,446.29 1 0
github.com/retf/source/v2/protocol/canonical/canonical.go:446.29,448.5 1 0
github.com/retf/source/v2/protocol/canonical/canonical.go:449.4,449.30 1 0
github.com/retf/source/v2/protocol/canonical/canonical.go:450.9,452.4 1 0
github.com/retf/source/v2/protocol/canonical/canonical.go:453.3,453.33 1 0
github.com/retf/source/v2/protocol/canonical/canonical.go:453.33,455.4 1 0
github.com/retf/source/v2/protocol/canonical/canonical.go:456.3,457.13 2 0
github.com/retf/source/v2/protocol/canonical/canonical.go:458.10,459.66 1 0
github.com/retf/source/v2/protocol/canonical/canonical.go:463.62,464.9 1 0
github.com/retf/source/v2/protocol/canonical/canonical.go:465.18,466.43 1 0
github.com/retf/source/v2/protocol/canonical/canonical.go:467.21,468.47 1 0
github.com/retf/source/v2/protocol/canonical/canonical.go:469.23,472.53 3 0
github.com/retf/source/v2/protocol/canonical/canonical.go:473.27,476.53 3 0
github.com/retf/source/v2/protocol/canonical/canonical.go:477.10,480.53 3 0
github.com/retf/source/v2/runtime/trace/trace.go:40.48,42.2 1 0
github.com/retf/source/v2/runtime/trace/trace.go:44.79,45.21 1 0
github.com/retf/source/v2/runtime/trace/trace.go:45.21,47.3 1 0
github.com/retf/source/v2/runtime/trace/trace.go:48.2,56.50 5 0
github.com/retf/source/v2/runtime/trace/trace.go:59.57,60.21 1 0
github.com/retf/source/v2/runtime/trace/trace.go:60.21,62.3 1 0
github.com/retf/source/v2/runtime/trace/trace.go:63.2,64.22 2 0
github.com/retf/source/v2/runtime/trace/trace.go:64.22,66.3 1 0
github.com/retf/source/v2/runtime/trace/trace.go:67.2,68.16 2 0
github.com/retf/source/v2/runtime/trace/trace.go:68.16,70.3 1 0
github.com/retf/source/v2/runtime/trace/trace.go:71.2,72.31 2 0
github.com/retf/source/v2/runtime/trace/trace.go:72.31,74.24 2 0
github.com/retf/source/v2/runtime/trace/trace.go:74.24,77.4 2 0
github.com/retf/source/v2/runtime/trace/trace.go:78.3,78.74 1 0
github.com/retf/source/v2/runtime/trace/trace.go:78.74,81.4 2 0
github.com/retf/source/v2/runtime/trace/trace.go:83.2,83.39 1 0
github.com/retf/source/v2/runtime/trace/trace.go:83.39,86.3 2 0
github.com/retf/source/v2/runtime/trace/trace.go:87.2,87.36 1 0
github.com/retf/source/v2/runtime/trace/trace.go:87.36,90.3 2 0
github.com/retf/source/v2/runtime/trace/trace.go:91.2,91.37 1 0
github.com/retf/source/v2/runtime/trace/trace.go:91.37,93.3 1 0
github.com/retf/source/v2/runtime/trace/trace.go:94.2,94.12 1 0
github.com/retf/source/v2/runtime/trace/trace.go:97.45,113.2 4 0
github.com/retf/source/v2/runtime/trace/trace.go:115.44,116.21 1 0
github.com/retf/source/v2/runtime/trace/trace.go:116.21,118.3 1 0
github.com/retf/source/v2/runtime/trace/trace.go:119.2,123.15 5 0
github.com/retf/source/v2/privacy/securitybinding/binding.go:126.84,129.2 2 0
github.com/retf/source/v2/privacy/securitybinding/binding.go:131.79,133.95 1 1
github.com/retf/source/v2/privacy/securitybinding/binding.go:133.95,135.3 1 0
github.com/retf/source/v2/privacy/securitybinding/binding.go:136.2,136.64 1 1
github.com/retf/source/v2/privacy/securitybinding/binding.go:136.64,138.3 1 0
github.com/retf/source/v2/privacy/securitybinding/binding.go:139.2,139.20 1 1
github.com/retf/source/v2/privacy/securitybinding/binding.go:139.20,141.54 2 1
github.com/retf/source/v2/privacy/securitybinding/binding.go:141.54,143.4 1 0
github.com/retf/source/v2/privacy/securitybinding/binding.go:144.3,145.63 2 1
github.com/retf/source/v2/privacy/securitybinding/binding.go:145.63,147.4 1 0
github.com/retf/source/v2/privacy/securitybinding/binding.go:148.3,160.99 2 1
github.com/retf/source/v2/privacy/securitybinding/binding.go:160.99,162.4 1 1
github.com/retf/source/v2/privacy/securitybinding/binding.go:164.2,164.12 1 1
github.com/retf/source/v2/privacy/securitybinding/binding.go:167.43,175.23 1 1
github.com/retf/source/v2/privacy/securitybinding/binding.go:175.23,177.3 1 0
github.com/retf/source/v2/privacy/securitybinding/binding.go:178.2,179.16 2 1
github.com/retf/source/v2/privacy/securitybinding/binding.go:179.16,181.3 1 0
github.com/retf/source/v2/privacy/securitybinding/binding.go:182.2,182.35 1 1
github.com/retf/source/v2/privacy/securitybinding/binding.go:182.35,184.3 1 0
github.com/retf/source/v2/privacy/securitybinding/binding.go:185.2,185.12 1 1
github.com/retf/source/v2/privacy/securitybinding/binding.go:188.58,199.2 2 1
github.com/retf/source/v2/privacy/securitybinding/binding.go:201.97,202.42 1 1
github.com/retf/source/v2/privacy/securitybinding/binding.go:202.42,204.3 1 0
github.com/retf/source/v2/privacy/securitybinding/binding.go:205.2,205.49 1 1
github.com/retf/source/v2/privacy/securitybinding/binding.go:205.49,207.3 1 0
github.com/retf/source/v2/privacy/securitybinding/binding.go:208.2,208.56 1 1
github.com/retf/source/v2/privacy/securitybinding/binding.go:208.56,210.3 1 0
github.com/retf/source/v2/privacy/securitybinding/binding.go:211.2,219.16 2 1
github.com/retf/source/v2/privacy/securitybinding/binding.go:219.16,221.3 1 0
github.com/retf/source/v2/privacy/securitybinding/binding.go:224.2,224.60 1 1
github.com/retf/source/v2/privacy/securitybinding/binding.go:227.97,229.16 2 0
github.com/retf/source/v2/privacy/securitybinding/binding.go:229.16,231.3 1 0
github.com/retf/source/v2/privacy/securitybinding/binding.go:232.2,237.73 1 0
github.com/retf/source/v2/privacy/securitybinding/binding.go:240.81,242.2 1 0
github.com/retf/source/v2/privacy/securitybinding/binding.go:244.72,252.63 1 1
github.com/retf/source/v2/privacy/securitybinding/binding.go:252.63,254.3 1 0
github.com/retf/source/v2/privacy/securitybinding/binding.go:255.2,258.4 1 1
github.com/retf/source/v2/privacy/securitybinding/binding.go:258.4,259.47 1 1
github.com/retf/source/v2/privacy/securitybinding/binding.go:259.47,261.4 1 0
github.com/retf/source/v2/privacy/securitybinding/binding.go:263.2,263.64 1 1
github.com/retf/source/v2/privacy/securitybinding/binding.go:263.64,265.3 1 0
github.com/retf/source/v2/privacy/securitybinding/binding.go:266.2,266.12 1 1
github.com/retf/source/v2/privacy/securitybinding/binding.go:269.80,270.43 1 0
github.com/retf/source/v2/privacy/securitybinding/binding.go:270.43,271.30 1 0
github.com/retf/source/v2/privacy/securitybinding/binding.go:271.30,273.4 1 0
github.com/retf/source/v2/privacy/securitybinding/binding.go:275.2,275.28 1 0
github.com/retf/source/v2/privacy/securitybinding/binding.go:278.115,279.45 1 0
github.com/retf/source/v2/privacy/securitybinding/binding.go:279.45,280.40 1 0
github.com/retf/source/v2/privacy/securitybinding/binding.go:280.40,282.4 1 0
github.com/retf/source/v2/privacy/securitybinding/binding.go:284.2,284.43 1 0
github.com/retf/source/v2/privacy/securitybinding/binding.go:287.57,289.16 2 1
github.com/retf/source/v2/privacy/securitybinding/binding.go:289.16,291.3 1 0
github.com/retf/source/v2/privacy/securitybinding/binding.go:292.2,293.43 2 1
github.com/retf/source/v2/privacy/securitybinding/binding.go:296.48,298.41 2 1
github.com/retf/source/v2/privacy/securitybinding/binding.go:298.41,300.3 1 0
github.com/retf/source/v2/privacy/securitybinding/binding.go:301.2,301.37 1 1
github.com/retf/source/v2/privacy/securitybinding/binding.go:301.37,303.3 1 0
github.com/retf/source/v2/privacy/securitybinding/binding.go:304.2,304.12 1 1
github.com/retf/source/v2/protocol/binding/binding.go:24.96,25.53 1 1
github.com/retf/source/v2/protocol/binding/binding.go:25.53,27.3 1 1
github.com/retf/source/v2/protocol/binding/binding.go:28.2,28.41 1 1
github.com/retf/source/v2/protocol/binding/binding.go:31.97,33.16 2 1
github.com/retf/source/v2/protocol/binding/binding.go:33.16,35.3 1 0
github.com/retf/source/v2/protocol/binding/binding.go:36.2,36.40 1 1
github.com/retf/source/v2/protocol/binding/binding.go:39.71,41.16 2 1
github.com/retf/source/v2/protocol/binding/binding.go:41.16,43.3 1 0
github.com/retf/source/v2/protocol/binding/binding.go:44.2,45.16 2 1
github.com/retf/source/v2/protocol/binding/binding.go:45.16,47.3 1 0
github.com/retf/source/v2/protocol/binding/binding.go:48.2,48.60 1 1
github.com/retf/source/v2/protocol/binding/binding.go:48.60,50.3 1 1
github.com/retf/source/v2/protocol/binding/binding.go:51.2,51.12 1 1
github.com/retf/source/v2/protocol/binding/binding.go:54.83,55.41 1 0
github.com/retf/source/v2/protocol/binding/binding.go:55.41,57.3 1 0
github.com/retf/source/v2/protocol/binding/binding.go:58.2,58.67 1 0
github.com/retf/source/v2/protocol/binding/binding.go:58.67,60.3 1 0
github.com/retf/source/v2/protocol/binding/binding.go:61.2,68.16 3 0
github.com/retf/source/v2/protocol/binding/binding.go:68.16,70.3 1 0
github.com/retf/source/v2/protocol/binding/binding.go:71.2,71.48 1 0
github.com/retf/source/v2/protocol/binding/binding.go:76.85,77.18 1 0
github.com/retf/source/v2/protocol/binding/binding.go:77.18,79.3 1 0
github.com/retf/source/v2/protocol/binding/binding.go:80.2,80.52 1 0
github.com/retf/source/v2/protocol/binding/binding.go:80.52,82.3 1 0
github.com/retf/source/v2/protocol/binding/binding.go:83.2,90.29 4 0
github.com/retf/source/v2/protocol/binding/binding.go:90.29,91.73 1 0
github.com/retf/source/v2/protocol/binding/binding.go:91.73,93.4 1 0
github.com/retf/source/v2/protocol/binding/binding.go:94.3,94.69 1 0
github.com/retf/source/v2/protocol/binding/binding.go:94.69,96.4 1 0
github.com/retf/source/v2/protocol/binding/binding.go:97.3,97.48 1 0
github.com/retf/source/v2/protocol/binding/binding.go:97.48,99.4 1 0
github.com/retf/source/v2/protocol/binding/binding.go:100.3,101.64 2 0
github.com/retf/source/v2/protocol/binding/binding.go:103.2,103.40 1 0
github.com/retf/source/v2/protocol/binding/binding.go:103.40,103.84 1 0
github.com/retf/source/v2/protocol/binding/binding.go:104.2,110.16 3 0
github.com/retf/source/v2/protocol/binding/binding.go:110.16,112.3 1 0
github.com/retf/source/v2/protocol/binding/binding.go:113.2,113.43 1 0
github.com/retf/source/v2/protocol/binding/binding.go:118.93,119.64 1 0
github.com/retf/source/v2/protocol/binding/binding.go:119.64,121.3 1 0
github.com/retf/source/v2/protocol/binding/binding.go:122.2,122.105 1 0
github.com/retf/source/v2/protocol/binding/binding.go:122.105,124.3 1 0
github.com/retf/source/v2/protocol/binding/binding.go:125.2,125.38 1 0
github.com/retf/source/v2/protocol/binding/binding.go:125.38,127.3 1 0
github.com/retf/source/v2/protocol/binding/binding.go:128.2,144.45 2 0
github.com/retf/source/v2/protocol/binding/binding.go:147.84,148.61 1 1
github.com/retf/source/v2/protocol/binding/binding.go:148.61,150.3 1 1
github.com/retf/source/v2/protocol/binding/binding.go:151.2,161.36 2 1
github.com/retf/source/v2/protocol/binding/binding.go:161.36,162.37 1 1
github.com/retf/source/v2/protocol/binding/binding.go:162.37,164.4 1 0
github.com/retf/source/v2/protocol/binding/binding.go:166.2,166.97 1 1
github.com/retf/source/v2/protocol/binding/binding.go:166.97,168.3 1 0
github.com/retf/source/v2/protocol/binding/binding.go:169.2,169.57 1 1
github.com/retf/source/v2/protocol/binding/binding.go:169.57,171.3 1 1
github.com/retf/source/v2/protocol/binding/binding.go:172.2,172.82 1 1
github.com/retf/source/v2/protocol/binding/binding.go:172.82,174.3 1 1
github.com/retf/source/v2/protocol/binding/binding.go:175.2,180.4 1 1
github.com/retf/source/v2/protocol/binding/binding.go:180.4,181.54 1 1
github.com/retf/source/v2/protocol/binding/binding.go:181.54,183.4 1 1
github.com/retf/source/v2/protocol/binding/binding.go:185.2,185.12 1 1
github.com/retf/source/v2/protocol/binding/binding.go:188.57,190.16 2 1
github.com/retf/source/v2/protocol/binding/binding.go:190.16,192.3 1 0
github.com/retf/source/v2/protocol/binding/binding.go:193.2,198.20 6 1
github.com/retf/source/v2/protocol/binding/binding.go:201.55,202.57 1 1
github.com/retf/source/v2/protocol/binding/binding.go:202.57,204.3 1 1
github.com/retf/source/v2/protocol/binding/binding.go:205.2,206.16 2 1
github.com/retf/source/v2/protocol/binding/binding.go:206.16,208.3 1 0
github.com/retf/source/v2/protocol/binding/binding.go:209.2,209.21 1 1
github.com/retf/source/v2/protocol/canonical/canonical.go:21.41,23.16 2 1
github.com/retf/source/v2/protocol/canonical/canonical.go:23.16,25.3 1 1
github.com/retf/source/v2/protocol/canonical/canonical.go:26.2,26.38 1 1
github.com/retf/source/v2/protocol/canonical/canonical.go:26.38,28.3 1 0
github.com/retf/source/v2/protocol/canonical/canonical.go:29.2,29.21 1 1
github.com/retf/source/v2/protocol/canonical/canonical.go:35.34,37.53 2 1
github.com/retf/source/v2/protocol/canonical/canonical.go:37.53,39.3 1 0
github.com/retf/source/v2/protocol/canonical/canonical.go:40.2,40.49 1 1
github.com/retf/source/v2/protocol/canonical/canonical.go:40.49,42.3 1 1
github.com/retf/source/v2/protocol/canonical/canonical.go:43.2,43.33 1 1
github.com/retf/source/v2/protocol/canonical/canonical.go:43.33,45.3 1 0
github.com/retf/source/v2/protocol/canonical/canonical.go:46.2,46.12 1 1
github.com/retf/source/v2/protocol/canonical/canonical.go:49.61,52.16 3 1
github.com/retf/source/v2/protocol/canonical/canonical.go:52.16,54.3 1 0
github.com/retf/source/v2/protocol/canonical/canonical.go:55.2,55.37 1 1
github.com/retf/source/v2/protocol/canonical/canonical.go:55.37,57.3 1 1
github.com/retf/source/v2/protocol/canonical/canonical.go:58.2,58.49 1 1
github.com/retf/source/v2/protocol/canonical/canonical.go:58.49,59.50 1 1
github.com/retf/source/v2/protocol/canonical/canonical.go:59.50,61.4 1 0
github.com/retf/source/v2/protocol/canonical/canonical.go:63.2,63.33 1 1
github.com/retf/source/v2/protocol/canonical/canonical.go:63.33,65.3 1 0
github.com/retf/source/v2/protocol/canonical/canonical.go:66.2,66.12 1 1
github.com/retf/source/v2/protocol/canonical/canonical.go:71.47,72.53 1 1
github.com/retf/source/v2/protocol/canonical/canonical.go:72.53,74.3 1 0
github.com/retf/source/v2/protocol/canonical/canonical.go:75.2,76.54 2 1
github.com/retf/source/v2/protocol/canonical/canonical.go:76.54,78.3 1 0
github.com/retf/source/v2/protocol/canonical/canonical.go:79.2,81.55 3 1
github.com/retf/source/v2/protocol/canonical/canonical.go:81.55,83.3 1 0
github.com/retf/source/v2/protocol/canonical/canonical.go:84.2,84.33 1 1
github.com/retf/source/v2/protocol/canonical/canonical.go:84.33,86.3 1 0
github.com/retf/source/v2/protocol/canonical/canonical.go:87.2,88.12 2 1
github.com/retf/source/v2/protocol/canonical/canonical.go:91.78,92.16 1 1
github.com/retf/source/v2/protocol/canonical/canonical.go:92.16,94.3 1 0
github.com/retf/source/v2/protocol/canonical/canonical.go:95.2,95.22 1 1
github.com/retf/source/v2/protocol/canonical/canonical.go:95.22,97.3 1 0
github.com/retf/source/v2/protocol/canonical/canonical.go:98.2,98.75 1 1
github.com/retf/source/v2/protocol/canonical/canonical.go:98.75,99.20 1 0
github.com/retf/source/v2/protocol/canonical/canonical.go:99.20,101.4 1 0
github.com/retf/source/v2/protocol/canonical/canonical.go:102.3,102.23 1 0
github.com/retf/source/v2/protocol/canonical/canonical.go:104.2,104.22 1 1
github.com/retf/source/v2/protocol/canonical/canonical.go:105.22,107.53 2 1
github.com/retf/source/v2/protocol/canonical/canonical.go:107.53,108.45 1 1
github.com/retf/source/v2/protocol/canonical/canonical.go:108.45,110.5 1 1
github.com/retf/source/v2/protocol/canonical/canonical.go:112.3,113.53 2 1
github.com/retf/source/v2/protocol/canonical/canonical.go:113.53,114.45 1 1
github.com/retf/source/v2/protocol/canonical/canonical.go:114.45,115.13 1 1
github.com/retf/source/v2/protocol/canonical/canonical.go:117.4,119.18 3 1
github.com/retf/source/v2/protocol/canonical/canonical.go:119.18,121.5 1 1
github.com/retf/source/v2/protocol/canonical/canonical.go:123.3,123.18 1 1
github.com/retf/source/v2/protocol/canonical/canonical.go:124.21,125.20 1 1
github.com/retf/source/v2/protocol/canonical/canonical.go:125.20,127.4 1 1
github.com/retf/source/v2/protocol/canonical/canonical.go:128.3,128.84 1 1
github.com/retf/source/v2/protocol/canonical/canonical.go:128.84,130.4 1 0
github.com/retf/source/v2/protocol/canonical/canonical.go:131.3,131.50 1 1
github.com/retf/source/v2/protocol/canonical/canonical.go:131.50,134.4 2 1
github.com/retf/source/v2/protocol/canonical/canonical.go:135.3,136.48 2 0
github.com/retf/source/v2/protocol/canonical/canonical.go:136.48,139.18 3 0
github.com/retf/source/v2/protocol/canonical/canonical.go:139.18,141.5 1 0
github.com/retf/source/v2/protocol/canonical/canonical.go:143.3,143.18 1 0
github.com/retf/source/v2/protocol/canonical/canonical.go:144.21,145.50 1 0
github.com/retf/source/v2/protocol/canonical/canonical.go:145.50,147.49 2 0
github.com/retf/source/v2/protocol/canonical/canonical.go:147.49,149.5 1 0
github.com/retf/source/v2/protocol/canonical/canonical.go:150.4,150.19 1 0
github.com/retf/source/v2/protocol/canonical/canonical.go:152.3,153.48 2 0
github.com/retf/source/v2/protocol/canonical/canonical.go:153.48,156.18 3 0
github.com/retf/source/v2/protocol/canonical/canonical.go:156.18,158.5 1 0
github.com/retf/source/v2/protocol/canonical/canonical.go:160.3,160.18 1 0
github.com/retf/source/v2/protocol/canonical/canonical.go:161.22,163.36 2 1
github.com/retf/source/v2/protocol/canonical/canonical.go:163.36,165.4 1 0
github.com/retf/source/v2/protocol/canonical/canonical.go:166.3,166.30 1 1
github.com/retf/source/v2/protocol/canonical/canonical.go:166.30,168.4 1 0
github.com/retf/source/v2/protocol/canonical/canonical.go:169.3,170.35 2 1
github.com/retf/source/v2/protocol/canonical/canonical.go:171.20,172.19 1 1
github.com/retf/source/v2/protocol/canonical/canonical.go:172.19,174.4 1 1
github.com/retf/source/v2/protocol/canonical/canonical.go:175.3,175.32 1 1
github.com/retf/source/v2/protocol/canonical/canonical.go:176.83,177.47 1 1
github.com/retf/source/v2/protocol/canonical/canonical.go:178.78,180.18 2 1
github.com/retf/source/v2/protocol/canonical/canonical.go:180.18,182.4 1 1
github.com/retf/source/v2/protocol/canonical/canonical.go:183.3,183.56 1 1
github.com/retf/source/v2/protocol/canonical/canonical.go:184.10,185.63 1 1
github.com/retf/source/v2/protocol/canonical/canonical.go:194.50,195.41 1 1
github.com/retf/source/v2/protocol/canonical/canonical.go:195.41,197.3 1 0
github.com/retf/source/v2/protocol/canonical/canonical.go:198.2,200.19 3 1
github.com/retf/source/v2/protocol/canonical/canonical.go:203.58,205.16 2 1
github.com/retf/source/v2/protocol/canonical/canonical.go:205.16,207.3 1 0
github.com/retf/source/v2/protocol/canonical/canonical.go:208.2,209.20 2 1
github.com/retf/source/v2/protocol/canonical/canonical.go:210.92,211.40 1 1
github.com/retf/source/v2/protocol/canonical/canonical.go:212.10,214.21 2 1
github.com/retf/source/v2/protocol/canonical/canonical.go:214.21,216.4 1 0
github.com/retf/source/v2/protocol/canonical/canonical.go:217.3,217.17 1 1
github.com/retf/source/v2/protocol/canonical/canonical.go:217.17,219.4 1 1
github.com/retf/source/v2/protocol/canonical/canonical.go:220.3,220.35 1 1
github.com/retf/source/v2/protocol/canonical/canonical.go:221.10,223.21 2 1
github.com/retf/source/v2/protocol/canonical/canonical.go:223.21,225.4 1 0
github.com/retf/source/v2/protocol/canonical/canonical.go:226.3,226.29 1 1
github.com/retf/source/v2/protocol/canonical/canonical.go:226.29,228.4 1 0
github.com/retf/source/v2/protocol/canonical/canonical.go:229.3,229.27 1 1
github.com/retf/source/v2/protocol/canonical/canonical.go:230.10,232.21 2 1
github.com/retf/source/v2/protocol/canonical/canonical.go:232.21,234.4 1 0
github.com/retf/source/v2/protocol/canonical/canonical.go:235.3,235.30 1 1
github.com/retf/source/v2/protocol/canonical/canonical.go:235.30,237.4 1 0
github.com/retf/source/v2/protocol/canonical/canonical.go:238.3,238.27 1 1
github.com/retf/source/v2/protocol/canonical/canonical.go:239.10,241.21 2 1
github.com/retf/source/v2/protocol/canonical/canonical.go:241.21,243.4 1 0
github.com/retf/source/v2/protocol/canonical/canonical.go:244.3,244.30 1 1
github.com/retf/source/v2/protocol/canonical/canonical.go:244.30,246.4 1 0
github.com/retf/source/v2/protocol/canonical/canonical.go:247.3,247.27 1 1
github.com/retf/source/v2/protocol/canonical/canonical.go:248.10,249.69 1 1
github.com/retf/source/v2/protocol/canonical/canonical.go:250.10,251.61 1 0
github.com/retf/source/v2/protocol/canonical/canonical.go:255.60,256.45 1 1
github.com/retf/source/v2/protocol/canonical/canonical.go:256.45,258.3 1 0
github.com/retf/source/v2/protocol/canonical/canonical.go:259.2,261.14 3 1
github.com/retf/source/v2/protocol/canonical/canonical.go:262.9,263.52 1 1
github.com/retf/source/v2/protocol/canonical/canonical.go:264.9,265.52 1 1
github.com/retf/source/v2/protocol/canonical/canonical.go:266.9,267.44 1 1
github.com/retf/source/v2/protocol/canonical/canonical.go:268.10,269.48 1 0
github.com/retf/source/v2/protocol/canonical/canonical.go:273.68,274.85 1 1
github.com/retf/source/v2/protocol/canonical/canonical.go:274.85,276.3 1 0
github.com/retf/source/v2/protocol/canonical/canonical.go:277.2,279.19 3 1
github.com/retf/source/v2/protocol/canonical/canonical.go:282.56,283.16 1 1
github.com/retf/source/v2/protocol/canonical/canonical.go:283.16,285.3 1 0
github.com/retf/source/v2/protocol/canonical/canonical.go:286.2,286.41 1 1
github.com/retf/source/v2/protocol/canonical/canonical.go:286.41,288.3 1 0
github.com/retf/source/v2/protocol/canonical/canonical.go:289.2,289.82 1 1
github.com/retf/source/v2/protocol/canonical/canonical.go:289.82,292.3 2 1
github.com/retf/source/v2/protocol/canonical/canonical.go:293.2,294.16 2 1
github.com/retf/source/v2/protocol/canonical/canonical.go:294.16,296.3 1 1
github.com/retf/source/v2/protocol/canonical/canonical.go:297.2,297.15 1 1
github.com/retf/source/v2/protocol/canonical/canonical.go:298.12,299.13 1 1
github.com/retf/source/v2/protocol/canonical/canonical.go:300.9,302.13 2 1
github.com/retf/source/v2/protocol/canonical/canonical.go:303.9,305.21 2 1
github.com/retf/source/v2/protocol/canonical/canonical.go:305.21,307.4 1 0
github.com/retf/source/v2/protocol/canonical/canonical.go:308.3,308.27 1 1
github.com/retf/source/v2/protocol/canonical/canonical.go:308.27,310.4 1 1
github.com/retf/source/v2/protocol/canonical/canonical.go:311.3,311.13 1 1
github.com/retf/source/v2/protocol/canonical/canonical.go:312.9,313.31 1 1
github.com/retf/source/v2/protocol/canonical/canonical.go:313.31,315.4 1 0
github.com/retf/source/v2/protocol/canonical/canonical.go:316.3,316.50 1 1
github.com/retf/source/v2/protocol/canonical/canonical.go:316.50,317.59 1 1
github.com/retf/source/v2/protocol/canonical/canonical.go:317.59,319.5 1 0
github.com/retf/source/v2/protocol/canonical/canonical.go:321.3,321.13 1 1
github.com/retf/source/v2/protocol/canonical/canonical.go:322.9,323.72 1 1
github.com/retf/source/v2/protocol/canonical/canonical.go:324.9,325.47 1 0
github.com/retf/source/v2/protocol/canonical/canonical.go:326.9,327.92 1 1
github.com/retf/source/v2/protocol/canonical/canonical.go:328.10,329.51 1 0
github.com/retf/source/v2/protocol/canonical/canonical.go:333.75,334.16 1 1
github.com/retf/source/v2/protocol/canonical/canonical.go:334.16,336.3 1 0
github.com/retf/source/v2/protocol/canonical/canonical.go:337.2,337.39 1 1
github.com/retf/source/v2/protocol/canonical/canonical.go:337.39,340.3 2 0
github.com/retf/source/v2/protocol/canonical/canonical.go:341.2,341.35 1 1
github.com/retf/source/v2/protocol/canonical/canonical.go:341.35,343.17 2 1
github.com/retf/source/v2/protocol/canonical/canonical.go:343.17,345.4 1 0
github.com/retf/source/v2/protocol/canonical/canonical.go:346.3,346.37 1 1
github.com/retf/source/v2/protocol/canonical/canonical.go:346.37,348.4 1 0
github.com/retf/source/v2/protocol/canonical/canonical.go:349.3,350.13 2 1
github.com/retf/source/v2/protocol/canonical/canonical.go:352.2,353.16 2 1
github.com/retf/source/v2/protocol/canonical/canonical.go:353.16,355.3 1 0
github.com/retf/source/v2/protocol/canonical/canonical.go:356.2,356.23 1 1
github.com/retf/source/v2/protocol/canonical/canonical.go:357.22,358.17 1 1
github.com/retf/source/v2/protocol/canonical/canonical.go:358.17,360.4 1 0
github.com/retf/source/v2/protocol/canonical/canonical.go:361.3,362.54 2 1
github.com/retf/source/v2/protocol/canonical/canonical.go:362.54,363.46 1 1
github.com/retf/source/v2/protocol/canonical/canonical.go:363.46,365.5 1 1
github.com/retf/source/v2/protocol/canonical/canonical.go:367.3,367.41 1 1
github.com/retf/source/v2/protocol/canonical/canonical.go:367.41,369.4 1 0
github.com/retf/source/v2/protocol/canonical/canonical.go:370.3,370.38 1 1
github.com/retf/source/v2/protocol/canonical/canonical.go:370.38,371.75 1 1
github.com/retf/source/v2/protocol/canonical/canonical.go:371.75,373.5 1 0
github.com/retf/source/v2/protocol/canonical/canonical.go:375.3,375.13 1 1
github.com/retf/source/v2/protocol/canonical/canonical.go:376.21,377.51 1 1
github.com/retf/source/v2/protocol/canonical/canonical.go:377.51,378.18 1 1
github.com/retf/source/v2/protocol/canonical/canonical.go:378.18,380.5 1 0
github.com/retf/source/v2/protocol/canonical/canonical.go:381.4,382.22 2 1
github.com/retf/source/v2/protocol/canonical/canonical.go:382.22,384.5 1 0
github.com/retf/source/v2/protocol/canonical/canonical.go:385.4,386.14 2 1
github.com/retf/source/v2/protocol/canonical/canonical.go:388.3,388.45 1 0
github.com/retf/source/v2/protocol/canonical/canonical.go:388.45,390.4 1 0
github.com/retf/source/v2/protocol/canonical/canonical.go:391.3,392.47 2 0
github.com/retf/source/v2/protocol/canonical/canonical.go:392.47,393.75 1 0
github.com/retf/source/v2/protocol/canonical/canonical.go:393.75,395.5 1 0
github.com/retf/source/v2/protocol/canonical/canonical.go:397.3,397.13 1 0
github.com/retf/source/v2/protocol/canonical/canonical.go:398.21,399.51 1 0
github.com/retf/source/v2/protocol/canonical/canonical.go:399.51,400.51 1 0
github.com/retf/source/v2/protocol/canonical/canonical.go:400.51,402.5 1 0
github.com/retf/source/v2/protocol/canonical/canonical.go:403.4,404.22 2 0
github.com/retf/source/v2/protocol/canonical/canonical.go:404.22,406.5 1 0
github.com/retf/source/v2/protocol/canonical/canonical.go:407.4,408.14 2 0
github.com/retf/source/v2/protocol/canonical/canonical.go:410.3,410.50 1 0
github.com/retf/source/v2/protocol/canonical/canonical.go:410.50,412.4 1 0
github.com/retf/source/v2/protocol/canonical/canonical.go:413.3,413.49 1 0
github.com/retf/source/v2/protocol/canonical/canonical.go:413.49,414.75 1 0
github.com/retf/source/v2/protocol/canonical/canonical.go:414.75,416.5 1 0
github.com/retf/source/v2/protocol/canonical/canonical.go:418.3,418.13 1 0
github.com/retf/source/v2/protocol/canonical/canonical.go:419.22,420.17 1 1
github.com/retf/source/v2/protocol/canonical/canonical.go:420.17,422.4 1 0
github.com/retf/source/v2/protocol/canonical/canonical.go:423.3,424.21 2 1
github.com/retf/source/v2/protocol/canonical/canonical.go:424.21,426.4 1 0
github.com/retf/source/v2/protocol/canonical/canonical.go:427.3,427.27 1 1
github.com/retf/source/v2/protocol/canonical/canonical.go:427.27,429.4 1 0
github.com/retf/source/v2/protocol/canonical/canonical.go:430.3,431.13 2 1
github.com/retf/source/v2/protocol/canonical/canonical.go:432.83,433.47 1 1
github.com/retf/source/v2/protocol/canonical/canonical.go:433.47,435.4 1 0
github.com/retf/source/v2/protocol/canonical/canonical.go:436.3,437.13 2 1
github.com/retf/source/v2/protocol/canonical/canonical.go:438.78,440.17 2 1
github.com/retf/source/v2/protocol/canonical/canonical.go:440.17,441.29 1 1
github.com/retf/source/v2/protocol/canonical/canonical.go:441.29,443.5 1 0
github.com/retf/source/v2/protocol/canonical/canonical.go:444.4,444.25 1 1
github.com/retf/source/v2/protocol/canonical/canonical.go:445.9,445.24 1 1
github.com/retf/source/v2/protocol/canonical/canonical.go:445.24,446.29 1 1
github.com/retf/source/v2/protocol/canonical/canonical.go:446.29,448.5 1 0
github.com/retf/source/v2/protocol/canonical/canonical.go:449.4,449.30 1 1
github.com/retf/source/v2/protocol/canonical/canonical.go:450.9,452.4 1 0
github.com/retf/source/v2/protocol/canonical/canonical.go:453.3,453.33 1 1
github.com/retf/source/v2/protocol/canonical/canonical.go:453.33,455.4 1 0
github.com/retf/source/v2/protocol/canonical/canonical.go:456.3,457.13 2 1
github.com/retf/source/v2/protocol/canonical/canonical.go:458.10,459.66 1 0
github.com/retf/source/v2/protocol/canonical/canonical.go:463.62,464.9 1 1
github.com/retf/source/v2/protocol/canonical/canonical.go:465.18,466.43 1 1
github.com/retf/source/v2/protocol/canonical/canonical.go:467.21,468.47 1 1
github.com/retf/source/v2/protocol/canonical/canonical.go:469.23,472.53 3 1
github.com/retf/source/v2/protocol/canonical/canonical.go:473.27,476.53 3 1
github.com/retf/source/v2/protocol/canonical/canonical.go:477.10,480.53 3 1
github.com/retf/source/v2/protocol/messages/messages.go:59.89,71.2 1 1
github.com/retf/source/v2/protocol/messages/messages.go:73.102,85.2 1 1
github.com/retf/source/v2/protocol/messages/messages.go:100.65,103.2 2 0
github.com/retf/source/v2/fabric/privacychaincode/contract.go:44.69,46.2 1 1
github.com/retf/source/v2/fabric/privacychaincode/contract.go:53.19,54.94 1 1
github.com/retf/source/v2/fabric/privacychaincode/contract.go:54.94,56.3 1 1
github.com/retf/source/v2/fabric/privacychaincode/contract.go:57.2,62.62 1 1
github.com/retf/source/v2/fabric/privacychaincode/contract.go:62.62,64.3 1 0
github.com/retf/source/v2/fabric/privacychaincode/contract.go:65.2,65.64 1 1
github.com/retf/source/v2/fabric/privacychaincode/contract.go:65.64,67.3 1 0
github.com/retf/source/v2/fabric/privacychaincode/contract.go:68.2,68.61 1 1
github.com/retf/source/v2/fabric/privacychaincode/contract.go:68.61,70.3 1 0
github.com/retf/source/v2/fabric/privacychaincode/contract.go:71.2,71.62 1 1
github.com/retf/source/v2/fabric/privacychaincode/contract.go:71.62,73.3 1 0
github.com/retf/source/v2/fabric/privacychaincode/contract.go:74.2,75.65 2 1
github.com/retf/source/v2/fabric/privacychaincode/contract.go:75.65,77.3 1 0
github.com/retf/source/v2/fabric/privacychaincode/contract.go:78.2,79.60 2 1
github.com/retf/source/v2/fabric/privacychaincode/contract.go:79.60,81.3 1 1
github.com/retf/source/v2/fabric/privacychaincode/contract.go:82.2,84.49 2 1
github.com/retf/source/v2/fabric/privacychaincode/contract.go:84.49,86.3 1 1
github.com/retf/source/v2/fabric/privacychaincode/contract.go:87.2,88.61 2 1
github.com/retf/source/v2/fabric/privacychaincode/contract.go:95.33,97.74 2 0
github.com/retf/source/v2/fabric/privacychaincode/contract.go:97.74,99.3 1 0
github.com/retf/source/v2/fabric/privacychaincode/contract.go:100.2,101.59 2 0
github.com/retf/source/v2/fabric/privacychaincode/contract.go:101.59,103.3 1 0
github.com/retf/source/v2/fabric/privacychaincode/contract.go:104.2,107.16 2 0
github.com/retf/source/v2/fabric/privacychaincode/contract.go:107.16,109.3 1 0
github.com/retf/source/v2/fabric/privacychaincode/contract.go:110.2,111.16 2 0
github.com/retf/source/v2/fabric/privacychaincode/contract.go:111.16,113.3 1 0
github.com/retf/source/v2/fabric/privacychaincode/contract.go:114.2,114.21 1 0
github.com/retf/source/v2/fabric/privacychaincode/contract.go:114.21,116.3 1 0
github.com/retf/source/v2/fabric/privacychaincode/contract.go:117.2,125.16 3 0
github.com/retf/source/v2/fabric/privacychaincode/contract.go:125.16,127.3 1 0
github.com/retf/source/v2/fabric/privacychaincode/contract.go:128.2,128.61 1 0
github.com/retf/source/v2/fabric/privacychaincode/contract.go:128.61,130.3 1 0
github.com/retf/source/v2/fabric/privacychaincode/contract.go:131.2,131.85 1 0
github.com/retf/source/v2/fabric/privacychaincode/contract.go:131.85,133.3 1 0
github.com/retf/source/v2/fabric/privacychaincode/contract.go:134.2,134.20 1 0
github.com/retf/source/v2/fabric/privacychaincode/contract.go:141.33,144.16 3 0
github.com/retf/source/v2/fabric/privacychaincode/contract.go:144.16,146.3 1 0
github.com/retf/source/v2/fabric/privacychaincode/contract.go:147.2,147.17 1 0
github.com/retf/source/v2/fabric/privacychaincode/contract.go:147.17,149.3 1 0
github.com/retf/source/v2/fabric/privacychaincode/contract.go:150.2,151.54 2 0
github.com/retf/source/v2/fabric/privacychaincode/contract.go:151.54,153.3 1 0
github.com/retf/source/v2/fabric/privacychaincode/contract.go:154.2,154.21 1 0
github.com/retf/source/v2/fabric/privacychaincode/contract.go:157.91,159.2 1 0
github.com/retf/source/v2/fabric/privacychaincode/contract.go:161.48,163.41 2 1
github.com/retf/source/v2/fabric/privacychaincode/contract.go:163.41,165.3 1 0
github.com/retf/source/v2/fabric/privacychaincode/contract.go:166.2,166.12 1 1
github.com/retf/source/v2/privacy/authstatement/statement.go:26.69,28.2 1 1
github.com/retf/source/v2/fabric/privacychaincode221/contract.go:97.74,99.2 1 0
github.com/retf/source/v2/fabric/privacychaincode221/contract.go:105.28,106.59 1 0
github.com/retf/source/v2/fabric/privacychaincode221/contract.go:106.59,108.3 1 0
github.com/retf/source/v2/fabric/privacychaincode221/contract.go:109.2,109.84 1 0
github.com/retf/source/v2/fabric/privacychaincode221/contract.go:109.84,111.3 1 0
github.com/retf/source/v2/fabric/privacychaincode221/contract.go:111.8,111.28 1 0
github.com/retf/source/v2/fabric/privacychaincode221/contract.go:111.28,113.3 1 0
github.com/retf/source/v2/fabric/privacychaincode221/contract.go:114.2,115.62 2 0
github.com/retf/source/v2/fabric/privacychaincode221/contract.go:115.62,117.3 1 0
github.com/retf/source/v2/fabric/privacychaincode221/contract.go:118.2,119.16 2 0
github.com/retf/source/v2/fabric/privacychaincode221/contract.go:119.16,121.3 1 0
github.com/retf/source/v2/fabric/privacychaincode221/contract.go:122.2,124.71 1 0
github.com/retf/source/v2/fabric/privacychaincode221/contract.go:124.71,126.3 1 0
github.com/retf/source/v2/fabric/privacychaincode221/contract.go:127.2,128.75 2 0
github.com/retf/source/v2/fabric/privacychaincode221/contract.go:128.75,130.3 1 0
github.com/retf/source/v2/fabric/privacychaincode221/contract.go:131.2,132.81 2 0
github.com/retf/source/v2/fabric/privacychaincode221/contract.go:132.81,134.3 1 0
github.com/retf/source/v2/fabric/privacychaincode221/contract.go:135.2,135.19 1 0
github.com/retf/source/v2/fabric/privacychaincode221/contract.go:142.19,143.59 1 0
github.com/retf/source/v2/fabric/privacychaincode221/contract.go:143.59,145.3 1 0
github.com/retf/source/v2/fabric/privacychaincode221/contract.go:146.2,147.16 2 0
github.com/retf/source/v2/fabric/privacychaincode221/contract.go:147.16,149.3 1 0
github.com/retf/source/v2/fabric/privacychaincode221/contract.go:150.2,151.70 2 0
github.com/retf/source/v2/fabric/privacychaincode221/contract.go:151.70,153.3 1 0
github.com/retf/source/v2/fabric/privacychaincode221/contract.go:154.2,155.68 1 0
github.com/retf/source/v2/fabric/privacychaincode221/contract.go:155.68,157.3 1 0
github.com/retf/source/v2/fabric/privacychaincode221/contract.go:158.2,159.79 2 0
github.com/retf/source/v2/fabric/privacychaincode221/contract.go:159.79,161.3 1 0
github.com/retf/source/v2/fabric/privacychaincode221/contract.go:162.2,163.25 2 0
github.com/retf/source/v2/fabric/privacychaincode221/contract.go:164.38,166.97 2 0
github.com/retf/source/v2/fabric/privacychaincode221/contract.go:166.97,168.4 1 0
github.com/retf/source/v2/fabric/privacychaincode221/contract.go:169.3,169.50 1 0
github.com/retf/source/v2/fabric/privacychaincode221/contract.go:169.50,171.4 1 0
github.com/retf/source/v2/fabric/privacychaincode221/contract.go:172.3,173.68 2 0
github.com/retf/source/v2/fabric/privacychaincode221/contract.go:173.68,175.4 1 0
github.com/retf/source/v2/fabric/privacychaincode221/contract.go:175.9,175.29 1 0
github.com/retf/source/v2/fabric/privacychaincode221/contract.go:175.29,177.4 1 0
github.com/retf/source/v2/fabric/privacychaincode221/contract.go:178.3,179.17 2 0
github.com/retf/source/v2/fabric/privacychaincode221/contract.go:179.17,181.4 1 0
github.com/retf/source/v2/fabric/privacychaincode221/contract.go:182.3,183.17 2 0
github.com/retf/source/v2/fabric/privacychaincode221/contract.go:183.17,185.4 1 0
github.com/retf/source/v2/fabric/privacychaincode221/contract.go:186.3,186.58 1 0
github.com/retf/source/v2/fabric/privacychaincode221/contract.go:186.58,188.4 1 0
github.com/retf/source/v2/fabric/privacychaincode221/contract.go:189.3,189.60 1 0
github.com/retf/source/v2/fabric/privacychaincode221/contract.go:189.60,191.4 1 0
github.com/retf/source/v2/fabric/privacychaincode221/contract.go:192.25,194.65 2 0
github.com/retf/source/v2/fabric/privacychaincode221/contract.go:194.65,196.4 1 0
github.com/retf/source/v2/fabric/privacychaincode221/contract.go:197.3,197.43 1 0
github.com/retf/source/v2/fabric/privacychaincode221/contract.go:197.43,199.4 1 0
github.com/retf/source/v2/fabric/privacychaincode221/contract.go:200.3,201.93 2 0
github.com/retf/source/v2/fabric/privacychaincode221/contract.go:201.93,203.4 1 0
github.com/retf/source/v2/fabric/privacychaincode221/contract.go:204.3,204.82 1 0
github.com/retf/source/v2/fabric/privacychaincode221/contract.go:204.82,206.4 1 0
github.com/retf/source/v2/fabric/privacychaincode221/contract.go:207.3,208.28 2 0
github.com/retf/source/v2/fabric/privacychaincode221/contract.go:208.28,210.4 1 0
github.com/retf/source/v2/fabric/privacychaincode221/contract.go:211.3,212.58 1 0
github.com/retf/source/v2/fabric/privacychaincode221/contract.go:212.58,214.4 1 0
github.com/retf/source/v2/fabric/privacychaincode221/contract.go:215.3,216.17 2 0
github.com/retf/source/v2/fabric/privacychaincode221/contract.go:216.17,218.4 1 0
github.com/retf/source/v2/fabric/privacychaincode221/contract.go:219.3,222.58 3 0
github.com/retf/source/v2/fabric/privacychaincode221/contract.go:222.58,224.4 1 0
github.com/retf/source/v2/fabric/privacychaincode221/contract.go:225.3,225.56 1 0
github.com/retf/source/v2/fabric/privacychaincode221/contract.go:225.56,227.4 1 0
github.com/retf/source/v2/fabric/privacychaincode221/contract.go:228.3,228.60 1 0
github.com/retf/source/v2/fabric/privacychaincode221/contract.go:228.60,230.4 1 0
github.com/retf/source/v2/fabric/privacychaincode221/contract.go:231.31,233.62 2 0
github.com/retf/source/v2/fabric/privacychaincode221/contract.go:233.62,235.4 1 0
github.com/retf/source/v2/fabric/privacychaincode221/contract.go:236.3,236.53 1 0
github.com/retf/source/v2/fabric/privacychaincode221/contract.go:236.53,238.4 1 0
github.com/retf/source/v2/fabric/privacychaincode221/contract.go:239.3,240.68 2 0
github.com/retf/source/v2/fabric/privacychaincode221/contract.go:240.68,242.4 1 0
github.com/retf/source/v2/fabric/privacychaincode221/contract.go:242.9,242.29 1 0
github.com/retf/source/v2/fabric/privacychaincode221/contract.go:242.29,244.4 1 0
github.com/retf/source/v2/fabric/privacychaincode221/contract.go:245.3,245.53 1 0
github.com/retf/source/v2/fabric/privacychaincode221/contract.go:245.53,247.4 1 0
github.com/retf/source/v2/fabric/privacychaincode221/contract.go:248.29,253.116 2 0
github.com/retf/source/v2/fabric/privacychaincode221/contract.go:253.116,255.4 1 0
github.com/retf/source/v2/fabric/privacychaincode221/contract.go:256.3,258.54 3 0
github.com/retf/source/v2/fabric/privacychaincode221/contract.go:258.54,260.4 1 0
github.com/retf/source/v2/fabric/privacychaincode221/contract.go:261.3,262.53 2 0
github.com/retf/source/v2/fabric/privacychaincode221/contract.go:262.53,264.4 1 0
github.com/retf/source/v2/fabric/privacychaincode221/contract.go:265.10,266.53 1 0
github.com/retf/source/v2/fabric/privacychaincode221/contract.go:268.2,269.68 2 0
github.com/retf/source/v2/fabric/privacychaincode221/contract.go:269.68,271.3 1 0
github.com/retf/source/v2/fabric/privacychaincode221/contract.go:272.2,272.22 1 0
github.com/retf/source/v2/fabric/privacychaincode221/contract.go:279.33,281.72 2 1
github.com/retf/source/v2/fabric/privacychaincode221/contract.go:281.72,283.3 1 0
github.com/retf/source/v2/fabric/privacychaincode221/contract.go:284.2,285.77 2 1
github.com/retf/source/v2/fabric/privacychaincode221/contract.go:285.77,287.3 1 0
github.com/retf/source/v2/fabric/privacychaincode221/contract.go:288.2,289.92 2 1
github.com/retf/source/v2/fabric/privacychaincode221/contract.go:289.92,291.3 1 0
github.com/retf/source/v2/fabric/privacychaincode221/contract.go:292.2,293.116 2 1
github.com/retf/source/v2/fabric/privacychaincode221/contract.go:293.116,295.3 1 0
github.com/retf/source/v2/fabric/privacychaincode221/contract.go:296.2,297.27 2 1
github.com/retf/source/v2/fabric/privacychaincode221/contract.go:297.27,299.3 1 0
github.com/retf/source/v2/fabric/privacychaincode221/contract.go:300.2,301.25 2 1
github.com/retf/source/v2/fabric/privacychaincode221/contract.go:301.25,303.3 1 0
github.com/retf/source/v2/fabric/privacychaincode221/contract.go:304.2,306.63 2 1
github.com/retf/source/v2/fabric/privacychaincode221/contract.go:306.63,308.3 1 0
github.com/retf/source/v2/fabric/privacychaincode221/contract.go:309.2,310.16 2 1
github.com/retf/source/v2/fabric/privacychaincode221/contract.go:310.16,312.3 1 0
github.com/retf/source/v2/fabric/privacychaincode221/contract.go:313.2,316.16 2 1
github.com/retf/source/v2/fabric/privacychaincode221/contract.go:316.16,318.3 1 1
github.com/retf/source/v2/fabric/privacychaincode221/contract.go:319.2,319.84 1 1
github.com/retf/source/v2/fabric/privacychaincode221/contract.go:319.84,321.17 2 1
github.com/retf/source/v2/fabric/privacychaincode221/contract.go:321.17,323.4 1 0
github.com/retf/source/v2/fabric/privacychaincode221/contract.go:324.3,324.22 1 1
github.com/retf/source/v2/fabric/privacychaincode221/contract.go:324.22,326.4 1 0
github.com/retf/source/v2/fabric/privacychaincode221/contract.go:328.2,339.67 3 1
github.com/retf/source/v2/fabric/privacychaincode221/contract.go:339.67,341.3 1 0
github.com/retf/source/v2/fabric/privacychaincode221/contract.go:342.2,342.106 1 1
github.com/retf/source/v2/fabric/privacychaincode221/contract.go:342.106,344.3 1 0
github.com/retf/source/v2/fabric/privacychaincode221/contract.go:345.2,345.87 1 1
github.com/retf/source/v2/fabric/privacychaincode221/contract.go:345.87,347.3 1 0
github.com/retf/source/v2/fabric/privacychaincode221/contract.go:348.2,348.20 1 1
github.com/retf/source/v2/fabric/privacychaincode221/contract.go:360.19,361.50 1 1
github.com/retf/source/v2/fabric/privacychaincode221/contract.go:361.50,363.3 1 0
github.com/retf/source/v2/fabric/privacychaincode221/contract.go:364.2,364.71 1 1
github.com/retf/source/v2/fabric/privacychaincode221/contract.go:364.71,366.3 1 0
github.com/retf/source/v2/fabric/privacychaincode221/contract.go:367.2,367.80 1 1
github.com/retf/source/v2/fabric/privacychaincode221/contract.go:367.80,369.3 1 0
github.com/retf/source/v2/fabric/privacychaincode221/contract.go:370.2,371.42 2 1
github.com/retf/source/v2/fabric/privacychaincode221/contract.go:371.42,373.3 1 1
github.com/retf/source/v2/fabric/privacychaincode221/contract.go:374.2,375.16 2 1
github.com/retf/source/v2/fabric/privacychaincode221/contract.go:375.16,377.3 1 0
github.com/retf/source/v2/fabric/privacychaincode221/contract.go:378.2,388.47 1 1
github.com/retf/source/v2/fabric/privacychaincode221/contract.go:388.47,390.3 1 1
github.com/retf/source/v2/fabric/privacychaincode221/contract.go:391.2,394.54 1 1
github.com/retf/source/v2/fabric/privacychaincode221/contract.go:394.54,396.3 1 1
github.com/retf/source/v2/fabric/privacychaincode221/contract.go:397.2,400.82 1 1
github.com/retf/source/v2/fabric/privacychaincode221/contract.go:400.82,402.3 1 1
github.com/retf/source/v2/fabric/privacychaincode221/contract.go:403.2,404.108 2 1
github.com/retf/source/v2/fabric/privacychaincode221/contract.go:404.108,406.3 1 1
github.com/retf/source/v2/fabric/privacychaincode221/contract.go:407.2,408.56 2 1
github.com/retf/source/v2/fabric/privacychaincode221/contract.go:414.33,417.88 3 0
github.com/retf/source/v2/fabric/privacychaincode221/contract.go:417.88,419.3 1 0
github.com/retf/source/v2/fabric/privacychaincode221/contract.go:420.2,420.21 1 0
github.com/retf/source/v2/fabric/privacychaincode221/contract.go:426.26,427.96 1 1
github.com/retf/source/v2/fabric/privacychaincode221/contract.go:427.96,429.3 1 0
github.com/retf/source/v2/fabric/privacychaincode221/contract.go:430.2,432.16 3 1
github.com/retf/source/v2/fabric/privacychaincode221/contract.go:432.16,434.3 1 0
github.com/retf/source/v2/fabric/privacychaincode221/contract.go:435.2,436.16 2 1
github.com/retf/source/v2/fabric/privacychaincode221/contract.go:436.16,438.3 1 0
github.com/retf/source/v2/fabric/privacychaincode221/contract.go:439.2,439.108 1 1
github.com/retf/source/v2/fabric/privacychaincode221/contract.go:442.143,444.67 2 0
github.com/retf/source/v2/fabric/privacychaincode221/contract.go:444.67,446.3 1 0
github.com/retf/source/v2/fabric/privacychaincode221/contract.go:447.2,447.21 1 0
github.com/retf/source/v2/fabric/privacychaincode221/contract.go:450.170,452.75 2 0
github.com/retf/source/v2/fabric/privacychaincode221/contract.go:452.75,454.3 1 0
github.com/retf/source/v2/fabric/privacychaincode221/contract.go:455.2,455.23 1 0
github.com/retf/source/v2/fabric/privacychaincode221/contract.go:458.150,460.77 2 0
github.com/retf/source/v2/fabric/privacychaincode221/contract.go:460.77,462.3 1 0
github.com/retf/source/v2/fabric/privacychaincode221/contract.go:463.2,463.18 1 0
github.com/retf/source/v2/fabric/privacychaincode221/contract.go:466.112,468.27 2 0
github.com/retf/source/v2/fabric/privacychaincode221/contract.go:468.27,470.3 1 0
github.com/retf/source/v2/fabric/privacychaincode221/contract.go:471.2,471.20 1 0
github.com/retf/source/v2/fabric/privacychaincode221/contract.go:474.91,476.2 1 0
github.com/retf/source/v2/fabric/privacychaincode221/contract.go:478.104,479.36 1 0
github.com/retf/source/v2/fabric/privacychaincode221/contract.go:479.36,481.3 1 0
github.com/retf/source/v2/fabric/privacychaincode221/contract.go:482.2,483.53 2 0
github.com/retf/source/v2/fabric/privacychaincode221/contract.go:483.53,485.3 1 0
github.com/retf/source/v2/fabric/privacychaincode221/contract.go:486.2,486.12 1 0
github.com/retf/source/v2/fabric/privacychaincode221/contract.go:489.113,491.69 2 0
github.com/retf/source/v2/fabric/privacychaincode221/contract.go:491.69,493.3 1 0
github.com/retf/source/v2/fabric/privacychaincode221/contract.go:494.2,495.29 2 0
github.com/retf/source/v2/fabric/privacychaincode221/contract.go:498.77,499.91 1 0
github.com/retf/source/v2/fabric/privacychaincode221/contract.go:499.91,501.3 1 0
github.com/retf/source/v2/fabric/privacychaincode221/contract.go:502.2,502.65 1 0
github.com/retf/source/v2/fabric/privacychaincode221/contract.go:505.76,507.95 1 1
github.com/retf/source/v2/fabric/privacychaincode221/contract.go:507.95,509.3 1 0
github.com/retf/source/v2/fabric/privacychaincode221/contract.go:510.2,510.63 1 1
github.com/retf/source/v2/fabric/privacychaincode221/contract.go:513.92,516.16 3 1
github.com/retf/source/v2/fabric/privacychaincode221/contract.go:516.16,518.3 1 0
github.com/retf/source/v2/fabric/privacychaincode221/contract.go:519.2,519.17 1 1
github.com/retf/source/v2/fabric/privacychaincode221/contract.go:519.17,521.3 1 0
github.com/retf/source/v2/fabric/privacychaincode221/contract.go:522.2,522.51 1 1
github.com/retf/source/v2/fabric/privacychaincode221/contract.go:522.51,524.3 1 0
github.com/retf/source/v2/fabric/privacychaincode221/contract.go:525.2,525.25 1 1
github.com/retf/source/v2/fabric/privacychaincode221/contract.go:532.23,535.59 1 1
github.com/retf/source/v2/fabric/privacychaincode221/contract.go:535.59,537.3 1 1
github.com/retf/source/v2/fabric/privacychaincode221/contract.go:538.2,541.21 4 1
github.com/retf/source/v2/fabric/privacychaincode221/contract.go:544.91,546.56 1 1
github.com/retf/source/v2/fabric/privacychaincode221/contract.go:546.56,548.3 1 1
github.com/retf/source/v2/fabric/privacychaincode221/contract.go:549.2,550.21 2 1
github.com/retf/source/v2/fabric/privacychaincode221/contract.go:553.81,555.59 2 1
github.com/retf/source/v2/fabric/privacychaincode221/contract.go:555.59,557.3 1 0
github.com/retf/source/v2/fabric/privacychaincode221/contract.go:558.2,559.53 2 1
github.com/retf/source/v2/fabric/privacychaincode221/contract.go:559.53,561.3 1 0
github.com/retf/source/v2/fabric/privacychaincode221/contract.go:562.2,562.42 1 1
github.com/retf/source/v2/fabric/privacychaincode221/contract.go:565.54,567.59 2 1
github.com/retf/source/v2/fabric/privacychaincode221/contract.go:567.59,569.3 1 0
github.com/retf/source/v2/fabric/privacychaincode221/contract.go:570.2,570.23 1 1
github.com/retf/source/v2/fabric/privacychaincode221/contract.go:573.60,575.2 1 1
github.com/retf/source/v2/fabric/privacychaincode221/contract.go:577.88,579.16 2 0
github.com/retf/source/v2/fabric/privacychaincode221/contract.go:579.16,581.3 1 0
github.com/retf/source/v2/fabric/privacychaincode221/contract.go:582.2,582.45 1 0
github.com/retf/source/v2/fabric/privacychaincode221/contract.go:585.89,587.16 2 1
github.com/retf/source/v2/fabric/privacychaincode221/contract.go:587.16,589.3 1 0
github.com/retf/source/v2/fabric/privacychaincode221/contract.go:590.2,590.17 1 1
github.com/retf/source/v2/fabric/privacychaincode221/contract.go:590.17,592.3 1 0
github.com/retf/source/v2/fabric/privacychaincode221/contract.go:593.2,593.35 1 1
github.com/retf/source/v2/fabric/privacychaincode221/contract.go:596.50,599.47 3 1
github.com/retf/source/v2/fabric/privacychaincode221/contract.go:599.47,601.3 1 0
github.com/retf/source/v2/fabric/privacychaincode221/contract.go:602.2,603.50 2 1
github.com/retf/source/v2/fabric/privacychaincode221/contract.go:603.50,604.17 1 0
github.com/retf/source/v2/fabric/privacychaincode221/contract.go:604.17,606.4 1 0
github.com/retf/source/v2/fabric/privacychaincode221/contract.go:607.3,607.13 1 0
github.com/retf/source/v2/fabric/privacychaincode221/contract.go:609.2,609.12 1 1
github.com/retf/source/v2/fabric/privacychaincode221/contract.go:612.43,615.2 2 0
github.com/retf/source/v2/mpc/inputbinding/binding.go:115.87,125.2 9 1
github.com/retf/source/v2/mpc/inputbinding/binding.go:131.9,139.77 1 1
github.com/retf/source/v2/mpc/inputbinding/binding.go:139.77,141.3 1 0
github.com/retf/source/v2/mpc/inputbinding/binding.go:142.2,144.60 1 1
github.com/retf/source/v2/mpc/inputbinding/binding.go:144.60,146.3 1 0
github.com/retf/source/v2/mpc/inputbinding/binding.go:147.2,156.94 4 1
github.com/retf/source/v2/mpc/inputbinding/binding.go:156.94,158.3 1 0
github.com/retf/source/v2/mpc/inputbinding/binding.go:159.2,159.12 1 1
github.com/retf/source/v2/mpc/inputbinding/binding.go:281.89,309.2 1 1
github.com/retf/source/v2/mpc/inputbinding/binding.go:314.72,315.99 1 1
github.com/retf/source/v2/mpc/inputbinding/binding.go:315.99,317.3 1 0
github.com/retf/source/v2/mpc/inputbinding/binding.go:318.2,325.4 1 1
github.com/retf/source/v2/mpc/inputbinding/binding.go:325.4,326.37 1 1
github.com/retf/source/v2/mpc/inputbinding/binding.go:326.37,328.4 1 0
github.com/retf/source/v2/mpc/inputbinding/binding.go:330.2,344.4 1 1
github.com/retf/source/v2/mpc/inputbinding/binding.go:344.4,345.56 1 1
github.com/retf/source/v2/mpc/inputbinding/binding.go:345.56,347.4 1 0
github.com/retf/source/v2/mpc/inputbinding/binding.go:349.2,349.61 1 1
github.com/retf/source/v2/mpc/inputbinding/binding.go:349.61,351.3 1 0
github.com/retf/source/v2/mpc/inputbinding/binding.go:352.2,353.75 1 1
github.com/retf/source/v2/mpc/inputbinding/binding.go:353.75,355.3 1 0
github.com/retf/source/v2/mpc/inputbinding/binding.go:356.2,356.121 1 1
github.com/retf/source/v2/mpc/inputbinding/binding.go:356.121,358.3 1 0
github.com/retf/source/v2/mpc/inputbinding/binding.go:359.2,359.31 1 1
github.com/retf/source/v2/mpc/inputbinding/binding.go:359.31,360.76 1 0
github.com/retf/source/v2/mpc/inputbinding/binding.go:360.76,362.4 1 0
github.com/retf/source/v2/mpc/inputbinding/binding.go:363.3,363.93 1 0
github.com/retf/source/v2/mpc/inputbinding/binding.go:363.93,365.4 1 0
github.com/retf/source/v2/mpc/inputbinding/binding.go:367.2,367.54 1 1
github.com/retf/source/v2/mpc/inputbinding/binding.go:370.71,372.16 2 1
github.com/retf/source/v2/mpc/inputbinding/binding.go:372.16,374.3 1 0
github.com/retf/source/v2/mpc/inputbinding/binding.go:375.2,376.42 2 1
github.com/retf/source/v2/mpc/inputbinding/binding.go:379.62,381.16 2 1
github.com/retf/source/v2/mpc/inputbinding/binding.go:381.16,383.3 1 0
github.com/retf/source/v2/mpc/inputbinding/binding.go:384.2,384.78 1 1
github.com/retf/source/v2/mpc/inputbinding/binding.go:384.78,386.3 1 1
github.com/retf/source/v2/mpc/inputbinding/binding.go:387.2,387.12 1 1
github.com/retf/source/v2/mpc/inputbinding/binding.go:416.48,418.2 1 1
github.com/retf/source/v2/mpc/inputbinding/binding.go:420.100,423.75 3 1
github.com/retf/source/v2/mpc/inputbinding/binding.go:423.75,425.3 1 1
github.com/retf/source/v2/mpc/inputbinding/binding.go:426.2,426.59 1 1
github.com/retf/source/v2/mpc/inputbinding/binding.go:426.59,428.3 1 0
github.com/retf/source/v2/mpc/inputbinding/binding.go:429.2,429.59 1 1
github.com/retf/source/v2/mpc/inputbinding/binding.go:429.59,431.3 1 1
github.com/retf/source/v2/mpc/inputbinding/binding.go:432.2,435.18 4 1
github.com/retf/source/v2/mpc/inputbinding/binding.go:506.54,507.90 1 1
github.com/retf/source/v2/mpc/inputbinding/binding.go:507.90,509.3 1 1
github.com/retf/source/v2/mpc/inputbinding/binding.go:510.2,522.4 1 1
github.com/retf/source/v2/mpc/inputbinding/binding.go:522.4,523.37 1 1
github.com/retf/source/v2/mpc/inputbinding/binding.go:523.37,525.4 1 1
github.com/retf/source/v2/mpc/inputbinding/binding.go:527.2,529.35 1 1
github.com/retf/source/v2/mpc/inputbinding/binding.go:529.35,531.3 1 1
github.com/retf/source/v2/mpc/inputbinding/binding.go:532.2,548.4 1 1
github.com/retf/source/v2/mpc/inputbinding/binding.go:548.4,549.56 1 1
github.com/retf/source/v2/mpc/inputbinding/binding.go:549.56,551.4 1 1
github.com/retf/source/v2/mpc/inputbinding/binding.go:553.2,553.62 1 1
github.com/retf/source/v2/mpc/inputbinding/binding.go:553.62,555.3 1 1
github.com/retf/source/v2/mpc/inputbinding/binding.go:556.2,556.80 1 1
github.com/retf/source/v2/mpc/inputbinding/binding.go:556.80,558.3 1 1
github.com/retf/source/v2/mpc/inputbinding/binding.go:559.2,559.136 1 1
github.com/retf/source/v2/mpc/inputbinding/binding.go:559.136,561.3 1 0
github.com/retf/source/v2/mpc/inputbinding/binding.go:562.2,562.37 1 1
github.com/retf/source/v2/mpc/inputbinding/binding.go:562.37,563.84 1 0
github.com/retf/source/v2/mpc/inputbinding/binding.go:563.84,565.4 1 0
github.com/retf/source/v2/mpc/inputbinding/binding.go:566.3,566.94 1 0
github.com/retf/source/v2/mpc/inputbinding/binding.go:566.94,568.4 1 0
github.com/retf/source/v2/mpc/inputbinding/binding.go:570.2,570.12 1 1
github.com/retf/source/v2/mpc/inputbinding/binding.go:573.65,574.48 1 1
github.com/retf/source/v2/mpc/inputbinding/binding.go:574.48,576.3 1 0
github.com/retf/source/v2/mpc/inputbinding/binding.go:577.2,577.35 1 1
github.com/retf/source/v2/mpc/inputbinding/binding.go:580.57,582.16 2 1
github.com/retf/source/v2/mpc/inputbinding/binding.go:582.16,584.3 1 0
github.com/retf/source/v2/mpc/inputbinding/binding.go:585.2,586.43 2 1
github.com/retf/source/v2/mpc/inputbinding/binding.go:589.67,591.16 2 1
github.com/retf/source/v2/mpc/inputbinding/binding.go:591.16,593.3 1 0
github.com/retf/source/v2/mpc/inputbinding/binding.go:594.2,595.23 2 1
github.com/retf/source/v2/mpc/inputbinding/binding.go:599.39,603.16 4 1
github.com/retf/source/v2/mpc/inputbinding/binding.go:603.16,605.3 1 0
github.com/retf/source/v2/mpc/inputbinding/binding.go:606.2,607.12 2 1
github.com/retf/source/v2/mpc/inputbinding/binding.go:610.77,612.2 1 1
github.com/retf/source/v2/mpc/inputbinding/binding.go:614.79,616.2 1 1
github.com/retf/source/v2/mpc/inputbinding/binding.go:618.81,625.16 2 1
github.com/retf/source/v2/mpc/inputbinding/binding.go:625.16,626.13 1 0
github.com/retf/source/v2/mpc/inputbinding/binding.go:628.2,628.58 1 1
github.com/retf/source/v2/mpc/inputbinding/binding.go:631.50,637.2 5 1
github.com/retf/source/v2/mpc/inputbinding/binding.go:639.85,640.102 1 1
github.com/retf/source/v2/mpc/inputbinding/binding.go:640.102,642.3 1 1
github.com/retf/source/v2/mpc/inputbinding/binding.go:643.2,644.55 2 1
github.com/retf/source/v2/mpc/inputbinding/binding.go:644.55,645.39 1 1
github.com/retf/source/v2/mpc/inputbinding/binding.go:645.39,647.4 1 1
github.com/retf/source/v2/mpc/inputbinding/binding.go:648.3,650.33 3 1
github.com/retf/source/v2/mpc/inputbinding/binding.go:650.33,652.4 1 0
github.com/retf/source/v2/mpc/inputbinding/binding.go:652.9,654.4 1 1
github.com/retf/source/v2/mpc/inputbinding/binding.go:656.2,657.105 2 1
github.com/retf/source/v2/mpc/inputbinding/binding.go:657.105,659.3 1 1
github.com/retf/source/v2/mpc/inputbinding/binding.go:660.2,660.12 1 1
github.com/retf/source/v2/mpc/inputbinding/binding.go:663.79,664.91 1 1
github.com/retf/source/v2/mpc/inputbinding/binding.go:664.91,666.3 1 1
github.com/retf/source/v2/mpc/inputbinding/binding.go:667.2,667.57 1 1
github.com/retf/source/v2/mpc/inputbinding/binding.go:667.57,669.3 1 0
github.com/retf/source/v2/mpc/inputbinding/binding.go:670.2,671.76 2 1
github.com/retf/source/v2/mpc/inputbinding/binding.go:671.76,673.3 1 1
github.com/retf/source/v2/mpc/inputbinding/binding.go:674.2,676.100 1 1
github.com/retf/source/v2/mpc/inputbinding/binding.go:676.100,678.3 1 1
github.com/retf/source/v2/mpc/inputbinding/binding.go:679.2,681.53 1 1
github.com/retf/source/v2/mpc/inputbinding/binding.go:681.53,683.3 1 1
github.com/retf/source/v2/mpc/inputbinding/binding.go:684.2,686.24 3 1
github.com/retf/source/v2/mpc/inputbinding/binding.go:686.24,688.3 1 0
github.com/retf/source/v2/mpc/inputbinding/binding.go:689.2,689.97 1 1
github.com/retf/source/v2/mpc/inputbinding/binding.go:689.97,691.3 1 1
github.com/retf/source/v2/mpc/inputbinding/binding.go:692.2,697.31 2 1
github.com/retf/source/v2/mpc/inputbinding/binding.go:697.31,699.3 1 1
github.com/retf/source/v2/mpc/inputbinding/binding.go:700.2,736.90 2 1
github.com/retf/source/v2/mpc/inputbinding/binding.go:736.90,738.3 1 1
github.com/retf/source/v2/mpc/inputbinding/binding.go:739.2,744.56 2 1
github.com/retf/source/v2/mpc/inputbinding/binding.go:744.56,746.3 1 1
github.com/retf/source/v2/mpc/inputbinding/binding.go:747.2,748.79 1 1
github.com/retf/source/v2/mpc/inputbinding/binding.go:748.79,750.3 1 1
github.com/retf/source/v2/mpc/inputbinding/binding.go:751.2,752.67 1 1
github.com/retf/source/v2/mpc/inputbinding/binding.go:752.67,754.3 1 1
github.com/retf/source/v2/mpc/inputbinding/binding.go:755.2,756.63 1 1
github.com/retf/source/v2/mpc/inputbinding/binding.go:756.63,758.3 1 1
github.com/retf/source/v2/mpc/inputbinding/binding.go:759.2,760.67 1 1
github.com/retf/source/v2/mpc/inputbinding/binding.go:760.67,762.3 1 1
github.com/retf/source/v2/mpc/inputbinding/binding.go:763.2,765.54 2 1
github.com/retf/source/v2/mpc/inputbinding/binding.go:765.54,767.3 1 0
github.com/retf/source/v2/mpc/inputbinding/binding.go:768.2,770.63 2 1
github.com/retf/source/v2/mpc/inputbinding/binding.go:770.63,772.3 1 1
github.com/retf/source/v2/mpc/inputbinding/binding.go:773.2,773.89 1 1
github.com/retf/source/v2/mpc/inputbinding/binding.go:773.89,775.3 1 0
github.com/retf/source/v2/mpc/inputbinding/binding.go:776.2,778.16 2 1
github.com/retf/source/v2/mpc/inputbinding/binding.go:778.16,780.3 1 1
github.com/retf/source/v2/mpc/inputbinding/binding.go:781.2,789.35 1 1
github.com/retf/source/v2/mpc/inputbinding/binding.go:789.35,791.3 1 1
github.com/retf/source/v2/mpc/inputbinding/binding.go:792.2,792.112 1 1
github.com/retf/source/v2/mpc/inputbinding/binding.go:792.112,794.3 1 1
github.com/retf/source/v2/mpc/inputbinding/binding.go:795.2,796.16 2 1
github.com/retf/source/v2/mpc/inputbinding/binding.go:796.16,798.3 1 0
github.com/retf/source/v2/mpc/inputbinding/binding.go:799.2,805.16 5 1
github.com/retf/source/v2/mpc/inputbinding/binding.go:805.16,807.3 1 0
github.com/retf/source/v2/mpc/inputbinding/binding.go:808.2,808.15 1 1
github.com/retf/source/v2/mpc/inputbinding/binding.go:808.15,810.3 1 1
github.com/retf/source/v2/mpc/inputbinding/binding.go:811.2,813.32 1 1
github.com/retf/source/v2/mpc/inputbinding/binding.go:816.61,820.2 1 1
github.com/retf/source/v2/mpc/inputbinding/binding.go:822.87,832.2 9 1
github.com/retf/source/v2/mpc/inputbinding/binding.go:834.56,836.48 2 1
github.com/retf/source/v2/mpc/inputbinding/binding.go:836.48,838.3 1 0
github.com/retf/source/v2/mpc/inputbinding/binding.go:839.2,840.61 2 1
github.com/retf/source/v2/mpc/inputbinding/binding.go:843.49,845.77 2 1
github.com/retf/source/v2/mpc/inputbinding/binding.go:845.77,847.3 1 1
github.com/retf/source/v2/mpc/inputbinding/binding.go:848.2,848.12 1 1
github.com/retf/source/v2/mpc/inputbinding/input_record_state.go:18.81,30.43 2 1
github.com/retf/source/v2/mpc/inputbinding/input_record_state.go:30.43,32.3 1 0
github.com/retf/source/v2/mpc/inputbinding/input_record_state.go:33.2,33.43 1 1
github.com/retf/source/v2/mpc/inputbinding/input_record_state.go:33.43,35.3 1 1
github.com/retf/source/v2/mpc/inputbinding/input_record_state.go:36.2,38.22 3 1
github.com/retf/source/v2/mpc/inputbinding/input_record_state.go:38.22,40.3 1 1
github.com/retf/source/v2/mpc/inputbinding/input_record_state.go:41.2,41.12 1 1
github.com/retf/source/v2/mpc/inputbinding/persistent_replay.go:37.103,38.64 1 1
github.com/retf/source/v2/mpc/inputbinding/persistent_replay.go:38.64,40.3 1 1
github.com/retf/source/v2/mpc/inputbinding/persistent_replay.go:41.2,41.22 1 1
github.com/retf/source/v2/mpc/inputbinding/persistent_replay.go:41.22,43.3 1 1
github.com/retf/source/v2/mpc/inputbinding/persistent_replay.go:44.2,45.18 2 1
github.com/retf/source/v2/mpc/inputbinding/persistent_replay.go:45.18,47.3 1 1
github.com/retf/source/v2/mpc/inputbinding/persistent_replay.go:48.2,48.69 1 1
github.com/retf/source/v2/mpc/inputbinding/persistent_replay.go:48.69,50.3 1 1
github.com/retf/source/v2/mpc/inputbinding/persistent_replay.go:51.2,52.16 2 1
github.com/retf/source/v2/mpc/inputbinding/persistent_replay.go:52.16,54.3 1 1
github.com/retf/source/v2/mpc/inputbinding/persistent_replay.go:55.2,59.34 4 1
github.com/retf/source/v2/mpc/inputbinding/persistent_replay.go:59.34,61.3 1 0
github.com/retf/source/v2/mpc/inputbinding/persistent_replay.go:62.2,63.16 2 1
github.com/retf/source/v2/mpc/inputbinding/persistent_replay.go:63.16,65.3 1 0
github.com/retf/source/v2/mpc/inputbinding/persistent_replay.go:66.2,67.52 2 1
github.com/retf/source/v2/mpc/inputbinding/persistent_replay.go:67.52,69.3 1 0
github.com/retf/source/v2/mpc/inputbinding/persistent_replay.go:70.2,70.15 1 1
github.com/retf/source/v2/mpc/inputbinding/persistent_replay.go:70.15,71.40 1 0
github.com/retf/source/v2/mpc/inputbinding/persistent_replay.go:71.40,73.4 1 0
github.com/retf/source/v2/mpc/inputbinding/persistent_replay.go:74.3,74.71 1 0
github.com/retf/source/v2/mpc/inputbinding/persistent_replay.go:74.71,76.4 1 0
github.com/retf/source/v2/mpc/inputbinding/persistent_replay.go:79.2,83.16 5 1
github.com/retf/source/v2/mpc/inputbinding/persistent_replay.go:83.16,85.3 1 1
github.com/retf/source/v2/mpc/inputbinding/persistent_replay.go:86.2,86.58 1 0
github.com/retf/source/v2/mpc/inputbinding/persistent_replay.go:86.58,88.3 1 0
github.com/retf/source/v2/mpc/inputbinding/persistent_replay.go:89.2,89.42 1 0
github.com/retf/source/v2/mpc/inputbinding/persistent_replay.go:89.42,91.3 1 0
github.com/retf/source/v2/mpc/inputbinding/persistent_replay.go:92.2,92.42 1 0
github.com/retf/source/v2/mpc/inputbinding/persistent_replay.go:92.42,94.3 1 0
github.com/retf/source/v2/mpc/inputbinding/persistent_replay.go:96.2,97.22 2 0
github.com/retf/source/v2/mpc/inputbinding/persistent_replay.go:97.22,99.3 1 0
github.com/retf/source/v2/mpc/inputbinding/persistent_replay.go:100.2,105.16 3 0
github.com/retf/source/v2/mpc/inputbinding/persistent_replay.go:105.16,107.3 1 0
github.com/retf/source/v2/mpc/inputbinding/persistent_replay.go:108.2,109.55 2 0
github.com/retf/source/v2/mpc/inputbinding/persistent_replay.go:109.55,111.3 1 0
github.com/retf/source/v2/mpc/inputbinding/persistent_replay.go:112.2,113.43 2 0
github.com/retf/source/v2/mpc/inputbinding/persistent_replay.go:113.43,116.3 1 0
github.com/retf/source/v2/mpc/inputbinding/persistent_replay.go:117.2,117.39 1 0
github.com/retf/source/v2/mpc/inputbinding/persistent_replay.go:117.39,119.3 1 0
github.com/retf/source/v2/mpc/inputbinding/persistent_replay.go:120.2,120.18 1 0
github.com/retf/source/v2/mpc/inputbinding/persistent_replay.go:123.113,124.57 1 1
github.com/retf/source/v2/mpc/inputbinding/persistent_replay.go:124.57,126.3 1 0
github.com/retf/source/v2/mpc/inputbinding/persistent_replay.go:127.2,128.16 2 1
github.com/retf/source/v2/mpc/inputbinding/persistent_replay.go:128.16,130.3 1 0
github.com/retf/source/v2/mpc/inputbinding/persistent_replay.go:131.2,131.27 1 1
github.com/retf/source/v2/mpc/inputbinding/persistent_replay.go:131.27,133.3 1 1
github.com/retf/source/v2/mpc/inputbinding/persistent_replay.go:134.2,135.16 2 1
github.com/retf/source/v2/mpc/inputbinding/persistent_replay.go:135.16,137.3 1 0
github.com/retf/source/v2/mpc/inputbinding/persistent_replay.go:138.2,138.57 1 1
github.com/retf/source/v2/mpc/inputbinding/persistent_replay.go:138.57,140.3 1 1
github.com/retf/source/v2/mpc/inputbinding/persistent_replay.go:141.2,147.21 7 1
github.com/retf/source/v2/mpc/inputbinding/persistent_replay.go:147.21,152.49 5 1
github.com/retf/source/v2/mpc/inputbinding/persistent_replay.go:152.49,154.4 1 1
github.com/retf/source/v2/mpc/inputbinding/persistent_replay.go:155.3,156.64 2 1
github.com/retf/source/v2/mpc/inputbinding/persistent_replay.go:156.64,157.18 1 1
github.com/retf/source/v2/mpc/inputbinding/persistent_replay.go:157.18,159.5 1 1
github.com/retf/source/v2/mpc/inputbinding/persistent_replay.go:160.4,160.95 1 1
github.com/retf/source/v2/mpc/inputbinding/persistent_replay.go:162.3,165.58 1 1
github.com/retf/source/v2/mpc/inputbinding/persistent_replay.go:165.58,167.4 1 1
github.com/retf/source/v2/mpc/inputbinding/persistent_replay.go:168.3,168.79 1 1
github.com/retf/source/v2/mpc/inputbinding/persistent_replay.go:168.79,170.4 1 1
github.com/retf/source/v2/mpc/inputbinding/persistent_replay.go:171.3,171.63 1 1
github.com/retf/source/v2/mpc/inputbinding/persistent_replay.go:171.63,173.4 1 1
github.com/retf/source/v2/mpc/inputbinding/persistent_replay.go:174.3,174.63 1 1
github.com/retf/source/v2/mpc/inputbinding/persistent_replay.go:174.63,176.4 1 1
github.com/retf/source/v2/mpc/inputbinding/persistent_replay.go:177.3,179.45 3 1
github.com/retf/source/v2/mpc/inputbinding/persistent_replay.go:181.2,181.38 1 0
github.com/retf/source/v2/mpc/inputbinding/persistent_replay.go:181.38,183.3 1 0
github.com/retf/source/v2/mpc/inputbinding/persistent_replay.go:184.2,184.44 1 0
github.com/retf/source/v2/mpc/inputbinding/persistent_replay.go:187.49,190.2 2 1
github.com/retf/source/v2/mpc/inputbinding/persistent_replay_lock_unix.go:16.89,18.16 2 1
github.com/retf/source/v2/mpc/inputbinding/persistent_replay_lock_unix.go:18.16,20.3 1 0
github.com/retf/source/v2/mpc/inputbinding/persistent_replay_lock_unix.go:21.2,22.6 2 1
github.com/retf/source/v2/mpc/inputbinding/persistent_replay_lock_unix.go:22.6,24.17 2 1
github.com/retf/source/v2/mpc/inputbinding/persistent_replay_lock_unix.go:24.17,26.4 1 1
github.com/retf/source/v2/mpc/inputbinding/persistent_replay_lock_unix.go:27.3,27.78 1 1
github.com/retf/source/v2/mpc/inputbinding/persistent_replay_lock_unix.go:27.78,30.4 2 0
github.com/retf/source/v2/mpc/inputbinding/persistent_replay_lock_unix.go:31.3,31.33 1 1
github.com/retf/source/v2/mpc/inputbinding/persistent_replay_lock_unix.go:31.33,34.4 2 1
github.com/retf/source/v2/mpc/inputbinding/persistent_replay_lock_unix.go:35.3,35.36 1 1
github.com/retf/source/v2/mpc/inputbinding/persistent_replay_lock_unix.go:39.39,42.2 2 1
github.com/retf/source/v2/mpc/inputbinding/persistent_replay_lock_unix.go:44.45,46.16 2 0
github.com/retf/source/v2/mpc/inputbinding/persistent_replay_lock_unix.go:46.16,48.3 1 0
github.com/retf/source/v2/mpc/inputbinding/persistent_replay_lock_unix.go:49.2,50.25 2 0
github.com/retf/source/v2/mpc/inputbinding/process_consistency.go:72.109,73.59 1 0
github.com/retf/source/v2/mpc/inputbinding/process_consistency.go:73.59,75.3 1 0
github.com/retf/source/v2/mpc/inputbinding/process_consistency.go:76.2,76.95 1 0
github.com/retf/source/v2/mpc/inputbinding/process_consistency.go:76.95,78.3 1 0
github.com/retf/source/v2/mpc/inputbinding/process_consistency.go:79.2,80.16 2 0
github.com/retf/source/v2/mpc/inputbinding/process_consistency.go:80.16,82.3 1 0
github.com/retf/source/v2/mpc/inputbinding/process_consistency.go:83.2,95.72 1 0
github.com/retf/source/v2/mpc/inputbinding/process_consistency.go:95.72,97.3 1 0
github.com/retf/source/v2/mpc/inputbinding/process_consistency.go:98.2,99.66 1 0
github.com/retf/source/v2/mpc/inputbinding/process_consistency.go:99.66,101.3 1 0
github.com/retf/source/v2/mpc/inputbinding/process_consistency.go:102.2,114.16 3 0
github.com/retf/source/v2/mpc/inputbinding/process_consistency.go:114.16,116.3 1 0
github.com/retf/source/v2/mpc/inputbinding/process_consistency.go:117.2,118.18 2 0
github.com/retf/source/v2/mpc/inputbinding/process_consistency.go:118.18,120.3 1 0
github.com/retf/source/v2/mpc/inputbinding/process_consistency.go:121.2,130.38 10 0
github.com/retf/source/v2/mpc/inputbinding/process_consistency.go:130.38,131.61 1 0
github.com/retf/source/v2/mpc/inputbinding/process_consistency.go:131.61,133.4 1 0
github.com/retf/source/v2/mpc/inputbinding/process_consistency.go:134.3,134.125 1 0
github.com/retf/source/v2/mpc/inputbinding/process_consistency.go:136.2,154.50 4 0
github.com/retf/source/v2/mpc/inputbinding/process_consistency.go:154.50,156.3 1 0
github.com/retf/source/v2/mpc/inputbinding/process_consistency.go:157.2,158.63 2 0
github.com/retf/source/v2/mpc/inputbinding/process_consistency.go:158.63,160.3 1 0
github.com/retf/source/v2/mpc/inputbinding/process_consistency.go:161.2,161.52 1 0
github.com/retf/source/v2/mpc/inputbinding/process_consistency.go:161.52,163.3 1 0
github.com/retf/source/v2/mpc/inputbinding/process_consistency.go:164.2,165.42 2 0
github.com/retf/source/v2/mpc/inputbinding/process_consistency.go:165.42,167.3 1 0
github.com/retf/source/v2/mpc/inputbinding/process_consistency.go:168.2,179.8 1 0
github.com/retf/source/v2/mpc/inputbinding/process_consistency.go:182.58,183.46 1 0
github.com/retf/source/v2/mpc/inputbinding/process_consistency.go:183.46,185.3 1 0
github.com/retf/source/v2/mpc/inputbinding/process_consistency.go:186.2,187.44 2 0
github.com/retf/source/v2/mpc/inputbinding/process_consistency.go:187.44,189.3 1 0
github.com/retf/source/v2/mpc/inputbinding/process_consistency.go:190.2,191.16 2 0
github.com/retf/source/v2/mpc/inputbinding/process_consistency.go:191.16,193.3 1 0
github.com/retf/source/v2/mpc/inputbinding/process_consistency.go:194.2,196.49 3 0
github.com/retf/source/v2/mpc/inputbinding/process_consistency.go:196.49,198.3 1 0
github.com/retf/source/v2/mpc/inputbinding/process_consistency.go:199.2,199.53 1 0
github.com/retf/source/v2/mpc/inputbinding/process_consistency.go:199.53,201.3 1 0
github.com/retf/source/v2/mpc/inputbinding/process_consistency.go:202.2,202.12 1 0
github.com/retf/source/v2/mpc/inputbinding/process_consistency.go:210.63,211.44 1 0
github.com/retf/source/v2/mpc/inputbinding/process_consistency.go:211.44,213.3 1 0
github.com/retf/source/v2/mpc/inputbinding/process_consistency.go:214.2,214.35 1 0
github.com/retf/source/v2/mpc/inputbinding/verified_launcher.go:19.101,23.66 1 1
github.com/retf/source/v2/mpc/inputbinding/verified_launcher.go:23.66,25.3 1 1
github.com/retf/source/v2/mpc/inputbinding/verified_launcher.go:26.2,27.96 2 1
github.com/retf/source/v2/protocol/canonical/canonical.go:21.41,23.16 2 1
github.com/retf/source/v2/protocol/canonical/canonical.go:23.16,25.3 1 0
github.com/retf/source/v2/protocol/canonical/canonical.go:26.2,26.38 1 1
github.com/retf/source/v2/protocol/canonical/canonical.go:26.38,28.3 1 0
github.com/retf/source/v2/protocol/canonical/canonical.go:29.2,29.21 1 1
github.com/retf/source/v2/protocol/canonical/canonical.go:35.34,37.53 2 1
github.com/retf/source/v2/protocol/canonical/canonical.go:37.53,39.3 1 0
github.com/retf/source/v2/protocol/canonical/canonical.go:40.2,40.49 1 1
github.com/retf/source/v2/protocol/canonical/canonical.go:40.49,42.3 1 0
github.com/retf/source/v2/protocol/canonical/canonical.go:43.2,43.33 1 1
github.com/retf/source/v2/protocol/canonical/canonical.go:43.33,45.3 1 0
github.com/retf/source/v2/protocol/canonical/canonical.go:46.2,46.12 1 1
github.com/retf/source/v2/protocol/canonical/canonical.go:49.61,52.16 3 0
github.com/retf/source/v2/protocol/canonical/canonical.go:52.16,54.3 1 0
github.com/retf/source/v2/protocol/canonical/canonical.go:55.2,55.37 1 0
github.com/retf/source/v2/protocol/canonical/canonical.go:55.37,57.3 1 0
github.com/retf/source/v2/protocol/canonical/canonical.go:58.2,58.49 1 0
github.com/retf/source/v2/protocol/canonical/canonical.go:58.49,59.50 1 0
github.com/retf/source/v2/protocol/canonical/canonical.go:59.50,61.4 1 0
github.com/retf/source/v2/protocol/canonical/canonical.go:63.2,63.33 1 0
github.com/retf/source/v2/protocol/canonical/canonical.go:63.33,65.3 1 0
github.com/retf/source/v2/protocol/canonical/canonical.go:66.2,66.12 1 0
github.com/retf/source/v2/protocol/canonical/canonical.go:71.47,72.53 1 1
github.com/retf/source/v2/protocol/canonical/canonical.go:72.53,74.3 1 0
github.com/retf/source/v2/protocol/canonical/canonical.go:75.2,76.54 2 1
github.com/retf/source/v2/protocol/canonical/canonical.go:76.54,78.3 1 0
github.com/retf/source/v2/protocol/canonical/canonical.go:79.2,81.55 3 1
github.com/retf/source/v2/protocol/canonical/canonical.go:81.55,83.3 1 0
github.com/retf/source/v2/protocol/canonical/canonical.go:84.2,84.33 1 1
github.com/retf/source/v2/protocol/canonical/canonical.go:84.33,86.3 1 0
github.com/retf/source/v2/protocol/canonical/canonical.go:87.2,88.12 2 1
github.com/retf/source/v2/protocol/canonical/canonical.go:91.78,92.16 1 1
github.com/retf/source/v2/protocol/canonical/canonical.go:92.16,94.3 1 0
github.com/retf/source/v2/protocol/canonical/canonical.go:95.2,95.22 1 1
github.com/retf/source/v2/protocol/canonical/canonical.go:95.22,97.3 1 0
github.com/retf/source/v2/protocol/canonical/canonical.go:98.2,98.75 1 1
github.com/retf/source/v2/protocol/canonical/canonical.go:98.75,99.20 1 0
github.com/retf/source/v2/protocol/canonical/canonical.go:99.20,101.4 1 0
github.com/retf/source/v2/protocol/canonical/canonical.go:102.3,102.23 1 0
github.com/retf/source/v2/protocol/canonical/canonical.go:104.2,104.22 1 1
github.com/retf/source/v2/protocol/canonical/canonical.go:105.22,107.53 2 1
github.com/retf/source/v2/protocol/canonical/canonical.go:107.53,108.45 1 1
github.com/retf/source/v2/protocol/canonical/canonical.go:108.45,110.5 1 1
github.com/retf/source/v2/protocol/canonical/canonical.go:112.3,113.53 2 1
github.com/retf/source/v2/protocol/canonical/canonical.go:113.53,114.45 1 1
github.com/retf/source/v2/protocol/canonical/canonical.go:114.45,115.13 1 1
github.com/retf/source/v2/protocol/canonical/canonical.go:117.4,119.18 3 1
github.com/retf/source/v2/protocol/canonical/canonical.go:119.18,121.5 1 0
github.com/retf/source/v2/protocol/canonical/canonical.go:123.3,123.18 1 1
github.com/retf/source/v2/protocol/canonical/canonical.go:124.21,125.20 1 1
github.com/retf/source/v2/protocol/canonical/canonical.go:125.20,127.4 1 0
github.com/retf/source/v2/protocol/canonical/canonical.go:128.3,128.84 1 1
github.com/retf/source/v2/protocol/canonical/canonical.go:128.84,130.4 1 0
github.com/retf/source/v2/protocol/canonical/canonical.go:131.3,131.50 1 1
github.com/retf/source/v2/protocol/canonical/canonical.go:131.50,134.4 2 1
github.com/retf/source/v2/protocol/canonical/canonical.go:135.3,136.48 2 0
github.com/retf/source/v2/protocol/canonical/canonical.go:136.48,139.18 3 0
github.com/retf/source/v2/protocol/canonical/canonical.go:139.18,141.5 1 0
github.com/retf/source/v2/protocol/canonical/canonical.go:143.3,143.18 1 0
github.com/retf/source/v2/protocol/canonical/canonical.go:144.21,145.50 1 0
github.com/retf/source/v2/protocol/canonical/canonical.go:145.50,147.49 2 0
github.com/retf/source/v2/protocol/canonical/canonical.go:147.49,149.5 1 0
github.com/retf/source/v2/protocol/canonical/canonical.go:150.4,150.19 1 0
github.com/retf/source/v2/protocol/canonical/canonical.go:152.3,153.48 2 0
github.com/retf/source/v2/protocol/canonical/canonical.go:153.48,156.18 3 0
github.com/retf/source/v2/protocol/canonical/canonical.go:156.18,158.5 1 0
github.com/retf/source/v2/protocol/canonical/canonical.go:160.3,160.18 1 0
github.com/retf/source/v2/protocol/canonical/canonical.go:161.22,163.36 2 1
github.com/retf/source/v2/protocol/canonical/canonical.go:163.36,165.4 1 0
github.com/retf/source/v2/protocol/canonical/canonical.go:166.3,166.30 1 1
github.com/retf/source/v2/protocol/canonical/canonical.go:166.30,168.4 1 0
github.com/retf/source/v2/protocol/canonical/canonical.go:169.3,170.35 2 1
github.com/retf/source/v2/protocol/canonical/canonical.go:171.20,172.19 1 0
github.com/retf/source/v2/protocol/canonical/canonical.go:172.19,174.4 1 0
github.com/retf/source/v2/protocol/canonical/canonical.go:175.3,175.32 1 0
github.com/retf/source/v2/protocol/canonical/canonical.go:176.83,177.47 1 1
github.com/retf/source/v2/protocol/canonical/canonical.go:178.78,180.18 2 1
github.com/retf/source/v2/protocol/canonical/canonical.go:180.18,182.4 1 1
github.com/retf/source/v2/protocol/canonical/canonical.go:183.3,183.56 1 0
github.com/retf/source/v2/protocol/canonical/canonical.go:184.10,185.63 1 0
github.com/retf/source/v2/protocol/canonical/canonical.go:194.50,195.41 1 1
github.com/retf/source/v2/protocol/canonical/canonical.go:195.41,197.3 1 0
github.com/retf/source/v2/protocol/canonical/canonical.go:198.2,200.19 3 1
github.com/retf/source/v2/protocol/canonical/canonical.go:203.58,205.16 2 1
github.com/retf/source/v2/protocol/canonical/canonical.go:205.16,207.3 1 0
github.com/retf/source/v2/protocol/canonical/canonical.go:208.2,209.20 2 1
github.com/retf/source/v2/protocol/canonical/canonical.go:210.92,211.40 1 1
github.com/retf/source/v2/protocol/canonical/canonical.go:212.10,214.21 2 1
github.com/retf/source/v2/protocol/canonical/canonical.go:214.21,216.4 1 0
github.com/retf/source/v2/protocol/canonical/canonical.go:217.3,217.17 1 1
github.com/retf/source/v2/protocol/canonical/canonical.go:217.17,219.4 1 0
github.com/retf/source/v2/protocol/canonical/canonical.go:220.3,220.35 1 1
github.com/retf/source/v2/protocol/canonical/canonical.go:221.10,223.21 2 0
github.com/retf/source/v2/protocol/canonical/canonical.go:223.21,225.4 1 0
github.com/retf/source/v2/protocol/canonical/canonical.go:226.3,226.29 1 0
github.com/retf/source/v2/protocol/canonical/canonical.go:226.29,228.4 1 0
github.com/retf/source/v2/protocol/canonical/canonical.go:229.3,229.27 1 0
github.com/retf/source/v2/protocol/canonical/canonical.go:230.10,232.21 2 1
github.com/retf/source/v2/protocol/canonical/canonical.go:232.21,234.4 1 0
github.com/retf/source/v2/protocol/canonical/canonical.go:235.3,235.30 1 1
github.com/retf/source/v2/protocol/canonical/canonical.go:235.30,237.4 1 0
github.com/retf/source/v2/protocol/canonical/canonical.go:238.3,238.27 1 1
github.com/retf/source/v2/protocol/canonical/canonical.go:239.10,241.21 2 0
github.com/retf/source/v2/protocol/canonical/canonical.go:241.21,243.4 1 0
github.com/retf/source/v2/protocol/canonical/canonical.go:244.3,244.30 1 0
github.com/retf/source/v2/protocol/canonical/canonical.go:244.30,246.4 1 0
github.com/retf/source/v2/protocol/canonical/canonical.go:247.3,247.27 1 0
github.com/retf/source/v2/protocol/canonical/canonical.go:248.10,249.69 1 0
github.com/retf/source/v2/protocol/canonical/canonical.go:250.10,251.61 1 0
github.com/retf/source/v2/protocol/canonical/canonical.go:255.60,256.45 1 1
github.com/retf/source/v2/protocol/canonical/canonical.go:256.45,258.3 1 0
github.com/retf/source/v2/protocol/canonical/canonical.go:259.2,261.14 3 1
github.com/retf/source/v2/protocol/canonical/canonical.go:262.9,263.52 1 0
github.com/retf/source/v2/protocol/canonical/canonical.go:264.9,265.52 1 1
github.com/retf/source/v2/protocol/canonical/canonical.go:266.9,267.44 1 0
github.com/retf/source/v2/protocol/canonical/canonical.go:268.10,269.48 1 0
github.com/retf/source/v2/protocol/canonical/canonical.go:273.68,274.85 1 1
github.com/retf/source/v2/protocol/canonical/canonical.go:274.85,276.3 1 0
github.com/retf/source/v2/protocol/canonical/canonical.go:277.2,279.19 3 1
github.com/retf/source/v2/protocol/canonical/canonical.go:282.56,283.16 1 1
github.com/retf/source/v2/protocol/canonical/canonical.go:283.16,285.3 1 0
github.com/retf/source/v2/protocol/canonical/canonical.go:286.2,286.41 1 1
github.com/retf/source/v2/protocol/canonical/canonical.go:286.41,288.3 1 0
github.com/retf/source/v2/protocol/canonical/canonical.go:289.2,289.82 1 1
github.com/retf/source/v2/protocol/canonical/canonical.go:289.82,292.3 2 0
github.com/retf/source/v2/protocol/canonical/canonical.go:293.2,294.16 2 1
github.com/retf/source/v2/protocol/canonical/canonical.go:294.16,296.3 1 0
github.com/retf/source/v2/protocol/canonical/canonical.go:297.2,297.15 1 1
github.com/retf/source/v2/protocol/canonical/canonical.go:298.12,299.13 1 1
github.com/retf/source/v2/protocol/canonical/canonical.go:300.9,302.13 2 0
github.com/retf/source/v2/protocol/canonical/canonical.go:303.9,305.21 2 1
github.com/retf/source/v2/protocol/canonical/canonical.go:305.21,307.4 1 0
github.com/retf/source/v2/protocol/canonical/canonical.go:308.3,308.27 1 1
github.com/retf/source/v2/protocol/canonical/canonical.go:308.27,310.4 1 0
github.com/retf/source/v2/protocol/canonical/canonical.go:311.3,311.13 1 1
github.com/retf/source/v2/protocol/canonical/canonical.go:312.9,313.31 1 1
github.com/retf/source/v2/protocol/canonical/canonical.go:313.31,315.4 1 0
github.com/retf/source/v2/protocol/canonical/canonical.go:316.3,316.50 1 1
github.com/retf/source/v2/protocol/canonical/canonical.go:316.50,317.59 1 1
github.com/retf/source/v2/protocol/canonical/canonical.go:317.59,319.5 1 0
github.com/retf/source/v2/protocol/canonical/canonical.go:321.3,321.13 1 1
github.com/retf/source/v2/protocol/canonical/canonical.go:322.9,323.72 1 0
github.com/retf/source/v2/protocol/canonical/canonical.go:324.9,325.47 1 0
github.com/retf/source/v2/protocol/canonical/canonical.go:326.9,327.92 1 0
github.com/retf/source/v2/protocol/canonical/canonical.go:328.10,329.51 1 0
github.com/retf/source/v2/protocol/canonical/canonical.go:333.75,334.16 1 1
github.com/retf/source/v2/protocol/canonical/canonical.go:334.16,336.3 1 0
github.com/retf/source/v2/protocol/canonical/canonical.go:337.2,337.39 1 1
github.com/retf/source/v2/protocol/canonical/canonical.go:337.39,340.3 2 0
github.com/retf/source/v2/protocol/canonical/canonical.go:341.2,341.35 1 1
github.com/retf/source/v2/protocol/canonical/canonical.go:341.35,343.17 2 0
github.com/retf/source/v2/protocol/canonical/canonical.go:343.17,345.4 1 0
github.com/retf/source/v2/protocol/canonical/canonical.go:346.3,346.37 1 0
github.com/retf/source/v2/protocol/canonical/canonical.go:346.37,348.4 1 0
github.com/retf/source/v2/protocol/canonical/canonical.go:349.3,350.13 2 0
github.com/retf/source/v2/protocol/canonical/canonical.go:352.2,353.16 2 1
github.com/retf/source/v2/protocol/canonical/canonical.go:353.16,355.3 1 0
github.com/retf/source/v2/protocol/canonical/canonical.go:356.2,356.23 1 1
github.com/retf/source/v2/protocol/canonical/canonical.go:357.22,358.17 1 1
github.com/retf/source/v2/protocol/canonical/canonical.go:358.17,360.4 1 0
github.com/retf/source/v2/protocol/canonical/canonical.go:361.3,362.54 2 1
github.com/retf/source/v2/protocol/canonical/canonical.go:362.54,363.46 1 1
github.com/retf/source/v2/protocol/canonical/canonical.go:363.46,365.5 1 1
github.com/retf/source/v2/protocol/canonical/canonical.go:367.3,367.41 1 1
github.com/retf/source/v2/protocol/canonical/canonical.go:367.41,369.4 1 0
github.com/retf/source/v2/protocol/canonical/canonical.go:370.3,370.38 1 1
github.com/retf/source/v2/protocol/canonical/canonical.go:370.38,371.75 1 1
github.com/retf/source/v2/protocol/canonical/canonical.go:371.75,373.5 1 0
github.com/retf/source/v2/protocol/canonical/canonical.go:375.3,375.13 1 1
github.com/retf/source/v2/protocol/canonical/canonical.go:376.21,377.51 1 0
github.com/retf/source/v2/protocol/canonical/canonical.go:377.51,378.18 1 0
github.com/retf/source/v2/protocol/canonical/canonical.go:378.18,380.5 1 0
github.com/retf/source/v2/protocol/canonical/canonical.go:381.4,382.22 2 0
github.com/retf/source/v2/protocol/canonical/canonical.go:382.22,384.5 1 0
github.com/retf/source/v2/protocol/canonical/canonical.go:385.4,386.14 2 0
github.com/retf/source/v2/protocol/canonical/canonical.go:388.3,388.45 1 0
github.com/retf/source/v2/protocol/canonical/canonical.go:388.45,390.4 1 0
github.com/retf/source/v2/protocol/canonical/canonical.go:391.3,392.47 2 0
github.com/retf/source/v2/protocol/canonical/canonical.go:392.47,393.75 1 0
github.com/retf/source/v2/protocol/canonical/canonical.go:393.75,395.5 1 0
github.com/retf/source/v2/protocol/canonical/canonical.go:397.3,397.13 1 0
github.com/retf/source/v2/protocol/canonical/canonical.go:398.21,399.51 1 0
github.com/retf/source/v2/protocol/canonical/canonical.go:399.51,400.51 1 0
github.com/retf/source/v2/protocol/canonical/canonical.go:400.51,402.5 1 0
github.com/retf/source/v2/protocol/canonical/canonical.go:403.4,404.22 2 0
github.com/retf/source/v2/protocol/canonical/canonical.go:404.22,406.5 1 0
github.com/retf/source/v2/protocol/canonical/canonical.go:407.4,408.14 2 0
github.com/retf/source/v2/protocol/canonical/canonical.go:410.3,410.50 1 0
github.com/retf/source/v2/protocol/canonical/canonical.go:410.50,412.4 1 0
github.com/retf/source/v2/protocol/canonical/canonical.go:413.3,413.49 1 0
github.com/retf/source/v2/protocol/canonical/canonical.go:413.49,414.75 1 0
github.com/retf/source/v2/protocol/canonical/canonical.go:414.75,416.5 1 0
github.com/retf/source/v2/protocol/canonical/canonical.go:418.3,418.13 1 0
github.com/retf/source/v2/protocol/canonical/canonical.go:419.22,420.17 1 1
github.com/retf/source/v2/protocol/canonical/canonical.go:420.17,422.4 1 0
github.com/retf/source/v2/protocol/canonical/canonical.go:423.3,424.21 2 1
github.com/retf/source/v2/protocol/canonical/canonical.go:424.21,426.4 1 0
github.com/retf/source/v2/protocol/canonical/canonical.go:427.3,427.27 1 1
github.com/retf/source/v2/protocol/canonical/canonical.go:427.27,429.4 1 0
github.com/retf/source/v2/protocol/canonical/canonical.go:430.3,431.13 2 1
github.com/retf/source/v2/protocol/canonical/canonical.go:432.83,433.47 1 1
github.com/retf/source/v2/protocol/canonical/canonical.go:433.47,435.4 1 0
github.com/retf/source/v2/protocol/canonical/canonical.go:436.3,437.13 2 1
github.com/retf/source/v2/protocol/canonical/canonical.go:438.78,440.17 2 1
github.com/retf/source/v2/protocol/canonical/canonical.go:440.17,441.29 1 1
github.com/retf/source/v2/protocol/canonical/canonical.go:441.29,443.5 1 0
github.com/retf/source/v2/protocol/canonical/canonical.go:444.4,444.25 1 1
github.com/retf/source/v2/protocol/canonical/canonical.go:445.9,445.24 1 0
github.com/retf/source/v2/protocol/canonical/canonical.go:445.24,446.29 1 0
github.com/retf/source/v2/protocol/canonical/canonical.go:446.29,448.5 1 0
github.com/retf/source/v2/protocol/canonical/canonical.go:449.4,449.30 1 0
github.com/retf/source/v2/protocol/canonical/canonical.go:450.9,452.4 1 0
github.com/retf/source/v2/protocol/canonical/canonical.go:453.3,453.33 1 1
github.com/retf/source/v2/protocol/canonical/canonical.go:453.33,455.4 1 0
github.com/retf/source/v2/protocol/canonical/canonical.go:456.3,457.13 2 1
github.com/retf/source/v2/protocol/canonical/canonical.go:458.10,459.66 1 0
github.com/retf/source/v2/protocol/canonical/canonical.go:463.62,464.9 1 1
github.com/retf/source/v2/protocol/canonical/canonical.go:465.18,466.43 1 1
github.com/retf/source/v2/protocol/canonical/canonical.go:467.21,468.47 1 1
github.com/retf/source/v2/protocol/canonical/canonical.go:469.23,472.53 3 0
github.com/retf/source/v2/protocol/canonical/canonical.go:473.27,476.53 3 1
github.com/retf/source/v2/protocol/canonical/canonical.go:477.10,480.53 3 0
